IR,RED,15548,7864
IR,RED,15551,7865
IR,RED,15572,7871
IR,RED,15595,7880
IR,RED,15611,7880
IR,RED,15613,7886
IR,RED,15605,7884
IR,RED,15583,7883
IR,RED,15560,7871
IR,RED,15536,7862
IR,RED,15518,7851
IR,RED,15492,7853
IR,RED,15455,7846
IR,RED,15400,7834
IR,RED,15351,7807
IR,RED,15350,7789
IR,RED,15308,7781
IR,RED,15279,7758
IR,RED,15271,7743
IR,RED,15227,7730
IR,RED,15185,7709
IR,RED,15148,7667
IR,RED,15101,7637
IR,RED,15059,7594
IR,RED,14988,7552
IR,RED,14919,7507
IR,RED,14757,7439
IR,RED,14535,7328
IR,RED,14130,7142
IR,RED,13563,6839
IR,RED,13060,6504
IR,RED,12691,6239
IR,RED,12340,6037
IR,RED,11971,5841
IR,RED,11596,5642
IR,RED,11239,5452
IR,RED,10928,5258
IR,RED,10670,5095
IR,RED,10454,4974
IR,RED,10249,4851
IR,RED,10071,4742
IR,RED,9864,4617
IR,RED,9673,4502
IR,RED,9500,4406
IR,RED,9328,4308
IR,RED,9166,4214
IR,RED,8820,4136
IR,RED,8688,4060
IR,RED,8613,3997
IR,RED,8550,3964
IR,RED,8485,3918
IR,RED,8421,3883
IR,RED,8371,3841
IR,RED,8336,3805
IR,RED,8306,3781
IR,RED,8248,3754
IR,RED,8231,3731
IR,RED,8196,3713
IR,RED,8143,3689
IR,RED,8116,3655
IR,RED,8104,3636
IR,RED,8079,3616
IR,RED,8063,3600
IR,RED,8061,3590
IR,RED,8086,3587
IR,RED,7841,3534
IR,RED,7716,3406
IR,RED,7827,3428
IR,RED,7590,3379
IR,RED,7136,3219
IR,RED,6725,3071
IR,RED,6354,2942
IR,RED,5961,2804
IR,RED,5614,2666
IR,RED,5553,2583
IR,RED,6095,2667
IR,RED,6504,2857
IR,RED,6591,2909
IR,RED,6902,3002
IR,RED,7388,3170
IR,RED,7880,3352
IR,RED,8210,3508
IR,RED,8362,3578
IR,RED,8484,3628
IR,RED,8755,3719
IR,RED,9295,3891
IR,RED,10042,4158
IR,RED,10877,4459
IR,RED,11507,4727
IR,RED,12158,4903
IR,RED,12576,5062
IR,RED,13177,5255
IR,RED,13676,5439
IR,RED,14216,5656
IR,RED,14667,5807
IR,RED,15250,6026
IR,RED,15856,6232
IR,RED,16824,6539
IR,RED,18249,7070
IR,RED,19589,7654
IR,RED,20906,8174
IR,RED,23008,8908
IR,RED,25543,9970
IR,RED,28217,11142
IR,RED,31403,12384
IR,RED,34570,14019
IR,RED,37551,15426
IR,RED,39813,16339
IR,RED,40811,16874
IR,RED,41530,17050
IR,RED,42983,17606
IR,RED,44370,18157
IR,RED,45983,18699
IR,RED,47379,19239
IR,RED,49519,20018
IR,RED,50974,20633
IR,RED,52886,21268
IR,RED,54916,22126
IR,RED,56589,22916
IR,RED,58441,23736
IR,RED,59887,24538
IR,RED,62317,25469
IR,RED,65535,26934
IR,RED,65535,28689
IR,RED,65535,30331
IR,RED,65535,31672
IR,RED,65535,33321
IR,RED,65535,35483
IR,RED,65535,37434
IR,RED,65535,39094
IR,RED,65535,39819
IR,RED,65535,40286
IR,RED,65535,40589
IR,RED,65535,40682
IR,RED,65535,40589
IR,RED,65535,40439
IR,RED,65535,40299
IR,RED,65535,40109
IR,RED,65535,39415
IR,RED,65535,37919
IR,RED,65535,35542
IR,RED,65535,32768
IR,RED,60197,27819
IR,RED,57344,24576
IR,RED,49152,20804
IR,RED,41117,18445
IR,RED,36972,16718
IR,RED,32954,15209
IR,RED,28350,13566
IR,RED,24704,12022
IR,RED,21870,10670
IR,RED,21702,10257
IR,RED,22396,10505
IR,RED,22708,10737
IR,RED,22212,10578
IR,RED,21704,10339
IR,RED,21111,10082
IR,RED,20531,9802
IR,RED,20514,9690
IR,RED,20761,9781
IR,RED,21098,9921
IR,RED,21435,10092
IR,RED,21674,10210
IR,RED,21868,10309
IR,RED,22179,10406
IR,RED,22853,10670
IR,RED,23816,11042
IR,RED,25097,11610
IR,RED,26361,12219
IR,RED,27955,12902
IR,RED,29871,13782
IR,RED,31057,14400
IR,RED,32507,15029
IR,RED,34417,15884
IR,RED,36626,16917
IR,RED,38838,17950
IR,RED,39369,18495
IR,RED,38041,18212
IR,RED,34933,16981
IR,RED,32768,15230
IR,RED,25689,13143
IR,RED,24576,11162
IR,RED,17581,9442
IR,RED,16384,8192
IR,RED,12684,6978
IR,RED,10694,6115
IR,RED,8560,5110
IR,RED,6446,4021
IR,RED,4867,3064
IR,RED,3674,2304
IR,RED,2885,1791
IR,RED,2419,1453
IR,RED,2101,1230
IR,RED,1772,1038
IR,RED,1470,875
IR,RED,1225,754
IR,RED,1054,670
IR,RED,957,601
IR,RED,879,564
IR,RED,818,531
IR,RED,764,497
IR,RED,724,471
IR,RED,685,464
IR,RED,650,442
IR,RED,624,437
IR,RED,604,418
IR,RED,598,411
IR,RED,581,396
IR,RED,574,396
IR,RED,566,391
IR,RED,561,390
IR,RED,570,383
IR,RED,571,382
IR,RED,583,375
IR,RED,581,370
IR,RED,598,381
IR,RED,604,372
IR,RED,614,373
IR,RED,624,369
IR,RED,629,359
IR,RED,646,361
IR,RED,668,365
IR,RED,678,377
IR,RED,707,376
IR,RED,724,380
IR,RED,750,393
IR,RED,778,400
IR,RED,812,408
IR,RED,840,426
IR,RED,873,437
IR,RED,907,461
IR,RED,945,478
IR,RED,988,500
IR,RED,1032,524
IR,RED,1084,552
IR,RED,1147,587
IR,RED,1206,627
IR,RED,1281,670
IR,RED,1377,732
IR,RED,1483,796
IR,RED,1596,862
IR,RED,1724,945
IR,RED,1866,1023
IR,RED,2025,1112
IR,RED,2198,1211
IR,RED,2395,1322
IR,RED,2618,1467
IR,RED,2877,1611
IR,RED,3149,1789
IR,RED,3446,1962
IR,RED,3755,2145
IR,RED,4086,2335
IR,RED,4398,2527
IR,RED,4718,2719
IR,RED,5020,2909
IR,RED,5336,3084
IR,RED,5630,3265
IR,RED,5956,3456
IR,RED,6321,3662
IR,RED,6801,3944
IR,RED,7452,4333
IR,RED,8298,4866
IR,RED,9425,5609
IR,RED,10925,6616
IR,RED,12907,7949
IR,RED,15588,9634
IR,RED,18799,11789
IR,RED,22304,14743
IR,RED,28690,18344
IR,RED,36518,22240
IR,RED,46948,29408
IR,RED,55035,37521
IR,RED,63203,46888
IR,RED,65535,55031
IR,RED,57344,49152
IR,RED,49152,40960
IR,RED,54766,39074
IR,RED,51777,39695
IR,RED,49152,35283
IR,RED,43451,33256
IR,RED,44704,33323
IR,RED,45463,34065
IR,RED,45080,34097
IR,RED,44172,33683
IR,RED,41539,32850
IR,RED,35270,28718
IR,RED,34753,27470
IR,RED,34853,27368
IR,RED,34998,27448
IR,RED,35141,27525
IR,RED,35196,27618
IR,RED,35221,27628
IR,RED,35342,27620
IR,RED,35497,27707
IR,RED,35655,27831
IR,RED,35709,27853
IR,RED,35736,27810
IR,RED,35826,27780
IR,RED,35923,27714
IR,RED,35969,27621
IR,RED,35977,27512
IR,RED,36019,27474
IR,RED,36032,27458
IR,RED,36042,27483
IR,RED,36051,27482
IR,RED,36111,27478
IR,RED,36235,27472
IR,RED,36353,27498
IR,RED,36477,27541
IR,RED,36617,27632
IR,RED,36757,27742
IR,RED,36872,27838
IR,RED,36968,27877
IR,RED,37032,27925
IR,RED,37059,27931
IR,RED,37049,27924
IR,RED,37031,27863
IR,RED,37022,27806
IR,RED,36990,27745
IR,RED,36993,27634
IR,RED,37018,27592
IR,RED,37097,27588
IR,RED,37199,27643
IR,RED,37394,27754
IR,RED,37614,27916
IR,RED,37770,28026
IR,RED,37868,28061
IR,RED,37862,28038
IR,RED,37842,28021
IR,RED,37812,28014
IR,RED,37781,28000
IR,RED,37734,27960
IR,RED,37651,27894
IR,RED,37572,27813
IR,RED,37481,27720
IR,RED,37398,27616
IR,RED,37322,27568
IR,RED,37274,27518
IR,RED,37242,27492
IR,RED,37216,27465
IR,RED,37195,27446
IR,RED,37189,27416
IR,RED,37155,27404
IR,RED,37144,27386
IR,RED,37156,27380
IR,RED,37150,27383
IR,RED,37153,27376
IR,RED,37142,27357
IR,RED,37141,27330
IR,RED,37123,27320
IR,RED,37107,27297
IR,RED,37098,27302
IR,RED,37099,27297
IR,RED,37080,27290
IR,RED,37081,27272
IR,RED,37074,27276
IR,RED,37068,27280
IR,RED,37068,27287
IR,RED,37080,27300
IR,RED,37071,27318
IR,RED,37101,27321
IR,RED,37089,27330
IR,RED,37115,27356
IR,RED,37096,27353
IR,RED,37099,27353
IR,RED,37062,27323
IR,RED,37024,27282
IR,RED,37008,27238
IR,RED,36966,27194
IR,RED,36928,27153
IR,RED,36926,27128
IR,RED,36889,27105
IR,RED,36860,27083
IR,RED,36843,27032
IR,RED,36823,27000
IR,RED,36798,26973
IR,RED,36790,26962
IR,RED,36775,26967
IR,RED,36766,26953
IR,RED,36730,26929
IR,RED,36721,26939
IR,RED,36709,26934
IR,RED,36718,26930
IR,RED,36715,26927
IR,RED,36720,26931
IR,RED,36711,26938
IR,RED,36710,26931
IR,RED,36665,26906
IR,RED,36645,26876
IR,RED,36616,26855
IR,RED,36579,26816
IR,RED,36544,26776
IR,RED,36514,26732
IR,RED,36465,26701
IR,RED,36436,26693
IR,RED,36451,26695
IR,RED,36485,26700
IR,RED,36519,26757
IR,RED,36574,26799
IR,RED,36608,26837
IR,RED,36634,26885
IR,RED,36625,26885
IR,RED,36574,26855
IR,RED,36510,26790
IR,RED,36434,26723
IR,RED,36388,26655
IR,RED,36342,26597
IR,RED,36313,26561
IR,RED,36295,26525
IR,RED,36269,26495
IR,RED,36242,26486
IR,RED,36241,26456
IR,RED,36220,26432
IR,RED,36208,26419
IR,RED,36184,26379
IR,RED,36161,26353
IR,RED,36132,26332
IR,RED,36137,26300
IR,RED,36128,26291
IR,RED,36116,26276
IR,RED,36098,26259
IR,RED,36091,26249
IR,RED,36098,26255
IR,RED,36095,26264
IR,RED,36113,26256
IR,RED,36094,26273
IR,RED,36088,26264
IR,RED,36089,26277
IR,RED,36075,26272
IR,RED,36053,26248
IR,RED,36035,26237
IR,RED,36029,26223
IR,RED,36006,26183
IR,RED,36003,26194
IR,RED,35996,26181
IR,RED,35987,26181
IR,RED,35994,26176
IR,RED,36006,26189
IR,RED,36014,26215
IR,RED,36020,26223
IR,RED,36020,26217
IR,RED,36009,26197
IR,RED,35988,26174
IR,RED,35992,26177
IR,RED,35983,26153
IR,RED,35979,26147
IR,RED,35964,26132
IR,RED,35961,26114
IR,RED,35956,26117
IR,RED,35966,26133
IR,RED,35976,26142
IR,RED,35992,26155
IR,RED,35998,26163
IR,RED,36004,26174
IR,RED,36006,26177
IR,RED,35999,26193
IR,RED,36024,26210
IR,RED,36028,26220
IR,RED,36035,26239
IR,RED,36031,26222
IR,RED,36039,26218
IR,RED,36033,26223
IR,RED,36040,26226
IR,RED,36040,26224
IR,RED,36074,26226
IR,RED,36055,26239
IR,RED,36056,26244
IR,RED,36068,26235
IR,RED,36053,26243
IR,RED,36052,26239
IR,RED,36043,26240
IR,RED,36048,26227
IR,RED,36034,26227
IR,RED,36016,26202
IR,RED,36011,26197
IR,RED,36005,26189
IR,RED,35985,26156
IR,RED,35969,26128
IR,RED,35946,26110
IR,RED,35946,26101
IR,RED,35937,26089
IR,RED,35937,26065
IR,RED,35942,26067
IR,RED,35946,26048
IR,RED,35947,26043
IR,RED,35937,26037
IR,RED,35944,26018
IR,RED,35926,26021
IR,RED,35915,26013
IR,RED,35906,26004
IR,RED,35883,25998
IR,RED,35874,25990
IR,RED,35876,25972
IR,RED,35849,25979
IR,RED,35853,25985
IR,RED,35834,25983
IR,RED,35858,25983
IR,RED,35835,26001
IR,RED,35851,25992
IR,RED,35850,25990
IR,RED,35856,25986
IR,RED,35846,25992
IR,RED,35842,25987
IR,RED,35839,25993
IR,RED,35844,26006
IR,RED,35854,26005
IR,RED,35845,26015
IR,RED,35841,26020
IR,RED,35839,25991
IR,RED,35802,25978
IR,RED,35807,25969
IR,RED,35810,25976
IR,RED,35807,25971
IR,RED,35807,25972
IR,RED,35801,25984
IR,RED,35807,25974
IR,RED,35795,25977
IR,RED,35798,25975
IR,RED,35806,25969
IR,RED,35795,25968
IR,RED,35782,25953
IR,RED,35759,25947
IR,RED,35767,25932
IR,RED,35754,25929
IR,RED,35750,25939
IR,RED,35773,25938
IR,RED,35793,25955
IR,RED,35788,25956
IR,RED,35819,25951
IR,RED,35809,25944
IR,RED,35812,25952
IR,RED,35796,25934
IR,RED,35789,25935
IR,RED,35804,25932
IR,RED,35801,25941
IR,RED,35806,25943
IR,RED,35796,25956
IR,RED,35798,25956
IR,RED,35805,25974
IR,RED,35809,25983
IR,RED,35812,25981
IR,RED,35813,25995
IR,RED,35831,26016
IR,RED,35830,26018
IR,RED,35843,26033
IR,RED,35884,26043
IR,RED,35871,26059
IR,RED,35892,26053
IR,RED,35894,26082
IR,RED,35899,26083
IR,RED,35924,26094
IR,RED,35917,26099
IR,RED,35953,26122
IR,RED,35954,26151
IR,RED,35980,26156
IR,RED,35961,26171
IR,RED,35976,26166
IR,RED,35972,26174
IR,RED,35958,26178
IR,RED,35955,26174
IR,RED,35940,26177
IR,RED,35936,26170
IR,RED,35937,26171
IR,RED,35924,26174
IR,RED,35919,26154
IR,RED,35925,26173
IR,RED,35934,26167
IR,RED,35921,26173
IR,RED,35918,26174
IR,RED,35915,26161
IR,RED,35913,26165
IR,RED,35928,26159
IR,RED,35938,26173
IR,RED,35948,26198
IR,RED,35954,26198
IR,RED,35964,26212
IR,RED,35978,26209
IR,RED,35951,26208
IR,RED,35958,26220
IR,RED,35953,26209
IR,RED,35955,26209
IR,RED,35961,26209
IR,RED,35966,26217
IR,RED,35946,26218
IR,RED,35946,26221
IR,RED,35954,26219
IR,RED,35960,26213
IR,RED,35952,26209
IR,RED,35940,26196
IR,RED,35935,26186
IR,RED,35916,26192
IR,RED,35936,26198
IR,RED,35939,26191
IR,RED,35930,26204
IR,RED,35929,26212
IR,RED,35941,26217
IR,RED,35942,26220
IR,RED,35951,26214
IR,RED,35931,26219
IR,RED,35936,26219
IR,RED,35921,26222
IR,RED,35934,26226
IR,RED,35920,26204
IR,RED,35940,26206
IR,RED,35924,26202
IR,RED,35931,26198
IR,RED,35922,26184
IR,RED,35930,26183
IR,RED,35930,26193
IR,RED,35930,26191
IR,RED,35938,26190
IR,RED,35924,26193
IR,RED,35910,26186
IR,RED,35923,26181
IR,RED,35907,26181
IR,RED,35905,26170
IR,RED,35914,26188
IR,RED,35913,26181
IR,RED,35893,26187
IR,RED,35921,26185
IR,RED,35907,26200
IR,RED,35911,26183
IR,RED,35919,26182
IR,RED,35915,26175
IR,RED,35891,26160
IR,RED,35896,26166
IR,RED,35905,26155
IR,RED,35890,26168
IR,RED,35890,26169
IR,RED,35875,26174
IR,RED,35897,26175
IR,RED,35889,26177
IR,RED,35881,26177
IR,RED,35887,26180
IR,RED,35883,26178
IR,RED,35891,26182
IR,RED,35877,26172
IR,RED,35877,26168
IR,RED,35879,26175
IR,RED,35904,26167
IR,RED,35896,26164
IR,RED,35894,26181
IR,RED,35902,26176
IR,RED,35916,26186
IR,RED,35906,26188
IR,RED,35878,26177
IR,RED,35879,26170
IR,RED,35868,26168
IR,RED,35852,26155
IR,RED,35852,26153
IR,RED,35845,26146
IR,RED,35850,26140
IR,RED,35863,26129
IR,RED,35872,26148
IR,RED,35868,26159
IR,RED,35879,26151
IR,RED,35873,26146
IR,RED,35879,26150
IR,RED,35872,26142
IR,RED,35873,26140
IR,RED,35852,26154
IR,RED,35847,26145
IR,RED,35854,26149
IR,RED,35857,26150
IR,RED,35852,26144
IR,RED,35845,26143
IR,RED,35841,26138
IR,RED,35841,26132
IR,RED,35836,26137
IR,RED,35860,26150
IR,RED,35876,26151
IR,RED,35867,26149
IR,RED,35876,26149
IR,RED,35869,26155
IR,RED,35856,26156
IR,RED,35860,26142
IR,RED,35847,26145
IR,RED,35829,26139
IR,RED,35828,26119
IR,RED,35819,26133
IR,RED,35805,26132
IR,RED,35825,26130
IR,RED,35820,26129
IR,RED,35824,26134
IR,RED,35806,26130
IR,RED,35816,26125
IR,RED,35811,26123
IR,RED,35814,26116
IR,RED,35807,26120
IR,RED,35811,26111
IR,RED,35807,26096
IR,RED,35793,26093
IR,RED,35783,26088
IR,RED,35787,26074
IR,RED,35767,26066
IR,RED,35775,26068
IR,RED,35765,26067
IR,RED,35777,26066
IR,RED,35767,26062
IR,RED,35767,26075
IR,RED,35769,26077
IR,RED,35775,26076
IR,RED,35770,26072
IR,RED,35779,26074
IR,RED,35753,26079
IR,RED,35755,26082
IR,RED,35757,26081
IR,RED,35745,26068
IR,RED,35748,26059
IR,RED,35745,26056
IR,RED,35730,26064
IR,RED,35752,26061
IR,RED,35741,26059
IR,RED,35732,26057
IR,RED,35749,26072
IR,RED,35738,26069
IR,RED,35728,26061
IR,RED,35737,26061
IR,RED,35723,26069
IR,RED,35735,26069
IR,RED,35732,26068
IR,RED,35733,26062
IR,RED,35726,26058
IR,RED,35716,26051
IR,RED,35706,26045
IR,RED,35709,26034
IR,RED,35711,26045
IR,RED,35692,26030
IR,RED,35709,26016
IR,RED,35706,26015
IR,RED,35695,26025
IR,RED,35690,26019
IR,RED,35682,26007
IR,RED,35683,26010
IR,RED,35675,26014
IR,RED,35692,26023
IR,RED,35682,26023
IR,RED,35701,26025
IR,RED,35691,26038
IR,RED,35693,26028
IR,RED,35686,26030
IR,RED,35690,26034
IR,RED,35681,26029
IR,RED,35680,26040
IR,RED,35677,26029
IR,RED,35680,26025
IR,RED,35675,26044
IR,RED,35679,26030
IR,RED,35697,26022
IR,RED,35676,26006
IR,RED,35675,26012
IR,RED,35671,25996
IR,RED,35674,25987
IR,RED,35659,25986
IR,RED,35661,25984
IR,RED,35655,25979
IR,RED,35651,25984
IR,RED,35651,25981
IR,RED,35653,25989
IR,RED,35660,25993
IR,RED,35651,25988
IR,RED,35662,26000
IR,RED,35670,26003
IR,RED,35671,26006
IR,RED,35673,26017
IR,RED,35693,26030
IR,RED,35683,26020
IR,RED,35694,26035
IR,RED,35691,26038
IR,RED,35695,26047
IR,RED,35698,26054
IR,RED,35712,26067
IR,RED,35729,26087
IR,RED,35734,26088
IR,RED,35736,26095
IR,RED,35744,26100
IR,RED,35733,26093
IR,RED,35736,26089
IR,RED,35735,26099
IR,RED,35721,26099
IR,RED,35725,26090
IR,RED,35727,26085
IR,RED,35718,26082
IR,RED,35715,26093
IR,RED,35707,26078
IR,RED,35690,26060
IR,RED,35682,26067
IR,RED,35680,26057
IR,RED,35663,26051
IR,RED,35678,26050
IR,RED,35680,26037
IR,RED,35668,26041
IR,RED,35667,26047
IR,RED,35660,26040
IR,RED,35653,26038
IR,RED,35639,26034
IR,RED,35646,26051
IR,RED,35647,26032
IR,RED,35649,26032
IR,RED,35630,26031
IR,RED,35635,26028
IR,RED,35633,26015
IR,RED,35638,26015
IR,RED,35631,26014
IR,RED,35640,26005
IR,RED,35631,26009
IR,RED,35625,26015
IR,RED,35641,26008
IR,RED,35644,26019
IR,RED,35636,25999
IR,RED,35628,26007
IR,RED,35639,26018
IR,RED,35629,26008
IR,RED,35624,26002
IR,RED,35631,26006
IR,RED,35640,26013
IR,RED,35620,26000
IR,RED,35632,26000
IR,RED,35627,26007
IR,RED,35631,25991
IR,RED,35624,26001
IR,RED,35603,25988
IR,RED,35602,25984
IR,RED,35619,25975
IR,RED,35609,25970
IR,RED,35611,25986
IR,RED,35600,25964
IR,RED,35609,25961
IR,RED,35593,25964
IR,RED,35595,25972
IR,RED,35596,25977
IR,RED,35598,25976
IR,RED,35615,25972
IR,RED,35603,25970
IR,RED,35590,25973
IR,RED,35588,25971
IR,RED,35598,25954
IR,RED,35596,25967
IR,RED,35585,25954
IR,RED,35592,25955
IR,RED,35580,25959
IR,RED,35586,25952
IR,RED,35579,25960
IR,RED,35586,25950
IR,RED,35582,25952
IR,RED,35579,25959
IR,RED,35570,25960
IR,RED,35592,25944
IR,RED,35587,25947
IR,RED,35588,25945
IR,RED,35579,25948
IR,RED,35591,25970
IR,RED,35602,25964
IR,RED,35623,25989
IR,RED,35620,25976
IR,RED,35622,25992
IR,RED,35608,25976
IR,RED,35599,25974
IR,RED,35601,25970
IR,RED,35610,25962
IR,RED,35580,25961
IR,RED,35583,25966
IR,RED,35585,25962
IR,RED,35584,25984
IR,RED,35588,25970
IR,RED,35581,25979
IR,RED,35576,25984
IR,RED,35579,25975
IR,RED,35575,25979
IR,RED,35584,25979
IR,RED,35577,25974
IR,RED,35575,25980
IR,RED,35588,25959
IR,RED,35573,25971
IR,RED,35573,25969
IR,RED,35585,25963
IR,RED,35571,25955
IR,RED,35559,25949
IR,RED,35544,25933
IR,RED,35547,25926
IR,RED,35543,25934
IR,RED,35535,25929
IR,RED,35544,25936
IR,RED,35540,25929
IR,RED,35547,25915
IR,RED,35539,25925
IR,RED,35529,25920
IR,RED,35522,25897
IR,RED,35516,25890
IR,RED,35508,25884
IR,RED,35519,25886
IR,RED,35520,25875
IR,RED,35527,25875
IR,RED,35505,25897
IR,RED,35526,25894
IR,RED,35533,25894
IR,RED,35526,25887
IR,RED,35525,25890
IR,RED,35517,25881
IR,RED,35518,25895
IR,RED,35498,25886
IR,RED,35487,25880
IR,RED,35514,25870
IR,RED,35501,25869
IR,RED,35507,25874
IR,RED,35508,25887
IR,RED,35500,25874
IR,RED,35502,25878
IR,RED,35479,25863
IR,RED,35462,25852
IR,RED,35470,25861
IR,RED,35472,25870
IR,RED,35468,25868
IR,RED,35489,25865
IR,RED,35482,25871
IR,RED,35484,25867
IR,RED,35479,25873
IR,RED,35492,25873
IR,RED,35487,25870
IR,RED,35476,25865
IR,RED,35483,25871
IR,RED,35493,25879
IR,RED,35496,25878
IR,RED,35485,25878
IR,RED,35482,25882
IR,RED,35456,25878
IR,RED,35455,25868
IR,RED,35473,25877
IR,RED,35471,25875
IR,RED,35477,25872
IR,RED,35475,25874
IR,RED,35470,25874
IR,RED,35469,25857
IR,RED,35456,25862
IR,RED,35443,25855
IR,RED,35427,25836
IR,RED,35454,25842
IR,RED,35429,25832
IR,RED,35441,25831
IR,RED,35437,25842
IR,RED,35429,25826
IR,RED,35426,25827
IR,RED,35439,25834
IR,RED,35432,25828
IR,RED,35432,25830
IR,RED,35424,25833
IR,RED,35421,25829
IR,RED,35421,25831
IR,RED,35408,25828
IR,RED,35415,25809
IR,RED,35418,25813
IR,RED,35408,25818
IR,RED,35405,25810
IR,RED,35410,25817
IR,RED,35406,25818
IR,RED,35423,25818
IR,RED,35430,25825
IR,RED,35397,25819
IR,RED,35410,25817
IR,RED,35391,25818
IR,RED,35403,25804
IR,RED,35399,25800
IR,RED,35395,25807
IR,RED,35399,25799
IR,RED,35393,25805
IR,RED,35408,25812
IR,RED,35409,25812
IR,RED,35402,25808
IR,RED,35402,25817
IR,RED,35400,25810
IR,RED,35386,25809
IR,RED,35385,25802
IR,RED,35377,25796
IR,RED,35386,25792
IR,RED,35385,25789
IR,RED,35396,25798
IR,RED,35387,25785
IR,RED,35381,25787
IR,RED,35377,25793
IR,RED,35368,25777
IR,RED,35366,25772
IR,RED,35358,25773
IR,RED,35361,25782
IR,RED,35372,25783
IR,RED,35367,25775
IR,RED,35371,25766
IR,RED,35359,25774
IR,RED,35367,25784
IR,RED,35352,25785
IR,RED,35354,25774
IR,RED,35358,25784
IR,RED,35359,25782
IR,RED,35371,25783
IR,RED,35342,25784
IR,RED,35355,25781
IR,RED,35349,25787
IR,RED,35357,25784
IR,RED,35364,25797
IR,RED,35361,25789
IR,RED,35364,25790
IR,RED,35357,25783
IR,RED,35353,25780
IR,RED,35342,25787
IR,RED,35358,25775
IR,RED,35357,25780
IR,RED,35345,25797
IR,RED,35352,25783
IR,RED,35338,25787
IR,RED,35358,25799
IR,RED,35354,25792
IR,RED,35356,25795
IR,RED,35352,25795
IR,RED,35351,25797
IR,RED,35345,25798
IR,RED,35337,25798
IR,RED,35353,25785
IR,RED,35338,25785
IR,RED,35330,25788
IR,RED,35332,25788
IR,RED,35340,25781
IR,RED,35339,25781
IR,RED,35336,25787
IR,RED,35332,25796
IR,RED,35341,25784
IR,RED,35347,25783
IR,RED,35338,25797
IR,RED,35346,25797
IR,RED,35343,25792
IR,RED,35337,25793
IR,RED,35336,25793
IR,RED,35324,25797
IR,RED,35321,25793
IR,RED,35324,25796
IR,RED,35315,25782
IR,RED,35321,25786
IR,RED,35338,25788
IR,RED,35331,25788
IR,RED,35334,25798
IR,RED,35341,25796
IR,RED,35345,25800
IR,RED,35338,25801
IR,RED,35334,25802
IR,RED,35327,25788
IR,RED,35327,25787
IR,RED,35330,25785
IR,RED,35317,25778
IR,RED,35312,25780
IR,RED,35330,25781
IR,RED,35306,25774
IR,RED,35328,25779
IR,RED,35309,25772
IR,RED,35322,25774
IR,RED,35313,25776
IR,RED,35326,25781
IR,RED,35308,25780
IR,RED,35323,25789
IR,RED,35305,25783
IR,RED,35318,25782
IR,RED,35315,25789
IR,RED,35313,25781
IR,RED,35305,25780
IR,RED,35312,25786
IR,RED,35324,25793
IR,RED,35329,25795
IR,RED,35327,25795
IR,RED,35336,25800
IR,RED,35321,25793
IR,RED,35323,25795
IR,RED,35314,25802
IR,RED,35313,25794
IR,RED,35317,25792
IR,RED,35319,25804
IR,RED,35318,25793
IR,RED,35316,25790
IR,RED,35314,25794
IR,RED,35304,25801
IR,RED,35320,25800
IR,RED,35317,25807
IR,RED,35304,25799
IR,RED,35319,25812
IR,RED,35320,25807
IR,RED,35309,25810
IR,RED,35321,25817
IR,RED,35321,25808
IR,RED,35327,25812
IR,RED,35302,25818
IR,RED,35306,25813
IR,RED,35302,25816
IR,RED,35298,25816
IR,RED,35303,25814
IR,RED,35313,25804
IR,RED,35289,25812
IR,RED,35296,25814
IR,RED,35296,25798
IR,RED,35286,25816
IR,RED,35286,25817
IR,RED,35298,25809
IR,RED,35285,25798
IR,RED,35285,25787
IR,RED,35274,25802
IR,RED,35283,25795
IR,RED,35278,25794
IR,RED,35296,25791
IR,RED,35295,25802
IR,RED,35291,25807
IR,RED,35298,25797
IR,RED,35281,25801
IR,RED,35276,25800
IR,RED,35286,25800
IR,RED,35269,25787
IR,RED,35256,25787
IR,RED,35265,25783
IR,RED,35274,25791
IR,RED,35256,25781
IR,RED,35270,25783
IR,RED,35257,25774
IR,RED,35265,25774
IR,RED,35248,25763
IR,RED,35236,25763
IR,RED,35242,25756
IR,RED,35221,25742
IR,RED,35241,25740
IR,RED,35238,25750
IR,RED,35248,25762
IR,RED,35255,25756
IR,RED,35242,25765
IR,RED,35254,25770
IR,RED,35255,25752
IR,RED,35237,25771
IR,RED,35238,25760
IR,RED,35224,25760
IR,RED,35240,25752
IR,RED,35228,25753
IR,RED,35228,25746
IR,RED,35222,25741
IR,RED,35219,25748
IR,RED,35200,25739
IR,RED,35184,25726
IR,RED,35186,25716
IR,RED,35184,25707
IR,RED,35165,25694
IR,RED,35147,25678
IR,RED,35149,25670
IR,RED,35120,25661
IR,RED,35129,25649
IR,RED,35135,25650
IR,RED,35118,25649
IR,RED,35108,25631
IR,RED,35126,25634
IR,RED,35108,25643
IR,RED,35113,25638
IR,RED,35120,25643
IR,RED,35122,25633
IR,RED,35120,25646
IR,RED,35121,25650
IR,RED,35134,25653
IR,RED,35143,25657
IR,RED,35131,25672
IR,RED,35142,25673
IR,RED,35131,25689
IR,RED,35137,25698
IR,RED,35146,25682
IR,RED,35140,25694
IR,RED,35129,25676
IR,RED,35128,25671
IR,RED,35115,25690
IR,RED,35103,25667
IR,RED,35093,25662
IR,RED,35086,25641
IR,RED,35061,25636
IR,RED,35055,25603
IR,RED,35024,25588
IR,RED,35022,25349
IR,RED,35020,25347
IR,RED,35019,25345
IR,RED,35013,25338
IR,RED,35027,25329
IR,RED,35015,25317
IR,RED,35015,25329
IR,RED,35014,25319
IR,RED,35011,25319
IR,RED,35010,25326
IR,RED,35014,25313
IR,RED,35001,25303
IR,RED,34988,25301
IR,RED,34990,25274
IR,RED,34966,25260
IR,RED,34954,25239
IR,RED,34941,25240
IR,RED,34936,25199
IR,RED,34922,25191
IR,RED,34916,25191
IR,RED,34914,25183
IR,RED,34910,25153
IR,RED,34900,25162
IR,RED,34870,25143
IR,RED,34869,25127
IR,RED,34866,25121
IR,RED,34855,25102
IR,RED,34847,25083
IR,RED,34826,25065
IR,RED,34813,25044
IR,RED,34791,25011
IR,RED,34769,24985
IR,RED,34757,24970
IR,RED,34758,24952
IR,RED,34743,24922
IR,RED,34733,24920
IR,RED,34722,24903
IR,RED,34711,24890
IR,RED,34700,24853
IR,RED,34690,24852
IR,RED,34682,24819
IR,RED,34695,24816
IR,RED,34685,24801
IR,RED,34654,24791
IR,RED,34642,24769
IR,RED,34627,24750
IR,RED,34613,24739
IR,RED,34611,24732
IR,RED,34604,24708
IR,RED,34590,24708
IR,RED,34595,24699
IR,RED,34588,24693
IR,RED,34577,24690
IR,RED,34575,24684
IR,RED,34568,24691
IR,RED,34576,24670
IR,RED,34579,24669
IR,RED,34558,24654
IR,RED,34556,24626
IR,RED,34549,24637
IR,RED,34556,24624
IR,RED,34561,24627
IR,RED,34556,24627
IR,RED,34550,24626
IR,RED,34560,24612
IR,RED,34546,24601
IR,RED,34535,24587
IR,RED,34540,24584
IR,RED,34522,24593
IR,RED,34528,24577
IR,RED,34539,24586
IR,RED,34549,24593
IR,RED,34556,24610
IR,RED,34562,24617
IR,RED,34566,24625
IR,RED,34565,24632
IR,RED,34556,24632
IR,RED,34553,24634
IR,RED,34554,24639
IR,RED,34557,24636
IR,RED,34562,24657
IR,RED,34594,24649
IR,RED,34588,24661
IR,RED,34588,24658
IR,RED,34582,24662
IR,RED,34578,24645
IR,RED,34580,24644
IR,RED,34579,24648
IR,RED,34592,24645
IR,RED,34610,24651
IR,RED,34614,24649
IR,RED,34612,24664
IR,RED,34616,24664
IR,RED,34635,24663
IR,RED,34605,24665
IR,RED,34604,24651
IR,RED,34600,24645
IR,RED,34588,24636
IR,RED,34574,24615
IR,RED,34545,24587
IR,RED,34527,24569
IR,RED,34521,24559
IR,RED,34501,24530
IR,RED,34491,24511
IR,RED,34486,24497
IR,RED,34472,24485
IR,RED,34460,24453
IR,RED,34441,24450
IR,RED,34442,24436
IR,RED,34444,24440
IR,RED,34437,24442
IR,RED,34435,24430
IR,RED,34434,24429
IR,RED,34428,24428
IR,RED,34432,24429
IR,RED,34439,24432
IR,RED,34435,24431
IR,RED,34431,24429
IR,RED,34429,24425
IR,RED,34427,24405
IR,RED,34425,24413
IR,RED,34420,24431
IR,RED,34424,24420
IR,RED,34433,24420
IR,RED,34437,24428
IR,RED,34456,24450
IR,RED,34486,24477
IR,RED,34482,24489
IR,RED,34492,24500
IR,RED,34499,24499
IR,RED,34514,24516
IR,RED,34516,24524
IR,RED,34520,24536
IR,RED,34568,24559
IR,RED,34592,24586
IR,RED,34632,24592
IR,RED,34669,24642
IR,RED,34709,24691
IR,RED,34753,24724
IR,RED,34805,24754
IR,RED,34867,24804
IR,RED,34934,24852
IR,RED,35028,24910
IR,RED,35070,24951
IR,RED,35079,24962
IR,RED,35057,24926
IR,RED,34977,24855
IR,RED,34903,24792
IR,RED,34877,24739
IR,RED,34878,24738
IR,RED,34891,24769
IR,RED,34931,24795
IR,RED,34968,24831
IR,RED,35027,24893
IR,RED,35082,24948
IR,RED,35146,25002
IR,RED,35195,25050
IR,RED,35214,25086
IR,RED,35213,25074
IR,RED,35203,25084
IR,RED,35210,25078
IR,RED,35184,25035
IR,RED,35164,25029
IR,RED,35177,25041
IR,RED,35173,25034
IR,RED,35181,25048
IR,RED,35165,25042
IR,RED,35116,24991
IR,RED,35106,24915
IR,RED,35848,25062
IR,RED,36925,26046
IR,RED,37801,26372
IR,RED,39753,27259
IR,RED,43454,29096
IR,RED,46917,32287
IR,RED,55061,38640
IR,RED,63181,46888
IR,RED,65535,55017
IR,RED,65535,63363
IR,RED,65535,58249
IR,RED,65535,49556
IR,RED,62158,41567
IR,RED,57344,34621
IR,RED,49152,32768
IR,RED,40960,24989
IR,RED,32768,21758
IR,RED,25788,19465
IR,RED,24576,17839
IR,RED,22895,16749
IR,RED,22471,16196
IR,RED,22645,16059
IR,RED,23410,16411
IR,RED,24837,17224
IR,RED,26955,18604
IR,RED,29782,20522
IR,RED,33422,22882
IR,RED,37816,25810
IR,RED,43678,29589
IR,RED,46902,34498
IR,RED,55043,38766
IR,RED,63173,46992
IR,RED,65535,55080
IR,RED,65535,60102
IR,RED,57344,53801
IR,RED,49152,49152
IR,RED,40960,40960
IR,RED,32768,32768
IR,RED,25527,26604
IR,RED,25269,26563
IR,RED,25227,26546
IR,RED,25173,26511
IR,RED,25074,26466
IR,RED,24971,26383
IR,RED,24819,26273
IR,RED,24703,26144
IR,RED,24582,26023
IR,RED,24480,25919
IR,RED,24385,25827
IR,RED,24317,25756
IR,RED,24274,25704
IR,RED,24233,25665
IR,RED,24196,25625
IR,RED,24171,25595
IR,RED,24173,25374
IR,RED,24170,25384
IR,RED,24176,25390
IR,RED,24163,25385
IR,RED,24115,25346
IR,RED,24073,25297
IR,RED,24018,25246
IR,RED,23985,25226
IR,RED,23964,25177
IR,RED,23952,25160
IR,RED,23929,25143
IR,RED,23934,25141
IR,RED,23935,25145
IR,RED,23956,25152
IR,RED,23933,25144
IR,RED,23903,25128
IR,RED,23889,25103
IR,RED,23856,25066
IR,RED,23828,25050
IR,RED,23821,25046
IR,RED,23823,25055
IR,RED,23822,25058
IR,RED,23814,25061
IR,RED,23809,25057
IR,RED,23786,25049
IR,RED,23765,25035
IR,RED,23730,25004
IR,RED,23731,24992
IR,RED,23718,24985
IR,RED,23693,24967
IR,RED,23664,24951
IR,RED,23642,24919
IR,RED,23608,24892
IR,RED,23581,24880
IR,RED,23570,24877
IR,RED,23555,24848
IR,RED,23546,24841
IR,RED,23530,24836
IR,RED,23519,24829
IR,RED,23527,24828
IR,RED,23508,24829
IR,RED,23507,24828
IR,RED,23495,24836
IR,RED,23485,24810
IR,RED,23460,24802
IR,RED,23433,24772
IR,RED,23420,24757
IR,RED,23409,24763
IR,RED,23410,24761
IR,RED,23393,24757
IR,RED,23389,24753
IR,RED,23388,24746
IR,RED,23383,24757
IR,RED,23395,24774
IR,RED,23402,24796
IR,RED,23419,24807
IR,RED,23422,24827
IR,RED,23413,24826
IR,RED,23402,24821
IR,RED,23407,24833
IR,RED,23400,24824
IR,RED,23391,24825
IR,RED,23366,24804
IR,RED,23360,24801
IR,RED,23349,24797
IR,RED,23332,24784
IR,RED,23344,24788
IR,RED,23326,24781
IR,RED,23305,24775
IR,RED,23292,24793
IR,RED,23259,24779
IR,RED,23225,24767
IR,RED,23192,24752
IR,RED,23173,24732
IR,RED,23149,24717
IR,RED,23138,24717
IR,RED,23145,24715
IR,RED,23138,24718
IR,RED,23135,24707
IR,RED,23130,24729
IR,RED,23145,24732
IR,RED,23146,24731
IR,RED,23153,24756
IR,RED,23148,24763
IR,RED,23138,24746
IR,RED,23126,24734
IR,RED,23120,24717
IR,RED,23109,24715
IR,RED,23112,24699
IR,RED,23100,24703
IR,RED,23092,24719
IR,RED,23097,24730
IR,RED,23075,24735
IR,RED,23078,24744
IR,RED,23055,24733
IR,RED,23032,24738
IR,RED,23032,24734
IR,RED,23006,24723
IR,RED,22988,24713
IR,RED,22970,24711
IR,RED,22954,24711
IR,RED,22954,24718
IR,RED,22949,24746
IR,RED,22947,24734
IR,RED,22939,24756
IR,RED,22945,24758
IR,RED,22933,24751
IR,RED,22923,24756
IR,RED,22921,24749
IR,RED,22924,24743
IR,RED,22918,24749
IR,RED,22907,24731
IR,RED,22902,24748
IR,RED,22900,24732
IR,RED,22901,24752
IR,RED,22903,24731
IR,RED,22903,24762
IR,RED,22916,24756
IR,RED,22909,24764
IR,RED,22907,24758
IR,RED,22911,24754
IR,RED,22903,24758
IR,RED,22905,24763
IR,RED,22893,24753
IR,RED,22887,24752
IR,RED,22878,24740
IR,RED,22875,24741
IR,RED,22864,24733
IR,RED,22861,24736
IR,RED,22845,24740
IR,RED,22833,24725
IR,RED,22838,24739
IR,RED,22835,24738
IR,RED,22821,24727
IR,RED,22827,24722
IR,RED,22812,24712
IR,RED,22803,24713
IR,RED,22796,24698
IR,RED,22802,24686
IR,RED,22788,24702
IR,RED,22784,24699
IR,RED,22777,24692
IR,RED,22765,24679
IR,RED,22771,24684
IR,RED,22756,24681
IR,RED,22761,24672
IR,RED,22762,24677
IR,RED,22745,24671
IR,RED,22742,24669
IR,RED,22732,24655
IR,RED,22727,24654
IR,RED,22717,24638
IR,RED,22716,24640
IR,RED,22708,24639
IR,RED,22707,24634
IR,RED,22713,24627
IR,RED,22697,24621
IR,RED,22692,24613
IR,RED,22694,24615
IR,RED,22690,24616
IR,RED,22673,24606
IR,RED,22678,24611
IR,RED,22670,24605
IR,RED,22667,24605
IR,RED,22670,24589
IR,RED,22661,24590
IR,RED,22657,24591
IR,RED,22652,24586
IR,RED,22643,24581
IR,RED,22634,24578
IR,RED,22632,24568
IR,RED,22625,24570
IR,RED,22633,24568
IR,RED,22630,24554
IR,RED,22630,24556
IR,RED,22623,24563
IR,RED,22610,24548
IR,RED,22609,24533
IR,RED,22609,24536
IR,RED,22608,24532
IR,RED,22611,24535
IR,RED,22601,24547
IR,RED,22604,24544
IR,RED,22612,24536
IR,RED,22600,24546
IR,RED,22600,24535
IR,RED,22598,24541
IR,RED,22596,24538
IR,RED,22589,24534
IR,RED,22590,24525
IR,RED,22585,24518
IR,RED,22582,24514
IR,RED,22577,24522
IR,RED,22581,24530
IR,RED,22581,24527
IR,RED,22572,24532
IR,RED,22558,24519
IR,RED,22573,24511
IR,RED,22563,24508
IR,RED,22554,24505
IR,RED,22566,24507
IR,RED,22563,24502
IR,RED,22566,24498
IR,RED,22571,24506
IR,RED,22563,24499
IR,RED,22563,24501
IR,RED,22561,24488
IR,RED,22550,24487
IR,RED,22545,24478
IR,RED,22544,24484
IR,RED,22548,24479
IR,RED,22542,24490
IR,RED,22530,24489
IR,RED,22529,24483
IR,RED,22532,24475
IR,RED,22537,24472
IR,RED,22537,24474
IR,RED,22525,24461
IR,RED,22526,24464
IR,RED,22522,24463
IR,RED,22522,24476
IR,RED,22528,24471
IR,RED,22524,24468
IR,RED,22523,24470
IR,RED,22507,24470
IR,RED,22516,24472
IR,RED,22514,24463
IR,RED,22512,24468
IR,RED,22518,24459
IR,RED,22509,24474
IR,RED,22511,24466
IR,RED,22505,24471
IR,RED,22504,24465
IR,RED,22508,24458
IR,RED,22520,24459
IR,RED,22521,24461
IR,RED,22518,24464
IR,RED,22513,24474
IR,RED,22525,24477
IR,RED,22529,24493
IR,RED,22542,24496
IR,RED,22536,24505
IR,RED,22552,24510
IR,RED,22550,24502
IR,RED,22544,24501
IR,RED,22553,24509
IR,RED,22535,24505
IR,RED,22538,24507
IR,RED,22533,24503
IR,RED,22538,24503
IR,RED,22536,24511
IR,RED,22539,24503
IR,RED,22536,24496
IR,RED,22541,24497
IR,RED,22528,24495
IR,RED,22530,24491
IR,RED,22516,24475
IR,RED,22523,24482
IR,RED,22515,24472
IR,RED,22508,24477
IR,RED,22509,24460
IR,RED,22510,24467
IR,RED,22510,24457
IR,RED,22506,24448
IR,RED,22503,24449
IR,RED,22509,24459
IR,RED,22521,24469
IR,RED,22508,24463
IR,RED,22516,24467
IR,RED,22527,24460
IR,RED,22514,24462
IR,RED,22517,24461
IR,RED,22510,24458
IR,RED,22495,24450
IR,RED,22514,24459
IR,RED,22506,24447
IR,RED,22491,24446
IR,RED,22486,24443
IR,RED,22488,24426
IR,RED,22491,24421
IR,RED,22490,24403
IR,RED,22479,24398
IR,RED,22492,24402
IR,RED,22491,24379
IR,RED,22496,24367
IR,RED,22508,24356
IR,RED,22511,24341
IR,RED,22503,24369
IR,RED,22493,24357
IR,RED,22494,24381
IR,RED,22474,24361
IR,RED,22484,24348
IR,RED,22500,24360
IR,RED,22512,24360
IR,RED,22527,24370
IR,RED,22511,24360
IR,RED,22523,24381
IR,RED,22522,24381
IR,RED,22541,24383
IR,RED,22546,24387
IR,RED,22571,24399
IR,RED,22587,24412
IR,RED,22605,24427
IR,RED,22607,24444
IR,RED,22601,24418
IR,RED,22585,24421
IR,RED,22550,24401
IR,RED,22517,24370
IR,RED,22484,24339
IR,RED,22468,24326
IR,RED,22455,24313
IR,RED,22479,24303
IR,RED,22503,24310
IR,RED,22516,24330
IR,RED,22521,24334
IR,RED,22507,24319
IR,RED,22508,24330
IR,RED,22509,24302
IR,RED,22507,24311
IR,RED,22506,24291
IR,RED,22513,24309
IR,RED,22517,24308
IR,RED,22516,24314
IR,RED,22531,24304
IR,RED,22522,24298
IR,RED,22535,24303
IR,RED,22514,24299
IR,RED,22539,24310
IR,RED,22477,24273
IR,RED,22478,24252
IR,RED,22494,24265
IR,RED,22519,24261
IR,RED,22547,24263
IR,RED,22573,24278
IR,RED,22604,24275
IR,RED,22622,24299
IR,RED,22637,24306
IR,RED,22631,24297
IR,RED,22634,24289
IR,RED,22624,24280
IR,RED,22618,24270
IR,RED,22616,24268
IR,RED,22605,24258
IR,RED,22605,24259
IR,RED,22587,24263
IR,RED,22587,24258
IR,RED,22601,24267
IR,RED,22601,24255
IR,RED,22622,24277
IR,RED,22635,24286
IR,RED,22655,24290
IR,RED,22671,24299
IR,RED,22696,24326
IR,RED,22711,24326
IR,RED,22732,24338
IR,RED,22738,24347
IR,RED,22750,24345
IR,RED,22760,24362
IR,RED,22764,24364
IR,RED,22769,24382
IR,RED,22785,24369
IR,RED,22775,24374
IR,RED,22788,24380
IR,RED,22772,24386
IR,RED,22776,24391
IR,RED,22788,24431
IR,RED,22772,24452
IR,RED,22755,24465
IR,RED,22741,24458
IR,RED,22734,24469
IR,RED,22700,24448
IR,RED,22695,24458
IR,RED,22662,24446
IR,RED,22635,24429
IR,RED,22607,24408
IR,RED,22597,24381
IR,RED,22593,24362
IR,RED,22582,24357
IR,RED,22594,24356
IR,RED,22573,24352
IR,RED,22587,24358
IR,RED,22589,24346
IR,RED,22591,24338
IR,RED,22603,24353
IR,RED,22618,24372
IR,RED,22633,24383
IR,RED,22644,24387
IR,RED,22652,24412
IR,RED,22658,24413
IR,RED,22655,24411
IR,RED,22662,24421
IR,RED,22651,24425
IR,RED,22663,24457
IR,RED,22661,24473
IR,RED,22647,24474
IR,RED,22665,24476
IR,RED,22664,24489
IR,RED,22658,24485
IR,RED,22674,24493
IR,RED,22667,24495
IR,RED,22674,24512
IR,RED,22667,24510
IR,RED,22663,24513
IR,RED,22678,24515
IR,RED,22673,24526
IR,RED,22682,24538
IR,RED,22683,24557
IR,RED,22686,24565
IR,RED,22682,24562
IR,RED,22675,24560
IR,RED,22675,24549
IR,RED,22689,24557
IR,RED,22678,24552
IR,RED,22681,24564
IR,RED,22685,24566
IR,RED,22695,24581
IR,RED,22697,24588
IR,RED,22698,24597
IR,RED,22705,24600
IR,RED,22715,24611
IR,RED,22678,24606
IR,RED,22689,24596
IR,RED,22678,24611
IR,RED,22689,24602
IR,RED,22690,24616
IR,RED,22694,24612
IR,RED,22697,24616
IR,RED,22696,24623
IR,RED,22691,24625
IR,RED,22688,24641
IR,RED,22677,24620
IR,RED,22675,24629
IR,RED,22666,24623
IR,RED,22663,24625
IR,RED,22658,24636
IR,RED,22671,24629
IR,RED,22658,24629
IR,RED,22662,24633
IR,RED,22669,24640
IR,RED,22670,24635
IR,RED,22670,24644
IR,RED,22669,24642
IR,RED,22638,24644
IR,RED,22657,24641
IR,RED,22657,24643
IR,RED,22653,24633
IR,RED,22666,24641
IR,RED,22664,24649
IR,RED,22677,24660
IR,RED,22675,24663
IR,RED,22679,24670
IR,RED,22671,24670
IR,RED,22666,24664
IR,RED,22657,24666
IR,RED,22657,24654
IR,RED,22664,24656
IR,RED,22674,24658
IR,RED,22669,24669
IR,RED,22666,24672
IR,RED,22669,24688
IR,RED,22680,24675
IR,RED,22675,24683
IR,RED,22666,24682
IR,RED,22664,24677
IR,RED,22648,24673
IR,RED,22642,24671
IR,RED,22634,24663
IR,RED,22648,24677
IR,RED,22645,24678
IR,RED,22649,24673
IR,RED,22647,24675
IR,RED,22655,24684
IR,RED,22648,24683
IR,RED,22642,24672
IR,RED,22627,24668
IR,RED,22634,24662
IR,RED,22622,24670
IR,RED,22623,24661
IR,RED,22630,24668
IR,RED,22623,24668
IR,RED,22626,24669
IR,RED,22622,24661
IR,RED,22640,24665
IR,RED,22609,24669
IR,RED,22620,24668
IR,RED,22610,24679
IR,RED,22616,24669
IR,RED,22608,24659
IR,RED,22608,24667
IR,RED,22600,24661
IR,RED,22598,24646
IR,RED,22590,24649
IR,RED,22606,24661
IR,RED,22596,24664
IR,RED,22608,24666
IR,RED,22603,24672
IR,RED,22613,24673
IR,RED,22609,24663
IR,RED,22614,24664
IR,RED,22619,24668
IR,RED,22615,24649
IR,RED,22599,24645
IR,RED,22606,24655
IR,RED,22605,24649
IR,RED,22604,24651
IR,RED,22605,24656
IR,RED,22612,24657
IR,RED,22615,24661
IR,RED,22613,24666
IR,RED,22617,24657
IR,RED,22600,24653
IR,RED,22601,24649
IR,RED,22589,24637
IR,RED,22578,24640
IR,RED,22586,24637
IR,RED,22575,24642
IR,RED,22575,24612
IR,RED,22577,24633
IR,RED,22582,24638
IR,RED,22569,24642
IR,RED,22575,24638
IR,RED,22572,24639
IR,RED,22575,24647
IR,RED,22572,24633
IR,RED,22582,24633
IR,RED,22564,24641
IR,RED,22575,24635
IR,RED,22570,24638
IR,RED,22574,24647
IR,RED,22561,24635
IR,RED,22556,24648
IR,RED,22553,24629
IR,RED,22556,24623
IR,RED,22544,24635
IR,RED,22549,24619
IR,RED,22549,24633
IR,RED,22553,24623
IR,RED,22547,24625
IR,RED,22542,24637
IR,RED,22550,24622
IR,RED,22553,24617
IR,RED,22546,24620
IR,RED,22547,24626
IR,RED,22543,24607
IR,RED,22537,24624
IR,RED,22523,24614
IR,RED,22523,24623
IR,RED,22515,24614
IR,RED,22513,24603
IR,RED,22506,24596
IR,RED,22518,24595
IR,RED,22513,24603
IR,RED,22519,24608
IR,RED,22534,24604
IR,RED,22512,24608
IR,RED,22515,24617
IR,RED,22512,24607
IR,RED,22515,24598
IR,RED,22520,24589
IR,RED,22503,24597
IR,RED,22497,24596
IR,RED,22490,24592
IR,RED,22490,24592
IR,RED,22484,24593
IR,RED,22487,24588
IR,RED,22495,24585
IR,RED,22492,24585
IR,RED,22497,24589
IR,RED,22474,24580
IR,RED,22472,24584
IR,RED,22484,24581
IR,RED,22469,24582
IR,RED,22467,24587
IR,RED,22462,24586
IR,RED,22468,24586
IR,RED,22453,24583
IR,RED,22449,24570
IR,RED,22448,24570
IR,RED,22451,24571
IR,RED,22451,24569
IR,RED,22450,24560
IR,RED,22441,24573
IR,RED,22444,24571
IR,RED,22448,24564
IR,RED,22440,24561
IR,RED,22434,24565
IR,RED,22433,24553
IR,RED,22423,24550
IR,RED,22429,24555
IR,RED,22433,24552
IR,RED,22420,24555
IR,RED,22427,24556
IR,RED,22423,24548
IR,RED,22418,24553
IR,RED,22423,24553
IR,RED,22432,24552
IR,RED,22416,24555
IR,RED,22407,24530
IR,RED,22421,24537
IR,RED,22406,24534
IR,RED,22405,24535
IR,RED,22399,24532
IR,RED,22393,24533
IR,RED,22399,24532
IR,RED,22403,24532
IR,RED,22391,24525
IR,RED,22389,24522
IR,RED,22390,24517
IR,RED,22384,24530
IR,RED,22398,24505
IR,RED,22385,24519
IR,RED,22389,24523
IR,RED,22386,24519
IR,RED,22382,24525
IR,RED,22381,24523
IR,RED,22380,24511
IR,RED,22374,24521
IR,RED,22368,24513
IR,RED,22374,24518
IR,RED,22374,24516
IR,RED,22379,24511
IR,RED,22365,24507
IR,RED,22368,24506
IR,RED,22361,24509
IR,RED,22362,24504
IR,RED,22367,24503
IR,RED,22373,24500
IR,RED,22365,24506
IR,RED,22362,24507
IR,RED,22366,24508
IR,RED,22369,24489
IR,RED,22371,24506
IR,RED,22363,24507
IR,RED,22365,24502
IR,RED,22357,24510
IR,RED,22361,24509
IR,RED,22363,24496
IR,RED,22353,24494
IR,RED,22358,24488
IR,RED,22357,24495
IR,RED,22355,24494
IR,RED,22360,24493
IR,RED,22366,24493
IR,RED,22358,24490
IR,RED,22364,24498
IR,RED,22363,24488
IR,RED,22352,24489
IR,RED,22350,24482
IR,RED,22350,24467
IR,RED,22344,24470
IR,RED,22337,24477
IR,RED,22347,24478
IR,RED,22345,24487
IR,RED,22354,24476
IR,RED,22355,24477
IR,RED,22349,24469
IR,RED,22348,24470
IR,RED,22341,24479
IR,RED,22352,24475
IR,RED,22342,24470
IR,RED,22346,24467
IR,RED,22334,24473
IR,RED,22337,24454
IR,RED,22338,24459
IR,RED,22336,24460
IR,RED,22329,24457
IR,RED,22322,24456
IR,RED,22323,24449
IR,RED,22326,24457
IR,RED,22328,24448
IR,RED,22329,24437
IR,RED,22331,24442
IR,RED,22325,24452
IR,RED,22325,24441
IR,RED,22310,24435
IR,RED,22322,24443
IR,RED,22309,24428
IR,RED,22313,24440
IR,RED,22310,24430
IR,RED,22306,24443
IR,RED,22318,24425
IR,RED,22309,24426
IR,RED,22314,24427
IR,RED,22302,24434
IR,RED,22306,24438
IR,RED,22306,24425
IR,RED,22293,24423
IR,RED,22307,24431
IR,RED,22310,24432
IR,RED,22298,24423
IR,RED,22297,24426
IR,RED,22297,24428
IR,RED,22292,24427
IR,RED,22292,24417
IR,RED,22298,24416
IR,RED,22291,24415
IR,RED,22292,24409
IR,RED,22300,24416
IR,RED,22295,24422
IR,RED,22279,24424
IR,RED,22287,24421
IR,RED,22272,24401
IR,RED,22271,24404
IR,RED,22269,24397
IR,RED,22278,24401
IR,RED,22269,24391
IR,RED,22262,24395
IR,RED,22273,24404
IR,RED,22266,24390
IR,RED,22258,24383
IR,RED,22253,24395
IR,RED,22254,24390
IR,RED,22246,24375
IR,RED,22244,24378
IR,RED,22245,24376
IR,RED,22243,24381
IR,RED,22247,24387
IR,RED,22248,24387
IR,RED,22245,24383
IR,RED,22253,24376
IR,RED,22250,24378
IR,RED,22244,24374
IR,RED,22246,24371
IR,RED,22249,24368
IR,RED,22250,24376
IR,RED,22244,24378
IR,RED,22256,24379
IR,RED,22259,24371
IR,RED,22249,24375
IR,RED,22252,24379
IR,RED,22253,24380
IR,RED,22246,24381
IR,RED,22241,24370
IR,RED,22230,24363
IR,RED,22233,24355
IR,RED,22229,24353
IR,RED,22225,24362
IR,RED,22224,24348
IR,RED,22225,24351
IR,RED,22222,24348
IR,RED,22230,24353
IR,RED,22233,24354
IR,RED,22229,24348
IR,RED,22235,24363
IR,RED,22228,24361
IR,RED,22229,24360
IR,RED,22236,24365
IR,RED,22234,24371
IR,RED,22241,24359
IR,RED,22233,24356
IR,RED,22215,24356
IR,RED,22216,24351
IR,RED,22210,24348
IR,RED,22188,24347
IR,RED,22201,24338
IR,RED,22197,24332
IR,RED,22193,24331
IR,RED,22195,24320
IR,RED,22197,24318
IR,RED,22196,24338
IR,RED,22195,24320
IR,RED,22199,24327
IR,RED,22197,24323
IR,RED,22191,24331
IR,RED,22200,24321
IR,RED,22206,24326
IR,RED,22203,24320
IR,RED,22214,24319
IR,RED,22206,24315
IR,RED,22198,24301
IR,RED,22179,24292
IR,RED,22168,24298
IR,RED,22160,24287
IR,RED,22153,24281
IR,RED,22140,24272
IR,RED,22148,24258
IR,RED,22146,24264
IR,RED,22151,24267
IR,RED,22150,24270
IR,RED,22154,24280
IR,RED,22163,24276
IR,RED,22159,24272
IR,RED,22170,24276
IR,RED,22184,24286
IR,RED,22182,24295
IR,RED,22198,24291
IR,RED,22184,24296
IR,RED,22194,24290
IR,RED,22194,24287
IR,RED,22199,24295
IR,RED,22193,24297
IR,RED,22193,24301
IR,RED,22189,24299
IR,RED,22189,24289
IR,RED,22184,24284
IR,RED,22186,24295
IR,RED,22184,24296
IR,RED,22182,24288
IR,RED,22177,24283
IR,RED,22180,24283
IR,RED,22164,24260
IR,RED,22149,24268
IR,RED,22137,24246
IR,RED,22124,24235
IR,RED,22120,24233
IR,RED,22120,24224
IR,RED,22110,24221
IR,RED,22130,24223
IR,RED,22144,24248
IR,RED,22187,24274
IR,RED,22224,24296
IR,RED,22242,24328
IR,RED,22258,24343
IR,RED,22253,24358
IR,RED,22252,24362
IR,RED,22226,24341
IR,RED,22201,24315
IR,RED,22166,24290
IR,RED,22146,24270
IR,RED,22134,24243
IR,RED,22108,24241
IR,RED,22105,24233
IR,RED,22095,24222
IR,RED,22082,24215
IR,RED,22081,24224
IR,RED,22090,24227
IR,RED,22085,24219
IR,RED,22086,24218
IR,RED,22080,24209
IR,RED,22065,24196
IR,RED,22063,24200
IR,RED,22053,24204
IR,RED,22033,24189
IR,RED,22039,24183
IR,RED,22041,24183
IR,RED,22039,24184
IR,RED,22037,24170
IR,RED,22028,24176
IR,RED,22028,24170
IR,RED,22033,24170
IR,RED,22032,24171
IR,RED,22026,24177
IR,RED,22024,24171
IR,RED,22023,24169
IR,RED,22009,24151
IR,RED,22015,24158
IR,RED,22010,24161
IR,RED,22013,24158
IR,RED,22011,24164
IR,RED,22027,24158
IR,RED,22035,24181
IR,RED,22029,24167
IR,RED,22021,24162
IR,RED,22031,24165
IR,RED,22019,24152
IR,RED,22011,24155
IR,RED,22005,24152
IR,RED,22010,24151
IR,RED,22009,24156
IR,RED,22017,24163
IR,RED,22014,24159
IR,RED,21995,24147
IR,RED,21990,24141
IR,RED,21987,24132
IR,RED,21991,24131
IR,RED,21998,24149
IR,RED,22011,24154
IR,RED,22007,24157
IR,RED,22046,24171
IR,RED,22048,24182
IR,RED,22027,24172
IR,RED,22022,24163
IR,RED,22026,24172
IR,RED,22009,24175
IR,RED,22009,24165
IR,RED,22004,24164
IR,RED,22006,24158
IR,RED,21999,24150
IR,RED,21997,24162
IR,RED,22009,24153
IR,RED,22014,24155
IR,RED,21998,24150
IR,RED,22013,24157
IR,RED,22010,24154
IR,RED,22014,24161
IR,RED,22014,24174
IR,RED,22012,24154
IR,RED,21996,24164
IR,RED,22001,24143
IR,RED,22000,24160
IR,RED,22005,24173
IR,RED,22015,24169
IR,RED,22002,24159
IR,RED,21999,24156
IR,RED,21988,24146
IR,RED,21998,24159
IR,RED,21983,24153
IR,RED,21990,24161
IR,RED,21996,24152
IR,RED,22003,24166
IR,RED,22007,24184
IR,RED,22009,24177
IR,RED,22001,24172
IR,RED,21989,24157
IR,RED,21980,24160
IR,RED,21971,24145
IR,RED,21962,24142
IR,RED,21957,24139
IR,RED,21968,24139
IR,RED,21959,24139
IR,RED,21955,24139
IR,RED,21961,24151
IR,RED,21962,24144
IR,RED,21967,24130
IR,RED,21960,24137
IR,RED,21957,24129
IR,RED,21947,24134
IR,RED,21934,24129
IR,RED,21934,24131
IR,RED,21926,24120
IR,RED,21916,24119
IR,RED,21922,24113
IR,RED,21912,24109
IR,RED,21913,24114
IR,RED,21919,24104
IR,RED,21912,24103
IR,RED,21899,24099
IR,RED,21905,24098
IR,RED,21900,24092
IR,RED,21904,24099
IR,RED,21909,24089
IR,RED,21900,24090
IR,RED,21908,24082
IR,RED,21905,24094
IR,RED,21898,24083
IR,RED,21911,24079
IR,RED,21905,24083
IR,RED,21892,24085
IR,RED,21899,24084
IR,RED,21883,24085
IR,RED,21889,24084
IR,RED,21874,24083
IR,RED,21882,24070
IR,RED,21879,24065
IR,RED,21874,24072
IR,RED,21873,24069
IR,RED,21873,24067
IR,RED,21874,24062
IR,RED,21858,24058
IR,RED,21864,24049
IR,RED,21861,24056
IR,RED,21850,24051
IR,RED,21853,24054
IR,RED,21849,24056
IR,RED,21830,24049
IR,RED,21838,24041
IR,RED,21833,24040
IR,RED,21828,24056
IR,RED,21827,24038
IR,RED,21826,24036
IR,RED,21813,24036
IR,RED,21827,24036
IR,RED,21822,24030
IR,RED,21820,24028
IR,RED,21815,24014
IR,RED,21823,24023
IR,RED,21831,24019
IR,RED,21807,24018
IR,RED,21813,24013
IR,RED,21800,24011
IR,RED,21809,24009
IR,RED,21803,24006
IR,RED,21792,24011
IR,RED,21794,24000
IR,RED,21795,23987
IR,RED,21796,24005
IR,RED,21793,23995
IR,RED,21798,24002
IR,RED,21791,23990
IR,RED,21787,23988
IR,RED,21791,23994
IR,RED,21793,23985
IR,RED,21783,23987
IR,RED,21784,23997
IR,RED,21779,23989
IR,RED,21774,23977
IR,RED,21769,23978
IR,RED,21780,23969
IR,RED,21762,23975
IR,RED,21767,23968
IR,RED,21770,23966
IR,RED,21768,23970
IR,RED,21774,23971
IR,RED,21762,23963
IR,RED,21759,23962
IR,RED,21756,23964
IR,RED,21752,23968
IR,RED,21755,23953
IR,RED,21764,23965
IR,RED,21753,23965
IR,RED,21757,23960
IR,RED,21752,23956
IR,RED,21747,23961
IR,RED,21752,23948
IR,RED,21734,23946
IR,RED,21741,23954
IR,RED,21737,23953
IR,RED,21749,23956
IR,RED,21746,23955
IR,RED,21745,23944
IR,RED,21741,23946
IR,RED,21743,23935
IR,RED,21734,23946
IR,RED,21736,23943
IR,RED,21730,23946
IR,RED,21735,23930
IR,RED,21732,23939
IR,RED,21733,23936
IR,RED,21729,23934
IR,RED,21734,23940
IR,RED,21726,23940
IR,RED,21713,23930
IR,RED,21719,23929
IR,RED,21721,23941
IR,RED,21708,23935
IR,RED,21718,23930
IR,RED,21710,23922
IR,RED,21704,23917
IR,RED,21703,23924
IR,RED,21715,23922
IR,RED,21706,23922
IR,RED,21704,23917
IR,RED,21706,23908
IR,RED,21719,23920
IR,RED,21709,23931
IR,RED,21707,23912
IR,RED,21711,23914
IR,RED,21712,23921
IR,RED,21716,23913
IR,RED,21693,23910
IR,RED,21697,23912
IR,RED,21695,23903
IR,RED,21697,23906
IR,RED,21700,23898
IR,RED,21689,23898
IR,RED,21690,23906
IR,RED,21702,23899
IR,RED,21684,23912
IR,RED,21690,23901
IR,RED,21695,23897
IR,RED,21698,23899
IR,RED,21696,23889
IR,RED,21698,23897
IR,RED,21688,23880
IR,RED,21691,23881
IR,RED,21696,23878
IR,RED,21692,23877
IR,RED,21677,23894
IR,RED,21687,23883
IR,RED,21688,23885
IR,RED,21698,23887
IR,RED,21711,23899
IR,RED,21715,23893
IR,RED,21703,23892
IR,RED,21702,23890
IR,RED,21698,23883
IR,RED,21697,23888
IR,RED,21699,23881
IR,RED,21687,23872
IR,RED,21681,23884
IR,RED,21695,23878
IR,RED,21691,23893
IR,RED,21692,23883
IR,RED,21701,23889
IR,RED,21700,23884
IR,RED,21699,23885
IR,RED,21679,23896
IR,RED,21680,23898
IR,RED,21688,23906
IR,RED,21700,23920
IR,RED,21699,23925
IR,RED,21698,23941
IR,RED,21707,23953
IR,RED,21718,23960
IR,RED,21718,23961
IR,RED,21729,23967
IR,RED,21730,23992
IR,RED,21747,24017
IR,RED,21757,24029
IR,RED,21763,24041
IR,RED,21768,24067
IR,RED,21777,24082
IR,RED,21780,24104
IR,RED,21787,24129
IR,RED,21796,24142
IR,RED,21796,24143
IR,RED,21773,24144
IR,RED,21762,24125
IR,RED,21733,24095
IR,RED,21690,24056
IR,RED,21675,24026
IR,RED,21644,23972
IR,RED,21672,23967
IR,RED,21733,24014
IR,RED,21798,24066
IR,RED,21813,24095
IR,RED,21786,24075
IR,RED,21736,24025
IR,RED,21660,23948
IR,RED,21569,23885
IR,RED,21500,23813
IR,RED,21452,23780
IR,RED,21431,23779
IR,RED,21440,23844
IR,RED,21450,23896
IR,RED,21443,23916
IR,RED,21423,23945
IR,RED,21403,23966
IR,RED,21384,23984
IR,RED,21355,23990
IR,RED,21328,23985
IR,RED,21299,23969
IR,RED,21268,23962
IR,RED,21248,23941
IR,RED,21224,23934
IR,RED,21221,23928
IR,RED,21190,23921
IR,RED,21176,23880
IR,RED,21160,23879
IR,RED,21136,23868
IR,RED,21121,23860
IR,RED,21097,23850
IR,RED,21090,23839
IR,RED,21066,23844
IR,RED,21043,23792
IR,RED,21042,23773
IR,RED,21056,23772
IR,RED,21072,23754
IR,RED,21100,23752
IR,RED,21100,23738
IR,RED,21099,23720
IR,RED,21082,23694
IR,RED,21076,23673
IR,RED,21057,23661
IR,RED,21054,23649
IR,RED,21045,23641
IR,RED,21036,23647
IR,RED,21038,23637
IR,RED,21030,23653
IR,RED,21032,23649
IR,RED,21039,23663
IR,RED,21038,23679
IR,RED,21032,23713
IR,RED,21040,23724
IR,RED,21035,23743
IR,RED,21041,23755
IR,RED,21036,23784
IR,RED,21027,23784
IR,RED,21026,23805
IR,RED,21002,23821
IR,RED,20964,23783
IR,RED,20956,23769
IR,RED,20949,23751
IR,RED,20923,23742
IR,RED,20917,23723
IR,RED,20913,23705
IR,RED,20886,23701
IR,RED,20891,23677
IR,RED,20865,23670
IR,RED,20861,23653
IR,RED,20841,23640
IR,RED,20835,23615
IR,RED,20824,23609
IR,RED,20828,23609
IR,RED,20838,23610
IR,RED,20849,23611
IR,RED,20883,23635
IR,RED,20894,23641
IR,RED,20915,23650
IR,RED,20923,23655
IR,RED,20900,23662
IR,RED,20904,23643
IR,RED,20886,23637
IR,RED,20878,23620
IR,RED,20869,23610
IR,RED,20855,23627
IR,RED,20856,23618
IR,RED,20856,23630
IR,RED,20880,23655
IR,RED,20896,23687
IR,RED,20903,23708
IR,RED,20921,23748
IR,RED,20940,23797
IR,RED,20959,23823
IR,RED,20985,23858
IR,RED,21007,23901
IR,RED,21033,23934
IR,RED,21043,23987
IR,RED,21063,23979
IR,RED,21102,24012
IR,RED,21121,24062
IR,RED,21144,24083
IR,RED,21153,24099
IR,RED,21166,24096
IR,RED,21157,24110
IR,RED,21155,24111
IR,RED,21149,24091
IR,RED,21152,24100
IR,RED,21151,24109
IR,RED,21161,24106
IR,RED,21169,24122
IR,RED,21170,24108
IR,RED,21157,24103
IR,RED,21148,24085
IR,RED,21147,24091
IR,RED,21144,24070
IR,RED,21145,24077
IR,RED,21134,24075
IR,RED,21138,24086
IR,RED,21143,24078
IR,RED,21138,24081
IR,RED,21145,24072
IR,RED,21126,24067
IR,RED,21119,24053
IR,RED,21112,24038
IR,RED,21107,24017
IR,RED,21098,24022
IR,RED,21106,24019
IR,RED,21092,24030
IR,RED,21092,24014
IR,RED,21084,24015
IR,RED,21086,24007
IR,RED,21074,24016
IR,RED,21071,24005
IR,RED,21076,24001
IR,RED,21068,23991
IR,RED,21058,23983
IR,RED,21047,23973
IR,RED,21030,23967
IR,RED,21036,23958
IR,RED,21035,23960
IR,RED,21025,23955
IR,RED,21025,23965
IR,RED,21023,23943
IR,RED,21007,23942
IR,RED,21009,23933
IR,RED,21008,23931
IR,RED,20993,23918
IR,RED,20987,23914
IR,RED,20993,23916
IR,RED,20983,23909
IR,RED,20995,23913
IR,RED,20975,23896
IR,RED,20966,23901
IR,RED,20972,23893
IR,RED,20974,23915
IR,RED,20966,23907
IR,RED,20968,23912
IR,RED,20964,23891
IR,RED,20956,23904
IR,RED,20957,23896
IR,RED,20955,23885
IR,RED,20967,23890
IR,RED,20957,23888
IR,RED,20961,23895
IR,RED,20974,23907
IR,RED,20950,23889
IR,RED,20954,23898
IR,RED,20941,23889
IR,RED,20938,23879
IR,RED,20928,23876
IR,RED,20932,23884
IR,RED,20932,23881
IR,RED,20940,23886
IR,RED,20961,23904
IR,RED,20975,23944
IR,RED,21009,23962
IR,RED,21038,23989
IR,RED,21073,24028
IR,RED,21107,24067
IR,RED,21131,24101
IR,RED,21162,24138
IR,RED,21181,24145
IR,RED,21203,24192
IR,RED,21221,24217
IR,RED,21236,24238
IR,RED,21247,24255
IR,RED,21258,24256
IR,RED,21253,24265
IR,RED,21253,24256
IR,RED,21255,24257
IR,RED,21267,24251
IR,RED,21263,24240
IR,RED,21268,24220
IR,RED,21268,24226
IR,RED,21277,24219
IR,RED,21278,24215
IR,RED,21265,24215
IR,RED,21269,24200
IR,RED,21258,24178
IR,RED,21239,24143
IR,RED,21241,24140
IR,RED,21217,24114
IR,RED,21217,24103
IR,RED,21214,24098
IR,RED,21210,24076
IR,RED,21204,24063
IR,RED,21198,24054
IR,RED,21208,24056
IR,RED,21198,24052
IR,RED,21200,24047
IR,RED,21204,24049
IR,RED,21201,24064
IR,RED,21207,24077
IR,RED,21213,24080
IR,RED,21214,24096
IR,RED,21211,24090
IR,RED,21214,24101
IR,RED,21231,24114
IR,RED,21223,24116
IR,RED,21230,24117
IR,RED,21237,24115
IR,RED,21239,24121
IR,RED,21247,24139
IR,RED,21261,24144
IR,RED,21283,24174
IR,RED,21278,24177
IR,RED,21282,24207
IR,RED,21283,24197
IR,RED,21293,24196
IR,RED,21293,24187
IR,RED,21290,24203
IR,RED,21288,24194
IR,RED,21289,24197
IR,RED,21287,24192
IR,RED,21291,24201
IR,RED,21302,24219
IR,RED,21313,24237
IR,RED,21329,24259
IR,RED,21341,24259
IR,RED,21344,24266
IR,RED,21361,24272
IR,RED,21351,24269
IR,RED,21330,24275
IR,RED,21331,24269
IR,RED,21334,24265
IR,RED,21336,24258
IR,RED,21335,24272
IR,RED,21338,24262
IR,RED,21335,24268
IR,RED,21338,24271
IR,RED,21350,24280
IR,RED,21344,24282
IR,RED,21340,24280
IR,RED,21340,24267
IR,RED,21334,24260
IR,RED,21333,24278
IR,RED,21336,24273
IR,RED,21342,24269
IR,RED,21342,24275
IR,RED,21347,24305
IR,RED,21358,24293
IR,RED,21370,24315
IR,RED,21368,24308
IR,RED,21357,24306
IR,RED,21366,24308
IR,RED,21357,24307
IR,RED,21356,24313
IR,RED,21339,24302
IR,RED,21340,24279
IR,RED,21345,24278
IR,RED,21333,24272
IR,RED,21345,24273
IR,RED,21338,24272
IR,RED,21340,24264
IR,RED,21334,24270
IR,RED,21329,24246
IR,RED,21322,24248
IR,RED,21325,24226
IR,RED,21308,24218
IR,RED,21305,24201
IR,RED,21299,24193
IR,RED,21293,24188
IR,RED,21279,24170
IR,RED,21264,24155
IR,RED,21263,24148
IR,RED,21257,24156
IR,RED,21261,24143
IR,RED,21246,24127
IR,RED,21229,24122
IR,RED,21223,24122
IR,RED,21236,24119
IR,RED,21231,24114
IR,RED,21232,24127
IR,RED,21233,24126
IR,RED,21229,24119
IR,RED,21234,24118
IR,RED,21234,24127
IR,RED,21225,24115
IR,RED,21239,24112
IR,RED,21241,24125
IR,RED,21243,24138
IR,RED,21257,24137
IR,RED,21257,24137
IR,RED,21245,24131
IR,RED,21249,24138
IR,RED,21256,24149
IR,RED,21264,24159
IR,RED,21253,24147
IR,RED,21254,24147
IR,RED,21261,24149
IR,RED,21259,24147
IR,RED,21261,24164
IR,RED,21267,24164
IR,RED,21260,24159
IR,RED,21254,24151
IR,RED,21246,24127
IR,RED,21208,24105
IR,RED,21198,24081
IR,RED,21177,24065
IR,RED,21182,24041
IR,RED,21155,24029
IR,RED,21159,24018
IR,RED,21158,23995
IR,RED,21150,23998
IR,RED,21142,23984
IR,RED,21134,23984
IR,RED,21137,23968
IR,RED,21132,23962
IR,RED,21133,23977
IR,RED,21141,23977
IR,RED,21143,23983
IR,RED,21137,23974
IR,RED,21142,23972
IR,RED,21144,23973
IR,RED,21134,23972
IR,RED,21142,23958
IR,RED,21130,23963
IR,RED,21135,23962
IR,RED,21126,23962
IR,RED,21126,23964
IR,RED,21135,23946
IR,RED,21120,23940
IR,RED,21119,23943
IR,RED,21125,23946
IR,RED,21122,23938
IR,RED,21123,23938
IR,RED,21131,23940
IR,RED,21126,23937
IR,RED,21142,23933
IR,RED,21160,23950
IR,RED,21172,23946
IR,RED,21177,23965
IR,RED,21208,23972
IR,RED,21242,23986
IR,RED,21265,23997
IR,RED,21315,24032
IR,RED,21366,24048
IR,RED,21400,24056
IR,RED,21419,24072
IR,RED,21417,24068
IR,RED,21424,24054
IR,RED,21432,24050
IR,RED,21443,24049
IR,RED,21460,24056
IR,RED,21485,24058
IR,RED,21530,24077
IR,RED,21572,24099
IR,RED,21625,24139
IR,RED,21661,24182
IR,RED,21698,24189
IR,RED,21705,24195
IR,RED,21708,24212
IR,RED,21731,24212
IR,RED,21729,24201
IR,RED,21731,24205
IR,RED,21733,24186
IR,RED,21744,24172
IR,RED,21731,24170
IR,RED,21724,24143
IR,RED,21710,24146
IR,RED,21715,24130
IR,RED,21707,24117
IR,RED,21701,24104
IR,RED,21708,24092
IR,RED,21690,24089
IR,RED,21682,24064
IR,RED,21682,24065
IR,RED,21674,24050
IR,RED,21656,24029
IR,RED,21658,24026
IR,RED,21653,24017
IR,RED,21658,23999
IR,RED,21666,24014
IR,RED,21661,24023
IR,RED,21664,23998
IR,RED,21653,24000
IR,RED,21669,23987
IR,RED,21656,23977
IR,RED,21646,23959
IR,RED,21624,23935
IR,RED,21615,23932
IR,RED,21602,23908
IR,RED,21623,23900
IR,RED,21644,23939
IR,RED,21663,23940
IR,RED,21651,23939
IR,RED,21636,23935
IR,RED,21614,23904
IR,RED,21595,23887
IR,RED,21580,23855
IR,RED,21553,23828
IR,RED,21541,23808
IR,RED,21540,23800
IR,RED,21529,23782
IR,RED,21503,23766
IR,RED,21498,23760
IR,RED,21494,23735
IR,RED,21473,23727
IR,RED,21469,23709
IR,RED,21439,23676
IR,RED,21444,23679
IR,RED,21437,23651
IR,RED,21429,23653
IR,RED,21417,23645
IR,RED,21421,23655
IR,RED,21403,23645
IR,RED,21420,23643
IR,RED,21393,23636
IR,RED,21401,23627
IR,RED,21403,23613
IR,RED,21394,23616
IR,RED,21383,23619
IR,RED,21381,23605
IR,RED,21385,23602
IR,RED,21372,23591
IR,RED,21372,23591
IR,RED,21366,23577
IR,RED,21363,23568
IR,RED,21359,23555
IR,RED,21354,23552
IR,RED,21342,23549
IR,RED,21345,23540
IR,RED,21351,23547
IR,RED,21345,23551
IR,RED,21335,23549
IR,RED,21340,23550
IR,RED,21340,23549
IR,RED,21338,23544
IR,RED,21339,23546
IR,RED,21342,23533
IR,RED,21335,23530
IR,RED,21332,23541
IR,RED,21320,23520
IR,RED,21323,23515
IR,RED,21319,23513
IR,RED,21313,23513
IR,RED,21314,23522
IR,RED,21313,23524
IR,RED,21324,23519
IR,RED,21322,23522
IR,RED,21314,23526
IR,RED,21315,23531
IR,RED,21328,23530
IR,RED,21319,23518
IR,RED,21313,23524
IR,RED,21320,23519
IR,RED,21321,23512
IR,RED,21321,23502
IR,RED,21321,23501
IR,RED,21318,23510
IR,RED,21302,23506
IR,RED,21307,23485
IR,RED,21304,23489
IR,RED,21300,23491
IR,RED,21298,23477
IR,RED,21288,23481
IR,RED,21289,23480
IR,RED,21287,23476
IR,RED,21287,23468
IR,RED,21298,23465
IR,RED,21297,23459
IR,RED,21286,23467
IR,RED,21290,23459
IR,RED,21275,23451
IR,RED,21272,23442
IR,RED,21273,23444
IR,RED,21281,23456
IR,RED,21275,23441
IR,RED,21267,23426
IR,RED,21267,23422
IR,RED,21253,23422
IR,RED,21256,23420
IR,RED,21263,23430
IR,RED,21259,23403
IR,RED,21263,23409
IR,RED,21261,23397
IR,RED,21250,23412
IR,RED,21243,23388
IR,RED,21240,23397
IR,RED,21247,23393
IR,RED,21240,23392
IR,RED,21241,23391
IR,RED,21243,23389
IR,RED,21249,23396
IR,RED,21243,23399
IR,RED,21251,23410
IR,RED,21251,23403
IR,RED,21263,23421
IR,RED,21252,23401
IR,RED,21248,23392
IR,RED,21243,23398
IR,RED,21248,23387
IR,RED,21248,23399
IR,RED,21245,23394
IR,RED,21256,23387
IR,RED,21248,23388
IR,RED,21257,23400
IR,RED,21252,23392
IR,RED,21251,23395
IR,RED,21253,23385
IR,RED,21247,23374
IR,RED,21241,23371
IR,RED,21237,23363
IR,RED,21241,23367
IR,RED,21229,23371
IR,RED,21221,23370
IR,RED,21234,23368
IR,RED,21229,23368
IR,RED,21227,23361
IR,RED,21227,23353
IR,RED,21219,23350
IR,RED,21227,23360
IR,RED,21217,23343
IR,RED,21218,23341
IR,RED,21220,23336
IR,RED,21212,23339
IR,RED,21212,23336
IR,RED,21204,23333
IR,RED,21211,23335
IR,RED,21213,23334
IR,RED,21209,23338
IR,RED,21225,23336
IR,RED,21206,23328
IR,RED,21199,23332
IR,RED,21215,23345
IR,RED,21206,23339
IR,RED,21214,23335
IR,RED,21212,23340
IR,RED,21214,23328
IR,RED,21202,23330
IR,RED,21203,23338
IR,RED,21198,23318
IR,RED,21192,23334
IR,RED,21197,23329
IR,RED,21189,23335
IR,RED,21188,23320
IR,RED,21185,23319
IR,RED,21193,23319
IR,RED,21197,23325
IR,RED,21189,23330
IR,RED,21191,23315
IR,RED,21179,23297
IR,RED,21175,23296
IR,RED,21188,23301
IR,RED,21179,23295
IR,RED,21174,23291
IR,RED,21175,23283
IR,RED,21166,23288
IR,RED,21164,23277
IR,RED,21173,23289
IR,RED,21160,23275
IR,RED,21163,23281
IR,RED,21167,23272
IR,RED,21167,23275
IR,RED,21165,23274
IR,RED,21157,23260
IR,RED,21166,23259
IR,RED,21158,23271
IR,RED,21155,23260
IR,RED,21146,23247
IR,RED,21151,23235
IR,RED,21145,23243
IR,RED,21154,23248
IR,RED,21149,23245
IR,RED,21145,23239
IR,RED,21151,23253
IR,RED,21149,23238
IR,RED,21147,23239
IR,RED,21145,23243
IR,RED,21140,23251
IR,RED,21152,23245
IR,RED,21146,23238
IR,RED,21135,23238
IR,RED,21136,23232
IR,RED,21134,23219
IR,RED,21150,23230
IR,RED,21148,23235
IR,RED,21149,23232
IR,RED,21151,23233
IR,RED,21142,23245
IR,RED,21148,23246
IR,RED,21145,23237
IR,RED,21146,23236
IR,RED,21133,23232
IR,RED,21140,23229
IR,RED,21127,23237
IR,RED,21138,23224
IR,RED,21146,23220
IR,RED,21129,23224
IR,RED,21132,23221
IR,RED,21125,23224
IR,RED,21133,23225
IR,RED,21134,23221
IR,RED,21130,23217
IR,RED,21126,23212
IR,RED,21130,23224
IR,RED,21136,23220
IR,RED,21134,23228
IR,RED,21135,23219
IR,RED,21128,23211
IR,RED,21128,23206
IR,RED,21134,23209
IR,RED,21138,23214
IR,RED,21138,23221
IR,RED,21132,23221
IR,RED,21138,23222
IR,RED,21137,23243
IR,RED,21140,23228
IR,RED,21143,23234
IR,RED,21143,23248
IR,RED,21137,23235
IR,RED,21141,23233
IR,RED,21143,23229
IR,RED,21143,23233
IR,RED,21129,23235
IR,RED,21133,23237
IR,RED,21132,23241
IR,RED,21133,23212
IR,RED,21139,23233
IR,RED,21136,23226
IR,RED,21134,23223
IR,RED,21129,23216
IR,RED,21121,23212
IR,RED,21122,23214
IR,RED,21123,23216
IR,RED,21111,23216
IR,RED,21114,23211
IR,RED,21104,23195
IR,RED,21118,23194
IR,RED,21115,23195
IR,RED,21118,23182
IR,RED,21102,23193
IR,RED,21112,23185
IR,RED,21107,23173
IR,RED,21115,23184
IR,RED,21090,23168
IR,RED,21099,23168
IR,RED,21106,23169
IR,RED,21101,23176
IR,RED,21102,23174
IR,RED,21100,23168
IR,RED,21095,23163
IR,RED,21100,23161
IR,RED,21103,23171
IR,RED,21105,23170
IR,RED,21106,23174
IR,RED,21106,23169
IR,RED,21090,23174
IR,RED,21107,23171
IR,RED,21103,23168
IR,RED,21107,23169
IR,RED,21098,23168
IR,RED,21088,23171
IR,RED,21101,23153
IR,RED,21095,23163
IR,RED,21095,23153
IR,RED,21092,23149
IR,RED,21088,23156
IR,RED,21095,23149
IR,RED,21093,23150
IR,RED,21088,23154
IR,RED,21080,23155
IR,RED,21090,23147
IR,RED,21081,23143
IR,RED,21098,23149
IR,RED,21082,23147
IR,RED,21077,23151
IR,RED,21087,23159
IR,RED,21095,23153
IR,RED,21081,23152
IR,RED,21084,23146
IR,RED,21085,23150
IR,RED,21079,23161
IR,RED,21081,23146
IR,RED,21080,23142
IR,RED,21083,23137
IR,RED,21093,23145
IR,RED,21091,23150
IR,RED,21087,23161
IR,RED,21083,23161
IR,RED,21079,23152
IR,RED,21082,23161
IR,RED,21090,23167
IR,RED,21082,23164
IR,RED,21087,23153
IR,RED,21085,23143
IR,RED,21082,23146
IR,RED,21071,23150
IR,RED,21074,23149
IR,RED,21083,23135
IR,RED,21077,23130
IR,RED,21080,23135
IR,RED,21084,23137
IR,RED,21070,23136
IR,RED,21073,23139
IR,RED,21074,23123
IR,RED,21067,23121
IR,RED,21076,23142
IR,RED,21071,23129
IR,RED,21072,23136
IR,RED,21077,23136
IR,RED,21066,23135
IR,RED,21070,23137
IR,RED,21059,23123
IR,RED,21069,23120
IR,RED,21070,23120
IR,RED,21062,23118
IR,RED,21066,23112
IR,RED,21063,23112
IR,RED,21063,23100
IR,RED,21066,23097
IR,RED,21050,23105
IR,RED,21056,23098
IR,RED,21057,23096
IR,RED,21066,23098
IR,RED,21063,23094
IR,RED,21040,23091
IR,RED,21053,23095
IR,RED,21053,23101
IR,RED,21060,23095
IR,RED,21062,23094
IR,RED,21057,23098
IR,RED,21054,23095
IR,RED,21053,23093
IR,RED,21057,23085
IR,RED,21066,23079
IR,RED,21056,23085
IR,RED,21056,23084
IR,RED,21044,23078
IR,RED,21061,23085
IR,RED,21053,23084
IR,RED,21056,23075
IR,RED,21046,23078
IR,RED,21052,23086
IR,RED,21039,23084
IR,RED,21065,23073
IR,RED,21048,23065
IR,RED,21046,23067
IR,RED,21044,23066
IR,RED,21053,23079
IR,RED,21046,23062
IR,RED,21050,23073
IR,RED,21053,23073
IR,RED,21044,23069
IR,RED,21053,23063
IR,RED,21048,23077
IR,RED,21046,23080
IR,RED,21053,23074
IR,RED,21046,23069
IR,RED,21052,23065
IR,RED,21058,23068
IR,RED,21046,23068
IR,RED,21036,23070
IR,RED,21050,23065
IR,RED,21047,23067
IR,RED,21052,23066
IR,RED,21049,23075
IR,RED,21051,23081
IR,RED,21046,23071
IR,RED,21054,23079
IR,RED,21051,23069
IR,RED,21052,23070
IR,RED,21045,23072
IR,RED,21048,23081
IR,RED,21049,23067
IR,RED,21043,23076
IR,RED,21059,23073
IR,RED,21056,23075
IR,RED,21048,23076
IR,RED,21040,23080
IR,RED,21038,23065
IR,RED,21045,23068
IR,RED,21041,23069
IR,RED,21049,23075
IR,RED,21052,23059
IR,RED,21050,23073
IR,RED,21045,23081
IR,RED,21056,23083
IR,RED,21044,23067
IR,RED,21049,23073
IR,RED,21056,23060
IR,RED,21052,23070
IR,RED,21047,23068
IR,RED,21041,23049
IR,RED,21039,23049
IR,RED,21044,23058
IR,RED,21052,23054
IR,RED,21039,23055
IR,RED,21042,23048
IR,RED,21043,23058
IR,RED,21042,23042
IR,RED,21030,23052
IR,RED,21036,23039
IR,RED,21032,23037
IR,RED,21038,23041
IR,RED,21036,23042
IR,RED,21027,23037
IR,RED,21030,23040
IR,RED,21038,23047
IR,RED,21025,23034
IR,RED,21028,23031
IR,RED,21024,23034
IR,RED,21035,23029
IR,RED,21035,23033
IR,RED,21035,23023
IR,RED,21024,23040
IR,RED,21024,23041
IR,RED,21032,23025
IR,RED,21022,23032
IR,RED,21029,23022
IR,RED,21022,23033
IR,RED,21029,23029
IR,RED,21032,23029
IR,RED,21027,23016
IR,RED,21028,23024
IR,RED,21021,23025
IR,RED,21026,23018
IR,RED,21027,23015
IR,RED,21030,23027
IR,RED,21018,23029
IR,RED,21023,23022
IR,RED,21019,23027
IR,RED,21026,23023
IR,RED,21019,23020
IR,RED,21019,23031
IR,RED,21027,23031
IR,RED,21029,23032
IR,RED,21015,23032
IR,RED,21016,23039
IR,RED,21024,23033
IR,RED,21021,23021
IR,RED,21009,23017
IR,RED,21023,23026
IR,RED,21018,23024
IR,RED,21006,23028
IR,RED,21018,23031
IR,RED,21023,23032
IR,RED,21024,23039
IR,RED,21022,23025
IR,RED,21025,23030
IR,RED,21020,23027
IR,RED,21015,23032
IR,RED,21035,23032
IR,RED,21021,23034
IR,RED,21027,23036
IR,RED,21020,23024
IR,RED,21028,23033
IR,RED,21023,23035
IR,RED,21031,23022
IR,RED,21016,23040
IR,RED,21026,23033
IR,RED,21032,23033
IR,RED,21024,23027
IR,RED,21038,23029
IR,RED,21019,23032
IR,RED,21027,23039
IR,RED,21021,23041
IR,RED,21044,23040
IR,RED,21029,23034
IR,RED,21024,23023
IR,RED,21023,23028
IR,RED,21028,23028
IR,RED,21031,23020
IR,RED,21025,23031
IR,RED,21036,23027
IR,RED,21028,23020
IR,RED,21012,23026
IR,RED,21023,23018
IR,RED,21029,23027
IR,RED,21022,23014
IR,RED,21016,23010
IR,RED,21018,23012
IR,RED,21024,23010
IR,RED,21016,23012
IR,RED,21017,23008
IR,RED,21020,23006
IR,RED,21017,23015
IR,RED,21018,23010
IR,RED,21017,23012
IR,RED,21018,23017
IR,RED,21021,22998
IR,RED,21015,23002
IR,RED,21013,23002
IR,RED,21020,23011
IR,RED,21006,22992
IR,RED,21006,23000
IR,RED,21007,22998
IR,RED,21015,22999
IR,RED,21006,23001
IR,RED,21006,22997
IR,RED,21007,22990
IR,RED,21001,22989
IR,RED,21008,22980
IR,RED,21013,22994
IR,RED,21020,22987
IR,RED,21019,22993
IR,RED,21014,22989
IR,RED,21021,22995
IR,RED,21012,22995
IR,RED,21017,22997
IR,RED,21013,23006
IR,RED,21015,23003
IR,RED,20999,22987
IR,RED,21007,22991
IR,RED,21006,22991
IR,RED,21015,23000
IR,RED,21007,22992
IR,RED,21007,22999
IR,RED,21019,23008
IR,RED,21007,23004
IR,RED,21018,22999
IR,RED,21015,23012
IR,RED,21024,23011
IR,RED,21014,22998
IR,RED,21012,23002
IR,RED,21013,23001
IR,RED,21000,23004
IR,RED,21009,23005
IR,RED,21007,23009
IR,RED,21016,22994
IR,RED,21017,22998
IR,RED,21006,23001
IR,RED,21015,23001
IR,RED,21008,23007
IR,RED,21002,23015
IR,RED,20999,22998
IR,RED,21011,22993
IR,RED,21001,22999
IR,RED,21011,23006
IR,RED,21016,23007
IR,RED,21020,23013
IR,RED,21014,23000
IR,RED,21017,23012
IR,RED,21016,23010
IR,RED,21018,23016
IR,RED,21013,23013
IR,RED,21011,23014
IR,RED,21010,23004
IR,RED,21008,23001
IR,RED,21016,22998
IR,RED,21006,22998
IR,RED,21008,22990
IR,RED,21001,22988
IR,RED,21022,22999
IR,RED,21022,22987
IR,RED,21014,22986
IR,RED,21002,22986
IR,RED,21012,22991
IR,RED,21008,22977
IR,RED,21009,22988
IR,RED,21009,22981
IR,RED,21014,22985
IR,RED,21008,22984
IR,RED,21008,22991
IR,RED,21006,22980
IR,RED,21013,22997
IR,RED,21014,22986
IR,RED,20995,22987
IR,RED,21009,22988
IR,RED,21014,22987
IR,RED,21008,22985
IR,RED,20997,22980
IR,RED,21009,22983
IR,RED,21002,22983
IR,RED,21008,22994
IR,RED,21008,22982
IR,RED,21017,22984
IR,RED,21011,22987
IR,RED,21007,22982
IR,RED,21011,22977
IR,RED,21003,22981
IR,RED,20997,22973
IR,RED,21000,22973
IR,RED,21003,22973
IR,RED,21000,22972
IR,RED,21007,22981
IR,RED,20994,22973
IR,RED,21004,22972
IR,RED,21005,22960
IR,RED,21000,22969
IR,RED,20999,22963
IR,RED,20999,22975
IR,RED,20997,22971
IR,RED,20992,22985
IR,RED,21006,22966
IR,RED,21001,22982
IR,RED,20994,22981
IR,RED,21004,22981
IR,RED,20998,22982
IR,RED,20989,22980
IR,RED,21000,22980
IR,RED,20999,22980
IR,RED,20993,22984
IR,RED,21000,22981
IR,RED,20993,22972
IR,RED,20994,22969
IR,RED,20995,22965
IR,RED,20991,22973
IR,RED,21000,22969
IR,RED,20999,22973
IR,RED,21003,22979
IR,RED,21010,22984
IR,RED,20997,22969
IR,RED,20995,22965
IR,RED,20997,22963
IR,RED,21002,22968
IR,RED,20993,22975
IR,RED,20992,22973
IR,RED,20992,22967
IR,RED,20995,22960
IR,RED,20989,22969
IR,RED,20993,22968
IR,RED,20993,22959
IR,RED,20992,22969
IR,RED,21003,22969
IR,RED,20993,22954
IR,RED,21001,22958
IR,RED,20990,22966
IR,RED,20990,22960
IR,RED,20993,22962
IR,RED,20996,22952
IR,RED,20996,22959
IR,RED,21002,22966
IR,RED,20995,22954
IR,RED,20997,22949
IR,RED,20989,22935
IR,RED,20990,22946
IR,RED,20983,22944
IR,RED,20990,22938
IR,RED,20989,22953
IR,RED,20995,22944
IR,RED,20988,22930
IR,RED,20995,22943
IR,RED,20989,22946
IR,RED,20984,22944
IR,RED,20994,22939
IR,RED,20998,22941
IR,RED,20998,22938
IR,RED,20992,22949
IR,RED,20996,22947
IR,RED,20989,22933
IR,RED,20987,22936
IR,RED,20988,22923
IR,RED,20980,22932
IR,RED,20984,22934
IR,RED,20991,22931
IR,RED,20989,22929
IR,RED,20986,22933
IR,RED,20999,22932
IR,RED,20981,22949
IR,RED,20990,22938
IR,RED,20988,22932
IR,RED,20984,22931
IR,RED,20975,22937
IR,RED,20981,22923
IR,RED,20982,22925
IR,RED,20990,22930
IR,RED,20983,22926
IR,RED,20989,22931
IR,RED,20971,22931
IR,RED,20988,22937
IR,RED,20980,22934
IR,RED,20986,22932
IR,RED,20983,22930
IR,RED,20985,22945
IR,RED,20980,22943
IR,RED,20990,22932
IR,RED,20999,22931
IR,RED,20986,22931
IR,RED,20993,22929
IR,RED,20992,22936
IR,RED,20994,22941
IR,RED,20985,22932
IR,RED,20995,22938
IR,RED,20985,22935
IR,RED,20991,22939
IR,RED,20989,22936
IR,RED,20987,22942
IR,RED,20989,22938
IR,RED,20984,22944
IR,RED,20996,22943
IR,RED,20993,22938
IR,RED,20989,22946
IR,RED,20996,22943
IR,RED,20999,22938
IR,RED,20993,22943
IR,RED,20989,22946
IR,RED,20991,22947
IR,RED,20987,22947
IR,RED,20994,22950
IR,RED,20999,22947
IR,RED,20986,22955
IR,RED,20986,22957
IR,RED,20994,22936
IR,RED,20980,22939
IR,RED,20987,22941
IR,RED,20992,22947
IR,RED,20991,22936
IR,RED,20977,22930
IR,RED,20984,22938
IR,RED,20985,22936
IR,RED,20992,22933
IR,RED,20985,22932
IR,RED,20976,22926
IR,RED,20984,22930
IR,RED,20993,22926
IR,RED,20985,22922
IR,RED,20983,22927
IR,RED,20987,22910
IR,RED,20986,22915
IR,RED,20988,22914
IR,RED,20989,22914
IR,RED,20991,22909
IR,RED,20977,22909
IR,RED,20995,22912
IR,RED,20988,22914
IR,RED,20998,22911
IR,RED,20989,22914
IR,RED,20984,22899
IR,RED,20987,22913
IR,RED,20982,22910
IR,RED,20983,22906
IR,RED,20981,22915
IR,RED,20977,22907
IR,RED,20985,22906
IR,RED,20991,22911
IR,RED,20983,22911
IR,RED,20987,22905
IR,RED,20980,22904
IR,RED,20983,22904
IR,RED,20985,22901
IR,RED,20974,22904
IR,RED,20983,22900
IR,RED,20985,22902
IR,RED,20991,22912
IR,RED,20984,22899
IR,RED,20975,22907
IR,RED,20980,22920
IR,RED,20977,22919
IR,RED,20985,22903
IR,RED,20975,22914
IR,RED,20973,22912
IR,RED,20976,22911
IR,RED,20985,22912
IR,RED,20988,22909
IR,RED,20984,22917
IR,RED,20983,22900
IR,RED,20994,22927
IR,RED,20987,22922
IR,RED,20983,22920
IR,RED,20988,22910
IR,RED,20988,22916
IR,RED,20988,22912
IR,RED,20987,22930
IR,RED,20988,22914
IR,RED,20986,22916
IR,RED,20992,22916
IR,RED,20984,22916
IR,RED,20984,22913
IR,RED,20990,22913
IR,RED,20986,22904
IR,RED,20987,22904
IR,RED,20981,22908
IR,RED,20984,22897
IR,RED,20979,22905
IR,RED,20982,22904
IR,RED,20970,22904
IR,RED,20975,22899
IR,RED,20989,22894
IR,RED,20976,22888
IR,RED,20982,22901
IR,RED,20977,22896
IR,RED,20978,22904
IR,RED,20967,22884
IR,RED,20963,22877
IR,RED,20962,22870
IR,RED,20964,22877
IR,RED,20966,22866
IR,RED,20967,22872
IR,RED,20975,22861
IR,RED,20973,22872
IR,RED,20974,22881
IR,RED,20970,22883
IR,RED,20968,22882
IR,RED,20968,22885
IR,RED,20962,22878
IR,RED,20978,22868
IR,RED,20973,22870
IR,RED,20978,22870
IR,RED,20966,22871
IR,RED,20972,22876
IR,RED,20976,22877
IR,RED,20969,22873
IR,RED,20968,22879
IR,RED,20963,22875
IR,RED,20972,22863
IR,RED,20972,22866
IR,RED,20962,22875
IR,RED,20966,22863
IR,RED,20969,22861
IR,RED,20963,22860
IR,RED,20963,22877
IR,RED,20958,22864
IR,RED,20958,22862
IR,RED,20966,22858
IR,RED,20976,22861
IR,RED,20965,22868
IR,RED,20958,22870
IR,RED,20955,22863
IR,RED,20963,22869
IR,RED,20965,22870
IR,RED,20963,22868
IR,RED,20967,22859
IR,RED,20967,22869
IR,RED,20958,22879
IR,RED,20963,22869
IR,RED,20967,22864
IR,RED,20962,22873
IR,RED,20958,22875
IR,RED,20960,22857
IR,RED,20959,22859
IR,RED,20963,22852
IR,RED,20959,22864
IR,RED,20955,22874
IR,RED,20968,22869
IR,RED,20964,22875
IR,RED,20962,22882
IR,RED,20968,22876
IR,RED,20964,22860
IR,RED,20959,22875
IR,RED,20964,22865
IR,RED,20967,22864
IR,RED,20961,22876
IR,RED,20966,22866
IR,RED,20961,22868
IR,RED,20962,22875
IR,RED,20965,22861
IR,RED,20963,22868
IR,RED,20975,22869
IR,RED,20971,22870
IR,RED,20964,22877
IR,RED,20959,22868
IR,RED,20963,22878
IR,RED,20964,22865
IR,RED,20959,22859
IR,RED,20951,22861
IR,RED,20962,22854
IR,RED,20950,22850
IR,RED,20953,22841
IR,RED,20962,22844
IR,RED,20955,22847
IR,RED,20948,22844
IR,RED,20960,22842
IR,RED,20953,22837
IR,RED,20960,22835
IR,RED,20952,22838
IR,RED,20961,22829
IR,RED,20954,22830
IR,RED,20952,22839
IR,RED,20948,22832
IR,RED,20951,22826
IR,RED,20944,22834
IR,RED,20944,22821
IR,RED,20940,22827
IR,RED,20945,22820
IR,RED,20944,22829
IR,RED,20948,22830
IR,RED,20942,22833
IR,RED,20943,22825
IR,RED,20933,22816
IR,RED,20941,22823
IR,RED,20926,22816
IR,RED,20936,22812
IR,RED,20939,22817
IR,RED,20931,22811
IR,RED,20931,22819
IR,RED,20926,22818
IR,RED,20936,22809
IR,RED,20932,22814
IR,RED,20928,22803
IR,RED,20929,22812
IR,RED,20939,22812
IR,RED,20935,22819
IR,RED,20924,22812
IR,RED,20938,22818
IR,RED,20940,22826
IR,RED,20934,22811
IR,RED,20932,22821
IR,RED,20928,22808
IR,RED,20931,22812
IR,RED,20927,22813
IR,RED,20937,22812
IR,RED,20930,22808
IR,RED,20942,22815
IR,RED,20929,22812
IR,RED,20925,22813
IR,RED,20926,22810
IR,RED,20929,22816
IR,RED,20930,22806
IR,RED,20935,22813
IR,RED,20932,22816
IR,RED,20927,22810
IR,RED,20929,22814
IR,RED,20932,22804
IR,RED,20923,22808
IR,RED,20935,22796
IR,RED,20926,22811
IR,RED,20926,22811
IR,RED,20930,22812
IR,RED,20931,22798
IR,RED,20928,22799
IR,RED,20920,22796
IR,RED,20930,22803
IR,RED,20927,22803
IR,RED,20923,22795
IR,RED,20920,22801
IR,RED,20922,22805
IR,RED,20923,22787
IR,RED,20918,22801
IR,RED,20922,22792
IR,RED,20923,22795
IR,RED,20925,22785
IR,RED,20919,22782
IR,RED,20929,22796
IR,RED,20911,22781
IR,RED,20922,22782
IR,RED,20914,22785
IR,RED,20909,22780
IR,RED,20930,22777
IR,RED,20922,22784
IR,RED,20921,22773
IR,RED,20921,22784
IR,RED,20916,22775
IR,RED,20922,22782
IR,RED,20923,22775
IR,RED,20914,22770
IR,RED,20916,22771
IR,RED,20909,22783
IR,RED,20909,22775
IR,RED,20898,22772
IR,RED,20905,22773
IR,RED,20909,22767
IR,RED,20915,22762
IR,RED,20910,22771
IR,RED,20906,22773
IR,RED,20913,22771
IR,RED,20914,22773
IR,RED,20913,22773
IR,RED,20911,22776
IR,RED,20906,22759
IR,RED,20912,22761
IR,RED,20905,22748
IR,RED,20908,22760
IR,RED,20908,22764
IR,RED,20908,22760
IR,RED,20904,22762
IR,RED,20895,22751
IR,RED,20913,22755
IR,RED,20902,22758
IR,RED,20891,22761
IR,RED,20899,22766
IR,RED,20902,22761
IR,RED,20903,22768
IR,RED,20901,22767
IR,RED,20898,22749
IR,RED,20892,22757
IR,RED,20889,22760
IR,RED,20899,22748
IR,RED,20907,22765
IR,RED,20906,22766
IR,RED,20897,22755
IR,RED,20907,22762
IR,RED,20902,22766
IR,RED,20904,22766
IR,RED,20901,22767
IR,RED,20904,22768
IR,RED,20896,22773
IR,RED,20899,22780
IR,RED,20904,22776
IR,RED,20906,22770
IR,RED,20905,22761
IR,RED,20899,22768
IR,RED,20905,22763
IR,RED,20888,22759
IR,RED,20898,22756
IR,RED,20903,22755
IR,RED,20892,22755
IR,RED,20881,22759
IR,RED,20897,22741
IR,RED,20893,22741
IR,RED,20892,22748
IR,RED,20894,22755
IR,RED,20900,22755
IR,RED,20900,22744
IR,RED,20889,22746
IR,RED,20883,22744
IR,RED,20897,22743
IR,RED,20890,22736
IR,RED,20889,22739
IR,RED,20889,22740
IR,RED,20879,22726
IR,RED,20879,22728
IR,RED,20895,22728
IR,RED,20886,22734
IR,RED,20894,22732
IR,RED,20893,22732
IR,RED,20885,22732
IR,RED,20888,22730
IR,RED,20888,22729
IR,RED,20886,22735
IR,RED,20877,22726
IR,RED,20878,22728
IR,RED,20882,22711
IR,RED,20885,22731
IR,RED,20871,22719
IR,RED,20873,22726
IR,RED,20882,22719
IR,RED,20885,22737
IR,RED,20879,22732
IR,RED,20883,22722
IR,RED,20883,22726
IR,RED,20881,22727
IR,RED,20888,22720
IR,RED,20886,22727
IR,RED,20872,22722
IR,RED,20883,22704
IR,RED,20875,22719
IR,RED,20882,22711
IR,RED,20875,22721
IR,RED,20871,22728
IR,RED,20877,22718
IR,RED,20871,22726
IR,RED,20878,22714
IR,RED,20878,22725
IR,RED,20875,22731
IR,RED,20873,22724
IR,RED,20877,22722
IR,RED,20868,22723
IR,RED,20868,22722
IR,RED,20867,22721
IR,RED,20877,22717
IR,RED,20866,22732
IR,RED,20863,22715
IR,RED,20879,22725
IR,RED,20869,22722
IR,RED,20879,22726
IR,RED,20862,22722
IR,RED,20869,22713
IR,RED,20883,22715
IR,RED,20869,22721
IR,RED,20872,22721
IR,RED,20863,22719
IR,RED,20859,22716
IR,RED,20868,22723
IR,RED,20861,22715
IR,RED,20875,22724
IR,RED,20871,22722
IR,RED,20867,22707
IR,RED,20869,22719
IR,RED,20865,22711
IR,RED,20873,22718
IR,RED,20865,22710
IR,RED,20867,22697
IR,RED,20863,22712
IR,RED,20870,22703
IR,RED,20866,22704
IR,RED,20869,22705
IR,RED,20860,22702
IR,RED,20871,22698
IR,RED,20864,22703
IR,RED,20852,22710
IR,RED,20855,22697
IR,RED,20861,22691
IR,RED,20849,22699
IR,RED,20857,22695
IR,RED,20866,22694
IR,RED,20859,22701
IR,RED,20856,22685
IR,RED,20860,22688
IR,RED,20854,22694
IR,RED,20863,22699
IR,RED,20855,22682
IR,RED,20852,22681
IR,RED,20836,22679
IR,RED,20853,22686
IR,RED,20847,22673
IR,RED,20852,22678
IR,RED,20851,22681
IR,RED,20859,22686
IR,RED,20850,22678
IR,RED,20848,22682
IR,RED,20844,22681
IR,RED,20853,22682
IR,RED,20857,22680
IR,RED,20839,22672
IR,RED,20844,22673
IR,RED,20847,22673
IR,RED,20842,22678
IR,RED,20839,22671
IR,RED,20839,22675
IR,RED,20839,22681
IR,RED,20844,22675
IR,RED,20842,22687
IR,RED,20840,22679
IR,RED,20820,22680
IR,RED,20842,22685
IR,RED,20841,22677
IR,RED,20836,22681
IR,RED,20843,22677
IR,RED,20847,22675
IR,RED,20857,22683
IR,RED,20846,22691
IR,RED,20839,22683
IR,RED,20836,22677
IR,RED,20841,22686
IR,RED,20846,22685
IR,RED,20849,22679
IR,RED,20839,22672
IR,RED,20844,22674
IR,RED,20832,22679
IR,RED,20842,22687
IR,RED,20839,22683
IR,RED,20841,22683
IR,RED,20844,22681
IR,RED,20833,22684
IR,RED,20844,22680
IR,RED,20834,22680
IR,RED,20844,22674
IR,RED,20849,22676
IR,RED,20839,22672
IR,RED,20834,22672
IR,RED,20837,22676
IR,RED,20826,22679
IR,RED,20840,22672
IR,RED,20832,22667
IR,RED,20838,22666
IR,RED,20826,22668
IR,RED,20831,22669
IR,RED,20832,22678
IR,RED,20829,22661
IR,RED,20834,22651
IR,RED,20826,22655
IR,RED,20822,22650
IR,RED,20819,22661
IR,RED,20817,22643
IR,RED,20814,22644
IR,RED,20820,22644
IR,RED,20813,22650
IR,RED,20817,22643
IR,RED,20825,22646
IR,RED,20818,22653
IR,RED,20819,22658
IR,RED,20824,22652
IR,RED,20816,22645
IR,RED,20813,22647
IR,RED,20815,22639
IR,RED,20806,22636
IR,RED,20815,22643
IR,RED,20816,22629
IR,RED,20812,22639
IR,RED,20821,22634
IR,RED,20810,22637
IR,RED,20814,22647
IR,RED,20800,22643
IR,RED,20813,22645
IR,RED,20807,22644
IR,RED,20808,22630
IR,RED,20804,22640
IR,RED,20806,22642
IR,RED,20801,22642
IR,RED,20803,22629
IR,RED,20814,22625
IR,RED,20807,22630
IR,RED,20809,22634
IR,RED,20800,22630
IR,RED,20804,22627
IR,RED,20803,22623
IR,RED,20805,22635
IR,RED,20805,22628
IR,RED,20797,22635
IR,RED,20806,22639
IR,RED,20800,22630
IR,RED,20799,22633
IR,RED,20804,22622
IR,RED,20804,22629
IR,RED,20809,22624
IR,RED,20798,22651
IR,RED,20804,22643
IR,RED,20795,22639
IR,RED,20805,22639
IR,RED,20804,22639
IR,RED,20804,22640
IR,RED,20798,22639
IR,RED,20800,22634
IR,RED,20797,22647
IR,RED,20798,22644
IR,RED,20802,22646
IR,RED,20819,22637
IR,RED,20811,22634
IR,RED,20808,22624
IR,RED,20801,22627
IR,RED,20806,22633
IR,RED,20802,22626
IR,RED,20810,22636
IR,RED,20812,22637
IR,RED,20804,22634
IR,RED,20809,22639
IR,RED,20803,22629
IR,RED,20799,22625
IR,RED,20799,22622
IR,RED,20801,22625
IR,RED,20801,22622
IR,RED,20790,22621
IR,RED,20794,22625
IR,RED,20797,22621
IR,RED,20798,22616
IR,RED,20790,22621
IR,RED,20793,22615
IR,RED,20791,22614
IR,RED,20790,22605
IR,RED,20786,22602
IR,RED,20791,22587
IR,RED,20791,22600
IR,RED,20786,22607
IR,RED,20785,22586
IR,RED,20784,22595
IR,RED,20789,22601
IR,RED,20782,22602
IR,RED,20789,22595
IR,RED,20783,22596
IR,RED,20793,22592
IR,RED,20793,22584
IR,RED,20784,22589
IR,RED,20785,22589
IR,RED,20786,22585
IR,RED,20785,22579
IR,RED,20788,22565
IR,RED,20790,22585
IR,RED,20789,22584
IR,RED,20788,22591
IR,RED,20785,22584
IR,RED,20792,22589
IR,RED,20786,22601
IR,RED,20788,22588
IR,RED,20782,22586
IR,RED,20796,22597
IR,RED,20785,22578
IR,RED,20783,22590
IR,RED,20781,22585
IR,RED,20776,22580
IR,RED,20780,22584
IR,RED,20777,22573
IR,RED,20780,22575
IR,RED,20768,22574
IR,RED,20772,22579
IR,RED,20782,22577
IR,RED,20769,22572
IR,RED,20782,22581
IR,RED,20775,22574
IR,RED,20778,22572
IR,RED,20778,22579
IR,RED,20772,22585
IR,RED,20784,22578
IR,RED,20778,22574
IR,RED,20767,22589
IR,RED,20775,22577
IR,RED,20773,22582
IR,RED,20772,22578
IR,RED,20781,22580
IR,RED,20773,22595
IR,RED,20775,22576
IR,RED,20768,22591
IR,RED,20777,22573
IR,RED,20769,22577
IR,RED,20773,22571
IR,RED,20778,22577
IR,RED,20772,22584
IR,RED,20771,22571
IR,RED,20776,22571
IR,RED,20773,22586
IR,RED,20774,22584
IR,RED,20788,22581
IR,RED,20776,22581
IR,RED,20768,22572
IR,RED,20766,22575
IR,RED,20769,22562
IR,RED,20769,22563
IR,RED,20767,22571
IR,RED,20765,22562
IR,RED,20773,22563
IR,RED,20766,22558
IR,RED,20779,22563
IR,RED,20768,22559
IR,RED,20769,22548
IR,RED,20765,22551
IR,RED,20774,22550
IR,RED,20760,22551
IR,RED,20766,22551
IR,RED,20772,22559
IR,RED,20761,22555
IR,RED,20768,22551
IR,RED,20764,22551
IR,RED,20769,22552
IR,RED,20765,22549
IR,RED,20771,22552
IR,RED,20767,22549
IR,RED,20768,22550
IR,RED,20756,22550
IR,RED,20762,22549
IR,RED,20767,22557
IR,RED,20768,22539
IR,RED,20757,22544
IR,RED,20753,22557
IR,RED,20765,22543
IR,RED,20758,22548
IR,RED,20765,22555
IR,RED,20766,22543
IR,RED,20751,22553
IR,RED,20754,22547
IR,RED,20762,22552
IR,RED,20757,22540
IR,RED,20753,22542
IR,RED,20752,22546
IR,RED,20753,22560
IR,RED,20749,22548
IR,RED,20757,22543
IR,RED,20759,22555
IR,RED,20752,22556
IR,RED,20754,22551
IR,RED,20760,22545
IR,RED,20759,22547
IR,RED,20750,22545
IR,RED,20746,22546
IR,RED,20750,22549
IR,RED,20756,22548
IR,RED,20751,22546
IR,RED,20753,22544
IR,RED,20757,22544
IR,RED,20743,22548
IR,RED,20754,22552
IR,RED,20756,22552
IR,RED,20757,22548
IR,RED,20757,22537
IR,RED,20750,22547
IR,RED,20756,22556
IR,RED,20748,22540
IR,RED,20749,22547
IR,RED,20753,22543
IR,RED,20746,22550
IR,RED,20749,22548
IR,RED,20749,22547
IR,RED,20749,22547
IR,RED,20750,22553
IR,RED,20755,22560
IR,RED,20751,22556
IR,RED,20745,22545
IR,RED,20749,22547
IR,RED,20741,22547
IR,RED,20747,22548
IR,RED,20764,22548
IR,RED,20740,22542
IR,RED,20758,22545
IR,RED,20751,22542
IR,RED,20743,22545
IR,RED,20745,22529
IR,RED,20742,22538
IR,RED,20741,22533
IR,RED,20748,22536
IR,RED,20733,22528
IR,RED,20748,22519
IR,RED,20749,22531
IR,RED,20752,22533
IR,RED,20742,22533
IR,RED,20736,22528
IR,RED,20733,22523
IR,RED,20737,22521
IR,RED,20736,22513
IR,RED,20742,22518
IR,RED,20739,22516
IR,RED,20735,22519
IR,RED,20741,22518
IR,RED,20739,22521
IR,RED,20742,22514
IR,RED,20749,22525
IR,RED,20737,22521
IR,RED,20746,22525
IR,RED,20732,22524
IR,RED,20737,22512
IR,RED,20735,22514
IR,RED,20731,22526
IR,RED,20741,22522
IR,RED,20745,22523
IR,RED,20743,22521
IR,RED,20735,22524
IR,RED,20740,22539
IR,RED,20739,22520
IR,RED,20735,22520
IR,RED,20734,22522
IR,RED,20742,22515
IR,RED,20731,22517
IR,RED,20733,22516
IR,RED,20729,22514
IR,RED,20732,22526
IR,RED,20740,22517
IR,RED,20735,22515
IR,RED,20736,22522
IR,RED,20735,22524
IR,RED,20738,22526
IR,RED,20728,22523
IR,RED,20736,22520
IR,RED,20732,22508
IR,RED,20741,22528
IR,RED,20726,22528
IR,RED,20733,22525
IR,RED,20729,22530
IR,RED,20725,22526
IR,RED,20732,22524
IR,RED,20729,22529
IR,RED,20731,22534
IR,RED,20725,22526
IR,RED,20732,22529
IR,RED,20734,22525
IR,RED,20730,22522
IR,RED,20733,22527
IR,RED,20728,22531
IR,RED,20728,22530
IR,RED,20732,22532
IR,RED,20739,22529
IR,RED,20745,22525
IR,RED,20731,22529
IR,RED,20725,22522
IR,RED,20745,22521
IR,RED,20737,22522
IR,RED,20739,22522
IR,RED,20734,22526
IR,RED,20732,22525
IR,RED,20733,22517
IR,RED,20734,22529
IR,RED,20734,22522
IR,RED,20733,22531
IR,RED,20727,22510
IR,RED,20733,22517
IR,RED,20730,22518
IR,RED,20730,22509
IR,RED,20730,22509
IR,RED,20729,22500
IR,RED,20730,22513
IR,RED,20728,22505
IR,RED,20736,22515
IR,RED,20719,22502
IR,RED,20724,22499
IR,RED,20721,22505
IR,RED,20725,22509
IR,RED,20725,22493
IR,RED,20725,22493
IR,RED,20717,22496
IR,RED,20729,22493
IR,RED,20726,22500
IR,RED,20724,22492
IR,RED,20729,22506
IR,RED,20736,22506
IR,RED,20731,22496
IR,RED,20721,22494
IR,RED,20728,22497
IR,RED,20714,22496
IR,RED,20720,22491
IR,RED,20724,22492
IR,RED,20723,22495
IR,RED,20725,22490
IR,RED,20726,22500
IR,RED,20725,22485
IR,RED,20715,22496
IR,RED,20713,22489
IR,RED,20721,22483
IR,RED,20711,22475
IR,RED,20717,22475
IR,RED,20710,22480
IR,RED,20719,22488
IR,RED,20704,22488
IR,RED,20714,22491
IR,RED,20725,22484
IR,RED,20724,22485
IR,RED,20732,22491
IR,RED,20713,22498
IR,RED,20718,22480
IR,RED,20719,22478
IR,RED,20719,22484
IR,RED,20719,22488
IR,RED,20730,22478
IR,RED,20720,22482
IR,RED,20718,22489
IR,RED,20713,22486
IR,RED,20718,22493
IR,RED,20721,22483
IR,RED,20723,22496
IR,RED,20727,22502
IR,RED,20716,22493
IR,RED,20712,22489
IR,RED,20718,22496
IR,RED,20730,22498
IR,RED,20726,22498
IR,RED,20727,22504
IR,RED,20714,22499
IR,RED,20721,22499
IR,RED,20718,22498
IR,RED,20718,22489
IR,RED,20726,22485
IR,RED,20720,22491
IR,RED,20720,22489
IR,RED,20724,22490
IR,RED,20717,22493
IR,RED,20717,22489
IR,RED,20711,22486
IR,RED,20716,22500
IR,RED,20712,22496
IR,RED,20715,22484
IR,RED,20717,22488
IR,RED,20714,22490
IR,RED,20712,22494
IR,RED,20713,22477
IR,RED,20714,22475
IR,RED,20698,22481
IR,RED,20705,22479
IR,RED,20702,22465
IR,RED,20699,22470
IR,RED,20715,22471
IR,RED,20707,22472
IR,RED,20708,22476
IR,RED,20700,22458
IR,RED,20703,22463
IR,RED,20703,22454
IR,RED,20701,22463
IR,RED,20689,22465
IR,RED,20704,22464
IR,RED,20711,22465
IR,RED,20699,22447
IR,RED,20708,22447
IR,RED,20703,22461
IR,RED,20700,22456
IR,RED,20702,22444
IR,RED,20696,22449
IR,RED,20709,22456
IR,RED,20707,22460
IR,RED,20700,22455
IR,RED,20709,22455
IR,RED,20704,22451
IR,RED,20706,22459
IR,RED,20705,22451
IR,RED,20703,22453
IR,RED,20697,22454
IR,RED,20703,22443
IR,RED,20685,22437
IR,RED,20694,22433
IR,RED,20697,22445
IR,RED,20695,22443
IR,RED,20688,22441
IR,RED,20698,22452
IR,RED,20690,22445
IR,RED,20693,22440
IR,RED,20691,22445
IR,RED,20682,22438
IR,RED,20698,22433
IR,RED,20693,22448
IR,RED,20698,22442
IR,RED,20685,22448
IR,RED,20691,22445
IR,RED,20690,22446
IR,RED,20703,22440
IR,RED,20697,22448
IR,RED,20696,22438
IR,RED,20699,22451
IR,RED,20689,22449
IR,RED,20688,22452
IR,RED,20699,22442
IR,RED,20683,22447
IR,RED,20686,22431
IR,RED,20693,22447
IR,RED,20690,22451
IR,RED,20691,22454
IR,RED,20692,22445
IR,RED,20696,22453
IR,RED,20693,22442
IR,RED,20694,22449
IR,RED,20688,22445
IR,RED,20689,22451
IR,RED,20695,22445
IR,RED,20686,22457
IR,RED,20678,22456
IR,RED,20686,22449
IR,RED,20684,22448
IR,RED,20691,22457
IR,RED,20693,22454
IR,RED,20697,22451
IR,RED,20691,22435
IR,RED,20682,22454
IR,RED,20689,22446
IR,RED,20686,22442
IR,RED,20682,22447
IR,RED,20689,22438
IR,RED,20679,22445
IR,RED,20686,22444
IR,RED,20694,22441
IR,RED,20694,22443
IR,RED,20685,22447
IR,RED,20687,22432
IR,RED,20685,22426
IR,RED,20676,22429
IR,RED,20672,22424
IR,RED,20682,22416
IR,RED,20682,22423
IR,RED,20695,22424
IR,RED,20684,22420
IR,RED,20688,22417
IR,RED,20677,22410
IR,RED,20672,22415
IR,RED,20678,22424
IR,RED,20681,22431
IR,RED,20683,22416
IR,RED,20672,22417
IR,RED,20675,22421
IR,RED,20679,22419
IR,RED,20675,22425
IR,RED,20671,22415
IR,RED,20682,22420
IR,RED,20661,22411
IR,RED,20665,22411
IR,RED,20674,22414
IR,RED,20674,22419
IR,RED,20679,22413
IR,RED,20675,22406
IR,RED,20669,22418
IR,RED,20659,22394
IR,RED,20668,22399
IR,RED,20659,22411
IR,RED,20655,22395
IR,RED,20666,22407
IR,RED,20658,22402
IR,RED,20676,22408
IR,RED,20672,22399
IR,RED,20659,22397
IR,RED,20661,22409
IR,RED,20661,22386
IR,RED,20662,22406
IR,RED,20651,22393
IR,RED,20650,22389
IR,RED,20656,22392
IR,RED,20649,22394
IR,RED,20661,22395
IR,RED,20660,22379
IR,RED,20648,22384
IR,RED,20653,22393
IR,RED,20660,22397
IR,RED,20655,22390
IR,RED,20657,22389
IR,RED,20660,22391
IR,RED,20662,22386
IR,RED,20658,22392
IR,RED,20650,22390
IR,RED,20643,22393
IR,RED,20651,22391
IR,RED,20645,22390
IR,RED,20657,22387
IR,RED,20650,22392
IR,RED,20647,22395
IR,RED,20658,22394
IR,RED,20659,22390
IR,RED,20658,22388
IR,RED,20652,22400
IR,RED,20655,22399
IR,RED,20656,22399
IR,RED,20656,22395
IR,RED,20649,22401
IR,RED,20654,22399
IR,RED,20665,22407
IR,RED,20647,22406
IR,RED,20650,22401
IR,RED,20643,22399
IR,RED,20659,22392
IR,RED,20656,22383
IR,RED,20646,22386
IR,RED,20645,22375
IR,RED,20642,22368
IR,RED,20640,22369
IR,RED,20649,22375
IR,RED,20649,22377
IR,RED,20640,22392
IR,RED,20646,22383
IR,RED,20648,22364
IR,RED,20641,22373
IR,RED,20648,22364
IR,RED,20639,22374
IR,RED,20643,22368
IR,RED,20635,22373
IR,RED,20644,22369
IR,RED,20652,22373
IR,RED,20634,22375
IR,RED,20639,22373
IR,RED,20632,22365
IR,RED,20631,22363
IR,RED,20641,22363
IR,RED,20635,22362
IR,RED,20637,22358
IR,RED,20645,22359
IR,RED,20637,22365
IR,RED,20634,22363
IR,RED,20638,22366
IR,RED,20637,22352
IR,RED,20639,22365
IR,RED,20637,22359
IR,RED,20634,22351
IR,RED,20643,22355
IR,RED,20628,22352
IR,RED,20631,22364
IR,RED,20632,22347
IR,RED,20637,22348
IR,RED,20619,22342
IR,RED,20624,22341
IR,RED,20626,22351
IR,RED,20636,22352
IR,RED,20625,22358
IR,RED,20627,22367
IR,RED,20629,22359
IR,RED,20622,22352
IR,RED,20628,22353
IR,RED,20630,22346
IR,RED,20620,22342
IR,RED,20616,22351
IR,RED,20623,22354
IR,RED,20621,22347
IR,RED,20626,22352
IR,RED,20625,22345
IR,RED,20628,22355
IR,RED,20628,22353
IR,RED,20610,22354
IR,RED,20623,22357
IR,RED,20615,22359
IR,RED,20616,22352
IR,RED,20617,22358
IR,RED,20625,22349
IR,RED,20617,22365
IR,RED,20619,22356
IR,RED,20620,22359
IR,RED,20619,22365
IR,RED,20625,22361
IR,RED,20619,22365
IR,RED,20610,22362
IR,RED,20620,22367
IR,RED,20607,22362
IR,RED,20618,22366
IR,RED,20622,22367
IR,RED,20621,22359
IR,RED,20612,22362
IR,RED,20626,22359
IR,RED,20618,22356
IR,RED,20611,22354
IR,RED,20601,22348
IR,RED,20615,22337
IR,RED,20611,22341
IR,RED,20611,22329
IR,RED,20606,22323
IR,RED,20607,22336
IR,RED,20609,22335
IR,RED,20603,22320
IR,RED,20602,22325
IR,RED,20603,22323
IR,RED,20622,22317
IR,RED,20617,22317
IR,RED,20609,22329
IR,RED,20599,22319
IR,RED,20610,22325
IR,RED,20607,22326
IR,RED,20609,22318
IR,RED,20610,22314
IR,RED,20603,22310
IR,RED,20616,22316
IR,RED,20613,22317
IR,RED,20594,22307
IR,RED,20606,22329
IR,RED,20609,22326
IR,RED,20598,22320
IR,RED,20596,22319
IR,RED,20612,22321
IR,RED,20608,22313
IR,RED,20610,22309
IR,RED,20605,22312
IR,RED,20602,22311
IR,RED,20612,22316
IR,RED,20606,22316
IR,RED,20607,22323
IR,RED,20600,22317
IR,RED,20603,22320
IR,RED,20602,22323
IR,RED,20599,22328
IR,RED,20603,22326
IR,RED,20603,22325
IR,RED,20602,22325
IR,RED,20599,22320
IR,RED,20608,22319
IR,RED,20602,22325
IR,RED,20602,22319
IR,RED,20610,22319
IR,RED,20612,22313
IR,RED,20600,22319
IR,RED,20605,22318
IR,RED,20604,22313
IR,RED,20611,22313
IR,RED,20608,22322
IR,RED,20599,22316
IR,RED,20605,22329
IR,RED,20589,22315
IR,RED,20598,22321
IR,RED,20594,22319
IR,RED,20599,22321
IR,RED,20605,22322
IR,RED,20599,22325
IR,RED,20612,22328
IR,RED,20606,22325
IR,RED,20607,22324
IR,RED,20605,22323
IR,RED,20604,22327
IR,RED,20601,22314
IR,RED,20595,22313
IR,RED,20591,22321
IR,RED,20598,22319
IR,RED,20592,22324
IR,RED,20603,22320
IR,RED,20596,22318
IR,RED,20602,22320
IR,RED,20611,22316
IR,RED,20599,22324
IR,RED,20607,22329
IR,RED,20593,22318
IR,RED,20599,22314
IR,RED,20593,22305
IR,RED,20599,22295
IR,RED,20593,22304
IR,RED,20588,22306
IR,RED,20581,22295
IR,RED,20585,22284
IR,RED,20577,22289
IR,RED,20580,22283
IR,RED,20586,22290
IR,RED,20585,22288
IR,RED,20568,22292
IR,RED,20583,22282
IR,RED,20587,22283
IR,RED,20581,22291
IR,RED,20578,22284
IR,RED,20577,22275
IR,RED,20583,22277
IR,RED,20581,22272
IR,RED,20578,22275
IR,RED,20574,22282
IR,RED,20567,22278
IR,RED,20552,22272
IR,RED,20566,22271
IR,RED,20563,22269
IR,RED,20562,22263
IR,RED,20561,22278
IR,RED,20562,22256
IR,RED,20569,22263
IR,RED,20560,22257
IR,RED,20548,22252
IR,RED,20561,22246
IR,RED,20556,22238
IR,RED,20553,22238
IR,RED,20555,22245
IR,RED,20550,22235
IR,RED,20557,22251
IR,RED,20564,22247
IR,RED,20557,22248
IR,RED,20560,22245
IR,RED,20555,22247
IR,RED,20548,22248
IR,RED,20550,22249
IR,RED,20555,22243
IR,RED,20564,22233
IR,RED,20545,22246
IR,RED,20545,22241
IR,RED,20547,22236
IR,RED,20559,22232
IR,RED,20552,22234
IR,RED,20554,22241
IR,RED,20553,22241
IR,RED,20552,22244
IR,RED,20548,22240
IR,RED,20544,22234
IR,RED,20548,22232
IR,RED,20546,22250
IR,RED,20544,22235
IR,RED,20552,22240
IR,RED,20546,22240
IR,RED,20547,22234
IR,RED,20543,22246
IR,RED,20547,22233
IR,RED,20542,22245
IR,RED,20553,22240
IR,RED,20557,22248
IR,RED,20541,22234
IR,RED,20541,22231
IR,RED,20534,22233
IR,RED,20540,22235
IR,RED,20530,22227
IR,RED,20545,22237
IR,RED,20537,22232
IR,RED,20540,22239
IR,RED,20542,22234
IR,RED,20537,22241
IR,RED,20541,22229
IR,RED,20535,22224
IR,RED,20542,22227
IR,RED,20537,22209
IR,RED,20536,22227
IR,RED,20538,22220
IR,RED,20537,22230
IR,RED,20550,22241
IR,RED,20532,22238
IR,RED,20532,22220
IR,RED,20543,22221
IR,RED,20533,22220
IR,RED,20537,22217
IR,RED,20536,22209
IR,RED,20530,22213
IR,RED,20534,22230
IR,RED,20535,22222
IR,RED,20542,22205
IR,RED,20537,22217
IR,RED,20539,22227
IR,RED,20541,22224
IR,RED,20541,22214
IR,RED,20535,22226
IR,RED,20540,22218
IR,RED,20528,22223
IR,RED,20540,22212
IR,RED,20550,22214
IR,RED,20532,22216
IR,RED,20542,22214
IR,RED,20536,22214
IR,RED,20535,22210
IR,RED,20537,22223
IR,RED,20538,22219
IR,RED,20547,22224
IR,RED,20539,22220
IR,RED,20527,22222
IR,RED,20537,22206
IR,RED,20527,22222
IR,RED,20523,22214
IR,RED,20525,22208
IR,RED,20529,22206
IR,RED,20535,22203
IR,RED,20528,22211
IR,RED,20522,22213
IR,RED,20526,22219
IR,RED,20525,22214
IR,RED,20521,22216
IR,RED,20539,22225
IR,RED,20535,22219
IR,RED,20537,22225
IR,RED,20531,22219
IR,RED,20522,22206
IR,RED,20534,22212
IR,RED,20530,22225
IR,RED,20537,22227
IR,RED,20527,22227
IR,RED,20527,22214
IR,RED,20531,22213
IR,RED,20527,22212
IR,RED,20521,22222
IR,RED,20522,22211
IR,RED,20523,22208
IR,RED,20530,22205
IR,RED,20520,22211
IR,RED,20524,22203
IR,RED,20527,22206
IR,RED,20524,22192
IR,RED,20527,22197
IR,RED,20523,22214
IR,RED,20523,22192
IR,RED,20523,22198
IR,RED,20509,22194
IR,RED,20524,22205
IR,RED,20517,22195
IR,RED,20506,22180
IR,RED,20519,22192
IR,RED,20508,22185
IR,RED,20509,22186
IR,RED,20512,22178
IR,RED,20513,22184
IR,RED,20509,22183
IR,RED,20513,22172
IR,RED,20509,22169
IR,RED,20518,22177
IR,RED,20511,22165
IR,RED,20504,22169
IR,RED,20505,22167
IR,RED,20505,22149
IR,RED,20499,22162
IR,RED,20501,22147
IR,RED,20499,22151
IR,RED,20496,22154
IR,RED,20493,22154
IR,RED,20489,22151
IR,RED,20500,22158
IR,RED,20503,22156
IR,RED,20514,22149
IR,RED,20496,22148
IR,RED,20497,22156
IR,RED,20492,22145
IR,RED,20488,22151
IR,RED,20474,22149
IR,RED,20485,22152
IR,RED,20481,22145
IR,RED,20487,22132
IR,RED,20483,22137
IR,RED,20486,22140
IR,RED,20479,22123
IR,RED,20485,22136
IR,RED,20469,22133
IR,RED,20476,22136
IR,RED,20478,22135
IR,RED,20479,22145
IR,RED,20478,22147
IR,RED,20487,22139
IR,RED,20486,22138
IR,RED,20480,22148
IR,RED,20480,22137
IR,RED,20472,22138
IR,RED,20470,22139
IR,RED,20477,22131
IR,RED,20475,22135
IR,RED,20474,22128
IR,RED,20474,22144
IR,RED,20466,22128
IR,RED,20471,22136
IR,RED,20466,22125
IR,RED,20472,22137
IR,RED,20472,22137
IR,RED,20469,22128
IR,RED,20467,22138
IR,RED,20467,22128
IR,RED,20463,22132
IR,RED,20467,22129
IR,RED,20458,22114
IR,RED,20461,22112
IR,RED,20455,22113
IR,RED,20451,22104
IR,RED,20457,22111
IR,RED,20452,22105
IR,RED,20452,22101
IR,RED,20462,22103
IR,RED,20461,22102
IR,RED,20454,22109
IR,RED,20451,22098
IR,RED,20461,22103
IR,RED,20445,22097
IR,RED,20453,22096
IR,RED,20448,22107
IR,RED,20466,22096
IR,RED,20451,22102
IR,RED,20457,22107
IR,RED,20449,22101
IR,RED,20454,22118
IR,RED,20451,22113
IR,RED,20452,22111
IR,RED,20456,22108
IR,RED,20456,22109
IR,RED,20462,22117
IR,RED,20453,22114
IR,RED,20456,22111
IR,RED,20450,22108
IR,RED,20462,22112
IR,RED,20456,22113
IR,RED,20455,22102
IR,RED,20459,22115
IR,RED,20443,22114
IR,RED,20460,22116
IR,RED,20455,22117
IR,RED,20450,22117
IR,RED,20445,22108
IR,RED,20452,22118
IR,RED,20451,22116
IR,RED,20457,22113
IR,RED,20456,22109
IR,RED,20454,22114
IR,RED,20455,22125
IR,RED,20462,22116
IR,RED,20457,22114
IR,RED,20462,22113
IR,RED,20450,22118
IR,RED,20457,22123
IR,RED,20456,22107
IR,RED,20456,22118
IR,RED,20446,22119
IR,RED,20448,22108
IR,RED,20444,22113
IR,RED,20448,22115
IR,RED,20449,22118
IR,RED,20451,22122
IR,RED,20452,22116
IR,RED,20442,22111
IR,RED,20449,22106
IR,RED,20444,22110
IR,RED,20448,22102
IR,RED,20448,22106
IR,RED,20444,22116
IR,RED,20446,22108
IR,RED,20443,22102
IR,RED,20440,22104
IR,RED,20438,22104
IR,RED,20435,22103
IR,RED,20442,22102
IR,RED,20434,22094
IR,RED,20441,22090
IR,RED,20435,22100
IR,RED,20439,22087
IR,RED,20428,22088
IR,RED,20430,22082
IR,RED,20427,22066
IR,RED,20424,22078
IR,RED,20430,22083
IR,RED,20429,22086
IR,RED,20427,22079
IR,RED,20433,22080
IR,RED,20427,22055
IR,RED,20422,22064
IR,RED,20419,22069
IR,RED,20416,22069
IR,RED,20420,22059
IR,RED,20423,22074
IR,RED,20432,22069
IR,RED,20429,22067
IR,RED,20416,22069
IR,RED,20425,22079
IR,RED,20423,22085
IR,RED,20422,22068
IR,RED,20426,22069
IR,RED,20430,22070
IR,RED,20416,22058
IR,RED,20425,22069
IR,RED,20428,22064
IR,RED,20422,22070
IR,RED,20423,22071
IR,RED,20425,22049
IR,RED,20425,22066
IR,RED,20416,22069
IR,RED,20415,22052
IR,RED,20419,22051
IR,RED,20415,22059
IR,RED,20432,22065
IR,RED,20418,22065
IR,RED,20408,22060
IR,RED,20415,22071
IR,RED,20421,22050
IR,RED,20418,22066
IR,RED,20420,22066
IR,RED,20415,22055
IR,RED,20415,22068
IR,RED,20418,22057
IR,RED,20426,22066
IR,RED,20411,22067
IR,RED,20419,22057
IR,RED,20418,22061
IR,RED,20417,22052
IR,RED,20423,22056
IR,RED,20417,22066
IR,RED,20406,22059
IR,RED,20416,22058
IR,RED,20416,22056
IR,RED,20415,22062
IR,RED,20418,22053
IR,RED,20419,22070
IR,RED,20419,22060
IR,RED,20424,22065
IR,RED,20422,22067
IR,RED,20421,22062
IR,RED,20420,22062
IR,RED,20420,22063
IR,RED,20403,22069
IR,RED,20411,22056
IR,RED,20411,22068
IR,RED,20421,22065
IR,RED,20410,22067
IR,RED,20414,22067
IR,RED,20411,22077
IR,RED,20404,22064
IR,RED,20397,22065
IR,RED,20422,22060
IR,RED,20407,22060
IR,RED,20402,22060
IR,RED,20393,22047
IR,RED,20401,22050
IR,RED,20394,22055
IR,RED,20398,22047
IR,RED,20399,22059
IR,RED,20397,22041
IR,RED,20411,22041
IR,RED,20398,22033
IR,RED,20408,22047
IR,RED,20411,22029
IR,RED,20408,22037
IR,RED,20403,22027
IR,RED,20401,22018
IR,RED,20403,22010
IR,RED,20393,22013
IR,RED,20398,22011
IR,RED,20394,22011
IR,RED,20394,22012
IR,RED,20391,22008
IR,RED,20393,22014
IR,RED,20395,22010
IR,RED,20387,22012
IR,RED,20387,22018
IR,RED,20384,22010
IR,RED,20387,22006
IR,RED,20393,22018
IR,RED,20387,22006
IR,RED,20388,22009
IR,RED,20384,22008
IR,RED,20395,22005
IR,RED,20388,22001
IR,RED,20386,22010
IR,RED,20392,22003
IR,RED,20394,22018
IR,RED,20390,22006
IR,RED,20394,22018
IR,RED,20389,22015
IR,RED,20396,22022
IR,RED,20407,22021
IR,RED,20391,22014
IR,RED,20399,22006
IR,RED,20396,22015
IR,RED,20388,22012
IR,RED,20390,22014
IR,RED,20392,22016
IR,RED,20396,22009
IR,RED,20396,22009
IR,RED,20390,22017
IR,RED,20399,22027
IR,RED,20389,22011
IR,RED,20394,22001
IR,RED,20395,22016
IR,RED,20390,22009
IR,RED,20383,22006
IR,RED,20394,22001
IR,RED,20383,21991
IR,RED,20394,22000
IR,RED,20391,22011
IR,RED,20399,22017
IR,RED,20398,22013
IR,RED,20390,22016
IR,RED,20391,22021
IR,RED,20395,22020
IR,RED,20397,22006
IR,RED,20392,22017
IR,RED,20392,22014
IR,RED,20384,22011
IR,RED,20391,22020
IR,RED,20391,22012
IR,RED,20396,22018
IR,RED,20386,22019
IR,RED,20384,22015
IR,RED,20383,22013
IR,RED,20386,22007
IR,RED,20394,22009
IR,RED,20388,22005
IR,RED,20386,22000
IR,RED,20392,22001
IR,RED,20382,22012
IR,RED,20389,22000
IR,RED,20388,22007
IR,RED,20386,22009
IR,RED,20389,22007
IR,RED,20391,22013
IR,RED,20390,22006
IR,RED,20391,22017
IR,RED,20389,22010
IR,RED,20394,22007
IR,RED,20394,21997
IR,RED,20390,21998
IR,RED,20394,21996
IR,RED,20390,22004
IR,RED,20399,21998
IR,RED,20390,22007
IR,RED,20396,22003
IR,RED,20401,22003
IR,RED,20392,21997
IR,RED,20395,22005
IR,RED,20391,21998
IR,RED,20393,21999
IR,RED,20400,22002
IR,RED,20394,22004
IR,RED,20397,21998
IR,RED,20400,22004
IR,RED,20404,22002
IR,RED,20392,22005
IR,RED,20393,21997
IR,RED,20403,22008
IR,RED,20396,22013
IR,RED,20399,22012
IR,RED,20402,22020
IR,RED,20394,22010
IR,RED,20405,22008
IR,RED,20398,22017
IR,RED,20412,22022
IR,RED,20404,22030
IR,RED,20416,22026
IR,RED,20406,22022
IR,RED,20406,22024
IR,RED,20402,22027
IR,RED,20406,22041
IR,RED,20407,22038
IR,RED,20408,22029
IR,RED,20417,22042
IR,RED,20416,22025
IR,RED,20406,22031
IR,RED,20402,22032
IR,RED,20407,22030
IR,RED,20412,22040
IR,RED,20410,22037
IR,RED,20413,22036
IR,RED,20416,22043
IR,RED,20410,22039
IR,RED,20422,22045
IR,RED,20415,22052
IR,RED,20411,22046
IR,RED,20417,22049
IR,RED,20418,22046
IR,RED,20429,22058
IR,RED,20417,22054
IR,RED,20424,22062
IR,RED,20425,22066
IR,RED,20415,22058
IR,RED,20412,22056
IR,RED,20407,22060
IR,RED,20424,22059
IR,RED,20416,22048
IR,RED,20417,22052
IR,RED,20419,22045
IR,RED,20416,22057
IR,RED,20414,22051
IR,RED,20416,22054
IR,RED,20422,22046
IR,RED,20415,22049
IR,RED,20415,22052
IR,RED,20421,22051
IR,RED,20417,22050
IR,RED,20417,22054
IR,RED,20416,22053
IR,RED,20420,22058
IR,RED,20418,22060
IR,RED,20421,22064
IR,RED,20425,22058
IR,RED,20417,22065
IR,RED,20427,22067
IR,RED,20423,22066
IR,RED,20434,22059
IR,RED,20431,22060
IR,RED,20430,22073
IR,RED,20424,22056
IR,RED,20428,22058
IR,RED,20428,22056
IR,RED,20428,22065
IR,RED,20428,22053
IR,RED,20427,22065
IR,RED,20420,22060
IR,RED,20428,22054
IR,RED,20434,22063
IR,RED,20434,22072
IR,RED,20425,22068
IR,RED,20437,22073
IR,RED,20435,22074
IR,RED,20432,22075
IR,RED,20433,22066
IR,RED,20433,22072
IR,RED,20426,22073
IR,RED,20428,22071
IR,RED,20424,22065
IR,RED,20433,22065
IR,RED,20424,22068
IR,RED,20432,22073
IR,RED,20429,22078
IR,RED,20437,22074
IR,RED,20430,22077
IR,RED,20426,22081
IR,RED,20428,22074
IR,RED,20428,22080
IR,RED,20433,22077
IR,RED,20432,22081
IR,RED,20441,22083
IR,RED,20439,22092
IR,RED,20426,22081
IR,RED,20428,22085
IR,RED,20437,22091
IR,RED,20433,22082
IR,RED,20434,22092
IR,RED,20421,22088
IR,RED,20430,22085
IR,RED,20423,22074
IR,RED,20435,22084
IR,RED,20430,22087
IR,RED,20430,22091
IR,RED,20428,22086
IR,RED,20435,22093
IR,RED,20431,22095
IR,RED,20420,22096
IR,RED,20430,22095
IR,RED,20440,22090
IR,RED,20429,22101
IR,RED,20429,22104
IR,RED,20428,22101
IR,RED,20436,22095
IR,RED,20430,22092
IR,RED,20428,22098
IR,RED,20427,22098
IR,RED,20419,22088
IR,RED,20427,22093
IR,RED,20425,22085
IR,RED,20425,22097
IR,RED,20425,22086
IR,RED,20427,22088
IR,RED,20432,22087
IR,RED,20423,22082
IR,RED,20419,22084
IR,RED,20416,22076
IR,RED,20424,22091
IR,RED,20422,22084
IR,RED,20430,22081
IR,RED,20427,22080
IR,RED,20422,22081
IR,RED,20416,22083
IR,RED,20432,22092
IR,RED,20434,22081
IR,RED,20420,22095
IR,RED,20432,22074
IR,RED,20425,22077
IR,RED,20419,22089
IR,RED,20435,22089
IR,RED,20422,22083
IR,RED,20420,22082
IR,RED,20420,22077
IR,RED,20414,22079
IR,RED,20422,22067
IR,RED,20428,22070
IR,RED,20430,22076
IR,RED,20428,22080
IR,RED,20431,22085
IR,RED,20431,22085
IR,RED,20418,22081
IR,RED,20434,22079
IR,RED,20419,22075
IR,RED,20423,22078
IR,RED,20431,22079
IR,RED,20423,22083
IR,RED,20427,22077
IR,RED,20425,22090
IR,RED,20430,22084
IR,RED,20426,22085
IR,RED,20432,22084
IR,RED,20427,22085
IR,RED,20433,22083
IR,RED,20426,22081
IR,RED,20435,22091
IR,RED,20432,22086
IR,RED,20429,22087
IR,RED,20422,22083
IR,RED,20425,22094
IR,RED,20430,22084
IR,RED,20427,22091
IR,RED,20431,22090
IR,RED,20435,22090
IR,RED,20431,22093
IR,RED,20426,22090
IR,RED,20429,22095
IR,RED,20432,22087
IR,RED,20427,22107
IR,RED,20417,22094
IR,RED,20424,22097
IR,RED,20440,22100
IR,RED,20434,22107
IR,RED,20433,22109
IR,RED,20433,22112
IR,RED,20424,22110
IR,RED,20433,22107
IR,RED,20427,22104
IR,RED,20433,22103
IR,RED,20433,22104
IR,RED,20441,22107
IR,RED,20433,22114
IR,RED,20427,22105
IR,RED,20427,22112
IR,RED,20425,22104
IR,RED,20436,22096
IR,RED,20422,22097
IR,RED,20430,22101
IR,RED,20426,22090
IR,RED,20423,22093
IR,RED,20417,22090
IR,RED,20421,22075
IR,RED,20414,22075
IR,RED,20412,22075
IR,RED,20417,22077
IR,RED,20415,22084
IR,RED,20410,22080
IR,RED,20419,22077
IR,RED,20418,22078
IR,RED,20417,22080
IR,RED,20415,22081
IR,RED,20416,22071
IR,RED,20423,22067
IR,RED,20408,22079
IR,RED,20418,22066
IR,RED,20412,22058
IR,RED,20408,22061
IR,RED,20410,22056
IR,RED,20412,22062
IR,RED,20418,22070
IR,RED,20402,22062
IR,RED,20409,22067
IR,RED,20413,22060
IR,RED,20402,22065
IR,RED,20408,22062
IR,RED,20406,22058
IR,RED,20411,22067
IR,RED,20409,22064
IR,RED,20401,22062
IR,RED,20416,22069
IR,RED,20399,22063
IR,RED,20407,22052
IR,RED,20397,22063
IR,RED,20403,22050
IR,RED,20398,22056
IR,RED,20410,22050
IR,RED,20403,22048
IR,RED,20402,22062
IR,RED,20401,22059
IR,RED,20394,22057
IR,RED,20409,22060
IR,RED,20402,22058
IR,RED,20407,22056
IR,RED,20394,22060
IR,RED,20407,22048
IR,RED,20400,22065
IR,RED,20392,22061
IR,RED,20394,22056
IR,RED,20399,22058
IR,RED,20391,22063
IR,RED,20397,22060
IR,RED,20401,22055
IR,RED,20385,22070
IR,RED,20399,22061
IR,RED,20390,22061
IR,RED,20407,22065
IR,RED,20400,22070
IR,RED,20398,22060
IR,RED,20398,22070
IR,RED,20391,22063
IR,RED,20391,22059
IR,RED,20400,22065
IR,RED,20399,22065
IR,RED,20391,22066
IR,RED,20397,22064
IR,RED,20408,22073
IR,RED,20398,22073
IR,RED,20401,22074
IR,RED,20406,22086
IR,RED,20395,22069
IR,RED,20396,22069
IR,RED,20390,22075
IR,RED,20397,22079
IR,RED,20388,22075
IR,RED,20401,22068
IR,RED,20389,22064
IR,RED,20396,22078
IR,RED,20392,22068
IR,RED,20399,22073
IR,RED,20379,22062
IR,RED,20385,22051
IR,RED,20380,22066
IR,RED,20379,22063
IR,RED,20379,22048
IR,RED,20382,22052
IR,RED,20383,22061
IR,RED,20385,22060
IR,RED,20377,22054
IR,RED,20381,22047
IR,RED,20384,22053
IR,RED,20384,22044
IR,RED,20381,22049
IR,RED,20381,22033
IR,RED,20378,22055
IR,RED,20381,22042
IR,RED,20384,22048
IR,RED,20386,22035
IR,RED,20388,22038
IR,RED,20379,22040
IR,RED,20380,22043
IR,RED,20378,22036
IR,RED,20368,22038
IR,RED,20374,22041
IR,RED,20373,22030
IR,RED,20373,22037
IR,RED,20368,22030
IR,RED,20367,22027
IR,RED,20374,22033
IR,RED,20372,22037
IR,RED,20379,22028
IR,RED,20368,22032
IR,RED,20364,22031
IR,RED,20367,22032
IR,RED,20362,22036
IR,RED,20375,22031
IR,RED,20360,22030
IR,RED,20369,22029
IR,RED,20370,22025
IR,RED,20375,22027
IR,RED,20352,22039
IR,RED,20363,22033
IR,RED,20376,22045
IR,RED,20362,22035
IR,RED,20365,22031
IR,RED,20370,22048
IR,RED,20370,22036
IR,RED,20365,22040
IR,RED,20363,22037
IR,RED,20365,22025
IR,RED,20355,22024
IR,RED,20364,22036
IR,RED,20374,22036
IR,RED,20362,22031
IR,RED,20366,22035
IR,RED,20364,22040
IR,RED,20365,22032
IR,RED,20356,22031
IR,RED,20360,22035
IR,RED,20361,22031
IR,RED,20363,22041
IR,RED,20369,22042
IR,RED,20375,22050
IR,RED,20367,22036
IR,RED,20368,22041
IR,RED,20364,22036
IR,RED,20366,22049
IR,RED,20373,22042
IR,RED,20367,22052
IR,RED,20363,22047
IR,RED,20368,22050
IR,RED,20367,22041
IR,RED,20368,22041
IR,RED,20369,22050
IR,RED,20366,22049
IR,RED,20362,22044
IR,RED,20371,22034
IR,RED,20362,22046
IR,RED,20363,22047
IR,RED,20366,22044
IR,RED,20368,22043
IR,RED,20362,22042
IR,RED,20378,22039
IR,RED,20367,22034
IR,RED,20382,22031
IR,RED,20376,22026
IR,RED,20362,22025
IR,RED,20369,22032
IR,RED,20369,22027
IR,RED,20367,22024
IR,RED,20370,22029
IR,RED,20368,22035
IR,RED,20361,22033
IR,RED,20364,22017
IR,RED,20367,22020
IR,RED,20362,22034
IR,RED,20365,22026
IR,RED,20373,22017
IR,RED,20376,22028
IR,RED,20363,22025
IR,RED,20372,22018
IR,RED,20365,22021
IR,RED,20362,22019
IR,RED,20361,22028
IR,RED,20368,22021
IR,RED,20369,22020
IR,RED,20368,22019
IR,RED,20366,22019
IR,RED,20373,22011
IR,RED,20368,22025
IR,RED,20364,22021
IR,RED,20355,22028
IR,RED,20362,22024
IR,RED,20355,22022
IR,RED,20353,22007
IR,RED,20360,22021
IR,RED,20359,22025
IR,RED,20363,22016
IR,RED,20367,22021
IR,RED,20364,22021
IR,RED,20371,22027
IR,RED,20371,22024
IR,RED,20357,22021
IR,RED,20365,22020
IR,RED,20357,22025
IR,RED,20364,22027
IR,RED,20363,22025
IR,RED,20359,22030
IR,RED,20370,22025
IR,RED,20366,22022
IR,RED,20364,22022
IR,RED,20351,22020
IR,RED,20360,22031
IR,RED,20363,22032
IR,RED,20348,22032
IR,RED,20358,22022
IR,RED,20363,22030
IR,RED,20357,22029
IR,RED,20360,22014
IR,RED,20363,22023
IR,RED,20364,22025
IR,RED,20363,22024
IR,RED,20362,22030
IR,RED,20365,22034
IR,RED,20372,22023
IR,RED,20358,22032
IR,RED,20355,22032
IR,RED,20360,22035
IR,RED,20361,22037
IR,RED,20352,22027
IR,RED,20358,22042
IR,RED,20355,22030
IR,RED,20350,22038
IR,RED,20363,22036
IR,RED,20362,22036
IR,RED,20366,22040
IR,RED,20359,22029
IR,RED,20343,22024
IR,RED,20358,22030
IR,RED,20353,22019
IR,RED,20361,22035
IR,RED,20355,22019
IR,RED,20355,22020
IR,RED,20359,22015
IR,RED,20363,22012
IR,RED,20356,22012
IR,RED,20366,22010
IR,RED,20359,22017
IR,RED,20362,22011
IR,RED,20366,22015
IR,RED,20352,22012
IR,RED,20374,22007
IR,RED,20361,22012
IR,RED,20355,22009
IR,RED,20359,22003
IR,RED,20366,22006
IR,RED,20360,22007
IR,RED,20365,22007
IR,RED,20362,22002
IR,RED,20368,22012
IR,RED,20350,22011
IR,RED,20365,22013
IR,RED,20363,22012
IR,RED,20364,22000
IR,RED,20353,22007
IR,RED,20360,21996
IR,RED,20360,22003
IR,RED,20357,21991
IR,RED,20362,21989
IR,RED,20359,21995
IR,RED,20357,21991
IR,RED,20355,21998
IR,RED,20342,21985
IR,RED,20357,22004
IR,RED,20351,22001
IR,RED,20351,21999
IR,RED,20350,22000
IR,RED,20358,21990
IR,RED,20362,21999
IR,RED,20352,22005
IR,RED,20358,22003
IR,RED,20350,22002
IR,RED,20356,22010
IR,RED,20351,21990
IR,RED,20350,22010
IR,RED,20349,21999
IR,RED,20347,21999
IR,RED,20349,22005
IR,RED,20349,22000
IR,RED,20344,22003
IR,RED,20352,22002
IR,RED,20345,21994
IR,RED,20353,21991
IR,RED,20351,21999
IR,RED,20350,22008
IR,RED,20347,22008
IR,RED,20351,21991
IR,RED,20352,22007
IR,RED,20360,22008
IR,RED,20345,22017
IR,RED,20348,22011
IR,RED,20343,22001
IR,RED,20348,22003
IR,RED,20340,22020
IR,RED,20346,22009
IR,RED,20357,22009
IR,RED,20359,22007
IR,RED,20358,22019
IR,RED,20352,22028
IR,RED,20347,22008
IR,RED,20351,22002
IR,RED,20346,22004
IR,RED,20357,22002
IR,RED,20350,21998
IR,RED,20345,21995
IR,RED,20344,21989
IR,RED,20349,21986
IR,RED,20350,21990
IR,RED,20344,21998
IR,RED,20347,21993
IR,RED,20345,21980
IR,RED,20339,21987
IR,RED,20353,21989
IR,RED,20347,21976
IR,RED,20334,21973
IR,RED,20333,21973
IR,RED,20335,21975
IR,RED,20336,21982
IR,RED,20342,21971
IR,RED,20336,21988
IR,RED,20336,21982
IR,RED,20332,21975
IR,RED,20336,21980
IR,RED,20348,21975
IR,RED,20342,21984
IR,RED,20336,21986
IR,RED,20332,21977
IR,RED,20325,21973
IR,RED,20340,21972
IR,RED,20333,21973
IR,RED,20336,21961
IR,RED,20340,21979
IR,RED,20339,21971
IR,RED,20343,21971
IR,RED,20343,21969
IR,RED,20339,21976
IR,RED,20338,21976
IR,RED,20339,21971
IR,RED,20344,21969
IR,RED,20334,21965
IR,RED,20321,21965
IR,RED,20329,21961
IR,RED,20333,21974
IR,RED,20340,21962
IR,RED,20333,21960
IR,RED,20335,21970
IR,RED,20331,21968
IR,RED,20335,21968
IR,RED,20335,21976
IR,RED,20340,21978
IR,RED,20341,21977
IR,RED,20332,21983
IR,RED,20325,21989
IR,RED,20329,21989
IR,RED,20335,21982
IR,RED,20334,21983
IR,RED,20334,21981
IR,RED,20334,21994
IR,RED,20336,21989
IR,RED,20340,21992
IR,RED,20343,21990
IR,RED,20336,21995
IR,RED,20333,21986
IR,RED,20338,21984
IR,RED,20336,21977
IR,RED,20339,21987
IR,RED,20336,21987
IR,RED,20326,21985
IR,RED,20340,21992
IR,RED,20330,21988
IR,RED,20334,21981
IR,RED,20328,21985
IR,RED,20337,21985
IR,RED,20340,21986
IR,RED,20341,21981
IR,RED,20335,21984
IR,RED,20334,21992
IR,RED,20333,21996
IR,RED,20342,21982
IR,RED,20334,22001
IR,RED,20345,21990
IR,RED,20330,21988
IR,RED,20344,21982
IR,RED,20334,21982
IR,RED,20333,21983
IR,RED,20322,21979
IR,RED,20323,21981
IR,RED,20328,21973
IR,RED,20321,21973
IR,RED,20335,21966
IR,RED,20326,21955
IR,RED,20324,21962
IR,RED,20326,21964
IR,RED,20326,21969
IR,RED,20327,21958
IR,RED,20328,21966
IR,RED,20332,21969
IR,RED,20324,21957
IR,RED,20321,21956
IR,RED,20329,21956
IR,RED,20320,21968
IR,RED,20319,21971
IR,RED,20309,21964
IR,RED,20323,21963
IR,RED,20327,21970
IR,RED,20320,21976
IR,RED,20324,21959
IR,RED,20319,21956
IR,RED,20324,21962
IR,RED,20331,21960
IR,RED,20324,21962
IR,RED,20319,21968
IR,RED,20317,21958
IR,RED,20320,21964
IR,RED,20320,21961
IR,RED,20320,21956
IR,RED,20325,21958
IR,RED,20320,21959
IR,RED,20319,21960
IR,RED,20325,21952
IR,RED,20319,21963
IR,RED,20306,21964
IR,RED,20318,21958
IR,RED,20316,21959
IR,RED,20324,21968
IR,RED,20324,21954
IR,RED,20320,21958
IR,RED,20314,21962
IR,RED,20319,21967
IR,RED,20321,21965
IR,RED,20330,21973
IR,RED,20318,21962
IR,RED,20330,21968
IR,RED,20321,21977
IR,RED,20324,21971
IR,RED,20324,21975
IR,RED,20325,21975
IR,RED,20320,21977
IR,RED,20326,21980
IR,RED,20321,21967
IR,RED,20320,21971
IR,RED,20320,21965
IR,RED,20322,21970
IR,RED,20326,21983
IR,RED,20336,21979
IR,RED,20316,21980
IR,RED,20326,21977
IR,RED,20328,21976
IR,RED,20340,21986
IR,RED,20326,21986
IR,RED,20340,21985
IR,RED,20330,21983
IR,RED,20318,21974
IR,RED,20336,21981
IR,RED,20334,21993
IR,RED,20340,21982
IR,RED,20328,21983
IR,RED,20339,21980
IR,RED,20323,21978
IR,RED,20326,21975
IR,RED,20325,21983
IR,RED,20334,21978
IR,RED,20322,21972
IR,RED,20342,21964
IR,RED,20345,21969
IR,RED,20344,21970
IR,RED,20338,21976
IR,RED,20354,21985
IR,RED,20358,21984
IR,RED,20355,21988
IR,RED,20367,21980
IR,RED,20366,21993
IR,RED,20378,22005
IR,RED,20385,22000
IR,RED,20398,22018
IR,RED,20396,22024
IR,RED,20414,22036
IR,RED,20425,22044
IR,RED,20453,22066
IR,RED,20465,22095
IR,RED,20497,22129
IR,RED,20509,22154
IR,RED,20531,22172
IR,RED,20545,22204
IR,RED,20539,22199
IR,RED,20521,22198
IR,RED,20518,22189
IR,RED,20523,22191
IR,RED,20541,22196
IR,RED,20549,22184
IR,RED,20541,22191
IR,RED,20538,22194
IR,RED,20536,22187
IR,RED,20529,22195
IR,RED,20515,22181
IR,RED,20507,22174
IR,RED,20507,22164
IR,RED,20506,22160
IR,RED,20507,22157
IR,RED,20497,22145
IR,RED,20484,22134
IR,RED,20486,22119
IR,RED,20485,22119
IR,RED,20493,22114
IR,RED,20487,22104
IR,RED,20470,22106
IR,RED,20473,22099
IR,RED,20481,22097
IR,RED,20486,22102
IR,RED,20484,22105
IR,RED,20493,22107
IR,RED,20497,22129
IR,RED,20513,22137
IR,RED,20511,22139
IR,RED,20515,22150
IR,RED,20507,22142
IR,RED,20493,22141
IR,RED,20487,22109
IR,RED,20478,22098
IR,RED,20468,22080
IR,RED,20461,22075
IR,RED,20455,22054
IR,RED,20431,22034
IR,RED,20431,22032
IR,RED,20431,22025
IR,RED,20431,22020
IR,RED,20415,22008
IR,RED,20404,21995
IR,RED,20386,21993
IR,RED,20392,21976
IR,RED,20374,21960
IR,RED,20375,21961
IR,RED,20365,21956
IR,RED,20366,21967
IR,RED,20370,21973
IR,RED,20348,21965
IR,RED,20354,21961
IR,RED,20357,21953
IR,RED,20363,21968
IR,RED,20363,21974
IR,RED,20358,21966
IR,RED,20365,21971
IR,RED,20356,21967
IR,RED,20349,21976
IR,RED,20342,21970
IR,RED,20345,21969
IR,RED,20349,21974
IR,RED,20345,21971
IR,RED,20364,21992
IR,RED,20381,22019
IR,RED,20385,22012
IR,RED,20397,22032
IR,RED,20391,22035
IR,RED,20399,22044
IR,RED,20399,22036
IR,RED,20418,22049
IR,RED,20415,22059
IR,RED,20409,22054
IR,RED,20412,22050
IR,RED,20403,22051
IR,RED,20397,22040
IR,RED,20412,22049
IR,RED,20406,22049
IR,RED,20415,22046
IR,RED,20429,22061
IR,RED,20444,22067
IR,RED,20439,22070
IR,RED,20447,22084
IR,RED,20433,22083
IR,RED,20435,22078
IR,RED,20440,22074
IR,RED,20429,22083
IR,RED,20431,22085
IR,RED,20449,22090
IR,RED,20452,22090
IR,RED,20461,22092
IR,RED,20482,22107
IR,RED,20473,22113
IR,RED,20489,22111
IR,RED,20481,22109
IR,RED,20476,22105
IR,RED,20488,22118
IR,RED,20489,22118
IR,RED,20497,22117
IR,RED,20498,22124
IR,RED,20504,22123
IR,RED,20506,22130
IR,RED,20508,22121
IR,RED,20502,22124
IR,RED,20508,22122
IR,RED,20495,22123
IR,RED,20494,22122
IR,RED,20515,22124
IR,RED,20507,22132
IR,RED,20506,22138
IR,RED,20510,22128
IR,RED,20513,22140
IR,RED,20510,22155
IR,RED,20503,22144
IR,RED,20517,22129
IR,RED,20500,22138
IR,RED,20507,22144
IR,RED,20500,22136
IR,RED,20512,22139
IR,RED,20509,22146
IR,RED,20503,22148
IR,RED,20525,22141
IR,RED,20508,22145
IR,RED,20522,22148
IR,RED,20510,22134
IR,RED,20517,22139
IR,RED,20514,22137
IR,RED,20523,22142
IR,RED,20510,22126
IR,RED,20514,22128
IR,RED,20518,22125
IR,RED,20513,22121
IR,RED,20514,22118
IR,RED,20514,22119
IR,RED,20511,22111
IR,RED,20516,22114
IR,RED,20512,22108
IR,RED,20509,22113
IR,RED,20512,22109
IR,RED,20513,22092
IR,RED,20507,22100
IR,RED,20511,22098
IR,RED,20502,22091
IR,RED,20495,22082
IR,RED,20505,22078
IR,RED,20493,22078
IR,RED,20493,22076
IR,RED,20491,22062
IR,RED,20498,22065
IR,RED,20488,22067
IR,RED,20487,22067
IR,RED,20481,22066
IR,RED,20485,22065
IR,RED,20484,22050
IR,RED,20487,22053
IR,RED,20481,22040
IR,RED,20494,22044
IR,RED,20492,22036
IR,RED,20488,22038
IR,RED,20486,22041
IR,RED,20495,22032
IR,RED,20495,22043
IR,RED,20491,22036
IR,RED,20494,22036
IR,RED,20484,22038
IR,RED,20499,22045
IR,RED,20489,22033
IR,RED,20486,22031
IR,RED,20481,22038
IR,RED,20463,22012
IR,RED,20479,22023
IR,RED,20477,22027
IR,RED,20478,22020
IR,RED,20477,22030
IR,RED,20479,22023
IR,RED,20484,22035
IR,RED,20465,22045
IR,RED,20472,22027
IR,RED,20467,22026
IR,RED,20465,22035
IR,RED,20474,22030
IR,RED,20473,22027
IR,RED,20470,22036
IR,RED,20468,22045
IR,RED,20476,22042
IR,RED,20495,22034
IR,RED,20482,22037
IR,RED,20480,22038
IR,RED,20476,22034
IR,RED,20478,22039
IR,RED,20470,22032
IR,RED,20480,22040
IR,RED,20475,22040
IR,RED,20477,22034
IR,RED,20482,22046
IR,RED,20481,22042
IR,RED,20496,22048
IR,RED,20484,22040
IR,RED,20481,22051
IR,RED,20476,22047
IR,RED,20478,22042
IR,RED,20479,22053
IR,RED,20476,22036
IR,RED,20478,22038
IR,RED,20489,22045
IR,RED,20486,22042
IR,RED,20488,22041
IR,RED,20482,22062
IR,RED,20485,22061
IR,RED,20491,22040
IR,RED,20479,22052
IR,RED,20479,22053
IR,RED,20491,22038
IR,RED,20489,22042
IR,RED,20484,22033
IR,RED,20481,22032
IR,RED,20479,22033
IR,RED,20481,22022
IR,RED,20485,22022
IR,RED,20490,22029
IR,RED,20480,22006
IR,RED,20471,22019
IR,RED,20479,22019
IR,RED,20487,22017
IR,RED,20477,22015
IR,RED,20484,22012
IR,RED,20474,22006
IR,RED,20472,22005
IR,RED,20471,22016
IR,RED,20482,22024
IR,RED,20468,22026
IR,RED,20476,22018
IR,RED,20479,22014
IR,RED,20477,22019
IR,RED,20465,22005
IR,RED,20459,22011
IR,RED,20472,22019
IR,RED,20476,22010
IR,RED,20462,22001
IR,RED,20472,22012
IR,RED,20477,22019
IR,RED,20472,22011
IR,RED,20481,22011
IR,RED,20470,22014
IR,RED,20464,22013
IR,RED,20471,22011
IR,RED,20468,22009
IR,RED,20472,22017
IR,RED,20457,22021
IR,RED,20468,22018
IR,RED,20465,22017
IR,RED,20461,22012
IR,RED,20464,22015
IR,RED,20466,22010
IR,RED,20474,22015
IR,RED,20461,22019
IR,RED,20478,22017
IR,RED,20469,22016
IR,RED,20468,22012
IR,RED,20459,22010
IR,RED,20458,22011
IR,RED,20467,22007
IR,RED,20468,22002
IR,RED,20466,22010
IR,RED,20468,22004
IR,RED,20468,22016
IR,RED,20472,22015
IR,RED,20470,22015
IR,RED,20469,22009
IR,RED,20461,22016
IR,RED,20462,22013
IR,RED,20466,21999
IR,RED,20470,22005
IR,RED,20476,22010
IR,RED,20461,22012
IR,RED,20469,22013
IR,RED,20454,22011
IR,RED,20464,22000
IR,RED,20461,21999
IR,RED,20463,21996
IR,RED,20465,21999
IR,RED,20464,21998
IR,RED,20452,21996
IR,RED,20452,21986
IR,RED,20461,21989
IR,RED,20459,22000
IR,RED,20460,21983
IR,RED,20451,21978
IR,RED,20459,21980
IR,RED,20456,21981
IR,RED,20456,21977
IR,RED,20449,21984
IR,RED,20455,21982
IR,RED,20455,21986
IR,RED,20457,21982
IR,RED,20457,21973
IR,RED,20450,21968
IR,RED,20451,21978
IR,RED,20455,21979
IR,RED,20458,21982
IR,RED,20457,21979
IR,RED,20445,21974
IR,RED,20446,21975
IR,RED,20447,21972
IR,RED,20440,21972
IR,RED,20444,21964
IR,RED,20450,21963
IR,RED,20452,21963
IR,RED,20449,21969
IR,RED,20453,21972
IR,RED,20453,21969
IR,RED,20449,21954
IR,RED,20454,21967
IR,RED,20445,21956
IR,RED,20466,21954
IR,RED,20446,21951
IR,RED,20444,21953
IR,RED,20447,21958
IR,RED,20445,21959
IR,RED,20443,21962
IR,RED,20449,21953
IR,RED,20452,21965
IR,RED,20453,21963
IR,RED,20458,21964
IR,RED,20452,21969
IR,RED,20453,21965
IR,RED,20457,21965
IR,RED,20453,21971
IR,RED,20448,21960
IR,RED,20451,21965
IR,RED,20454,21961
IR,RED,20450,21965
IR,RED,20455,21965
IR,RED,20461,21965
IR,RED,20450,21966
IR,RED,20445,21963
IR,RED,20446,21964
IR,RED,20451,21960
IR,RED,20447,21961
IR,RED,20446,21976
IR,RED,20433,21962
IR,RED,20447,21970
IR,RED,20454,21973
IR,RED,20453,21967
IR,RED,20452,21964
IR,RED,20453,21972
IR,RED,20454,21957
IR,RED,20442,21957
IR,RED,20449,21952
IR,RED,20441,21941
IR,RED,20437,21937
IR,RED,20432,21934
IR,RED,20433,21931
IR,RED,20442,21931
IR,RED,20438,21929
IR,RED,20433,21927
IR,RED,20429,21928
IR,RED,20434,21932
IR,RED,20433,21917
IR,RED,20437,21924
IR,RED,20429,21922
IR,RED,20439,21920
IR,RED,20433,21925
IR,RED,20435,21919
IR,RED,20437,21917
IR,RED,20435,21910
IR,RED,20438,21910
IR,RED,20430,21907
IR,RED,20435,21917
IR,RED,20434,21919
IR,RED,20432,21915
IR,RED,20451,21913
IR,RED,20440,21901
IR,RED,20446,21910
IR,RED,20445,21914
IR,RED,20444,21906
IR,RED,20446,21912
IR,RED,20442,21913
IR,RED,20448,21917
IR,RED,20448,21919
IR,RED,20442,21923
IR,RED,20449,21907
IR,RED,20449,21912
IR,RED,20452,21917
IR,RED,20457,21921
IR,RED,20457,21918
IR,RED,20452,21926
IR,RED,20448,21922
IR,RED,20450,21922
IR,RED,20447,21913
IR,RED,20444,21919
IR,RED,20454,21930
IR,RED,20460,21924
IR,RED,20463,21925
IR,RED,20447,21932
IR,RED,20454,21925
IR,RED,20452,21930
IR,RED,20454,21923
IR,RED,20445,21926
IR,RED,20449,21930
IR,RED,20447,21926
IR,RED,20456,21927
IR,RED,20458,21930
IR,RED,20463,21928
IR,RED,20455,21937
IR,RED,20466,21925
IR,RED,20455,21929
IR,RED,20469,21930
IR,RED,20456,21934
IR,RED,20457,21936
IR,RED,20456,21933
IR,RED,20467,21934
IR,RED,20455,21924
IR,RED,20453,21930
IR,RED,20451,21924
IR,RED,20453,21919
IR,RED,20447,21916
IR,RED,20450,21914
IR,RED,20449,21924
IR,RED,20453,21919
IR,RED,20446,21919
IR,RED,20446,21913
IR,RED,20452,21899
IR,RED,20445,21900
IR,RED,20439,21896
IR,RED,20443,21894
IR,RED,20443,21891
IR,RED,20441,21894
IR,RED,20455,21895
IR,RED,20445,21900
IR,RED,20445,21897
IR,RED,20446,21897
IR,RED,20446,21904
IR,RED,20453,21899
IR,RED,20451,21909
IR,RED,20446,21909
IR,RED,20444,21890
IR,RED,20455,21898
IR,RED,20458,21895
IR,RED,20450,21904
IR,RED,20444,21896
IR,RED,20455,21910
IR,RED,20461,21913
IR,RED,20455,21904
IR,RED,20452,21911
IR,RED,20458,21914
IR,RED,20459,21917
IR,RED,20459,21911
IR,RED,20457,21912
IR,RED,20454,21909
IR,RED,20458,21914
IR,RED,20449,21920
IR,RED,20460,21911
IR,RED,20464,21919
IR,RED,20469,21929
IR,RED,20467,21927
IR,RED,20470,21918
IR,RED,20458,21943
IR,RED,20464,21932
IR,RED,20459,21926
IR,RED,20478,21924
IR,RED,20463,21935
IR,RED,20462,21933
IR,RED,20463,21934
IR,RED,20478,21941
IR,RED,20461,21941
IR,RED,20475,21938
IR,RED,20472,21939
IR,RED,20479,21942
IR,RED,20474,21948
IR,RED,20481,21954
IR,RED,20480,21960
IR,RED,20494,21955
IR,RED,20480,21957
IR,RED,20483,21958
IR,RED,20493,21957
IR,RED,20485,21955
IR,RED,20493,21960
IR,RED,20489,21946
IR,RED,20488,21944
IR,RED,20476,21932
IR,RED,20484,21934
IR,RED,20477,21948
IR,RED,20484,21939
IR,RED,20472,21930
IR,RED,20487,21935
IR,RED,20480,21931
IR,RED,20480,21928
IR,RED,20480,21924
IR,RED,20478,21930
IR,RED,20488,21916
IR,RED,20487,21930
IR,RED,20492,21933
IR,RED,20491,21935
IR,RED,20487,21936
IR,RED,20487,21935
IR,RED,20492,21929
IR,RED,20498,21944
IR,RED,20489,21947
IR,RED,20494,21938
IR,RED,20500,21933
IR,RED,20486,21928
IR,RED,20487,21944
IR,RED,20488,21925
IR,RED,20495,21928
IR,RED,20495,21934
IR,RED,20489,21933
IR,RED,20485,21932
IR,RED,20496,21930
IR,RED,20499,21936
IR,RED,20507,21927
IR,RED,20481,21922
IR,RED,20492,21934
IR,RED,20491,21919
IR,RED,20495,21924
IR,RED,20493,21917
IR,RED,20501,21925
IR,RED,20497,21938
IR,RED,20497,21930
IR,RED,20487,21929
IR,RED,20487,21927
IR,RED,20494,21932
IR,RED,20510,21930
IR,RED,20504,21941
IR,RED,20503,21936
IR,RED,20507,21931
IR,RED,20512,21933
IR,RED,20505,21936
IR,RED,20494,21934
IR,RED,20511,21926
IR,RED,20512,21935
IR,RED,20494,21931
IR,RED,20461,21889
IR,RED,20404,21821
IR,RED,20403,21798
IR,RED,20404,21799
IR,RED,20419,21808
IR,RED,20428,21845
IR,RED,20445,21852
IR,RED,20450,21853
IR,RED,20444,21856
IR,RED,20462,21857
IR,RED,20471,21862
IR,RED,20468,21867
IR,RED,20471,21873
IR,RED,20481,21876
IR,RED,20484,21898
IR,RED,20500,21895
IR,RED,20502,21907
IR,RED,20513,21926
IR,RED,20511,21929
IR,RED,20529,21939
IR,RED,20523,21951
IR,RED,20525,21957
IR,RED,20529,21946
IR,RED,20527,21952
IR,RED,20532,21952
IR,RED,20524,21957
IR,RED,20525,21954
IR,RED,20524,21956
IR,RED,20533,21956
IR,RED,20532,21949
IR,RED,20523,21961
IR,RED,20529,21952
IR,RED,20530,21948
IR,RED,20499,21922
IR,RED,20472,21901
IR,RED,20445,21859
IR,RED,20418,21823
IR,RED,20374,21787
IR,RED,20349,21752
IR,RED,20341,21745
IR,RED,20333,21725
IR,RED,20325,21710
IR,RED,20308,21699
IR,RED,20296,21676
IR,RED,20288,21679
IR,RED,20261,21651
IR,RED,20252,21620
IR,RED,20241,21607
IR,RED,20228,21596
IR,RED,20220,21586
IR,RED,20198,21572
IR,RED,20195,21560
IR,RED,20198,21553
IR,RED,20184,21563
IR,RED,20193,21562
IR,RED,20190,21550
IR,RED,20178,21546
IR,RED,20166,21545
IR,RED,20168,21535
IR,RED,20173,21540
IR,RED,20176,21544
IR,RED,20191,21539
IR,RED,20184,21538
IR,RED,20183,21550
IR,RED,20197,21567
IR,RED,20193,21569
IR,RED,20197,21568
IR,RED,20203,21576
IR,RED,20194,21564
IR,RED,20200,21581
IR,RED,20216,21573
IR,RED,20208,21574
IR,RED,20197,21570
IR,RED,20186,21553
IR,RED,20177,21547
IR,RED,20182,21541
IR,RED,20179,21538
IR,RED,20188,21534
IR,RED,20194,21533
IR,RED,20181,21523
IR,RED,20179,21521
IR,RED,20170,21521
IR,RED,20171,21522
IR,RED,20177,21523
IR,RED,20186,21525
IR,RED,20169,21517
IR,RED,20171,21524
IR,RED,20173,21514
IR,RED,20168,21518
IR,RED,20173,21525
IR,RED,20172,21525
IR,RED,20166,21510
IR,RED,20190,21516
IR,RED,20178,21520
IR,RED,20194,21529
IR,RED,20200,21546
IR,RED,20211,21546
IR,RED,20217,21555
IR,RED,20218,21560
IR,RED,20227,21567
IR,RED,20231,21580
IR,RED,20242,21585
IR,RED,20255,21586
IR,RED,20268,21592
IR,RED,20278,21608
IR,RED,20283,21621
IR,RED,20286,21626
IR,RED,20298,21638
IR,RED,20298,21650
IR,RED,20293,21655
IR,RED,20305,21662
IR,RED,20301,21678
IR,RED,20315,21683
IR,RED,20325,21685
IR,RED,20329,21694
IR,RED,20327,21703
IR,RED,20332,21704
IR,RED,20344,21701
IR,RED,20349,21705
IR,RED,20349,21712
IR,RED,20335,21711
IR,RED,20341,21724
IR,RED,20354,21713
IR,RED,20348,21726
IR,RED,20360,21735
IR,RED,20367,21738
IR,RED,20375,21750
IR,RED,20381,21756
IR,RED,20373,21760
IR,RED,20384,21764
IR,RED,20396,21779
IR,RED,20380,21770
IR,RED,20385,21763
IR,RED,20370,21769
IR,RED,20374,21752
IR,RED,20383,21767
IR,RED,20381,21772
IR,RED,20381,21768
IR,RED,20384,21767
IR,RED,20382,21765
IR,RED,20378,21754
IR,RED,20345,21721
IR,RED,20335,21700
IR,RED,20311,21689
IR,RED,20323,21691
IR,RED,20325,21686
IR,RED,20328,21693
IR,RED,20330,21694
IR,RED,20325,21698
IR,RED,20323,21695
IR,RED,20330,21693
IR,RED,20330,21689
IR,RED,20326,21694
IR,RED,20330,21705
IR,RED,20327,21707
IR,RED,20342,21711
IR,RED,20349,21718
IR,RED,20355,21730
IR,RED,20364,21731
IR,RED,20377,21740
IR,RED,20387,21756
IR,RED,20397,21768
IR,RED,20400,21767
IR,RED,20409,21790
IR,RED,20420,21793
IR,RED,20436,21796
IR,RED,20438,21812
IR,RED,20451,21806
IR,RED,20459,21829
IR,RED,20461,21829
IR,RED,20474,21833
IR,RED,20468,21841
IR,RED,20469,21847
IR,RED,20471,21855
IR,RED,20476,21856
IR,RED,20487,21854
IR,RED,20480,21869
IR,RED,20488,21865
IR,RED,20498,21871
IR,RED,20500,21864
IR,RED,20492,21877
IR,RED,20492,21867
IR,RED,20482,21879
IR,RED,20501,21877
IR,RED,20487,21875
IR,RED,20490,21880
IR,RED,20493,21875
IR,RED,20488,21874
IR,RED,20486,21884
IR,RED,20485,21866
IR,RED,20480,21879
IR,RED,20486,21875
IR,RED,20488,21878
IR,RED,20490,21867
IR,RED,20489,21884
IR,RED,20491,21879
IR,RED,20491,21882
IR,RED,20493,21888
IR,RED,20495,21886
IR,RED,20496,21885
IR,RED,20486,21884
IR,RED,20492,21885
IR,RED,20487,21886
IR,RED,20481,21882
IR,RED,20493,21869
IR,RED,20489,21867
IR,RED,20486,21861
IR,RED,20480,21861
IR,RED,20478,21853
IR,RED,20480,21845
IR,RED,20473,21846
IR,RED,20473,21855
IR,RED,20475,21856
IR,RED,20484,21852
IR,RED,20474,21852
IR,RED,20477,21854
IR,RED,20471,21852
IR,RED,20479,21844
IR,RED,20472,21838
IR,RED,20472,21845
IR,RED,20474,21844
IR,RED,20484,21846
IR,RED,20473,21847
IR,RED,20485,21831
IR,RED,20479,21836
IR,RED,20473,21839
IR,RED,20474,21842
IR,RED,20466,21842
IR,RED,20469,21843
IR,RED,20477,21842
IR,RED,20481,21844
IR,RED,20474,21838
IR,RED,20467,21842
IR,RED,20478,21841
IR,RED,20477,21832
IR,RED,20482,21851
IR,RED,20475,21837
IR,RED,20473,21830
IR,RED,20473,21843
IR,RED,20470,21830
IR,RED,20471,21841
IR,RED,20463,21834
IR,RED,20461,21834
IR,RED,20475,21839
IR,RED,20466,21831
IR,RED,20473,21842
IR,RED,20464,21834
IR,RED,20469,21841
IR,RED,20468,21839
IR,RED,20468,21834
IR,RED,20476,21849
IR,RED,20471,21837
IR,RED,20475,21834
IR,RED,20469,21840
IR,RED,20463,21847
IR,RED,20464,21839
IR,RED,20457,21839
IR,RED,20465,21836
IR,RED,20464,21837
IR,RED,20468,21836
IR,RED,20466,21844
IR,RED,20468,21839
IR,RED,20465,21839
IR,RED,20459,21838
IR,RED,20469,21841
IR,RED,20474,21845
IR,RED,20471,21838
IR,RED,20463,21839
IR,RED,20458,21845
IR,RED,20455,21851
IR,RED,20469,21850
IR,RED,20460,21849
IR,RED,20457,21839
IR,RED,20452,21844
IR,RED,20462,21838
IR,RED,20463,21829
IR,RED,20449,21841
IR,RED,20465,21832
IR,RED,20451,21827
IR,RED,20450,21821
IR,RED,20452,21825
IR,RED,20453,21815
IR,RED,20447,21811
IR,RED,20453,21816
IR,RED,20452,21820
IR,RED,20446,21815
IR,RED,20458,21805
IR,RED,20445,21814
IR,RED,20446,21809
IR,RED,20438,21816
IR,RED,20448,21818
IR,RED,20450,21817
IR,RED,20448,21806
IR,RED,20448,21832
IR,RED,20442,21822
IR,RED,20447,21825
IR,RED,20454,21821
IR,RED,20451,21813
IR,RED,20445,21808
IR,RED,20442,21811
IR,RED,20449,21808
IR,RED,20454,21797
IR,RED,20445,21813
IR,RED,20450,21818
IR,RED,20439,21799
IR,RED,20453,21807
IR,RED,20453,21804
IR,RED,20455,21815
IR,RED,20436,21801
IR,RED,20447,21803
IR,RED,20441,21807
IR,RED,20435,21805
IR,RED,20431,21804
IR,RED,20447,21807
IR,RED,20442,21804
IR,RED,20439,21808
IR,RED,20435,21808
IR,RED,20437,21813
IR,RED,20432,21805
IR,RED,20435,21801
IR,RED,20433,21802
IR,RED,20426,21806
IR,RED,20437,21799
IR,RED,20426,21804
IR,RED,20426,21800
IR,RED,20422,21806
IR,RED,20428,21805
IR,RED,20438,21815
IR,RED,20420,21806
IR,RED,20426,21812
IR,RED,20434,21804
IR,RED,20422,21810
IR,RED,20429,21803
IR,RED,20428,21810
IR,RED,20414,21807
IR,RED,20420,21811
IR,RED,20418,21818
IR,RED,20418,21815
IR,RED,20423,21805
IR,RED,20424,21812
IR,RED,20412,21808
IR,RED,20412,21822
IR,RED,20421,21811
IR,RED,20417,21818
IR,RED,20418,21807
IR,RED,20420,21820
IR,RED,20414,21808
IR,RED,20421,21803
IR,RED,20418,21807
IR,RED,20414,21801
IR,RED,20409,21787
IR,RED,20404,21792
IR,RED,20394,21788
IR,RED,20403,21784
IR,RED,20397,21787
IR,RED,20409,21782
IR,RED,20398,21780
IR,RED,20399,21783
IR,RED,20400,21780
IR,RED,20407,21778
IR,RED,20401,21780
IR,RED,20396,21765
IR,RED,20395,21770
IR,RED,20389,21778
IR,RED,20393,21769
IR,RED,20398,21778
IR,RED,20398,21768
IR,RED,20405,21779
IR,RED,20395,21775
IR,RED,20392,21777
IR,RED,20398,21776
IR,RED,20407,21772
IR,RED,20394,21781
IR,RED,20399,21788
IR,RED,20395,21773
IR,RED,20403,21774
IR,RED,20398,21784
IR,RED,20401,21784
IR,RED,20396,21777
IR,RED,20403,21770
IR,RED,20395,21775
IR,RED,20400,21781
IR,RED,20401,21779
IR,RED,20388,21779
IR,RED,20390,21770
IR,RED,20391,21774
IR,RED,20396,21783
IR,RED,20389,21772
IR,RED,20396,21768
IR,RED,20393,21774
IR,RED,20393,21774
IR,RED,20389,21778
IR,RED,20397,21765
IR,RED,20390,21774
IR,RED,20380,21772
IR,RED,20395,21789
IR,RED,20396,21770
IR,RED,20383,21780
IR,RED,20389,21782
IR,RED,20392,21780
IR,RED,20398,21778
IR,RED,20391,21773
IR,RED,20381,21780
IR,RED,20390,21782
IR,RED,20401,21769
IR,RED,20384,21786
IR,RED,20398,21783
IR,RED,20392,21780
IR,RED,20391,21774
IR,RED,20394,21779
IR,RED,20396,21785
IR,RED,20389,21777
IR,RED,20399,21777
IR,RED,20393,21782
IR,RED,20391,21776
IR,RED,20390,21784
IR,RED,20396,21774
IR,RED,20391,21777
IR,RED,20390,21778
IR,RED,20393,21774
IR,RED,20395,21772
IR,RED,20379,21771
IR,RED,20382,21772
IR,RED,20393,21760
IR,RED,20382,21761
IR,RED,20379,21753
IR,RED,20372,21751
IR,RED,20374,21758
IR,RED,20374,21755
IR,RED,20374,21755
IR,RED,20377,21759
IR,RED,20382,21753
IR,RED,20382,21758
IR,RED,20384,21756
IR,RED,20378,21741
IR,RED,20377,21752
IR,RED,20368,21752
IR,RED,20377,21756
IR,RED,20371,21750
IR,RED,20374,21744
IR,RED,20373,21750
IR,RED,20378,21747
IR,RED,20365,21750
IR,RED,20375,21747
IR,RED,20377,21740
IR,RED,20363,21749
IR,RED,20378,21749
IR,RED,20369,21754
IR,RED,20373,21754
IR,RED,20373,21740
IR,RED,20360,21743
IR,RED,20370,21754
IR,RED,20366,21758
IR,RED,20366,21746
IR,RED,20363,21749
IR,RED,20373,21742
IR,RED,20371,21753
IR,RED,20375,21744
IR,RED,20371,21754
IR,RED,20367,21756
IR,RED,20385,21751
IR,RED,20370,21765
IR,RED,20366,21754
IR,RED,20379,21757
IR,RED,20376,21761
IR,RED,20376,21758
IR,RED,20368,21756
IR,RED,20380,21756
IR,RED,20370,21756
IR,RED,20376,21755
IR,RED,20370,21758
IR,RED,20375,21761
IR,RED,20368,21756
IR,RED,20383,21754
IR,RED,20388,21759
IR,RED,20373,21766
IR,RED,20381,21761
IR,RED,20381,21776
IR,RED,20382,21767
IR,RED,20382,21774
IR,RED,20373,21758
IR,RED,20384,21769
IR,RED,20383,21766
IR,RED,20383,21768
IR,RED,20383,21763
IR,RED,20387,21776
IR,RED,20387,21776
IR,RED,20385,21769
IR,RED,20385,21770
IR,RED,20388,21773
IR,RED,20383,21783
IR,RED,20387,21779
IR,RED,20383,21773
IR,RED,20380,21777
IR,RED,20381,21767
IR,RED,20385,21763
IR,RED,20370,21760
IR,RED,20374,21752
IR,RED,20371,21750
IR,RED,20376,21755
IR,RED,20384,21747
IR,RED,20372,21753
IR,RED,20375,21747
IR,RED,20374,21746
IR,RED,20379,21736
IR,RED,20366,21741
IR,RED,20380,21749
IR,RED,20373,21740
IR,RED,20383,21730
IR,RED,20381,21743
IR,RED,20374,21744
IR,RED,20388,21740
IR,RED,20377,21742
IR,RED,20386,21744
IR,RED,20377,21746
IR,RED,20370,21737
IR,RED,20375,21744
IR,RED,20376,21744
IR,RED,20369,21740
IR,RED,20376,21738
IR,RED,20376,21746
IR,RED,20369,21739
IR,RED,20364,21736
IR,RED,20369,21737
IR,RED,20368,21742
IR,RED,20370,21734
IR,RED,20372,21740
IR,RED,20374,21737
IR,RED,20363,21735
IR,RED,20361,21739
IR,RED,20354,21736
IR,RED,20360,21734
IR,RED,20371,21744
IR,RED,20364,21743
IR,RED,20359,21747
IR,RED,20362,21740
IR,RED,20357,21742
IR,RED,20363,21743
IR,RED,20374,21744
IR,RED,20359,21740
IR,RED,20366,21743
IR,RED,20371,21751
IR,RED,20366,21746
IR,RED,20359,21740
IR,RED,20375,21740
IR,RED,20361,21748
IR,RED,20368,21741
IR,RED,20361,21736
IR,RED,20353,21741
IR,RED,20374,21747
IR,RED,20357,21748
IR,RED,20364,21741
IR,RED,20361,21753
IR,RED,20374,21756
IR,RED,20364,21737
IR,RED,20358,21753
IR,RED,20357,21756
IR,RED,20361,21752
IR,RED,20363,21747
IR,RED,20342,21762
IR,RED,20353,21755
IR,RED,20353,21749
IR,RED,20353,21759
IR,RED,20359,21755
IR,RED,20357,21744
IR,RED,20357,21754
IR,RED,20367,21753
IR,RED,20364,21748
IR,RED,20358,21747
IR,RED,20360,21736
IR,RED,20342,21726
IR,RED,20344,21733
IR,RED,20354,21737
IR,RED,20353,21726
IR,RED,20344,21737
IR,RED,20343,21735
IR,RED,20339,21729
IR,RED,20346,21733
IR,RED,20349,21728
IR,RED,20342,21732
IR,RED,20346,21734
IR,RED,20348,21727
IR,RED,20347,21726
IR,RED,20341,21728
IR,RED,20342,21725
IR,RED,20349,21733
IR,RED,20351,21731
IR,RED,20341,21729
IR,RED,20348,21721
IR,RED,20352,21727
IR,RED,20346,21732
IR,RED,20344,21733
IR,RED,20339,21728
IR,RED,20336,21717
IR,RED,20341,21731
IR,RED,20344,21725
IR,RED,20349,21721
IR,RED,20337,21722
IR,RED,20336,21717
IR,RED,20343,21725
IR,RED,20343,21713
IR,RED,20340,21712
IR,RED,20335,21719
IR,RED,20333,21719
IR,RED,20331,21716
IR,RED,20336,21714
IR,RED,20333,21726
IR,RED,20337,21726
IR,RED,20335,21728
IR,RED,20336,21730
IR,RED,20332,21730
IR,RED,20331,21729
IR,RED,20331,21724
IR,RED,20338,21727
IR,RED,20327,21715
IR,RED,20331,21719
IR,RED,20326,21722
IR,RED,20323,21731
IR,RED,20327,21724
IR,RED,20333,21727
IR,RED,20339,21735
IR,RED,20327,21728
IR,RED,20323,21736
IR,RED,20330,21726
IR,RED,20315,21725
IR,RED,20336,21732
IR,RED,20320,21731
IR,RED,20320,21739
IR,RED,20332,21730
IR,RED,20327,21737
IR,RED,20330,21730
IR,RED,20328,21728
IR,RED,20329,21729
IR,RED,20325,21738
IR,RED,20330,21732
IR,RED,20331,21743
IR,RED,20333,21739
IR,RED,20325,21740
IR,RED,20326,21732
IR,RED,20323,21724
IR,RED,20327,21729
IR,RED,20323,21722
IR,RED,20317,21724
IR,RED,20321,21716
IR,RED,20322,21709
IR,RED,20321,21710
IR,RED,20326,21710
IR,RED,20324,21704
IR,RED,20321,21719
IR,RED,20323,21714
IR,RED,20321,21720
IR,RED,20327,21710
IR,RED,20326,21710
IR,RED,20321,21706
IR,RED,20330,21713
IR,RED,20331,21713
IR,RED,20319,21716
IR,RED,20321,21718
IR,RED,20331,21720
IR,RED,20326,21723
IR,RED,20320,21720
IR,RED,20324,21712
IR,RED,20318,21708
IR,RED,20330,21702
IR,RED,20316,21717
IR,RED,20323,21710
IR,RED,20325,21714
IR,RED,20325,21712
IR,RED,20325,21703
IR,RED,20328,21699
IR,RED,20331,21713
IR,RED,20322,21714
IR,RED,20319,21717
IR,RED,20328,21705
IR,RED,20320,21703
IR,RED,20323,21702
IR,RED,20320,21710
IR,RED,20333,21707
IR,RED,20328,21709
IR,RED,20325,21726
IR,RED,20317,21719
IR,RED,20334,21709
IR,RED,20322,21711
IR,RED,20320,21710
IR,RED,20319,21712
IR,RED,20315,21715
IR,RED,20309,21704
IR,RED,20328,21701
IR,RED,20322,21710
IR,RED,20326,21720
IR,RED,20328,21725
IR,RED,20329,21728
IR,RED,20328,21727
IR,RED,20322,21722
IR,RED,20327,21727
IR,RED,20316,21710
IR,RED,20323,21731
IR,RED,20319,21718
IR,RED,20328,21718
IR,RED,20327,21723
IR,RED,20327,21721
IR,RED,20322,21725
IR,RED,20320,21725
IR,RED,20319,21726
IR,RED,20319,21728
IR,RED,20324,21730
IR,RED,20332,21719
IR,RED,20315,21709
IR,RED,20316,21723
IR,RED,20315,21722
IR,RED,20321,21713
IR,RED,20307,21719
IR,RED,20321,21714
IR,RED,20318,21715
IR,RED,20318,21708
IR,RED,20326,21715
IR,RED,20324,21704
IR,RED,20323,21715
IR,RED,20323,21713
IR,RED,20327,21709
IR,RED,20317,21708
IR,RED,20315,21696
IR,RED,20320,21701
IR,RED,20315,21712
IR,RED,20323,21710
IR,RED,20317,21702
IR,RED,20325,21709
IR,RED,20321,21706
IR,RED,20313,21707
IR,RED,20312,21708
IR,RED,20310,21711
IR,RED,20313,21706
IR,RED,20311,21701
IR,RED,20322,21711
IR,RED,20316,21705
IR,RED,20312,21701
IR,RED,20323,21707
IR,RED,20315,21698
IR,RED,20321,21701
IR,RED,20323,21693
IR,RED,20306,21703
IR,RED,20314,21694
IR,RED,20314,21696
IR,RED,20314,21694
IR,RED,20308,21688
IR,RED,20315,21701
IR,RED,20311,21697
IR,RED,20309,21702
IR,RED,20315,21700
IR,RED,20309,21700
IR,RED,20317,21705
IR,RED,20321,21704
IR,RED,20318,21709
IR,RED,20317,21703
IR,RED,20312,21707
IR,RED,20316,21702
IR,RED,20317,21706
IR,RED,20318,21698
IR,RED,20315,21705
IR,RED,20312,21707
IR,RED,20319,21705
IR,RED,20324,21705
IR,RED,20324,21706
IR,RED,20325,21707
IR,RED,20321,21709
IR,RED,20321,21715
IR,RED,20323,21711
IR,RED,20317,21710
IR,RED,20316,21717
IR,RED,20326,21711
IR,RED,20321,21712
IR,RED,20324,21723
IR,RED,20320,21708
IR,RED,20324,21714
IR,RED,20322,21709
IR,RED,20325,21716
IR,RED,20318,21709
IR,RED,20327,21712
IR,RED,20317,21712
IR,RED,20312,21705
IR,RED,20314,21691
IR,RED,20302,21689
IR,RED,20309,21682
IR,RED,20309,21691
IR,RED,20307,21682
IR,RED,20321,21676
IR,RED,20313,21683
IR,RED,20314,21696
IR,RED,20324,21683
IR,RED,20315,21683
IR,RED,20317,21685
IR,RED,20306,21682
IR,RED,20313,21678
IR,RED,20311,21678
IR,RED,20307,21686
IR,RED,20307,21675
IR,RED,20312,21690
IR,RED,20306,21687
IR,RED,20311,21686
IR,RED,20317,21688
IR,RED,20301,21684
IR,RED,20312,21678
IR,RED,20305,21687
IR,RED,20307,21686
IR,RED,20303,21684
IR,RED,20300,21675
IR,RED,20305,21680
IR,RED,20307,21678
IR,RED,20310,21668
IR,RED,20305,21672
IR,RED,20299,21673
IR,RED,20308,21666
IR,RED,20302,21673
IR,RED,20296,21665
IR,RED,20296,21680
IR,RED,20300,21673
IR,RED,20298,21683
IR,RED,20302,21677
IR,RED,20299,21671
IR,RED,20294,21673
IR,RED,20296,21677
IR,RED,20299,21668
IR,RED,20301,21671
IR,RED,20293,21676
IR,RED,20300,21672
IR,RED,20311,21681
IR,RED,20307,21675
IR,RED,20298,21680
IR,RED,20308,21672
IR,RED,20304,21666
IR,RED,20288,21659
IR,RED,20288,21669
IR,RED,20295,21682
IR,RED,20299,21665
IR,RED,20292,21672
IR,RED,20291,21681
IR,RED,20298,21680
IR,RED,20302,21677
IR,RED,20289,21677
IR,RED,20305,21677
IR,RED,20293,21676
IR,RED,20290,21674
IR,RED,20301,21682
IR,RED,20297,21680
IR,RED,20291,21684
IR,RED,20290,21677
IR,RED,20292,21682
IR,RED,20281,21675
IR,RED,20294,21670
IR,RED,20288,21667
IR,RED,20284,21671
IR,RED,20287,21668
IR,RED,20295,21672
IR,RED,20280,21667
IR,RED,20284,21658
IR,RED,20284,21657
IR,RED,20292,21657
IR,RED,20279,21651
IR,RED,20284,21662
IR,RED,20275,21650
IR,RED,20281,21655
IR,RED,20273,21660
IR,RED,20280,21662
IR,RED,20281,21652
IR,RED,20274,21657
IR,RED,20280,21654
IR,RED,20282,21654
IR,RED,20274,21654
IR,RED,20270,21652
IR,RED,20278,21651
IR,RED,20282,21652
IR,RED,20279,21644
IR,RED,20281,21652
IR,RED,20276,21653
IR,RED,20278,21654
IR,RED,20291,21642
IR,RED,20270,21654
IR,RED,20282,21649
IR,RED,20261,21657
IR,RED,20278,21649
IR,RED,20276,21653
IR,RED,20265,21651
IR,RED,20269,21654
IR,RED,20276,21643
IR,RED,20272,21646
IR,RED,20275,21645
IR,RED,20265,21644
IR,RED,20261,21644
IR,RED,20263,21647
IR,RED,20264,21646
IR,RED,20266,21651
IR,RED,20261,21652
IR,RED,20261,21651
IR,RED,20265,21653
IR,RED,20260,21657
IR,RED,20265,21657
IR,RED,20260,21652
IR,RED,20262,21648
IR,RED,20267,21661
IR,RED,20260,21656
IR,RED,20252,21656
IR,RED,20264,21656
IR,RED,20264,21659
IR,RED,20267,21658
IR,RED,20271,21652
IR,RED,20274,21662
IR,RED,20267,21655
IR,RED,20268,21658
IR,RED,20259,21650
IR,RED,20271,21674
IR,RED,20260,21662
IR,RED,20259,21660
IR,RED,20265,21651
IR,RED,20263,21666
IR,RED,20271,21663
IR,RED,20269,21655
IR,RED,20265,21652
IR,RED,20276,21659
IR,RED,20266,21664
IR,RED,20272,21650
IR,RED,20271,21663
IR,RED,20267,21651
IR,RED,20261,21643
IR,RED,20270,21643
IR,RED,20256,21658
IR,RED,20263,21652
IR,RED,20268,21644
IR,RED,20265,21646
IR,RED,20261,21647
IR,RED,20267,21643
IR,RED,20264,21648
IR,RED,20259,21646
IR,RED,20254,21647
IR,RED,20268,21650
IR,RED,20264,21645
IR,RED,20270,21645
IR,RED,20262,21646
IR,RED,20266,21644
IR,RED,20260,21644
IR,RED,20264,21652
IR,RED,20260,21647
IR,RED,20268,21643
IR,RED,20267,21647
IR,RED,20271,21646
IR,RED,20254,21641
IR,RED,20269,21638
IR,RED,20254,21643
IR,RED,20263,21640
IR,RED,20251,21638
IR,RED,20272,21642
IR,RED,20262,21625
IR,RED,20260,21637
IR,RED,20257,21640
IR,RED,20253,21643
IR,RED,20258,21641
IR,RED,20257,21630
IR,RED,20249,21636
IR,RED,20259,21631
IR,RED,20263,21637
IR,RED,20255,21639
IR,RED,20262,21651
IR,RED,20258,21642
IR,RED,20265,21635
IR,RED,20258,21642
IR,RED,20252,21644
IR,RED,20263,21652
IR,RED,20257,21655
IR,RED,20266,21649
IR,RED,20258,21656
IR,RED,20262,21652
IR,RED,20268,21661
IR,RED,20263,21658
IR,RED,20260,21652
IR,RED,20271,21663
IR,RED,20259,21654
IR,RED,20271,21657
IR,RED,20267,21654
IR,RED,20263,21662
IR,RED,20269,21662
IR,RED,20269,21659
IR,RED,20272,21662
IR,RED,20271,21655
IR,RED,20267,21661
IR,RED,20266,21668
IR,RED,20277,21658
IR,RED,20274,21652
IR,RED,20268,21656
IR,RED,20278,21655
IR,RED,20270,21657
IR,RED,20273,21664
IR,RED,20271,21659
IR,RED,20271,21650
IR,RED,20275,21659
IR,RED,20273,21655
IR,RED,20274,21648
IR,RED,20262,21655
IR,RED,20273,21643
IR,RED,20261,21636
IR,RED,20266,21639
IR,RED,20257,21640
IR,RED,20266,21628
IR,RED,20264,21640
IR,RED,20257,21635
IR,RED,20262,21628
IR,RED,20262,21624
IR,RED,20260,21628
IR,RED,20256,21631
IR,RED,20247,21637
IR,RED,20259,21632
IR,RED,20257,21629
IR,RED,20270,21634
IR,RED,20249,21623
IR,RED,20255,21630
IR,RED,20261,21625
IR,RED,20262,21621
IR,RED,20260,21621
IR,RED,20254,21622
IR,RED,20251,21623
IR,RED,20261,21631
IR,RED,20253,21629
IR,RED,20245,21630
IR,RED,20252,21630
IR,RED,20245,21636
IR,RED,20237,21626
IR,RED,20243,21637
IR,RED,20251,21636
IR,RED,20256,21625
IR,RED,20254,21625
IR,RED,20247,21631
IR,RED,20250,21637
IR,RED,20247,21626
IR,RED,20249,21633
IR,RED,20257,21625
IR,RED,20247,21620
IR,RED,20251,21627
IR,RED,20251,21635
IR,RED,20260,21636
IR,RED,20252,21641
IR,RED,20254,21636
IR,RED,20253,21626
IR,RED,20253,21638
IR,RED,20249,21649
IR,RED,20268,21636
IR,RED,20257,21639
IR,RED,20258,21637
IR,RED,20258,21639
IR,RED,20255,21638
IR,RED,20257,21649
IR,RED,20262,21640
IR,RED,20256,21639
IR,RED,20261,21648
IR,RED,20263,21652
IR,RED,20262,21655
IR,RED,20254,21653
IR,RED,20259,21654
IR,RED,20260,21647
IR,RED,20257,21653
IR,RED,20260,21646
IR,RED,20258,21643
IR,RED,20260,21652
IR,RED,20249,21661
IR,RED,20250,21661
IR,RED,20264,21653
IR,RED,20265,21660
IR,RED,20267,21665
IR,RED,20268,21660
IR,RED,20258,21659
IR,RED,20260,21647
IR,RED,20261,21652
IR,RED,20257,21642
IR,RED,20258,21645
IR,RED,20258,21646
IR,RED,20253,21633
IR,RED,20257,21629
IR,RED,20255,21631
IR,RED,20243,21628
IR,RED,20253,21629
IR,RED,20251,21635
IR,RED,20262,21628
IR,RED,20257,21624
IR,RED,20251,21622
IR,RED,20242,21622
IR,RED,20251,21631
IR,RED,20251,21618
IR,RED,20252,21626
IR,RED,20239,21624
IR,RED,20242,21628
IR,RED,20249,21634
IR,RED,20249,21622
IR,RED,20248,21617
IR,RED,20249,21626
IR,RED,20244,21617
IR,RED,20243,21626
IR,RED,20238,21622
IR,RED,20246,21617
IR,RED,20240,21613
IR,RED,20240,21620
IR,RED,20246,21618
IR,RED,20250,21621
IR,RED,20246,21618
IR,RED,20238,21612
IR,RED,20245,21618
IR,RED,20250,21618
IR,RED,20242,21619
IR,RED,20246,21623
IR,RED,20245,21625
IR,RED,20245,21627
IR,RED,20245,21611
IR,RED,20245,21609
IR,RED,20239,21620
IR,RED,20239,21624
IR,RED,20250,21622
IR,RED,20244,21635
IR,RED,20239,21635
IR,RED,20240,21632
IR,RED,20245,21631
IR,RED,20232,21625
IR,RED,20242,21643
IR,RED,20239,21637
IR,RED,20247,21636
IR,RED,20243,21643
IR,RED,20244,21640
IR,RED,20257,21636
IR,RED,20242,21641
IR,RED,20244,21641
IR,RED,20235,21641
IR,RED,20246,21640
IR,RED,20244,21646
IR,RED,20246,21644
IR,RED,20245,21641
IR,RED,20244,21642
IR,RED,20248,21639
IR,RED,20238,21637
IR,RED,20254,21645
IR,RED,20243,21635
IR,RED,20243,21644
IR,RED,20241,21648
IR,RED,20236,21654
IR,RED,20252,21643
IR,RED,20244,21658
IR,RED,20243,21648
IR,RED,20247,21649
IR,RED,20247,21653
IR,RED,20243,21652
IR,RED,20245,21654
IR,RED,20249,21664
IR,RED,20247,21652
IR,RED,20252,21658
IR,RED,20248,21648
IR,RED,20249,21641
IR,RED,20235,21638
IR,RED,20246,21635
IR,RED,20255,21642
IR,RED,20241,21635
IR,RED,20241,21633
IR,RED,20257,21626
IR,RED,20249,21643
IR,RED,20244,21627
IR,RED,20241,21632
IR,RED,20235,21629
IR,RED,20242,21631
IR,RED,20244,21639
IR,RED,20243,21621
IR,RED,20251,21632
IR,RED,20254,21625
IR,RED,20252,21627
IR,RED,20247,21631
IR,RED,20239,21624
IR,RED,20249,21625
IR,RED,20237,21618
IR,RED,20245,21622
IR,RED,20243,21622
IR,RED,20252,21617
IR,RED,20245,21629
IR,RED,20246,21621
IR,RED,20240,21621
IR,RED,20247,21615
IR,RED,20245,21625
IR,RED,20242,21624
IR,RED,20234,21616
IR,RED,20242,21616
IR,RED,20253,21615
IR,RED,20237,21605
IR,RED,20236,21611
IR,RED,20235,21619
IR,RED,20237,21621
IR,RED,20244,21615
IR,RED,20242,21624
IR,RED,20252,21618
IR,RED,20240,21625
IR,RED,20247,21631
IR,RED,20245,21625
IR,RED,20229,21628
IR,RED,20243,21627
IR,RED,20242,21624
IR,RED,20245,21611
IR,RED,20243,21631
IR,RED,20233,21621
IR,RED,20244,21639
IR,RED,20256,21621
IR,RED,20244,21633
IR,RED,20256,21626
IR,RED,20245,21637
IR,RED,20238,21632
IR,RED,20245,21628
IR,RED,20249,21635
IR,RED,20246,21638
IR,RED,20251,21641
IR,RED,20257,21641
IR,RED,20254,21642
IR,RED,20250,21633
IR,RED,20252,21634
IR,RED,20266,21637
IR,RED,20259,21639
IR,RED,20252,21635
IR,RED,20252,21642
IR,RED,20255,21635
IR,RED,20242,21638
IR,RED,20253,21635
IR,RED,20260,21644
IR,RED,20255,21637
IR,RED,20251,21637
IR,RED,20262,21653
IR,RED,20254,21649
IR,RED,20256,21648
IR,RED,20259,21644
IR,RED,20245,21646
IR,RED,20245,21636
IR,RED,20240,21635
IR,RED,20250,21623
IR,RED,20232,21632
IR,RED,20245,21614
IR,RED,20247,21625
IR,RED,20236,21610
IR,RED,20246,21608
IR,RED,20239,21622
IR,RED,20236,21620
IR,RED,20234,21616
IR,RED,20227,21606
IR,RED,20230,21613
IR,RED,20239,21618
IR,RED,20239,21613
IR,RED,20245,21609
IR,RED,20239,21611
IR,RED,20237,21614
IR,RED,20240,21614
IR,RED,20239,21606
IR,RED,20231,21603
IR,RED,20235,21600
IR,RED,20240,21604
IR,RED,20235,21614
IR,RED,20230,21615
IR,RED,20224,21603
IR,RED,20232,21611
IR,RED,20237,21608
IR,RED,20234,21601
IR,RED,20235,21601
IR,RED,20241,21607
IR,RED,20231,21599
IR,RED,20231,21595
IR,RED,20233,21598
IR,RED,20238,21612
IR,RED,20227,21600
IR,RED,20214,21598
IR,RED,20222,21599
IR,RED,20226,21602
IR,RED,20228,21595
IR,RED,20236,21591
IR,RED,20231,21588
IR,RED,20225,21592
IR,RED,20220,21603
IR,RED,20227,21598
IR,RED,20228,21601
IR,RED,20220,21596
IR,RED,20225,21605
IR,RED,20229,21603
IR,RED,20226,21597
IR,RED,20227,21592
IR,RED,20227,21604
IR,RED,20216,21593
IR,RED,20226,21615
IR,RED,20226,21609
IR,RED,20225,21607
IR,RED,20219,21609
IR,RED,20227,21610
IR,RED,20226,21601
IR,RED,20234,21609
IR,RED,20218,21612
IR,RED,20230,21613
IR,RED,20223,21618
IR,RED,20223,21602
IR,RED,20220,21607
IR,RED,20225,21609
IR,RED,20221,21602
IR,RED,20219,21611
IR,RED,20224,21615
IR,RED,20225,21612
IR,RED,20224,21608
IR,RED,20223,21613
IR,RED,20219,21615
IR,RED,20220,21604
IR,RED,20216,21614
IR,RED,20229,21609
IR,RED,20225,21610
IR,RED,20231,21616
IR,RED,20223,21614
IR,RED,20222,21609
IR,RED,20221,21619
IR,RED,20217,21612
IR,RED,20216,21605
IR,RED,20218,21603
IR,RED,20218,21604
IR,RED,20216,21608
IR,RED,20215,21598
IR,RED,20225,21598
IR,RED,20212,21590
IR,RED,20217,21595
IR,RED,20212,21583
IR,RED,20204,21588
IR,RED,20216,21594
IR,RED,20209,21592
IR,RED,20215,21583
IR,RED,20205,21596
IR,RED,20207,21586
IR,RED,20206,21594
IR,RED,20209,21578
IR,RED,20213,21587
IR,RED,20207,21597
IR,RED,20208,21593
IR,RED,20211,21590
IR,RED,20202,21593
IR,RED,20205,21580
IR,RED,20208,21586
IR,RED,20213,21594
IR,RED,20208,21584
IR,RED,20200,21583
IR,RED,20207,21584
IR,RED,20201,21589
IR,RED,20198,21577
IR,RED,20203,21582
IR,RED,20203,21586
IR,RED,20195,21582
IR,RED,20203,21565
IR,RED,20203,21579
IR,RED,20202,21576
IR,RED,20189,21580
IR,RED,20202,21575
IR,RED,20205,21588
IR,RED,20201,21587
IR,RED,20204,21577
IR,RED,20191,21583
IR,RED,20205,21580
IR,RED,20202,21579
IR,RED,20200,21582
IR,RED,20195,21574
IR,RED,20197,21593
IR,RED,20197,21589
IR,RED,20195,21587
IR,RED,20201,21593
IR,RED,20205,21585
IR,RED,20195,21598
IR,RED,20201,21593
IR,RED,20201,21591
IR,RED,20201,21594
IR,RED,20204,21588
IR,RED,20201,21604
IR,RED,20202,21594
IR,RED,20202,21598
IR,RED,20199,21590
IR,RED,20208,21594
IR,RED,20198,21606
IR,RED,20210,21592
IR,RED,20208,21599
IR,RED,20209,21599
IR,RED,20205,21601
IR,RED,20204,21603
IR,RED,20207,21612
IR,RED,20203,21601
IR,RED,20197,21605
IR,RED,20200,21604
IR,RED,20205,21604
IR,RED,20198,21611
IR,RED,20210,21608
IR,RED,20208,21603
IR,RED,20196,21609
IR,RED,20195,21603
IR,RED,20195,21605
IR,RED,20209,21599
IR,RED,20210,21596
IR,RED,20204,21601
IR,RED,20202,21604
IR,RED,20198,21596
IR,RED,20199,21602
IR,RED,20191,21584
IR,RED,20193,21586
IR,RED,20195,21579
IR,RED,20192,21585
IR,RED,20191,21585
IR,RED,20191,21579
IR,RED,20199,21578
IR,RED,20201,21577
IR,RED,20190,21581
IR,RED,20189,21581
IR,RED,20193,21588
IR,RED,20189,21578
IR,RED,20179,21581
IR,RED,20188,21589
IR,RED,20188,21584
IR,RED,20194,21573
IR,RED,20189,21570
IR,RED,20192,21581
IR,RED,20182,21577
IR,RED,20189,21568
IR,RED,20191,21573
IR,RED,20191,21577
IR,RED,20187,21578
IR,RED,20194,21572
IR,RED,20191,21572
IR,RED,20181,21572
IR,RED,20187,21566
IR,RED,20196,21564
IR,RED,20184,21581
IR,RED,20182,21559
IR,RED,20182,21581
IR,RED,20179,21556
IR,RED,20195,21563
IR,RED,20196,21562
IR,RED,20190,21565
IR,RED,20188,21563
IR,RED,20188,21565
IR,RED,20188,21566
IR,RED,20194,21572
IR,RED,20187,21575
IR,RED,20190,21575
IR,RED,20188,21573
IR,RED,20185,21579
IR,RED,20189,21570
IR,RED,20189,21573
IR,RED,20181,21571
IR,RED,20187,21576
IR,RED,20183,21577
IR,RED,20194,21578
IR,RED,20196,21587
IR,RED,20194,21581
IR,RED,20195,21583
IR,RED,20195,21589
IR,RED,20194,21583
IR,RED,20192,21582
IR,RED,20200,21588
IR,RED,20189,21577
IR,RED,20189,21577
IR,RED,20189,21583
IR,RED,20193,21581
IR,RED,20194,21584
IR,RED,20198,21595
IR,RED,20182,21592
IR,RED,20187,21595
IR,RED,20187,21590
IR,RED,20190,21595
IR,RED,20195,21596
IR,RED,20196,21588
IR,RED,20202,21582
IR,RED,20201,21598
IR,RED,20194,21603
IR,RED,20191,21607
IR,RED,20184,21599
IR,RED,20198,21586
IR,RED,20188,21594
IR,RED,20197,21597
IR,RED,20194,21589
IR,RED,20182,21584
IR,RED,20189,21591
IR,RED,20197,21577
IR,RED,20180,21572
IR,RED,20180,21578
IR,RED,20187,21568
IR,RED,20186,21565
IR,RED,20183,21573
IR,RED,20185,21572
IR,RED,20176,21571
IR,RED,20175,21565
IR,RED,20180,21564
IR,RED,20181,21567
IR,RED,20167,21566
IR,RED,20171,21567
IR,RED,20174,21565
IR,RED,20182,21564
IR,RED,20176,21555
IR,RED,20172,21566
IR,RED,20172,21545
IR,RED,20169,21560
IR,RED,20168,21549
IR,RED,20167,21558
IR,RED,20177,21554
IR,RED,20155,21562
IR,RED,20172,21556
IR,RED,20166,21550
IR,RED,20178,21543
IR,RED,20166,21547
IR,RED,20168,21545
IR,RED,20164,21540
IR,RED,20165,21554
IR,RED,20169,21548
IR,RED,20165,21540
IR,RED,20167,21540
IR,RED,20170,21544
IR,RED,20166,21542
IR,RED,20168,21549
IR,RED,20167,21549
IR,RED,20166,21548
IR,RED,20153,21553
IR,RED,20164,21548
IR,RED,20161,21547
IR,RED,20158,21543
IR,RED,20156,21556
IR,RED,20162,21551
IR,RED,20169,21557
IR,RED,20178,21550
IR,RED,20167,21555
IR,RED,20170,21560
IR,RED,20170,21547
IR,RED,20166,21568
IR,RED,20169,21563
IR,RED,20168,21554
IR,RED,20176,21568
IR,RED,20174,21564
IR,RED,20180,21562
IR,RED,20177,21571
IR,RED,20181,21577
IR,RED,20173,21557
IR,RED,20179,21567
IR,RED,20182,21563
IR,RED,20178,21573
IR,RED,20179,21567
IR,RED,20180,21564
IR,RED,20176,21580
IR,RED,20182,21568
IR,RED,20187,21568
IR,RED,20181,21581
IR,RED,20180,21578
IR,RED,20176,21571
IR,RED,20177,21574
IR,RED,20173,21579
IR,RED,20182,21582
IR,RED,20180,21579
IR,RED,20184,21580
IR,RED,20176,21579
IR,RED,20174,21585
IR,RED,20176,21570
IR,RED,20178,21569
IR,RED,20170,21568
IR,RED,20180,21565
IR,RED,20175,21555
IR,RED,20167,21562
IR,RED,20173,21551
IR,RED,20165,21548
IR,RED,20163,21548
IR,RED,20162,21546
IR,RED,20161,21545
IR,RED,20157,21541
IR,RED,20162,21547
IR,RED,20153,21534
IR,RED,20153,21537
IR,RED,20152,21542
IR,RED,20147,21541
IR,RED,20149,21532
IR,RED,20143,21534
IR,RED,20155,21536
IR,RED,20151,21544
IR,RED,20159,21537
IR,RED,20149,21540
IR,RED,20152,21545
IR,RED,20151,21539
IR,RED,20157,21539
IR,RED,20158,21544
IR,RED,20168,21544
IR,RED,20157,21540
IR,RED,20158,21543
IR,RED,20156,21552
IR,RED,20155,21543
IR,RED,20150,21550
IR,RED,20148,21550
IR,RED,20153,21551
IR,RED,20166,21547
IR,RED,20162,21546
IR,RED,20146,21543
IR,RED,20146,21546
IR,RED,20146,21543
IR,RED,20144,21530
IR,RED,20148,21547
IR,RED,20143,21548
IR,RED,20145,21538
IR,RED,20149,21544
IR,RED,20148,21543
IR,RED,20149,21553
IR,RED,20153,21547
IR,RED,20156,21550
IR,RED,20149,21538
IR,RED,20146,21542
IR,RED,20146,21531
IR,RED,20149,21547
IR,RED,20154,21549
IR,RED,20151,21537
IR,RED,20151,21547
IR,RED,20137,21549
IR,RED,20143,21538
IR,RED,20145,21546
IR,RED,20143,21542
IR,RED,20139,21544
IR,RED,20135,21549
IR,RED,20142,21548
IR,RED,20133,21548
IR,RED,20149,21550
IR,RED,20151,21549
IR,RED,20151,21555
IR,RED,20138,21549
IR,RED,20142,21540
IR,RED,20138,21550
IR,RED,20139,21545
IR,RED,20142,21553
IR,RED,20153,21551
IR,RED,20143,21550
IR,RED,20143,21558
IR,RED,20140,21563
IR,RED,20145,21564
IR,RED,20137,21555
IR,RED,20128,21556
IR,RED,20136,21559
IR,RED,20147,21560
IR,RED,20147,21554
IR,RED,20157,21549
IR,RED,20135,21545
IR,RED,20132,21537
IR,RED,20133,21539
IR,RED,20128,21539
IR,RED,20116,21539
IR,RED,20133,21519
IR,RED,20129,21528
IR,RED,20124,21523
IR,RED,20122,21521
IR,RED,20137,21519
IR,RED,20125,21518
IR,RED,20115,21514
IR,RED,20118,21513
IR,RED,20115,21513
IR,RED,20123,21525
IR,RED,20127,21520
IR,RED,20124,21525
IR,RED,20115,21514
IR,RED,20114,21524
IR,RED,20116,21521
IR,RED,20122,21517
IR,RED,20118,21522
IR,RED,20119,21514
IR,RED,20114,21512
IR,RED,20118,21510
IR,RED,20119,21516
IR,RED,20120,21510
IR,RED,20119,21512
IR,RED,20110,21515
IR,RED,20120,21511
IR,RED,20120,21512
IR,RED,20109,21512
IR,RED,20122,21513
IR,RED,20113,21519
IR,RED,20118,21514
IR,RED,20115,21511
IR,RED,20108,21505
IR,RED,20106,21506
IR,RED,20107,21516
IR,RED,20109,21517
IR,RED,20109,21519
IR,RED,20112,21519
IR,RED,20114,21514
IR,RED,20122,21517
IR,RED,20110,21516
IR,RED,20116,21512
IR,RED,20110,21524
IR,RED,20111,21519
IR,RED,20116,21517
IR,RED,20112,21518
IR,RED,20101,21527
IR,RED,20111,21524
IR,RED,20115,21533
IR,RED,20122,21520
IR,RED,20110,21534
IR,RED,20118,21532
IR,RED,20117,21529
IR,RED,20112,21524
IR,RED,20116,21529
IR,RED,20126,21521
IR,RED,20120,21523
IR,RED,20123,21532
IR,RED,20124,21536
IR,RED,20127,21526
IR,RED,20126,21531
IR,RED,20126,21523
IR,RED,20120,21534
IR,RED,20123,21534
IR,RED,20128,21543
IR,RED,20127,21533
IR,RED,20120,21537
IR,RED,20115,21538
IR,RED,20130,21535
IR,RED,20127,21535
IR,RED,20129,21535
IR,RED,20126,21531
IR,RED,20121,21524
IR,RED,20119,21526
IR,RED,20123,21521
IR,RED,20120,21517
IR,RED,20109,21513
IR,RED,20113,21506
IR,RED,20116,21502
IR,RED,20125,21512
IR,RED,20118,21505
IR,RED,20118,21505
IR,RED,20109,21497
IR,RED,20100,21496
IR,RED,20107,21500
IR,RED,20108,21499
IR,RED,20103,21488
IR,RED,20112,21497
IR,RED,20105,21503
IR,RED,20107,21494
IR,RED,20103,21499
IR,RED,20111,21492
IR,RED,20103,21508
IR,RED,20098,21496
IR,RED,20103,21494
IR,RED,20100,21488
IR,RED,20101,21479
IR,RED,20107,21487
IR,RED,20095,21490
IR,RED,20096,21488
IR,RED,20092,21493
IR,RED,20092,21489
IR,RED,20094,21486
IR,RED,20095,21488
IR,RED,20084,21481
IR,RED,20099,21479
IR,RED,20095,21482
IR,RED,20095,21483
IR,RED,20089,21485
IR,RED,20096,21492
IR,RED,20094,21497
IR,RED,20093,21487
IR,RED,20097,21484
IR,RED,20103,21481
IR,RED,20095,21494
IR,RED,20095,21484
IR,RED,20093,21493
IR,RED,20100,21500
IR,RED,20094,21492
IR,RED,20101,21488
IR,RED,20099,21493
IR,RED,20099,21499
IR,RED,20093,21492
IR,RED,20090,21494
IR,RED,20093,21494
IR,RED,20097,21505
IR,RED,20106,21506
IR,RED,20107,21509
IR,RED,20105,21503
IR,RED,20103,21504
IR,RED,20106,21509
IR,RED,20104,21520
IR,RED,20111,21505
IR,RED,20102,21518
IR,RED,20105,21502
IR,RED,20110,21523
IR,RED,20105,21512
IR,RED,20101,21512
IR,RED,20103,21517
IR,RED,20105,21516
IR,RED,20104,21516
IR,RED,20106,21521
IR,RED,20105,21517
IR,RED,20111,21516
IR,RED,20117,21511
IR,RED,20110,21520
IR,RED,20116,21519
IR,RED,20112,21522
IR,RED,20110,21509
IR,RED,20112,21513
IR,RED,20097,21521
IR,RED,20109,21510
IR,RED,20109,21502
IR,RED,20109,21493
IR,RED,20095,21490
IR,RED,20100,21497
IR,RED,20093,21498
IR,RED,20105,21495
IR,RED,20091,21486
IR,RED,20100,21482
IR,RED,20092,21478
IR,RED,20099,21480
IR,RED,20099,21481
IR,RED,20101,21473
IR,RED,20099,21487
IR,RED,20093,21480
IR,RED,20089,21473
IR,RED,20092,21470
IR,RED,20090,21476
IR,RED,20092,21469
IR,RED,20084,21457
IR,RED,20088,21469
IR,RED,20096,21475
IR,RED,20093,21467
IR,RED,20087,21465
IR,RED,20087,21469
IR,RED,20084,21455
IR,RED,20077,21460
IR,RED,20090,21466
IR,RED,20085,21470
IR,RED,20085,21456
IR,RED,20080,21458
IR,RED,20080,21474
IR,RED,20083,21467
IR,RED,20089,21459
IR,RED,20085,21471
IR,RED,20082,21466
IR,RED,20079,21462
IR,RED,20078,21471
IR,RED,20076,21467
IR,RED,20079,21472
IR,RED,20080,21477
IR,RED,20083,21471
IR,RED,20085,21471
IR,RED,20084,21473
IR,RED,20081,21468
IR,RED,20081,21478
IR,RED,20078,21480
IR,RED,20089,21476
IR,RED,20089,21477
IR,RED,20095,21476
IR,RED,20090,21479
IR,RED,20091,21487
IR,RED,20095,21482
IR,RED,20082,21484
IR,RED,20095,21487
IR,RED,20090,21485
IR,RED,20096,21483
IR,RED,20095,21489
IR,RED,20091,21494
IR,RED,20093,21493
IR,RED,20093,21486
IR,RED,20090,21491
IR,RED,20100,21488
IR,RED,20098,21497
IR,RED,20092,21496
IR,RED,20102,21500
IR,RED,20092,21490
IR,RED,20092,21492
IR,RED,20096,21487
IR,RED,20093,21493
IR,RED,20087,21481
IR,RED,20098,21489
IR,RED,20082,21485
IR,RED,20101,21494
IR,RED,20094,21500
IR,RED,20105,21498
IR,RED,20104,21499
IR,RED,20094,21495
IR,RED,20089,21493
IR,RED,20093,21491
IR,RED,20086,21484
IR,RED,20089,21480
IR,RED,20086,21471
IR,RED,20093,21471
IR,RED,20081,21465
IR,RED,20077,21457
IR,RED,20081,21472
IR,RED,20074,21466
IR,RED,20071,21456
IR,RED,20080,21459
IR,RED,20076,21458
IR,RED,20068,21458
IR,RED,20072,21461
IR,RED,20061,21451
IR,RED,20063,21438
IR,RED,20053,21453
IR,RED,20059,21441
IR,RED,20052,21444
IR,RED,20050,21437
IR,RED,20052,21434
IR,RED,20059,21441
IR,RED,20044,21438
IR,RED,20050,21441
IR,RED,20045,21446
IR,RED,20041,21429
IR,RED,20029,21416
IR,RED,20033,21417
IR,RED,20025,21416
IR,RED,20024,21408
IR,RED,20035,21417
IR,RED,20046,21415
IR,RED,20042,21414
IR,RED,20036,21418
IR,RED,20040,21418
IR,RED,20044,21435
IR,RED,20041,21422
IR,RED,20046,21429
IR,RED,20030,21427
IR,RED,20026,21416
IR,RED,20036,21426
IR,RED,20036,21425
IR,RED,20035,21428
IR,RED,20029,21425
IR,RED,20041,21429
IR,RED,20037,21435
IR,RED,20035,21428
IR,RED,20035,21435
IR,RED,20036,21424
IR,RED,20027,21422
IR,RED,20034,21433
IR,RED,20037,21433
IR,RED,20030,21428
IR,RED,20039,21441
IR,RED,20043,21437
IR,RED,20032,21435
IR,RED,20038,21436
IR,RED,20035,21434
IR,RED,20032,21434
IR,RED,20035,21443
IR,RED,20038,21443
IR,RED,20039,21443
IR,RED,20027,21440
IR,RED,20039,21444
IR,RED,20031,21451
IR,RED,20037,21449
IR,RED,20040,21446
IR,RED,20038,21452
IR,RED,20038,21445
IR,RED,20037,21454
IR,RED,20021,21452
IR,RED,20041,21469
IR,RED,20042,21468
IR,RED,20047,21455
IR,RED,20051,21466
IR,RED,20057,21461
IR,RED,20047,21459
IR,RED,20046,21449
IR,RED,20035,21440
IR,RED,20028,21436
IR,RED,20032,21444
IR,RED,20028,21431
IR,RED,20023,21438
IR,RED,20030,21428
IR,RED,20035,21423
IR,RED,20022,21415
IR,RED,20022,21422
IR,RED,20016,21425
IR,RED,20011,21416
IR,RED,20023,21416
IR,RED,20031,21420
IR,RED,20015,21413
IR,RED,20016,21410
IR,RED,20016,21402
IR,RED,20014,21416
IR,RED,20017,21409
IR,RED,20018,21405
IR,RED,20014,21410
IR,RED,20021,21413
IR,RED,20015,21413
IR,RED,20012,21402
IR,RED,20017,21403
IR,RED,20010,21404
IR,RED,20005,21402
IR,RED,20010,21413
IR,RED,20002,21411
IR,RED,20014,21399
IR,RED,20014,21411
IR,RED,20012,21398
IR,RED,20019,21400
IR,RED,20015,21404
IR,RED,20008,21403
IR,RED,20008,21406
IR,RED,20018,21405
IR,RED,20001,21408
IR,RED,20000,21399
IR,RED,20011,21401
IR,RED,20009,21401
IR,RED,20014,21407
IR,RED,20010,21415
IR,RED,20013,21408
IR,RED,20009,21414
IR,RED,20015,21413
IR,RED,20007,21424
IR,RED,20017,21419
IR,RED,20013,21411
IR,RED,20017,21416
IR,RED,20013,21419
IR,RED,20022,21418
IR,RED,20016,21430
IR,RED,20030,21420
IR,RED,20029,21421
IR,RED,20019,21433
IR,RED,20021,21422
IR,RED,20025,21428
IR,RED,20026,21422
IR,RED,20022,21414
IR,RED,20027,21427
IR,RED,20022,21431
IR,RED,20028,21431
IR,RED,20036,21432
IR,RED,20028,21430
IR,RED,20019,21435
IR,RED,20031,21433
IR,RED,20023,21442
IR,RED,20022,21438
IR,RED,20027,21429
IR,RED,20013,21424
IR,RED,20015,21415
IR,RED,20013,21422
IR,RED,20011,21413
IR,RED,20013,21407
IR,RED,20012,21400
IR,RED,20015,21408
IR,RED,20012,21392
IR,RED,19999,21393
IR,RED,19998,21385
IR,RED,19994,21381
IR,RED,19993,21368
IR,RED,19987,21385
IR,RED,19996,21381
IR,RED,19995,21376
IR,RED,19991,21386
IR,RED,19989,21374
IR,RED,19989,21374
IR,RED,19978,21370
IR,RED,19971,21360
IR,RED,19983,21350
IR,RED,19972,21358
IR,RED,19990,21372
IR,RED,19983,21368
IR,RED,19985,21367
IR,RED,19982,21362
IR,RED,19988,21371
IR,RED,19989,21374
IR,RED,19984,21370
IR,RED,19985,21371
IR,RED,19979,21368
IR,RED,19975,21365
IR,RED,19972,21371
IR,RED,19980,21375
IR,RED,19977,21362
IR,RED,19977,21373
IR,RED,19971,21364
IR,RED,19976,21372
IR,RED,19976,21374
IR,RED,21421,21378
IR,RED,23101,21387
IR,RED,23094,21380
IR,RED,23099,21388
IR,RED,23099,21375
IR,RED,23100,21377
IR,RED,23099,21380
IR,RED,23100,21387
IR,RED,23105,21389
IR,RED,23095,21375
IR,RED,23107,21390
IR,RED,23107,21390
IR,RED,23104,21395
IR,RED,23104,21389
IR,RED,23106,21394
IR,RED,23110,21399
IR,RED,23099,21390
IR,RED,23108,21383
IR,RED,23117,21386
IR,RED,23108,21393
IR,RED,23111,21385
IR,RED,23112,21396
IR,RED,23104,21388
IR,RED,23106,21383
IR,RED,23100,21383
IR,RED,23092,21381
IR,RED,23090,21398
IR,RED,23093,21390
IR,RED,23093,21384
IR,RED,23092,21385
IR,RED,23101,21386
IR,RED,23098,21376
IR,RED,23101,21374
IR,RED,23072,21368
IR,RED,23078,21359
IR,RED,23078,21349
IR,RED,23073,21358
IR,RED,23085,21342
IR,RED,23070,21342
IR,RED,23066,21337
IR,RED,23071,21336
IR,RED,23057,21327
IR,RED,23065,21337
IR,RED,23055,21327
IR,RED,23047,21334
IR,RED,23052,21318
IR,RED,23051,21320
IR,RED,23052,21319
IR,RED,23053,21319
IR,RED,23060,21325
IR,RED,23046,21309
IR,RED,23044,21309
IR,RED,23044,21318
IR,RED,23040,21312
IR,RED,23046,21322
IR,RED,23045,21314
IR,RED,23044,21312
IR,RED,23041,21316
IR,RED,23054,21307
IR,RED,23050,21308
IR,RED,23049,21297
IR,RED,23046,21314
IR,RED,23037,21303
IR,RED,23048,21310
IR,RED,23043,21313
IR,RED,23044,21318
IR,RED,23053,21314
IR,RED,23047,21311
IR,RED,23039,21319
IR,RED,23048,21323
IR,RED,23039,21324
IR,RED,23046,21320
IR,RED,23048,21319
IR,RED,23052,21326
IR,RED,23044,21331
IR,RED,23052,21332
IR,RED,23059,21322
IR,RED,23056,21324
IR,RED,23048,21317
IR,RED,23054,21319
IR,RED,23047,21314
IR,RED,23051,21318
IR,RED,23060,21317
IR,RED,23054,21333
IR,RED,23062,21332
IR,RED,23062,21330
IR,RED,23056,21342
IR,RED,23059,21330
IR,RED,23057,21335
IR,RED,23061,21329
IR,RED,23059,21327
IR,RED,23058,21335
IR,RED,23066,21331
IR,RED,23059,21338
IR,RED,23067,21335
IR,RED,23065,21339
IR,RED,23067,21340
IR,RED,23076,21333
IR,RED,23070,21340
IR,RED,23066,21334
IR,RED,23063,21335
IR,RED,23072,21342
IR,RED,23077,21345
IR,RED,23074,21357
IR,RED,23068,21338
IR,RED,23068,21335
IR,RED,23067,21331
IR,RED,23055,21325
IR,RED,23048,21313
IR,RED,23056,21316
IR,RED,23052,21302
IR,RED,23055,21304
IR,RED,23048,21298
IR,RED,23046,21300
IR,RED,23044,21302
IR,RED,23031,21289
IR,RED,23037,21286
IR,RED,23040,21285
IR,RED,23039,21296
IR,RED,23046,21292
IR,RED,23033,21286
IR,RED,23040,21289
IR,RED,23037,21293
IR,RED,23023,21283
IR,RED,23028,21285
IR,RED,23022,21279
IR,RED,23018,21282
IR,RED,23029,21277
IR,RED,23026,21283
IR,RED,23031,21280
IR,RED,23025,21276
IR,RED,23022,21278
IR,RED,23037,21281
IR,RED,23029,21275
IR,RED,23039,21279
IR,RED,23035,21279
IR,RED,23033,21276
IR,RED,23030,21277
IR,RED,23029,21273
IR,RED,23017,21268
IR,RED,23016,21264
IR,RED,23027,21277
IR,RED,23023,21276
IR,RED,23024,21281
IR,RED,23024,21283
IR,RED,23027,21277
IR,RED,23022,21276
IR,RED,23028,21280
IR,RED,23013,21269
IR,RED,23014,21280
IR,RED,23030,21271
IR,RED,23020,21288
IR,RED,23010,21278
IR,RED,23017,21282
IR,RED,23020,21284
IR,RED,23015,21284
IR,RED,23021,21283
IR,RED,23023,21279
IR,RED,23027,21281
IR,RED,23018,21279
IR,RED,23019,21282
IR,RED,23025,21284
IR,RED,23020,21289
IR,RED,23027,21282
IR,RED,23026,21284
IR,RED,23020,21297
IR,RED,23027,21290
IR,RED,23033,21287
IR,RED,23019,21305
IR,RED,23034,21296
IR,RED,23023,21297
IR,RED,23015,21293
IR,RED,23017,21304
IR,RED,23029,21289
IR,RED,23038,21282
IR,RED,23027,21295
IR,RED,23034,21299
IR,RED,23041,21300
IR,RED,23026,21303
IR,RED,23035,21295
IR,RED,23030,21301
IR,RED,23037,21292
IR,RED,23032,21298
IR,RED,23029,21285
IR,RED,23021,21296
IR,RED,23026,21286
IR,RED,23018,21280
IR,RED,23011,21270
IR,RED,23008,21275
IR,RED,23014,21274
IR,RED,23009,21275
IR,RED,23008,21268
IR,RED,22997,21256
IR,RED,22998,21259
IR,RED,23012,21256
IR,RED,23004,21268
IR,RED,22999,21252
IR,RED,22991,21265
IR,RED,22990,21249
IR,RED,23000,21251
IR,RED,22994,21249
IR,RED,22981,21250
IR,RED,22979,21244
IR,RED,22984,21254
IR,RED,22979,21249
IR,RED,22987,21241
IR,RED,22992,21248
IR,RED,22993,21242
IR,RED,22993,21247
IR,RED,22982,21243
IR,RED,22987,21243
IR,RED,22992,21240
IR,RED,22982,21240
IR,RED,22984,21230
IR,RED,22984,21237
IR,RED,22975,21241
IR,RED,22992,21253
IR,RED,22986,21230
IR,RED,22992,21235
IR,RED,22970,21252
IR,RED,22979,21242
IR,RED,22982,21240
IR,RED,22980,21246
IR,RED,22974,21238
IR,RED,22981,21242
IR,RED,22973,21257
IR,RED,22971,21240
IR,RED,22975,21245
IR,RED,22984,21245
IR,RED,22976,21238
IR,RED,22976,21235
IR,RED,22986,21244
IR,RED,22983,21255
IR,RED,22991,21257
IR,RED,22990,21255
IR,RED,22993,21246
IR,RED,22986,21261
IR,RED,22985,21272
IR,RED,22992,21286
IR,RED,22998,21269
IR,RED,23011,21291
IR,RED,23012,21293
IR,RED,23020,21300
IR,RED,23009,21290
IR,RED,23018,21287
IR,RED,23013,21298
IR,RED,23013,21297
IR,RED,23021,21300
IR,RED,23025,21308
IR,RED,23036,21302
IR,RED,23036,21303
IR,RED,23027,21305
IR,RED,23028,21306
IR,RED,23034,21312
IR,RED,23025,21317
IR,RED,23018,21309
IR,RED,23041,21316
IR,RED,23029,21312
IR,RED,23038,21315
IR,RED,23039,21312
IR,RED,23046,21304
IR,RED,23028,21304
IR,RED,23032,21302
IR,RED,23040,21300
IR,RED,23047,21307
IR,RED,23037,21302
IR,RED,23036,21293
IR,RED,23035,21291
IR,RED,23031,21299
IR,RED,23045,21298
IR,RED,23046,21307
IR,RED,23044,21311
IR,RED,23034,21310
IR,RED,23041,21302
IR,RED,23033,21303
IR,RED,23032,21297
IR,RED,23031,21300
IR,RED,23026,21295
IR,RED,23020,21296
IR,RED,23028,21285
IR,RED,23031,21291
IR,RED,23028,21293
IR,RED,23034,21298
IR,RED,23025,21292
IR,RED,23025,21296
IR,RED,23031,21288
IR,RED,23023,21301
IR,RED,23018,21315
IR,RED,23027,21289
IR,RED,23003,21293
IR,RED,23018,21282
IR,RED,23010,21275
IR,RED,23021,21282
IR,RED,23009,21296
IR,RED,23014,21284
IR,RED,23020,21298
IR,RED,23018,21297
IR,RED,23016,21298
IR,RED,23017,21290
IR,RED,23019,21298
IR,RED,23030,21298
IR,RED,23018,21304
IR,RED,23022,21296
IR,RED,23028,21295
IR,RED,23023,21295
IR,RED,23028,21300
IR,RED,23041,21304
IR,RED,23032,21306
IR,RED,23037,21302
IR,RED,23040,21302
IR,RED,23039,21297
IR,RED,23030,21299
IR,RED,23033,21312
IR,RED,23034,21310
IR,RED,23032,21305
IR,RED,23047,21308
IR,RED,23036,21307
IR,RED,23051,21321
IR,RED,23038,21310
IR,RED,23040,21315
IR,RED,23041,21320
IR,RED,23049,21309
IR,RED,23040,21308
IR,RED,23055,21315
IR,RED,23036,21320
IR,RED,23051,21320
IR,RED,23037,21309
IR,RED,23045,21320
IR,RED,23037,21304
IR,RED,23051,21321
IR,RED,23036,21302
IR,RED,23029,21323
IR,RED,23026,21310
IR,RED,23036,21320
IR,RED,23036,21309
IR,RED,23031,21307
IR,RED,23029,21310
IR,RED,23032,21294
IR,RED,23035,21293
IR,RED,23025,21291
IR,RED,23026,21284
IR,RED,23024,21279
IR,RED,23015,21273
IR,RED,23018,21297
IR,RED,23008,21270
IR,RED,23013,21272
IR,RED,23011,21262
IR,RED,22996,21274
IR,RED,23004,21258
IR,RED,23002,21264
IR,RED,23002,21254
IR,RED,23000,21254
IR,RED,23007,21256
IR,RED,23008,21254
IR,RED,23005,21252
IR,RED,22997,21250
IR,RED,22998,21239
IR,RED,22991,21255
IR,RED,22992,21248
IR,RED,23003,21258
IR,RED,23005,21251
IR,RED,23001,21258
IR,RED,23009,21253
IR,RED,22997,21256
IR,RED,22998,21259
IR,RED,23000,21254
IR,RED,23000,21250
IR,RED,22999,21244
IR,RED,22990,21248
IR,RED,22998,21242
IR,RED,22996,21246
IR,RED,22996,21246
IR,RED,22983,21248
IR,RED,22977,21247
IR,RED,22981,21246
IR,RED,22970,21242
IR,RED,22970,21233
IR,RED,22956,21233
IR,RED,22950,21221
IR,RED,22961,21229
IR,RED,22966,21225
IR,RED,22974,21237
IR,RED,22963,21228
IR,RED,22963,21228
IR,RED,22966,21233
IR,RED,22965,21240
IR,RED,22979,21238
IR,RED,22967,21232
IR,RED,22967,21219
IR,RED,22972,21218
IR,RED,22961,21221
IR,RED,22955,21221
IR,RED,22960,21212
IR,RED,22971,21218
IR,RED,22972,21208
IR,RED,22961,21210
IR,RED,22952,21219
IR,RED,22944,21198
IR,RED,22945,21210
IR,RED,22940,21200
IR,RED,22927,21195
IR,RED,22934,21186
IR,RED,22929,21189
IR,RED,22915,21179
IR,RED,22913,21180
IR,RED,22906,21172
IR,RED,22902,21168
IR,RED,22902,21173
IR,RED,22904,21188
IR,RED,22900,21181
IR,RED,22908,21181
IR,RED,22916,21182
IR,RED,22912,21183
IR,RED,22920,21187
IR,RED,22931,21181
IR,RED,22930,21176
IR,RED,22933,21176
IR,RED,22940,21183
IR,RED,22933,21162
IR,RED,22948,21163
IR,RED,22943,21164
IR,RED,22934,21152
IR,RED,22941,21163
IR,RED,22940,21146
IR,RED,22940,21153
IR,RED,22940,21155
IR,RED,22945,21153
IR,RED,22937,21149
IR,RED,22937,21160
IR,RED,22932,21162
IR,RED,22943,21177
IR,RED,22930,21160
IR,RED,22937,21163
IR,RED,22937,21165
IR,RED,22937,21171
IR,RED,22928,21163
IR,RED,22923,21166
IR,RED,22923,21173
IR,RED,22911,21159
IR,RED,22917,21152
IR,RED,22908,21157
IR,RED,22924,21157
IR,RED,22903,21148
IR,RED,22904,21154
IR,RED,22901,21148
IR,RED,22920,21157
IR,RED,22917,21159
IR,RED,22906,21158
IR,RED,22913,21161
IR,RED,22907,21157
IR,RED,22900,21151
IR,RED,22900,21162
IR,RED,22903,21137
IR,RED,22890,21145
IR,RED,22894,21136
IR,RED,22898,21146
IR,RED,22901,21139
IR,RED,22901,21145
IR,RED,22903,21142
IR,RED,22912,21143
IR,RED,22897,21147
IR,RED,22906,21138
IR,RED,22898,21119
IR,RED,22894,21127
IR,RED,22899,21121
IR,RED,22894,21125
IR,RED,22898,21127
IR,RED,22909,21148
IR,RED,22911,21139
IR,RED,22905,21145
IR,RED,22904,21149
IR,RED,22899,21142
IR,RED,22901,21156
IR,RED,22908,21160
IR,RED,22903,21163
IR,RED,22910,21164
IR,RED,22905,21172
IR,RED,22902,21170
IR,RED,22908,21173
IR,RED,22910,21178
IR,RED,22899,21170
IR,RED,22895,21158
IR,RED,22886,21162
IR,RED,22883,21149
IR,RED,22880,21152
IR,RED,22892,21148
IR,RED,22876,21145
IR,RED,22881,21146
IR,RED,22884,21149
IR,RED,22879,21140
IR,RED,22884,21137
IR,RED,22882,21147
IR,RED,22876,21146
IR,RED,22882,21137
IR,RED,22881,21124
IR,RED,22865,21133
IR,RED,22875,21137
IR,RED,22873,21138
IR,RED,22874,21137
IR,RED,22869,21131
IR,RED,22868,21144
IR,RED,22884,21151
IR,RED,22886,21153
IR,RED,22884,21156
IR,RED,22883,21152
IR,RED,22880,21151
IR,RED,22871,21146
IR,RED,22869,21144
IR,RED,22870,21148
IR,RED,22874,21148
IR,RED,22860,21146
IR,RED,22868,21155
IR,RED,22871,21152
IR,RED,22871,21149
IR,RED,22885,21161
IR,RED,22876,21151
IR,RED,22875,21151
IR,RED,22872,21152
IR,RED,22871,21157
IR,RED,22872,21156
IR,RED,22877,21145
IR,RED,22875,21163
IR,RED,22865,21159
IR,RED,22872,21152
IR,RED,22879,21155
IR,RED,22871,21157
IR,RED,22871,21158
IR,RED,22869,21156
IR,RED,22870,21159
IR,RED,22869,21155
IR,RED,22873,21163
IR,RED,22876,21175
IR,RED,22863,21166
IR,RED,22874,21171
IR,RED,22876,21169
IR,RED,22876,21172
IR,RED,22871,21174
IR,RED,22879,21177
IR,RED,22884,21175
IR,RED,22871,21182
IR,RED,22874,21174
IR,RED,22880,21187
IR,RED,22873,21173
IR,RED,22877,21162
IR,RED,22872,21173
IR,RED,22882,21163
IR,RED,22878,21161
IR,RED,22878,21161
IR,RED,22882,21161
IR,RED,22873,21155
IR,RED,22877,21159
IR,RED,22873,21160
IR,RED,22873,21154
IR,RED,22863,21158
IR,RED,22871,21152
IR,RED,22867,21157
IR,RED,22873,21150
IR,RED,22867,21156
IR,RED,22864,21147
IR,RED,22863,21147
IR,RED,22871,21146
IR,RED,22869,21156
IR,RED,22865,21158
IR,RED,22860,21152
IR,RED,22876,21150
IR,RED,22873,21155
IR,RED,22870,21143
IR,RED,22860,21144
IR,RED,22866,21149
IR,RED,22869,21147
IR,RED,22866,21143
IR,RED,22858,21148
IR,RED,22873,21148
IR,RED,22859,21145
IR,RED,22859,21150
IR,RED,22861,21141
IR,RED,22865,21140
IR,RED,22860,21146
IR,RED,22860,21136
IR,RED,22864,21142
IR,RED,22862,21137
IR,RED,22857,21144
IR,RED,22858,21138
IR,RED,22848,21155
IR,RED,22859,21143
IR,RED,22849,21143
IR,RED,22847,21137
IR,RED,22854,21144
IR,RED,22852,21144
IR,RED,22844,21134
IR,RED,22843,21137
IR,RED,22848,21137
IR,RED,22839,21128
IR,RED,22829,21125
IR,RED,22828,21124
IR,RED,22823,21123
IR,RED,22838,21128
IR,RED,22829,21120
IR,RED,22827,21111
IR,RED,22824,21105
IR,RED,22814,21101
IR,RED,22799,21090
IR,RED,22801,21096
IR,RED,22798,21079
IR,RED,22800,21073
IR,RED,22791,21074
IR,RED,22784,21072
IR,RED,22779,21063
IR,RED,22776,21061
IR,RED,22780,21063
IR,RED,22785,21066
IR,RED,22783,21069
IR,RED,22780,21067
IR,RED,22780,21059
IR,RED,22782,21062
IR,RED,22772,21059
IR,RED,22774,21060
IR,RED,22772,21053
IR,RED,22778,21062
IR,RED,22769,21056
IR,RED,22782,21059
IR,RED,22776,21054
IR,RED,22789,21062
IR,RED,22778,21059
IR,RED,22785,21058
IR,RED,22787,21067
IR,RED,22780,21065
IR,RED,22785,21074
IR,RED,22805,21076
IR,RED,22798,21071
IR,RED,22790,21060
IR,RED,22788,21077
IR,RED,22793,21073
IR,RED,22799,21069
IR,RED,22803,21072
IR,RED,22801,21089
IR,RED,22802,21081
IR,RED,22797,21087
IR,RED,22805,21088
IR,RED,22809,21087
IR,RED,22812,21096
IR,RED,22810,21093
IR,RED,22809,21100
IR,RED,22814,21100
IR,RED,22811,21104
IR,RED,22804,21102
IR,RED,22826,21102
IR,RED,22817,21097
IR,RED,22817,21105
IR,RED,22816,21110
IR,RED,22814,21102
IR,RED,22815,21118
IR,RED,22827,21118
IR,RED,22821,21128
IR,RED,22825,21124
IR,RED,22830,21128
IR,RED,22839,21137
IR,RED,22828,21134
IR,RED,22837,21129
IR,RED,22833,21126
IR,RED,22825,21126
IR,RED,22837,21125
IR,RED,22830,21113
IR,RED,22826,21113
IR,RED,22818,21109
IR,RED,22815,21103
IR,RED,22813,21102
IR,RED,22806,21100
IR,RED,22803,21085
IR,RED,22803,21085
IR,RED,22795,21083
IR,RED,22807,21080
IR,RED,22803,21086
IR,RED,22806,21084
IR,RED,22796,21081
IR,RED,22805,21087
IR,RED,22797,21085
IR,RED,22782,21080
IR,RED,22796,21091
IR,RED,22783,21079
IR,RED,22793,21076
IR,RED,22799,21071
IR,RED,22794,21076
IR,RED,22804,21075
IR,RED,22793,21084
IR,RED,22789,21075
IR,RED,22801,21083
IR,RED,22793,21066
IR,RED,22796,21085
IR,RED,22799,21073
IR,RED,22794,21073
IR,RED,22800,21076
IR,RED,22794,21074
IR,RED,22794,21086
IR,RED,22798,21078
IR,RED,22801,21081
IR,RED,22793,21090
IR,RED,22801,21094
IR,RED,22794,21090
IR,RED,22815,21093
IR,RED,22807,21097
IR,RED,22808,21096
IR,RED,22809,21100
IR,RED,22801,21097
IR,RED,22811,21097
IR,RED,22801,21099
IR,RED,22810,21103
IR,RED,22813,21102
IR,RED,22811,21104
IR,RED,22819,21114
IR,RED,22812,21106
IR,RED,22822,21111
IR,RED,22819,21109
IR,RED,22826,21116
IR,RED,22824,21111
IR,RED,22818,21115
IR,RED,22820,21117
IR,RED,22815,21122
IR,RED,22836,21127
IR,RED,22824,21120
IR,RED,22839,21118
IR,RED,22840,21113
IR,RED,22831,21120
IR,RED,22827,21103
IR,RED,22825,21103
IR,RED,22825,21100
IR,RED,22811,21101
IR,RED,22813,21096
IR,RED,22816,21106
IR,RED,22817,21092
IR,RED,22817,21090
IR,RED,22814,21098
IR,RED,22816,21090
IR,RED,22812,21082
IR,RED,22803,21079
IR,RED,22810,21076
IR,RED,22808,21085
IR,RED,22805,21086
IR,RED,22810,21082
IR,RED,22816,21089
IR,RED,22814,21082
IR,RED,22811,21082
IR,RED,22809,21087
IR,RED,22798,21083
IR,RED,22810,21084
IR,RED,22802,21087
IR,RED,22812,21083
IR,RED,22805,21088
IR,RED,22807,21084
IR,RED,22811,21089
IR,RED,22807,21089
IR,RED,22814,21085
IR,RED,22808,21087
IR,RED,22817,21088
IR,RED,22805,21093
IR,RED,22822,21096
IR,RED,22815,21093
IR,RED,22822,21092
IR,RED,22823,21105
IR,RED,22823,21102
IR,RED,22826,21088
IR,RED,22816,21103
IR,RED,22819,21102
IR,RED,22825,21106
IR,RED,22808,21101
IR,RED,22819,21111
IR,RED,22829,21110
IR,RED,22827,21110
IR,RED,22836,21117
IR,RED,22838,21120
IR,RED,22843,21129
IR,RED,22835,21120
IR,RED,22841,21123
IR,RED,22840,21122
IR,RED,22832,21128
IR,RED,22841,21132
IR,RED,22830,21126
IR,RED,22828,21121
IR,RED,22843,21115
IR,RED,22840,21125
IR,RED,22837,21131
IR,RED,22848,21137
IR,RED,22854,21137
IR,RED,22845,21141
IR,RED,22854,21149
IR,RED,22848,21146
IR,RED,22845,21145
IR,RED,22856,21138
IR,RED,22849,21150
IR,RED,22847,21134
IR,RED,22850,21136
IR,RED,22843,21135
IR,RED,22855,21127
IR,RED,22848,21135
IR,RED,22846,21126
IR,RED,22847,21140
IR,RED,22851,21127
IR,RED,22841,21124
IR,RED,22850,21126
IR,RED,22839,21117
IR,RED,22839,21117
IR,RED,22847,21119
IR,RED,22845,21110
IR,RED,22847,21117
IR,RED,22838,21118
IR,RED,22841,21113
IR,RED,22845,21118
IR,RED,22836,21112
IR,RED,22844,21111
IR,RED,22841,21125
IR,RED,22859,21123
IR,RED,22845,21125
IR,RED,22851,21125
IR,RED,22852,21117
IR,RED,22842,21124
IR,RED,22840,21116
IR,RED,22853,21115
IR,RED,22849,21123
IR,RED,22854,21114
IR,RED,22846,21125
IR,RED,22843,21110
IR,RED,22847,21115
IR,RED,22845,21131
IR,RED,22846,21118
IR,RED,22847,21120
IR,RED,22845,21127
IR,RED,22852,21137
IR,RED,22849,21127
IR,RED,22846,21128
IR,RED,22850,21127
IR,RED,22849,21130
IR,RED,22846,21128
IR,RED,22852,21128
IR,RED,22848,21130
IR,RED,22854,21130
IR,RED,22857,21136
IR,RED,22851,21138
IR,RED,22848,21134
IR,RED,22850,21133
IR,RED,22850,21132
IR,RED,22859,21139
IR,RED,22852,21139
IR,RED,22860,21150
IR,RED,22843,21138
IR,RED,22855,21142
IR,RED,22857,21152
IR,RED,22863,21155
IR,RED,22861,21158
IR,RED,22852,21149
IR,RED,22868,21161
IR,RED,22865,21159
IR,RED,22865,21156
IR,RED,22869,21145
IR,RED,22863,21157
IR,RED,22862,21149
IR,RED,22868,21164
IR,RED,22871,21162
IR,RED,22873,21154
IR,RED,22870,21161
IR,RED,22866,21163
IR,RED,22860,21159
IR,RED,22867,21161
IR,RED,22866,21158
IR,RED,22870,21180
IR,RED,22881,21177
IR,RED,22875,21175
IR,RED,22874,21167
IR,RED,22870,21167
IR,RED,22863,21165
IR,RED,22854,21160
IR,RED,22869,21154
IR,RED,22854,21149
IR,RED,22860,21152
IR,RED,22860,21143
IR,RED,22871,21144
IR,RED,22863,21145
IR,RED,22861,21130
IR,RED,22868,21139
IR,RED,22869,21133
IR,RED,22852,21140
IR,RED,22861,21132
IR,RED,22848,21130
IR,RED,22858,21125
IR,RED,22854,21137
IR,RED,22851,21139
IR,RED,22859,21130
IR,RED,22859,21135
IR,RED,22853,21141
IR,RED,22850,21128
IR,RED,22859,21120
IR,RED,22855,21134
IR,RED,22853,21135
IR,RED,22852,21133
IR,RED,22859,21133
IR,RED,22855,21141
IR,RED,22863,21126
IR,RED,22852,21128
IR,RED,22857,21132
IR,RED,22855,21134
IR,RED,22857,21131
IR,RED,22864,21128
IR,RED,22854,21147
IR,RED,22859,21139
IR,RED,22861,21134
IR,RED,22859,21147
IR,RED,22856,21146
IR,RED,22858,21138
IR,RED,22857,21136
IR,RED,22856,21153
IR,RED,22857,21146
IR,RED,22873,21149
IR,RED,22858,21155
IR,RED,22856,21156
IR,RED,22855,21153
IR,RED,22853,21154
IR,RED,22849,21157
IR,RED,22860,21156
IR,RED,22862,21158
IR,RED,22858,21153
IR,RED,22856,21159
IR,RED,22866,21156
IR,RED,22874,21166
IR,RED,22867,21168
IR,RED,22869,21176
IR,RED,22875,21170
IR,RED,22868,21173
IR,RED,22867,21176
IR,RED,22875,21165
IR,RED,22883,21169
IR,RED,22878,21163
IR,RED,22883,21171
IR,RED,22878,21173
IR,RED,22883,21172
IR,RED,22887,21171
IR,RED,22893,21181
IR,RED,22884,21188
IR,RED,22882,21193
IR,RED,22875,21189
IR,RED,22881,21191
IR,RED,22886,21192
IR,RED,22885,21197
IR,RED,22884,21196
IR,RED,22894,21200
IR,RED,22880,21195
IR,RED,22889,21199
IR,RED,22887,21199
IR,RED,22892,21196
IR,RED,22895,21208
IR,RED,22897,21192
IR,RED,22899,21207
IR,RED,22893,21209
IR,RED,22896,21206
IR,RED,22895,21207
IR,RED,22890,21211
IR,RED,22883,21192
IR,RED,22891,21194
IR,RED,22890,21192
IR,RED,22894,21189
IR,RED,22882,21183
IR,RED,22891,21184
IR,RED,22889,21178
IR,RED,22883,21194
IR,RED,22900,21181
IR,RED,22886,21191
IR,RED,22890,21186
IR,RED,22902,21175
IR,RED,22894,21199
IR,RED,22891,21191
IR,RED,22884,21182
IR,RED,22895,21192
IR,RED,22888,21183
IR,RED,22878,21183
IR,RED,22892,21193
IR,RED,22897,21182
IR,RED,22897,21189
IR,RED,22894,21185
IR,RED,22894,21181
IR,RED,22894,21196
IR,RED,22892,21194
IR,RED,22897,21189
IR,RED,22901,21193
IR,RED,22893,21184
IR,RED,22883,21185
IR,RED,22884,21183
IR,RED,22893,21180
IR,RED,22887,21181
IR,RED,22882,21177
IR,RED,22895,21181
IR,RED,22893,21189
IR,RED,22890,21185
IR,RED,22889,21189
IR,RED,22892,21197
IR,RED,22891,21196
IR,RED,22908,21201
IR,RED,22909,21199
IR,RED,22904,21207
IR,RED,22907,21201
IR,RED,22910,21206
IR,RED,22914,21208
IR,RED,22900,21205
IR,RED,22910,21209
IR,RED,22909,21203
IR,RED,22919,21207
IR,RED,22908,21218
IR,RED,22915,21221
IR,RED,22923,21219
IR,RED,22914,21226
IR,RED,22923,21220
IR,RED,22932,21217
IR,RED,22933,21232
IR,RED,22930,21230
IR,RED,22926,21231
IR,RED,22930,21226
IR,RED,22929,21240
IR,RED,22928,21237
IR,RED,22925,21256
IR,RED,22937,21250
IR,RED,22928,21241
IR,RED,22920,21235
IR,RED,22925,21238
IR,RED,22924,21245
IR,RED,22925,21245
IR,RED,22922,21237
IR,RED,22921,21237
IR,RED,22927,21242
IR,RED,22925,21250
IR,RED,22933,21248
IR,RED,22923,21250
IR,RED,22928,21249
IR,RED,22933,21255
IR,RED,22946,21255
IR,RED,22935,21253
IR,RED,22940,21255
IR,RED,22938,21258
IR,RED,22926,21256
IR,RED,22924,21266
IR,RED,22937,21263
IR,RED,22931,21259
IR,RED,22942,21254
IR,RED,22931,21253
IR,RED,22944,21253
IR,RED,22938,21245
IR,RED,22927,21254
IR,RED,22925,21234
IR,RED,22931,21237
IR,RED,22922,21235
IR,RED,22929,21238
IR,RED,22929,21238
IR,RED,22932,21224
IR,RED,22926,21233
IR,RED,22921,21229
IR,RED,22924,21234
IR,RED,22914,21235
IR,RED,22931,21231
IR,RED,22930,21233
IR,RED,22931,21223
IR,RED,22932,21229
IR,RED,22923,21235
IR,RED,22929,21235
IR,RED,22928,21235
IR,RED,22927,21223
IR,RED,22930,21229
IR,RED,22922,21231
IR,RED,22923,21232
IR,RED,22926,21235
IR,RED,22916,21223
IR,RED,22925,21230
IR,RED,22927,21230
IR,RED,22925,21228
IR,RED,22925,21230
IR,RED,22922,21232
IR,RED,22925,21231
IR,RED,22933,21222
IR,RED,22934,21230
IR,RED,22930,21221
IR,RED,22927,21242
IR,RED,22928,21232
IR,RED,22924,21235
IR,RED,22932,21237
IR,RED,22924,21239
IR,RED,22936,21239
IR,RED,22934,21242
IR,RED,22931,21245
IR,RED,22922,21246
IR,RED,22938,21248
IR,RED,22929,21240
IR,RED,22933,21254
IR,RED,22925,21249
IR,RED,22928,21239
IR,RED,22937,21251
IR,RED,22940,21245
IR,RED,22937,21254
IR,RED,22936,21258
IR,RED,22937,21239
IR,RED,22935,21260
IR,RED,22949,21257
IR,RED,22932,21258
IR,RED,22944,21252
IR,RED,22946,21262
IR,RED,22953,21265
IR,RED,22951,21268
IR,RED,22950,21273
IR,RED,22953,21264
IR,RED,22956,21270
IR,RED,22950,21275
IR,RED,22949,21267
IR,RED,22959,21275
IR,RED,22970,21277
IR,RED,22966,21273
IR,RED,22956,21272
IR,RED,22959,21286
IR,RED,22960,21278
IR,RED,22963,21281
IR,RED,22960,21280
IR,RED,22961,21287
IR,RED,22956,21288
IR,RED,22948,21297
IR,RED,22961,21293
IR,RED,22957,21284
IR,RED,22966,21296
IR,RED,22958,21299
IR,RED,22954,21295
IR,RED,22960,21299
IR,RED,22956,21289
IR,RED,22969,21283
IR,RED,22956,21278
IR,RED,22959,21281
IR,RED,22943,21277
IR,RED,22947,21269
IR,RED,22954,21265
IR,RED,22949,21271
IR,RED,22951,21266
IR,RED,22942,21259
IR,RED,22953,21261
IR,RED,22950,21268
IR,RED,22941,21265
IR,RED,22942,21271
IR,RED,22948,21269
IR,RED,22954,21270
IR,RED,22954,21266
IR,RED,22940,21261
IR,RED,22947,21262
IR,RED,22951,21260
IR,RED,22945,21264
IR,RED,22948,21265
IR,RED,22955,21263
IR,RED,22947,21259
IR,RED,22934,21263
IR,RED,22945,21264
IR,RED,22949,21260
IR,RED,22952,21268
IR,RED,22942,21269
IR,RED,22949,21259
IR,RED,22940,21251
IR,RED,22953,21264
IR,RED,22947,21277
IR,RED,22951,21259
IR,RED,22952,21276
IR,RED,22946,21275
IR,RED,22941,21264
IR,RED,22939,21255
IR,RED,22945,21268
IR,RED,22948,21261
IR,RED,22956,21265
IR,RED,22953,21266
IR,RED,22950,21266
IR,RED,22963,21274
IR,RED,22958,21283
IR,RED,22959,21281
IR,RED,22959,21281
IR,RED,22962,21283
IR,RED,22945,21281
IR,RED,22948,21280
IR,RED,22954,21280
IR,RED,22950,21280
IR,RED,22946,21285
IR,RED,22952,21299
IR,RED,22960,21283
IR,RED,22955,21291
IR,RED,22960,21285
IR,RED,22962,21294
IR,RED,22960,21290
IR,RED,22946,21295
IR,RED,22960,21303
IR,RED,22963,21287
IR,RED,22959,21305
IR,RED,22957,21299
IR,RED,22973,21300
IR,RED,22959,21298
IR,RED,22962,21293
IR,RED,22965,21304
IR,RED,22963,21305
IR,RED,22962,21303
IR,RED,22955,21314
IR,RED,22963,21308
IR,RED,22972,21310
IR,RED,22983,21312
IR,RED,22968,21314
IR,RED,22973,21318
IR,RED,22967,21320
IR,RED,22979,21321
IR,RED,22982,21323
IR,RED,22972,21318
IR,RED,22974,21305
IR,RED,22981,21324
IR,RED,22977,21319
IR,RED,22969,21324
IR,RED,22976,21319
IR,RED,22969,21336
IR,RED,22980,21315
IR,RED,22980,21317
IR,RED,22978,21309
IR,RED,22985,21313
IR,RED,22967,21310
IR,RED,22960,21305
IR,RED,22958,21297
IR,RED,22965,21293
IR,RED,22962,21298
IR,RED,22967,21297
IR,RED,22960,21303
IR,RED,22968,21294
IR,RED,22966,21303
IR,RED,22966,21293
IR,RED,22961,21289
IR,RED,22977,21293
IR,RED,22960,21289
IR,RED,22961,21291
IR,RED,22981,21291
IR,RED,22963,21296
IR,RED,22963,21296
IR,RED,22960,21294
IR,RED,22952,21305
IR,RED,22947,21300
IR,RED,22957,21294
IR,RED,22952,21292
IR,RED,22949,21298
IR,RED,22960,21308
IR,RED,22962,21299
IR,RED,22958,21290
IR,RED,22956,21299
IR,RED,22960,21292
IR,RED,22960,21289
IR,RED,22962,21295
IR,RED,22968,21292
IR,RED,22967,21289
IR,RED,22960,21293
IR,RED,22963,21290
IR,RED,22960,21285
IR,RED,22957,21291
IR,RED,22952,21296
IR,RED,22966,21294
IR,RED,22956,21298
IR,RED,22955,21297
IR,RED,22948,21300
IR,RED,22958,21295
IR,RED,22952,21303
IR,RED,22961,21293
IR,RED,22956,21299
IR,RED,22953,21301
IR,RED,22955,21306
IR,RED,22956,21312
IR,RED,22963,21308
IR,RED,22959,21312
IR,RED,22964,21316
IR,RED,22959,21318
IR,RED,22967,21316
IR,RED,22957,21312
IR,RED,22951,21321
IR,RED,22965,21310
IR,RED,22967,21316
IR,RED,22971,21312
IR,RED,22957,21319
IR,RED,22959,21316
IR,RED,22968,21320
IR,RED,22970,21322
IR,RED,22975,21321
IR,RED,22978,21322
IR,RED,22966,21321
IR,RED,22975,21319
IR,RED,22977,21323
IR,RED,22979,21329
IR,RED,22986,21313
IR,RED,22986,21323
IR,RED,22978,21325
IR,RED,22983,21329
IR,RED,22982,21334
IR,RED,22977,21329
IR,RED,22967,21334
IR,RED,22973,21341
IR,RED,22972,21335
IR,RED,22977,21338
IR,RED,22972,21334
IR,RED,22978,21333
IR,RED,22971,21338
IR,RED,22965,21336
IR,RED,22969,21328
IR,RED,22961,21325
IR,RED,22957,21325
IR,RED,22964,21319
IR,RED,22963,21322
IR,RED,22970,21312
IR,RED,22975,21306
IR,RED,22969,21306
IR,RED,22967,21309
IR,RED,22965,21313
IR,RED,22962,21303
IR,RED,22959,21304
IR,RED,22962,21317
IR,RED,22966,21312
IR,RED,22971,21305
IR,RED,22963,21312
IR,RED,22955,21303
IR,RED,22968,21308
IR,RED,22963,21310
IR,RED,22968,21322
IR,RED,22972,21299
IR,RED,22964,21308
IR,RED,22969,21311
IR,RED,22964,21308
IR,RED,22975,21306
IR,RED,22973,21300
IR,RED,22964,21297
IR,RED,22963,21301
IR,RED,22964,21317
IR,RED,22961,21314
IR,RED,22962,21295
IR,RED,22956,21310
IR,RED,22952,21299
IR,RED,22959,21306
IR,RED,22960,21294
IR,RED,22957,21300
IR,RED,22963,21299
IR,RED,22965,21302
IR,RED,22967,21306
IR,RED,22964,21298
IR,RED,22969,21300
IR,RED,22960,21310
IR,RED,22955,21313
IR,RED,22963,21314
IR,RED,22963,21296
IR,RED,22971,21307
IR,RED,22967,21316
IR,RED,22965,21319
IR,RED,22964,21316
IR,RED,22970,21307
IR,RED,22971,21306
IR,RED,22962,21320
IR,RED,22963,21320
IR,RED,22956,21327
IR,RED,22955,21320
IR,RED,22955,21320
IR,RED,22966,21323
IR,RED,22967,21319
IR,RED,22961,21327
IR,RED,22961,21317
IR,RED,22968,21316
IR,RED,22957,21315
IR,RED,22975,21322
IR,RED,22978,21331
IR,RED,22973,21327
IR,RED,22969,21327
IR,RED,22974,21333
IR,RED,22967,21337
IR,RED,22976,21326
IR,RED,22976,21331
IR,RED,22968,21331
IR,RED,22979,21329
IR,RED,22982,21322
IR,RED,22971,21338
IR,RED,22980,21337
IR,RED,22967,21348
IR,RED,22988,21343
IR,RED,22980,21339
IR,RED,22986,21340
IR,RED,22974,21342
IR,RED,22967,21332
IR,RED,22985,21324
IR,RED,22971,21326
IR,RED,22966,21310
IR,RED,22977,21308
IR,RED,22960,21308
IR,RED,22976,21312
IR,RED,22968,21312
IR,RED,22968,21316
IR,RED,22962,21308
IR,RED,22978,21304
IR,RED,22965,21306
IR,RED,22965,21308
IR,RED,22955,21307
IR,RED,22961,21306
IR,RED,22961,21313
IR,RED,22968,21316
IR,RED,22969,21314
IR,RED,22963,21317
IR,RED,22966,21302
IR,RED,22959,21305
IR,RED,22961,21315
IR,RED,22956,21319
IR,RED,22954,21319
IR,RED,22958,21310
IR,RED,22954,21308
IR,RED,22964,21319
IR,RED,22952,21308
IR,RED,22966,21306
IR,RED,22962,21311
IR,RED,22973,21307
IR,RED,22953,21305
IR,RED,22965,21301
IR,RED,22959,21310
IR,RED,22964,21306
IR,RED,22956,21310
IR,RED,22970,21310
IR,RED,22961,21303
IR,RED,22970,21311
IR,RED,22959,21305
IR,RED,22969,21322
IR,RED,22969,21315
IR,RED,22970,21320
IR,RED,22969,21323
IR,RED,22966,21323
IR,RED,22962,21307
IR,RED,22959,21327
IR,RED,22964,21317
IR,RED,22962,21317
IR,RED,22962,21318
IR,RED,22971,21309
IR,RED,22967,21313
IR,RED,22969,21311
IR,RED,22962,21311
IR,RED,22967,21323
IR,RED,22964,21320
IR,RED,22973,21317
IR,RED,22968,21320
IR,RED,22963,21317
IR,RED,22965,21320
IR,RED,22971,21319
IR,RED,22978,21317
IR,RED,22965,21322
IR,RED,22971,21326
IR,RED,22964,21321
IR,RED,22972,21326
IR,RED,22968,21329
IR,RED,22969,21326
IR,RED,22970,21322
IR,RED,22970,21324
IR,RED,22963,21326
IR,RED,22972,21326
IR,RED,22960,21336
IR,RED,22967,21343
IR,RED,22968,21337
IR,RED,22977,21340
IR,RED,22972,21342
IR,RED,22975,21343
IR,RED,22970,21339
IR,RED,22970,21332
IR,RED,22962,21332
IR,RED,22974,21327
IR,RED,22965,21322
IR,RED,22965,21313
IR,RED,22958,21308
IR,RED,22960,21311
IR,RED,22968,21312
IR,RED,22960,21295
IR,RED,22957,21308
IR,RED,22954,21301
IR,RED,22960,21304
IR,RED,22964,21299
IR,RED,22957,21300
IR,RED,22955,21299
IR,RED,22950,21302
IR,RED,22955,21307
IR,RED,22948,21303
IR,RED,22955,21303
IR,RED,22957,21312
IR,RED,22954,21306
IR,RED,22950,21307
IR,RED,22957,21306
IR,RED,22948,21307
IR,RED,22952,21311
IR,RED,22955,21306
IR,RED,22956,21307
IR,RED,22948,21299
IR,RED,22944,21290
IR,RED,22947,21308
IR,RED,22950,21303
IR,RED,22947,21293
IR,RED,22944,21301
IR,RED,22953,21294
IR,RED,22951,21297
IR,RED,22947,21300
IR,RED,22944,21301
IR,RED,22942,21294
IR,RED,22942,21295
IR,RED,22938,21299
IR,RED,22947,21305
IR,RED,22942,21302
IR,RED,22940,21300
IR,RED,22931,21304
IR,RED,22948,21301
IR,RED,22955,21308
IR,RED,22951,21300
IR,RED,22942,21312
IR,RED,22938,21307
IR,RED,22946,21319
IR,RED,22950,21302
IR,RED,22944,21311
IR,RED,22943,21316
IR,RED,22934,21306
IR,RED,22945,21304
IR,RED,22948,21311
IR,RED,22944,21317
IR,RED,22950,21315
IR,RED,22956,21318
IR,RED,22955,21314
IR,RED,22957,21312
IR,RED,22951,21315
IR,RED,22950,21316
IR,RED,22947,21316
IR,RED,22947,21316
IR,RED,22954,21313
IR,RED,22942,21321
IR,RED,22950,21320
IR,RED,22950,21324
IR,RED,22950,21330
IR,RED,22950,21321
IR,RED,22954,21317
IR,RED,22951,21324
IR,RED,22947,21328
IR,RED,22958,21325
IR,RED,22950,21315
IR,RED,22955,21322
IR,RED,22948,21320
IR,RED,22945,21324
IR,RED,22950,21323
IR,RED,22942,21310
IR,RED,22941,21320
IR,RED,22934,21298
IR,RED,22942,21302
IR,RED,22938,21297
IR,RED,22936,21288
IR,RED,22939,21300
IR,RED,22939,21295
IR,RED,22938,21298
IR,RED,22937,21284
IR,RED,22936,21301
IR,RED,22931,21283
IR,RED,22942,21277
IR,RED,22934,21282
IR,RED,22938,21289
IR,RED,22933,21291
IR,RED,22934,21294
IR,RED,22934,21278
IR,RED,22935,21280
IR,RED,22926,21275
IR,RED,22926,21282
IR,RED,22922,21291
IR,RED,22931,21295
IR,RED,22938,21278
IR,RED,22926,21288
IR,RED,22916,21286
IR,RED,22921,21287
IR,RED,22922,21297
IR,RED,22924,21275
IR,RED,22926,21287
IR,RED,22929,21280
IR,RED,22921,21281
IR,RED,22920,21284
IR,RED,22923,21275
IR,RED,22929,21281
IR,RED,22933,21292
IR,RED,22922,21277
IR,RED,22929,21290
IR,RED,22926,21283
IR,RED,22925,21282
IR,RED,22925,21290
IR,RED,22924,21284
IR,RED,22926,21290
IR,RED,22928,21279
IR,RED,22921,21281
IR,RED,22925,21286
IR,RED,22917,21290
IR,RED,22927,21289
IR,RED,22928,21280
IR,RED,22928,21283
IR,RED,22922,21290
IR,RED,22921,21296
IR,RED,22925,21289
IR,RED,22927,21286
IR,RED,22927,21300
IR,RED,22929,21291
IR,RED,22931,21294
IR,RED,22933,21306
IR,RED,22927,21303
IR,RED,22930,21304
IR,RED,22918,21295
IR,RED,22937,21300
IR,RED,22933,21300
IR,RED,22934,21310
IR,RED,22938,21297
IR,RED,22930,21306
IR,RED,22927,21303
IR,RED,22937,21304
IR,RED,22934,21296
IR,RED,22928,21303
IR,RED,22940,21309
IR,RED,22939,21300
IR,RED,22937,21320
IR,RED,22933,21310
IR,RED,22928,21301
IR,RED,22931,21304
IR,RED,22929,21301
IR,RED,22932,21294
IR,RED,22919,21307
IR,RED,22940,21286
IR,RED,22923,21291
IR,RED,22917,21290
IR,RED,22920,21281
IR,RED,22924,21265
IR,RED,22905,21272
IR,RED,22910,21275
IR,RED,22905,21276
IR,RED,22909,21279
IR,RED,22923,21277
IR,RED,22915,21271
IR,RED,22903,21268
IR,RED,22906,21267
IR,RED,22911,21279
IR,RED,22909,21271
IR,RED,22908,21268
IR,RED,22911,21264
IR,RED,22918,21267
IR,RED,22907,21271
IR,RED,22912,21255
IR,RED,22911,21262
IR,RED,22912,21262
IR,RED,22911,21279
IR,RED,22911,21258
IR,RED,22910,21255
IR,RED,22903,21263
IR,RED,22908,21259
IR,RED,22898,21249
IR,RED,22901,21256
IR,RED,22901,21256
IR,RED,22903,21253
IR,RED,22903,21254
IR,RED,22905,21251
IR,RED,22892,21250
IR,RED,22909,21257
IR,RED,22910,21249
IR,RED,22913,21253
IR,RED,22901,21242
IR,RED,22908,21264
IR,RED,22903,21255
IR,RED,22900,21246
IR,RED,22907,21247
IR,RED,22901,21257
IR,RED,22890,21255
IR,RED,22889,21263
IR,RED,22908,21264
IR,RED,22904,21261
IR,RED,22897,21257
IR,RED,22899,21269
IR,RED,22900,21266
IR,RED,22904,21270
IR,RED,22908,21271
IR,RED,22909,21269
IR,RED,22903,21280
IR,RED,22904,21275
IR,RED,22901,21261
IR,RED,22898,21268
IR,RED,22903,21269
IR,RED,22913,21267
IR,RED,22900,21272
IR,RED,22909,21269
IR,RED,22914,21276
IR,RED,22911,21267
IR,RED,22910,21266
IR,RED,22915,21275
IR,RED,22915,21271
IR,RED,22916,21264
IR,RED,22916,21267
IR,RED,22916,21268
IR,RED,22918,21272
IR,RED,22912,21274
IR,RED,22911,21275
IR,RED,22908,21277
IR,RED,22908,21285
IR,RED,22903,21268
IR,RED,22907,21259
IR,RED,22901,21252
IR,RED,22899,21249
IR,RED,22904,21253
IR,RED,22903,21254
IR,RED,22904,21257
IR,RED,22892,21238
IR,RED,22905,21250
IR,RED,22896,21245
IR,RED,22896,21241
IR,RED,22896,21238
IR,RED,22895,21242
IR,RED,22888,21236
IR,RED,22878,21235
IR,RED,22895,21246
IR,RED,22894,21240
IR,RED,22886,21236
IR,RED,22882,21235
IR,RED,22880,21245
IR,RED,22886,21238
IR,RED,22876,21238
IR,RED,22886,21242
IR,RED,22880,21241
IR,RED,22883,21242
IR,RED,22894,21234
IR,RED,22877,21229
IR,RED,22888,21238
IR,RED,22885,21235
IR,RED,22879,21234
IR,RED,22887,21227
IR,RED,22888,21233
IR,RED,22885,21234
IR,RED,22880,21241
IR,RED,22880,21224
IR,RED,22878,21229
IR,RED,22870,21232
IR,RED,22884,21225
IR,RED,22876,21231
IR,RED,22880,21225
IR,RED,22871,21232
IR,RED,22883,21234
IR,RED,22876,21237
IR,RED,22875,21231
IR,RED,22869,21236
IR,RED,22880,21238
IR,RED,22884,21234
IR,RED,22876,21241
IR,RED,22876,21230
IR,RED,22880,21225
IR,RED,22877,21242
IR,RED,22876,21239
IR,RED,22872,21234
IR,RED,22878,21242
IR,RED,22879,21238
IR,RED,22879,21249
IR,RED,22885,21240
IR,RED,22879,21250
IR,RED,22883,21245
IR,RED,22884,21245
IR,RED,22870,21244
IR,RED,22884,21243
IR,RED,22880,21231
IR,RED,22884,21245
IR,RED,22879,21244
IR,RED,22887,21261
IR,RED,22875,21251
IR,RED,22882,21242
IR,RED,22882,21244
IR,RED,22891,21249
IR,RED,22880,21248
IR,RED,22887,21251
IR,RED,22884,21248
IR,RED,22888,21244
IR,RED,22876,21231
IR,RED,22873,21238
IR,RED,22880,21228
IR,RED,22888,21226
IR,RED,22879,21219
IR,RED,22882,21218
IR,RED,22869,21217
IR,RED,22868,21215
IR,RED,22877,21214
IR,RED,22866,21198
IR,RED,22866,21201
IR,RED,22859,21211
IR,RED,22861,21208
IR,RED,22859,21220
IR,RED,22861,21216
IR,RED,22859,21209
IR,RED,22859,21211
IR,RED,22857,21199
IR,RED,22864,21211
IR,RED,22871,21215
IR,RED,22852,21209
IR,RED,22850,21204
IR,RED,22866,21209
IR,RED,22858,21202
IR,RED,22867,21204
IR,RED,22857,21211
IR,RED,22858,21214
IR,RED,22866,21206
IR,RED,22855,21208
IR,RED,22856,21200
IR,RED,22853,21210
IR,RED,22857,21205
IR,RED,22868,21209
IR,RED,22856,21205
IR,RED,22858,21208
IR,RED,22858,21215
IR,RED,22865,21209
IR,RED,22868,21213
IR,RED,22850,21214
IR,RED,22859,21206
IR,RED,22850,21211
IR,RED,22849,21215
IR,RED,22857,21216
IR,RED,22853,21207
IR,RED,22857,21217
IR,RED,22854,21220
IR,RED,22871,21217
IR,RED,22863,21214
IR,RED,22858,21216
IR,RED,22868,21203
IR,RED,22864,21221
IR,RED,22855,21213
IR,RED,22850,21214
IR,RED,22854,21216
IR,RED,22868,21219
IR,RED,22857,21216
IR,RED,22866,21210
IR,RED,22859,21214
IR,RED,22854,21219
IR,RED,22852,21204
IR,RED,22856,21224
IR,RED,22860,21213
IR,RED,22857,21226
IR,RED,22858,21214
IR,RED,22859,21213
IR,RED,22853,21217
IR,RED,22863,21221
IR,RED,22855,21213
IR,RED,22857,21214
IR,RED,22860,21206
IR,RED,22853,21210
IR,RED,22860,21211
IR,RED,22858,21200
IR,RED,22856,21202
IR,RED,22856,21197
IR,RED,22862,21187
IR,RED,22852,21183
IR,RED,22854,21178
IR,RED,22851,21185
IR,RED,22851,21186
IR,RED,22839,21179
IR,RED,22851,21174
IR,RED,22859,21185
IR,RED,22853,21176
IR,RED,22851,21186
IR,RED,22859,21187
IR,RED,22851,21184
IR,RED,22847,21167
IR,RED,22847,21180
IR,RED,22842,21175
IR,RED,22853,21176
IR,RED,22854,21178
IR,RED,22839,21178
IR,RED,22844,21178
IR,RED,22831,21174
IR,RED,22845,21171
IR,RED,22844,21165
IR,RED,22834,21175
IR,RED,22850,21167
IR,RED,22843,21163
IR,RED,22845,21173
IR,RED,22838,21163
IR,RED,22844,21168
IR,RED,22842,21169
IR,RED,22832,21165
IR,RED,22829,21174
IR,RED,22848,21168
IR,RED,22847,21164
IR,RED,22842,21177
IR,RED,22833,21171
IR,RED,22838,21164
IR,RED,22844,21170
IR,RED,22838,21174
IR,RED,22842,21181
IR,RED,22839,21177
IR,RED,22830,21179
IR,RED,22841,21174
IR,RED,22835,21180
IR,RED,22833,21170
IR,RED,22836,21176
IR,RED,22847,21171
IR,RED,22831,21175
IR,RED,22842,21191
IR,RED,22848,21173
IR,RED,22849,21181
IR,RED,22843,21180
IR,RED,22840,21180
IR,RED,22838,21176
IR,RED,22842,21184
IR,RED,22842,21177
IR,RED,22848,21177
IR,RED,22845,21179
IR,RED,22837,21179
IR,RED,22844,21190
IR,RED,22838,21176
IR,RED,22839,21178
IR,RED,22837,21188
IR,RED,22834,21171
IR,RED,22841,21186
IR,RED,22846,21192
IR,RED,22835,21190
IR,RED,22843,21184
IR,RED,22840,21181
IR,RED,22836,21169
IR,RED,22838,21163
IR,RED,22833,21151
IR,RED,22836,21149
IR,RED,22826,21153
IR,RED,22833,21146
IR,RED,22834,21149
IR,RED,22828,21155
IR,RED,22824,21157
IR,RED,22827,21150
IR,RED,22827,21147
IR,RED,22824,21143
IR,RED,22825,21144
IR,RED,22820,21133
IR,RED,22818,21134
IR,RED,22813,21137
IR,RED,22818,21136
IR,RED,22817,21138
IR,RED,22813,21129
IR,RED,22809,21128
IR,RED,22816,21129
IR,RED,22809,21134
IR,RED,22808,21127
IR,RED,22819,21138
IR,RED,22800,21135
IR,RED,22809,21140
IR,RED,22813,21131
IR,RED,22804,21123
IR,RED,22815,21130
IR,RED,22811,21123
IR,RED,22810,21134
IR,RED,22807,21127
IR,RED,22812,21126
IR,RED,22804,21130
IR,RED,22817,21123
IR,RED,22799,21126
IR,RED,22808,21131
IR,RED,22806,21135
IR,RED,22807,21138
IR,RED,22810,21130
IR,RED,22812,21125
IR,RED,22802,21145
IR,RED,22812,21136
IR,RED,22807,21131
IR,RED,22806,21139
IR,RED,22803,21134
IR,RED,22817,21133
IR,RED,22821,21145
IR,RED,22812,21133
IR,RED,22819,21129
IR,RED,22814,21143
IR,RED,22817,21134
IR,RED,22825,21131
IR,RED,22819,21144
IR,RED,22809,21137
IR,RED,22818,21141
IR,RED,22810,21142
IR,RED,22817,21141
IR,RED,22813,21137
IR,RED,22816,21144
IR,RED,22822,21144
IR,RED,22818,21139
IR,RED,22819,21145
IR,RED,22828,21143
IR,RED,22835,21149
IR,RED,22832,21155
IR,RED,22835,21148
IR,RED,22823,21150
IR,RED,22820,21163
IR,RED,22823,21148
IR,RED,22819,21157
IR,RED,22825,21148
IR,RED,22838,21142
IR,RED,22827,21139
IR,RED,22824,21146
IR,RED,22817,21141
IR,RED,22811,21136
IR,RED,22815,21127
IR,RED,22805,21125
IR,RED,22811,21121
IR,RED,22809,21119
IR,RED,22810,21117
IR,RED,22804,21117
IR,RED,22806,21117
IR,RED,22807,21117
IR,RED,22805,21116
IR,RED,22807,21112
IR,RED,22806,21117
IR,RED,22804,21110
IR,RED,22802,21116
IR,RED,22809,21109
IR,RED,22802,21112
IR,RED,22794,21107
IR,RED,22803,21109
IR,RED,22788,21103
IR,RED,22796,21106
IR,RED,22790,21107
IR,RED,22801,21107
IR,RED,22802,21115
IR,RED,22788,21107
IR,RED,22798,21114
IR,RED,22803,21107
IR,RED,22788,21115
IR,RED,22801,21109
IR,RED,22796,21104
IR,RED,22798,21114
IR,RED,22807,21105
IR,RED,22798,21106
IR,RED,22808,21107
IR,RED,22801,21118
IR,RED,22802,21107
IR,RED,22802,21117
IR,RED,22800,21115
IR,RED,22802,21111
IR,RED,22804,21116
IR,RED,22803,21119
IR,RED,22800,21116
IR,RED,22804,21118
IR,RED,22803,21108
IR,RED,22810,21129
IR,RED,22818,21115
IR,RED,22806,21122
IR,RED,22805,21115
IR,RED,22816,21132
IR,RED,22807,21127
IR,RED,22815,21131
IR,RED,22808,21135
IR,RED,22797,21122
IR,RED,22813,21123
IR,RED,22806,21130
IR,RED,22808,21123
IR,RED,22804,21130
IR,RED,22808,21130
IR,RED,22810,21130
IR,RED,22804,21126
IR,RED,22804,21129
IR,RED,22812,21128
IR,RED,22813,21125
IR,RED,22819,21128
IR,RED,22811,21140
IR,RED,22818,21140
IR,RED,22824,21130
IR,RED,22823,21141
IR,RED,22820,21138
IR,RED,22819,21136
IR,RED,22817,21131
IR,RED,22800,21114
IR,RED,22816,21119
IR,RED,22798,21110
IR,RED,22799,21111
IR,RED,22806,21107
IR,RED,22804,21095
IR,RED,22797,21101
IR,RED,22804,21102
IR,RED,22793,21096
IR,RED,22798,21090
IR,RED,22796,21091
IR,RED,22800,21107
IR,RED,22800,21085
IR,RED,22799,21093
IR,RED,22797,21093
IR,RED,22792,21092
IR,RED,22788,21099
IR,RED,22791,21085
IR,RED,22787,21087
IR,RED,22798,21083
IR,RED,22796,21089
IR,RED,22794,21086
IR,RED,22791,21089
IR,RED,22793,21094
IR,RED,22787,21091
IR,RED,22791,21089
IR,RED,22798,21087
IR,RED,22789,21086
IR,RED,22790,21085
IR,RED,22789,21096
IR,RED,22798,21088
IR,RED,22793,21086
IR,RED,22786,21094
IR,RED,22791,21086
IR,RED,22790,21080
IR,RED,22786,21089
IR,RED,22798,21089
IR,RED,22788,21099
IR,RED,22796,21092
IR,RED,22789,21090
IR,RED,22787,21093
IR,RED,22783,21092
IR,RED,22794,21087
IR,RED,22797,21096
IR,RED,22791,21092
IR,RED,22795,21097
IR,RED,22788,21087
IR,RED,22793,21092
IR,RED,22790,21098
IR,RED,22791,21089
IR,RED,22800,21097
IR,RED,22795,21102
IR,RED,22794,21106
IR,RED,22789,21106
IR,RED,22802,21101
IR,RED,22808,21098
IR,RED,22796,21100
IR,RED,22797,21108
IR,RED,22804,21112
IR,RED,22806,21093
IR,RED,22802,21109
IR,RED,22793,21090
IR,RED,22798,21100
IR,RED,22790,21099
IR,RED,22801,21091
IR,RED,22794,21105
IR,RED,22809,21102
IR,RED,22794,21093
IR,RED,22803,21101
IR,RED,22804,21105
IR,RED,22792,21106
IR,RED,22792,21104
IR,RED,22797,21097
IR,RED,22800,21109
IR,RED,22791,21098
IR,RED,22787,21092
IR,RED,22793,21091
IR,RED,22782,21092
IR,RED,22776,21080
IR,RED,22788,21085
IR,RED,22785,21082
IR,RED,22776,21066
IR,RED,22780,21071
IR,RED,22780,21065
IR,RED,22778,21059
IR,RED,22782,21076
IR,RED,22768,21070
IR,RED,22776,21072
IR,RED,22767,21066
IR,RED,22765,21064
IR,RED,22770,21058
IR,RED,22758,21051
IR,RED,22769,21049
IR,RED,22767,21053
IR,RED,22768,21058
IR,RED,22758,21048
IR,RED,22766,21049
IR,RED,22763,21056
IR,RED,22762,21041
IR,RED,22754,21048
IR,RED,22774,21046
IR,RED,22769,21048
IR,RED,22771,21042
IR,RED,22758,21046
IR,RED,22756,21054
IR,RED,22767,21047
IR,RED,22771,21054
IR,RED,22763,21051
IR,RED,22771,21048
IR,RED,22770,21053
IR,RED,22767,21043
IR,RED,22761,21048
IR,RED,22759,21054
IR,RED,22759,21050
IR,RED,22773,21049
IR,RED,22757,21053
IR,RED,22772,21060
IR,RED,22764,21060
IR,RED,22761,21056
IR,RED,22761,21047
IR,RED,22769,21055
IR,RED,22767,21061
IR,RED,22753,21060
IR,RED,22767,21063
IR,RED,22776,21064
IR,RED,22776,21057
IR,RED,22762,21068
IR,RED,22771,21061
IR,RED,22766,21053
IR,RED,22754,21059
IR,RED,22758,21057
IR,RED,22768,21062
IR,RED,22770,21065
IR,RED,22759,21067
IR,RED,22772,21064
IR,RED,22766,21055
IR,RED,22769,21067
IR,RED,22759,21065
IR,RED,22776,21070
IR,RED,22767,21066
IR,RED,22777,21072
IR,RED,22767,21066
IR,RED,22767,21055
IR,RED,22767,21061
IR,RED,22767,21067
IR,RED,22773,21068
IR,RED,22764,21082
IR,RED,22771,21060
IR,RED,22765,21073
IR,RED,22780,21071
IR,RED,22764,21076
IR,RED,22757,21073
IR,RED,22764,21067
IR,RED,22779,21056
IR,RED,22774,21065
IR,RED,22757,21068
IR,RED,22762,21060
IR,RED,22755,21049
IR,RED,22755,21055
IR,RED,22745,21044
IR,RED,22752,21051
IR,RED,22748,21049
IR,RED,22759,21041
IR,RED,22750,21044
IR,RED,22746,21034
IR,RED,22755,21041
IR,RED,22749,21039
IR,RED,22754,21047
IR,RED,22750,21041
IR,RED,22749,21048
IR,RED,22751,21029
IR,RED,22751,21032
IR,RED,22745,21033
IR,RED,22753,21033
IR,RED,22750,21034
IR,RED,22750,21028
IR,RED,22752,21041
IR,RED,22752,21028
IR,RED,22748,21042
IR,RED,22757,21021
IR,RED,22744,21031
IR,RED,22744,21029
IR,RED,22755,21034
IR,RED,22759,21032
IR,RED,22743,21038
IR,RED,22746,21019
IR,RED,22750,21018
IR,RED,22744,21034
IR,RED,22752,21037
IR,RED,22747,21035
IR,RED,22748,21034
IR,RED,22754,21025
IR,RED,22741,21035
IR,RED,22746,21030
IR,RED,22739,21037
IR,RED,22735,21039
IR,RED,22744,21039
IR,RED,22737,21036
IR,RED,22736,21031
IR,RED,22739,21036
IR,RED,22736,21031
IR,RED,22747,21048
IR,RED,22736,21037
IR,RED,22749,21044
IR,RED,22742,21040
IR,RED,22749,21037
IR,RED,22750,21060
IR,RED,22749,21043
IR,RED,22738,21046
IR,RED,22747,21051
IR,RED,22738,21044
IR,RED,22740,21052
IR,RED,22742,21051
IR,RED,22750,21050
IR,RED,22746,21046
IR,RED,22751,21050
IR,RED,22737,21061
IR,RED,22749,21046
IR,RED,22760,21047
IR,RED,22748,21052
IR,RED,22757,21062
IR,RED,22756,21059
IR,RED,22754,21058
IR,RED,22754,21051
IR,RED,22760,21059
IR,RED,22753,21060
IR,RED,22760,21051
IR,RED,22758,21057
IR,RED,22748,21071
IR,RED,22760,21062
IR,RED,22763,21056
IR,RED,22755,21051
IR,RED,22749,21047
IR,RED,22750,21038
IR,RED,22750,21033
IR,RED,22756,21028
IR,RED,22741,21024
IR,RED,22736,21032
IR,RED,22741,21025
IR,RED,22735,21027
IR,RED,22740,21024
IR,RED,22743,21015
IR,RED,22744,21023
IR,RED,22750,21020
IR,RED,22734,21013
IR,RED,22737,21012
IR,RED,22741,21015
IR,RED,22748,21022
IR,RED,22734,21014
IR,RED,22735,21008
IR,RED,22729,21005
IR,RED,22729,21007
IR,RED,22732,21017
IR,RED,22736,21010
IR,RED,22734,21014
IR,RED,22734,21013
IR,RED,22744,21019
IR,RED,22739,21011
IR,RED,22734,21014
IR,RED,22746,21010
IR,RED,22731,21009
IR,RED,22736,21011
IR,RED,22739,21009
IR,RED,22733,21020
IR,RED,22731,21014
IR,RED,22728,21002
IR,RED,22725,21004
IR,RED,22730,21010
IR,RED,22742,21014
IR,RED,22731,21013
IR,RED,22739,21015
IR,RED,22735,21018
IR,RED,22738,21017
IR,RED,22743,21018
IR,RED,22734,21029
IR,RED,22741,21026
IR,RED,22733,21016
IR,RED,22739,21028
IR,RED,22750,21022
IR,RED,22737,21018
IR,RED,22739,21025
IR,RED,22738,21012
IR,RED,22728,21019
IR,RED,22733,21021
IR,RED,22724,21021
IR,RED,22733,21028
IR,RED,22743,21032
IR,RED,22742,21032
IR,RED,22735,21031
IR,RED,22743,21029
IR,RED,22740,21040
IR,RED,22747,21046
IR,RED,22740,21035
IR,RED,22747,21041
IR,RED,22743,21038
IR,RED,22754,21026
IR,RED,22751,21038
IR,RED,22764,21039
IR,RED,22762,21047
IR,RED,22750,21063
IR,RED,22759,21052
IR,RED,22757,21064
IR,RED,22767,21061
IR,RED,22765,21069
IR,RED,22774,21065
IR,RED,22778,21077
IR,RED,22768,21068
IR,RED,22758,21073
IR,RED,22772,21058
IR,RED,22774,21062
IR,RED,22763,21064
IR,RED,22760,21057
IR,RED,22758,21040
IR,RED,22757,21041
IR,RED,22752,21035
IR,RED,22727,21031
IR,RED,22749,21026
IR,RED,22742,21029
IR,RED,22749,21019
IR,RED,22742,21022
IR,RED,22741,21020
IR,RED,22744,21022
IR,RED,22753,21033
IR,RED,22738,21027
IR,RED,22737,21029
IR,RED,22749,21031
IR,RED,22747,21033
IR,RED,22734,21029
IR,RED,22751,21023
IR,RED,22751,21032
IR,RED,22752,21024
IR,RED,22739,21024
IR,RED,22745,21024
IR,RED,22742,21018
IR,RED,22739,21029
IR,RED,22758,21022
IR,RED,22749,21031
IR,RED,22753,21025
IR,RED,22757,21034
IR,RED,22750,21024
IR,RED,22744,21023
IR,RED,22754,21031
IR,RED,22743,21023
IR,RED,22744,21021
IR,RED,22749,21018
IR,RED,22748,21026
IR,RED,22751,21025
IR,RED,22745,21025
IR,RED,22737,21018
IR,RED,22738,21025
IR,RED,22733,21025
IR,RED,22733,21016
IR,RED,22722,21015
IR,RED,22740,21012
IR,RED,22735,21021
IR,RED,22735,21022
IR,RED,22728,21019
IR,RED,22737,21021
IR,RED,22728,21023
IR,RED,22733,21022
IR,RED,22735,21022
IR,RED,22728,21022
IR,RED,22736,21029
IR,RED,22739,21027
IR,RED,22737,21035
IR,RED,22739,21031
IR,RED,22735,21026
IR,RED,22736,21029
IR,RED,22741,21033
IR,RED,22738,21046
IR,RED,22738,21047
IR,RED,22731,21049
IR,RED,22727,21037
IR,RED,22721,21026
IR,RED,22714,21010
IR,RED,22705,21017
IR,RED,22694,20999
IR,RED,22686,20978
IR,RED,22676,20971
IR,RED,22679,20981
IR,RED,22690,20970
IR,RED,22665,20972
IR,RED,22664,20977
IR,RED,22673,20981
IR,RED,22673,20975
IR,RED,22689,20977
IR,RED,22698,20983
IR,RED,22682,20999
IR,RED,22694,20991
IR,RED,22691,20990
IR,RED,22700,20996
IR,RED,22701,21009
IR,RED,22706,20999
IR,RED,22702,20997
IR,RED,22704,20991
IR,RED,22691,20984
IR,RED,22675,20974
IR,RED,22647,20944
IR,RED,22640,20924
IR,RED,22631,20924
IR,RED,22605,20900
IR,RED,22597,20871
IR,RED,22591,20889
IR,RED,22595,20883
IR,RED,22596,20877
IR,RED,22598,20891
IR,RED,22593,20886
IR,RED,22597,20896
IR,RED,22593,20903
IR,RED,22605,20896
IR,RED,22608,20893
IR,RED,22624,20909
IR,RED,22609,20911
IR,RED,22617,20920
IR,RED,22625,20920
IR,RED,22645,20923
IR,RED,22640,20938
IR,RED,22652,20941
IR,RED,22661,20949
IR,RED,22662,20949
IR,RED,22669,20959
IR,RED,22664,20971
IR,RED,22669,20971
IR,RED,22677,20987
IR,RED,22678,20968
IR,RED,22676,20975
IR,RED,22676,20983
IR,RED,22683,20984
IR,RED,22690,20993
IR,RED,22698,20978
IR,RED,22686,20992
IR,RED,22684,20988
IR,RED,22686,20984
IR,RED,22688,20976
IR,RED,22686,20980
IR,RED,22677,20971
IR,RED,22673,20969
IR,RED,22661,20969
IR,RED,22652,20957
IR,RED,22647,20950
IR,RED,22646,20936
IR,RED,22638,20940
IR,RED,22633,20929
IR,RED,22632,20918
IR,RED,22611,20913
IR,RED,22595,20911
IR,RED,22602,20894
IR,RED,22581,20895
IR,RED,22585,20883
IR,RED,22563,20879
IR,RED,22571,20867
IR,RED,22571,20884
IR,RED,22560,20878
IR,RED,22572,20880
IR,RED,22569,20877
IR,RED,22560,20867
IR,RED,22559,20868
IR,RED,22569,20868
IR,RED,22551,20857
IR,RED,22542,20852
IR,RED,22542,20851
IR,RED,22539,20853
IR,RED,22552,20856
IR,RED,22557,20862
IR,RED,22552,20863
IR,RED,22557,20874
IR,RED,22552,20861
IR,RED,22554,20857
IR,RED,22566,20868
IR,RED,22562,20864
IR,RED,22560,20862
IR,RED,22551,20861
IR,RED,22561,20853
IR,RED,22562,20852
IR,RED,22554,20844
IR,RED,22556,20857
IR,RED,22548,20851
IR,RED,22547,20832
IR,RED,22551,20849
IR,RED,22559,20841
IR,RED,22558,20849
IR,RED,22553,20839
IR,RED,22557,20844
IR,RED,22555,20846
IR,RED,22557,20847
IR,RED,22560,20848
IR,RED,22555,20839
IR,RED,22545,20837
IR,RED,22545,20840
IR,RED,22546,20838
IR,RED,22539,20841
IR,RED,22542,20833
IR,RED,22536,20833
IR,RED,22540,20825
IR,RED,22533,20818
IR,RED,22526,20813
IR,RED,22523,20815
IR,RED,22528,20807
IR,RED,22518,20804
IR,RED,22525,20802
IR,RED,22521,20801
IR,RED,22506,20801
IR,RED,22512,20792
IR,RED,22503,20788
IR,RED,22502,20790
IR,RED,22496,20780
IR,RED,22494,20779
IR,RED,22486,20775
IR,RED,22489,20776
IR,RED,22479,20771
IR,RED,22477,20776
IR,RED,22486,20774
IR,RED,22489,20769
IR,RED,22495,20772
IR,RED,22484,20771
IR,RED,22478,20762
IR,RED,22481,20764
IR,RED,22478,20763
IR,RED,22471,20766
IR,RED,22461,20767
IR,RED,22473,20774
IR,RED,22466,20763
IR,RED,22469,20753
IR,RED,22468,20752
IR,RED,22467,20758
IR,RED,22473,20763
IR,RED,22464,20751
IR,RED,22470,20771
IR,RED,22463,20765
IR,RED,22458,20768
IR,RED,22465,20763
IR,RED,22459,20767
IR,RED,22471,20773
IR,RED,22467,20760
IR,RED,22471,20768
IR,RED,22474,20768
IR,RED,22483,20782
IR,RED,22489,20784
IR,RED,22494,20777
IR,RED,22494,20784
IR,RED,22503,20793
IR,RED,22493,20785
IR,RED,22500,20785
IR,RED,22489,20783
IR,RED,22480,20795
IR,RED,22484,20786
IR,RED,22484,20785
IR,RED,22478,20790
IR,RED,22488,20784
IR,RED,22487,20777
IR,RED,22482,20782
IR,RED,22477,20783
IR,RED,22495,20768
IR,RED,22478,20770
IR,RED,22485,20776
IR,RED,22489,20773
IR,RED,22491,20764
IR,RED,22487,20769
IR,RED,22486,20764
IR,RED,22486,20756
IR,RED,22490,20757
IR,RED,22492,20768
IR,RED,22495,20763
IR,RED,22503,20763
IR,RED,22486,20769
IR,RED,22489,20760
IR,RED,22486,20770
IR,RED,22494,20758
IR,RED,22491,20765
IR,RED,22493,20766
IR,RED,22480,20782
IR,RED,22486,20774
IR,RED,22505,20781
IR,RED,22500,20787
IR,RED,22498,20779
IR,RED,22508,20791
IR,RED,22508,20791
IR,RED,22503,20790
IR,RED,22516,20803
IR,RED,22511,20796
IR,RED,22518,20803
IR,RED,22524,20811
IR,RED,22521,20807
IR,RED,22517,20795
IR,RED,22520,20814
IR,RED,22527,20810
IR,RED,22534,20822
IR,RED,22532,20826
IR,RED,22538,20830
IR,RED,22541,20831
IR,RED,22527,20839
IR,RED,22533,20844
IR,RED,22530,20831
IR,RED,22538,20827
IR,RED,22526,20835
IR,RED,22530,20829
IR,RED,22522,20836
IR,RED,22538,20833
IR,RED,22526,20839
IR,RED,22532,20845
IR,RED,22540,20844
IR,RED,22542,20855
IR,RED,22549,20866
IR,RED,22559,20860
IR,RED,22561,20877
IR,RED,22561,20882
IR,RED,22564,20897
IR,RED,22572,20895
IR,RED,22574,20898
IR,RED,22576,20912
IR,RED,22583,20909
IR,RED,22579,20914
IR,RED,22586,20910
IR,RED,22585,20913
IR,RED,22590,20915
IR,RED,22604,20924
IR,RED,22604,20932
IR,RED,22589,20930
IR,RED,22609,20936
IR,RED,22593,20935
IR,RED,22589,20943
IR,RED,22587,20933
IR,RED,22580,20928
IR,RED,22580,20914
IR,RED,22581,20910
IR,RED,22587,20911
IR,RED,22571,20904
IR,RED,22568,20897
IR,RED,22561,20898
IR,RED,22569,20887
IR,RED,22558,20889
IR,RED,22552,20875
IR,RED,22545,20871
IR,RED,22562,20874
IR,RED,22546,20871
IR,RED,22541,20854
IR,RED,22516,20862
IR,RED,22526,20855
IR,RED,22523,20856
IR,RED,22530,20857
IR,RED,22533,20851
IR,RED,22520,20855
IR,RED,22524,20848
IR,RED,22537,20851
IR,RED,22531,20845
IR,RED,22526,20853
IR,RED,22529,20852
IR,RED,22528,20858
IR,RED,22522,20851
IR,RED,22537,20857
IR,RED,22542,20842
IR,RED,22528,20858
IR,RED,22531,20860
IR,RED,22538,20866
IR,RED,22545,20870
IR,RED,22559,20866
IR,RED,22555,20878
IR,RED,22559,20872
IR,RED,22559,20871
IR,RED,22562,20879
IR,RED,22561,20880
IR,RED,22556,20867
IR,RED,22561,20881
IR,RED,22561,20888
IR,RED,22557,20876
IR,RED,22557,20865
IR,RED,22557,20873
IR,RED,22561,20873
IR,RED,22547,20874
IR,RED,22560,20873
IR,RED,22549,20876
IR,RED,22557,20870
IR,RED,22555,20872
IR,RED,22563,20877
IR,RED,22553,20873
IR,RED,22550,20878
IR,RED,22553,20883
IR,RED,22570,20877
IR,RED,22567,20873
IR,RED,22569,20881
IR,RED,22568,20879
IR,RED,22559,20888
IR,RED,22562,20887
IR,RED,22562,20885
IR,RED,22565,20879
IR,RED,22558,20884
IR,RED,22563,20886
IR,RED,22564,20880
IR,RED,22567,20890
IR,RED,22562,20887
IR,RED,22552,20888
IR,RED,22555,20898
IR,RED,22564,20889
IR,RED,22559,20889
IR,RED,22559,20889
IR,RED,22566,20893
IR,RED,22562,20894
IR,RED,22557,20878
IR,RED,22562,20892
IR,RED,22562,20897
IR,RED,22564,20894
IR,RED,22555,20897
IR,RED,22555,20900
IR,RED,22565,20895
IR,RED,22559,20891
IR,RED,22559,20887
IR,RED,22543,20885
IR,RED,22544,20886
IR,RED,22548,20880
IR,RED,22546,20873
IR,RED,22539,20862
IR,RED,22549,20861
IR,RED,22534,20858
IR,RED,22535,20855
IR,RED,22531,20861
IR,RED,22527,20849
IR,RED,22540,20861
IR,RED,22526,20850
IR,RED,22520,20851
IR,RED,22522,20857
IR,RED,22526,20852
IR,RED,22525,20850
IR,RED,22530,20852
IR,RED,22526,20851
IR,RED,22518,20845
IR,RED,22523,20848
IR,RED,22522,20845
IR,RED,22529,20855
IR,RED,22528,20846
IR,RED,22520,20848
IR,RED,22528,20841
IR,RED,22527,20848
IR,RED,22519,20844
IR,RED,22521,20852
IR,RED,22519,20844
IR,RED,22531,20844
IR,RED,22512,20839
IR,RED,22514,20845
IR,RED,22516,20846
IR,RED,22512,20838
IR,RED,22523,20833
IR,RED,22519,20843
IR,RED,22514,20833
IR,RED,22523,20845
IR,RED,22511,20845
IR,RED,22518,20852
IR,RED,22514,20837
IR,RED,22521,20848
IR,RED,22519,20842
IR,RED,22516,20840
IR,RED,22515,20841
IR,RED,22515,20841
IR,RED,22528,20857
IR,RED,22516,20850
IR,RED,22513,20857
IR,RED,22525,20850
IR,RED,22524,20844
IR,RED,22528,20837
IR,RED,22527,20846
IR,RED,22514,20857
IR,RED,22524,20848
IR,RED,22528,20851
IR,RED,22523,20856
IR,RED,22521,20859
IR,RED,22519,20860
IR,RED,22522,20856
IR,RED,22528,20855
IR,RED,22528,20858
IR,RED,22521,20858
IR,RED,22523,20855
IR,RED,22520,20850
IR,RED,22530,20849
IR,RED,22524,20859
IR,RED,22528,20858
IR,RED,22521,20863
IR,RED,22525,20856
IR,RED,22523,20862
IR,RED,22520,20865
IR,RED,22525,20860
IR,RED,22526,20843
IR,RED,22522,20841
IR,RED,22515,20843
IR,RED,22512,20839
IR,RED,22511,20835
IR,RED,22506,20835
IR,RED,22498,20830
IR,RED,22497,20839
IR,RED,22491,20822
IR,RED,22491,20820
IR,RED,22492,20810
IR,RED,22492,20820
IR,RED,22464,20798
IR,RED,22380,20732
IR,RED,22352,20676
IR,RED,22363,20691
IR,RED,22371,20703
IR,RED,22379,20720
IR,RED,22392,20722
IR,RED,22390,20728
IR,RED,22397,20724
IR,RED,22382,20727
IR,RED,22385,20719
IR,RED,22380,20712
IR,RED,22373,20707
IR,RED,22371,20712
IR,RED,22383,20706
IR,RED,22373,20703
IR,RED,22370,20703
IR,RED,22365,20702
IR,RED,22358,20700
IR,RED,22354,20690
IR,RED,22357,20691
IR,RED,22342,20681
IR,RED,22337,20678
IR,RED,22343,20671
IR,RED,22329,20673
IR,RED,22335,20669
IR,RED,22327,20668
IR,RED,22338,20675
IR,RED,22342,20679
IR,RED,22361,20687
IR,RED,22357,20699
IR,RED,22362,20706
IR,RED,22366,20702
IR,RED,22356,20693
IR,RED,22351,20694
IR,RED,22349,20703
IR,RED,22355,20704
IR,RED,22357,20705
IR,RED,22360,20705
IR,RED,22370,20698
IR,RED,22369,20710
IR,RED,22376,20723
IR,RED,22382,20718
IR,RED,22385,20725
IR,RED,22390,20735
IR,RED,22400,20742
IR,RED,22412,20743
IR,RED,22416,20755
IR,RED,22431,20765
IR,RED,22429,20769
IR,RED,22441,20772
IR,RED,22424,20771
IR,RED,22431,20770
IR,RED,22446,20771
IR,RED,22447,20781
IR,RED,22442,20786
IR,RED,22439,20770
IR,RED,22430,20770
IR,RED,22433,20766
IR,RED,22419,20765
IR,RED,22422,20764
IR,RED,22423,20769
IR,RED,22424,20755
IR,RED,22414,20760
IR,RED,22431,20752
IR,RED,22420,20746
IR,RED,22433,20759
IR,RED,22422,20753
IR,RED,22428,20759
IR,RED,22434,20750
IR,RED,22445,20757
IR,RED,22443,20752
IR,RED,22444,20757
IR,RED,22451,20753
IR,RED,22451,20762
IR,RED,22442,20759
IR,RED,22443,20762
IR,RED,22442,20755
IR,RED,22448,20752
IR,RED,22444,20748
IR,RED,22448,20752
IR,RED,22444,20758
IR,RED,22439,20751
IR,RED,22444,20752
IR,RED,22449,20753
IR,RED,22437,20753
IR,RED,22447,20751
IR,RED,22442,20741
IR,RED,22435,20746
IR,RED,22439,20734
IR,RED,22434,20736
IR,RED,22443,20735
IR,RED,22441,20735
IR,RED,22437,20739
IR,RED,22443,20738
IR,RED,22448,20737
IR,RED,22438,20754
IR,RED,22447,20756
IR,RED,22454,20750
IR,RED,22448,20743
IR,RED,22436,20746
IR,RED,22452,20738
IR,RED,22453,20762
IR,RED,22453,20760
IR,RED,22450,20759
IR,RED,22447,20751
IR,RED,22434,20743
IR,RED,22388,20722
IR,RED,22373,20700
IR,RED,22379,20702
IR,RED,22373,20703
IR,RED,22377,20692
IR,RED,22387,20698
IR,RED,22361,20695
IR,RED,22372,20700
IR,RED,22371,20691
IR,RED,22362,20698
IR,RED,22363,20697
IR,RED,22354,20694
IR,RED,22355,20677
IR,RED,22346,20686
IR,RED,22353,20690
IR,RED,22349,20688
IR,RED,22355,20695
IR,RED,22369,20698
IR,RED,22362,20703
IR,RED,22376,20710
IR,RED,22371,20708
IR,RED,22390,20715
IR,RED,22386,20720
IR,RED,22400,20722
IR,RED,22401,20729
IR,RED,22399,20727
IR,RED,22403,20732
IR,RED,22393,20731
IR,RED,22392,20726
IR,RED,22410,20737
IR,RED,22406,20732
IR,RED,22408,20731
IR,RED,22399,20732
IR,RED,22387,20721
IR,RED,22382,20720
IR,RED,22391,20706
IR,RED,22380,20691
IR,RED,22381,20702
IR,RED,22387,20699
IR,RED,22375,20706
IR,RED,22380,20706
IR,RED,22381,20694
IR,RED,22379,20688
IR,RED,22379,20710
IR,RED,22383,20708
IR,RED,22384,20705
IR,RED,22390,20702
IR,RED,22390,20706
IR,RED,22386,20703
IR,RED,22386,20693
IR,RED,22388,20696
IR,RED,22385,20699
IR,RED,22384,20703
IR,RED,22379,20710
IR,RED,22394,20701
IR,RED,22391,20701
IR,RED,22395,20716
IR,RED,22395,20722
IR,RED,22417,20718
IR,RED,22408,20724
IR,RED,22415,20736
IR,RED,22410,20734
IR,RED,22411,20735
IR,RED,22416,20724
IR,RED,22432,20743
IR,RED,22414,20737
IR,RED,22418,20729
IR,RED,22398,20722
IR,RED,22404,20725
IR,RED,22396,20724
IR,RED,22406,20740
IR,RED,22412,20734
IR,RED,22402,20744
IR,RED,22413,20732
IR,RED,22403,20739
IR,RED,22417,20733
IR,RED,22416,20734
IR,RED,22416,20730
IR,RED,22413,20747
IR,RED,22406,20731
IR,RED,22410,20742
IR,RED,22408,20725
IR,RED,22409,20730
IR,RED,22399,20732
IR,RED,22404,20725
IR,RED,22400,20733
IR,RED,22398,20735
IR,RED,22409,20741
IR,RED,22409,20735
IR,RED,22416,20739
IR,RED,22402,20748
IR,RED,22399,20727
IR,RED,22401,20736
IR,RED,22396,20736
IR,RED,22421,20755
IR,RED,22416,20752
IR,RED,22423,20745
IR,RED,22418,20756
IR,RED,22424,20755
IR,RED,22421,20757
IR,RED,22414,20755
IR,RED,22430,20757
IR,RED,22433,20756
IR,RED,22433,20753
IR,RED,22427,20753
IR,RED,22430,20760
IR,RED,22434,20771
IR,RED,22423,20750
IR,RED,22426,20762
IR,RED,22425,20754
IR,RED,22431,20768
IR,RED,22426,20748
IR,RED,22424,20746
IR,RED,22418,20736
IR,RED,22420,20736
IR,RED,22414,20736
IR,RED,22420,20733
IR,RED,22420,20729
IR,RED,22403,20717
IR,RED,22409,20719
IR,RED,22413,20722
IR,RED,22407,20721
IR,RED,22403,20718
IR,RED,22410,20716
IR,RED,22401,20722
IR,RED,22400,20721
IR,RED,22393,20721
IR,RED,22404,20718
IR,RED,22401,20710
IR,RED,22407,20714
IR,RED,22391,20713
IR,RED,22393,20714
IR,RED,22398,20712
IR,RED,22405,20718
IR,RED,22403,20710
IR,RED,22401,20712
IR,RED,22399,20710
IR,RED,22402,20713
IR,RED,22400,20714
IR,RED,22401,20719
IR,RED,22402,20706
IR,RED,22410,20714
IR,RED,22404,20705
IR,RED,22397,20711
IR,RED,22391,20716
IR,RED,22404,20709
IR,RED,22397,20717
IR,RED,22399,20704
IR,RED,22393,20705
IR,RED,22406,20709
IR,RED,22403,20710
IR,RED,22403,20714
IR,RED,22397,20713
IR,RED,22404,20712
IR,RED,22412,20712
IR,RED,22396,20724
IR,RED,22396,20713
IR,RED,22400,20723
IR,RED,22398,20721
IR,RED,22391,20715
IR,RED,22403,20715
IR,RED,22398,20716
IR,RED,22394,20722
IR,RED,22400,20729
IR,RED,22392,20731
IR,RED,22406,20721
IR,RED,22394,20736
IR,RED,22400,20728
IR,RED,22396,20729
IR,RED,22406,20728
IR,RED,22393,20728
IR,RED,22398,20734
IR,RED,22390,20727
IR,RED,22399,20715
IR,RED,22405,20729
IR,RED,22395,20728
IR,RED,22391,20729
IR,RED,22403,20722
IR,RED,22402,20731
IR,RED,22399,20727
IR,RED,22399,20735
IR,RED,22410,20731
IR,RED,22400,20739
IR,RED,22408,20737
IR,RED,22405,20724
IR,RED,22400,20740
IR,RED,22399,20734
IR,RED,22395,20723
IR,RED,22385,20728
IR,RED,22374,20716
IR,RED,22373,20712
IR,RED,22381,20710
IR,RED,22381,20707
IR,RED,22381,20708
IR,RED,22382,20697
IR,RED,22388,20692
IR,RED,22379,20692
IR,RED,22379,20693
IR,RED,22379,20692
IR,RED,22371,20681
IR,RED,22378,20687
IR,RED,22369,20692
IR,RED,22368,20686
IR,RED,22374,20682
IR,RED,22360,20681
IR,RED,22366,20674
IR,RED,22356,20682
IR,RED,22354,20678
IR,RED,22364,20675
IR,RED,22359,20686
IR,RED,22359,20677
IR,RED,22370,20683
IR,RED,22362,20686
IR,RED,22356,20689
IR,RED,22363,20671
IR,RED,22363,20680
IR,RED,22358,20678
IR,RED,22363,20678
IR,RED,22367,20679
IR,RED,22370,20671
IR,RED,22362,20684
IR,RED,22369,20681
IR,RED,22358,20669
IR,RED,22363,20674
IR,RED,22361,20678
IR,RED,22365,20684
IR,RED,22369,20679
IR,RED,22366,20688
IR,RED,22377,20693
IR,RED,22368,20685
IR,RED,22378,20686
IR,RED,22376,20689
IR,RED,22373,20694
IR,RED,22358,20696
IR,RED,22371,20698
IR,RED,22366,20705
IR,RED,22369,20701
IR,RED,22373,20697
IR,RED,22379,20700
IR,RED,22389,20700
IR,RED,22375,20696
IR,RED,22381,20701
IR,RED,22386,20699
IR,RED,22375,20705
IR,RED,22381,20705
IR,RED,22381,20704
IR,RED,22378,20705
IR,RED,22383,20706
IR,RED,22381,20711
IR,RED,22376,20697
IR,RED,22373,20711
IR,RED,22372,20703
IR,RED,22368,20696
IR,RED,22379,20700
IR,RED,22378,20700
IR,RED,22387,20706
IR,RED,22388,20711
IR,RED,22378,20714
IR,RED,22383,20715
IR,RED,22384,20707
IR,RED,22386,20721
IR,RED,22393,20712
IR,RED,22386,20712
IR,RED,22388,20715
IR,RED,22389,20719
IR,RED,22373,20716
IR,RED,22369,20709
IR,RED,22374,20702
IR,RED,22378,20696
IR,RED,22370,20699
IR,RED,22371,20690
IR,RED,22371,20699
IR,RED,22364,20690
IR,RED,22360,20691
IR,RED,22367,20679
IR,RED,22362,20679
IR,RED,22354,20670
IR,RED,22363,20680
IR,RED,22358,20684
IR,RED,22344,20679
IR,RED,22362,20682
IR,RED,22350,20675
IR,RED,22356,20686
IR,RED,22346,20673
IR,RED,22357,20682
IR,RED,22356,20677
IR,RED,22354,20677
IR,RED,22350,20672
IR,RED,22362,20675
IR,RED,22362,20677
IR,RED,22356,20674
IR,RED,22355,20682
IR,RED,22358,20671
IR,RED,22349,20675
IR,RED,22349,20669
IR,RED,22364,20659
IR,RED,22357,20667
IR,RED,22348,20667
IR,RED,22352,20670
IR,RED,22350,20667
IR,RED,22358,20658
IR,RED,22346,20676
IR,RED,22349,20664
IR,RED,22359,20662
IR,RED,22347,20668
IR,RED,22349,20670
IR,RED,22347,20668
IR,RED,22347,20669
IR,RED,22346,20677
IR,RED,22344,20674
IR,RED,22355,20681
IR,RED,22349,20672
IR,RED,22338,20679
IR,RED,22346,20668
IR,RED,22351,20673
IR,RED,22347,20674
IR,RED,22356,20688
IR,RED,22355,20683
IR,RED,22349,20688
IR,RED,22343,20687
IR,RED,22348,20690
IR,RED,22352,20681
IR,RED,22336,20685
IR,RED,22342,20685
IR,RED,22338,20682
IR,RED,22360,20688
IR,RED,22357,20682
IR,RED,22340,20688
IR,RED,22342,20696
IR,RED,22353,20687
IR,RED,22345,20686
IR,RED,22345,20689
IR,RED,22343,20692
IR,RED,22342,20695
IR,RED,22329,20694
IR,RED,22347,20690
IR,RED,22362,20691
IR,RED,22349,20693
IR,RED,22338,20702
IR,RED,22344,20700
IR,RED,22348,20699
IR,RED,22355,20696
IR,RED,22342,20700
IR,RED,22345,20703
IR,RED,22347,20692
IR,RED,22335,20677
IR,RED,22335,20689
IR,RED,22335,20676
IR,RED,22323,20677
IR,RED,22323,20670
IR,RED,22326,20665
IR,RED,22323,20661
IR,RED,22321,20655
IR,RED,22309,20657
IR,RED,22321,20645
IR,RED,22315,20643
IR,RED,22315,20644
IR,RED,22315,20644
IR,RED,22321,20650
IR,RED,22307,20648
IR,RED,22317,20643
IR,RED,22307,20643
IR,RED,22313,20644
IR,RED,22296,20638
IR,RED,22320,20643
IR,RED,22316,20647
IR,RED,22309,20644
IR,RED,22304,20635
IR,RED,22318,20642
IR,RED,22307,20650
IR,RED,22311,20645
IR,RED,22312,20643
IR,RED,22305,20631
IR,RED,22307,20639
IR,RED,22309,20639
IR,RED,22306,20639
IR,RED,22307,20632
IR,RED,22307,20641
IR,RED,22310,20645
IR,RED,22310,20642
IR,RED,22299,20642
IR,RED,22311,20647
IR,RED,22315,20643
IR,RED,22310,20644
IR,RED,22302,20643
IR,RED,22306,20643
IR,RED,22307,20649
IR,RED,22314,20642
IR,RED,22311,20657
IR,RED,22320,20654
IR,RED,22322,20649
IR,RED,22307,20650
IR,RED,22316,20655
IR,RED,22311,20652
IR,RED,22311,20661
IR,RED,22303,20665
IR,RED,22317,20668
IR,RED,22315,20656
IR,RED,22319,20657
IR,RED,22320,20661
IR,RED,22332,20671
IR,RED,22314,20663
IR,RED,22316,20659
IR,RED,22325,20665
IR,RED,22327,20658
IR,RED,22329,20668
IR,RED,22313,20653
IR,RED,22302,20666
IR,RED,22331,20667
IR,RED,22323,20667
IR,RED,22325,20661
IR,RED,22326,20669
IR,RED,22321,20674
IR,RED,22338,20670
IR,RED,22330,20671
IR,RED,22325,20676
IR,RED,22324,20669
IR,RED,22335,20671
IR,RED,22326,20677
IR,RED,22320,20678
IR,RED,22323,20673
IR,RED,22322,20658
IR,RED,22326,20657
IR,RED,22307,20645
IR,RED,22314,20648
IR,RED,22312,20655
IR,RED,22320,20642
IR,RED,22307,20647
IR,RED,22309,20648
IR,RED,22317,20640
IR,RED,22303,20644
IR,RED,22295,20631
IR,RED,22293,20635
IR,RED,22309,20646
IR,RED,22309,20629
IR,RED,22301,20642
IR,RED,22308,20635
IR,RED,22297,20636
IR,RED,22302,20632
IR,RED,22294,20636
IR,RED,22304,20635
IR,RED,22299,20630
IR,RED,22312,20632
IR,RED,22299,20632
IR,RED,22300,20630
IR,RED,22297,20629
IR,RED,22304,20636
IR,RED,22295,20631
IR,RED,22293,20631
IR,RED,22295,20626
IR,RED,22297,20627
IR,RED,22296,20636
IR,RED,22301,20629
IR,RED,22293,20634
IR,RED,22297,20635
IR,RED,22298,20631
IR,RED,22294,20630
IR,RED,22300,20641
IR,RED,22288,20637
IR,RED,22285,20637
IR,RED,22290,20632
IR,RED,22295,20625
IR,RED,22292,20633
IR,RED,22296,20639
IR,RED,22298,20643
IR,RED,22305,20642
IR,RED,22295,20641
IR,RED,22299,20636
IR,RED,22292,20636
IR,RED,22301,20636
IR,RED,22297,20645
IR,RED,22299,20640
IR,RED,22305,20634
IR,RED,22298,20649
IR,RED,22309,20644
IR,RED,22310,20642
IR,RED,22306,20647
IR,RED,22300,20646
IR,RED,22306,20653
IR,RED,22305,20653
IR,RED,22311,20665
IR,RED,22299,20667
IR,RED,22312,20661
IR,RED,22304,20666
IR,RED,22309,20657
IR,RED,22304,20656
IR,RED,22303,20665
IR,RED,22305,20661
IR,RED,22323,20668
IR,RED,22302,20660
IR,RED,22315,20666
IR,RED,22301,20675
IR,RED,22308,20665
IR,RED,22311,20667
IR,RED,22313,20665
IR,RED,22315,20669
IR,RED,22309,20661
IR,RED,22306,20663
IR,RED,22305,20659
IR,RED,22316,20651
IR,RED,22307,20642
IR,RED,22294,20638
IR,RED,22294,20646
IR,RED,22299,20634
IR,RED,22297,20636
IR,RED,22291,20633
IR,RED,22288,20624
IR,RED,22300,20630
IR,RED,22293,20630
IR,RED,22289,20625
IR,RED,22285,20633
IR,RED,22285,20627
IR,RED,22287,20617
IR,RED,22284,20621
IR,RED,22282,20613
IR,RED,22282,20618
IR,RED,22279,20615
IR,RED,22289,20619
IR,RED,22282,20617
IR,RED,22272,20622
IR,RED,22269,20614
IR,RED,22283,20613
IR,RED,22282,20617
IR,RED,22279,20618
IR,RED,22280,20624
IR,RED,22272,20607
IR,RED,22283,20609
IR,RED,22283,20619
IR,RED,22282,20625
IR,RED,22274,20618
IR,RED,22277,20618
IR,RED,22275,20607
IR,RED,22269,20608
IR,RED,22274,20616
IR,RED,22270,20611
IR,RED,22269,20607
IR,RED,22272,20605
IR,RED,22268,20626
IR,RED,22287,20622
IR,RED,22270,20613
IR,RED,22280,20622
IR,RED,22274,20623
IR,RED,22276,20617
IR,RED,22274,20614
IR,RED,22271,20626
IR,RED,22271,20624
IR,RED,22266,20619
IR,RED,22272,20615
IR,RED,22272,20617
IR,RED,22268,20624
IR,RED,22278,20628
IR,RED,22282,20623
IR,RED,22276,20623
IR,RED,22275,20620
IR,RED,22271,20623
IR,RED,22281,20631
IR,RED,22271,20623
IR,RED,22282,20625
IR,RED,22277,20629
IR,RED,22279,20639
IR,RED,22272,20632
IR,RED,22284,20625
IR,RED,22279,20628
IR,RED,22274,20630
IR,RED,22287,20629
IR,RED,22274,20630
IR,RED,22285,20636
IR,RED,22283,20635
IR,RED,22278,20643
IR,RED,22267,20634
IR,RED,22269,20640
IR,RED,22280,20643
IR,RED,22285,20643
IR,RED,22284,20657
IR,RED,22293,20648
IR,RED,22285,20635
IR,RED,22278,20637
IR,RED,22273,20629
IR,RED,22271,20625
IR,RED,22272,20625
IR,RED,22267,20625
IR,RED,22260,20611
IR,RED,22262,20619
IR,RED,22259,20609
IR,RED,22257,20612
IR,RED,22257,20602
IR,RED,22260,20606
IR,RED,22268,20614
IR,RED,22253,20617
IR,RED,22254,20605
IR,RED,22256,20599
IR,RED,22256,20599
IR,RED,22245,20591
IR,RED,22247,20609
IR,RED,22239,20600
IR,RED,22252,20593
IR,RED,22238,20589
IR,RED,22243,20596
IR,RED,22251,20594
IR,RED,22258,20602
IR,RED,22245,20597
IR,RED,22243,20604
IR,RED,22243,20601
IR,RED,22258,20596
IR,RED,22255,20588
IR,RED,22247,20603
IR,RED,22256,20594
IR,RED,22248,20597
IR,RED,22244,20590
IR,RED,22242,20585
IR,RED,22250,20588
IR,RED,22237,20597
IR,RED,22246,20593
IR,RED,22246,20595
IR,RED,22240,20591
IR,RED,22241,20604
IR,RED,22248,20603
IR,RED,22249,20596
IR,RED,22243,20595
IR,RED,22244,20598
IR,RED,22240,20597
IR,RED,22243,20602
IR,RED,22244,20602
IR,RED,22257,20614
IR,RED,22258,20606
IR,RED,22252,20609
IR,RED,22260,20608
IR,RED,22260,20606
IR,RED,22256,20609
IR,RED,22252,20597
IR,RED,22262,20615
IR,RED,22252,20608
IR,RED,22256,20608
IR,RED,22251,20618
IR,RED,22259,20607
IR,RED,22253,20610
IR,RED,22261,20621
IR,RED,22254,20607
IR,RED,22257,20611
IR,RED,22267,20613
IR,RED,22263,20614
IR,RED,22262,20618
IR,RED,22264,20621
IR,RED,22261,20627
IR,RED,22264,20617
IR,RED,22264,20626
IR,RED,22264,20630
IR,RED,22254,20622
IR,RED,22263,20633
IR,RED,22258,20625
IR,RED,22259,20619
IR,RED,22258,20620
IR,RED,22256,20615
IR,RED,22254,20607
IR,RED,22256,20599
IR,RED,22236,20595
IR,RED,22237,20602
IR,RED,22247,20594
IR,RED,22246,20594
IR,RED,22239,20593
IR,RED,22226,20579
IR,RED,22233,20575
IR,RED,22227,20574
IR,RED,22233,20564
IR,RED,22231,20575
IR,RED,22228,20570
IR,RED,22229,20576
IR,RED,22238,20580
IR,RED,22235,20575
IR,RED,22230,20575
IR,RED,22240,20576
IR,RED,22228,20567
IR,RED,22221,20571
IR,RED,22224,20574
IR,RED,22227,20569
IR,RED,22224,20585
IR,RED,22232,20584
IR,RED,22237,20576
IR,RED,22237,20568
IR,RED,22227,20575
IR,RED,22221,20577
IR,RED,22230,20567
IR,RED,22225,20573
IR,RED,22231,20568
IR,RED,22238,20569
IR,RED,22227,20583
IR,RED,22239,20579
IR,RED,22238,20581
IR,RED,22231,20581
IR,RED,22239,20580
IR,RED,22242,20587
IR,RED,22234,20582
IR,RED,22247,20590
IR,RED,22235,20585
IR,RED,22240,20588
IR,RED,22231,20587
IR,RED,22232,20590
IR,RED,22232,20588
IR,RED,22235,20585
IR,RED,22223,20594
IR,RED,22238,20599
IR,RED,22237,20586
IR,RED,22230,20599
IR,RED,22237,20601
IR,RED,22232,20600
IR,RED,22236,20608
IR,RED,22240,20598
IR,RED,22235,20598
IR,RED,22236,20593
IR,RED,22240,20600
IR,RED,22236,20599
IR,RED,22241,20604
IR,RED,22251,20600
IR,RED,22246,20603
IR,RED,22237,20611
IR,RED,22242,20597
IR,RED,22242,20603
IR,RED,22235,20616
IR,RED,22237,20615
IR,RED,22239,20602
IR,RED,22250,20617
IR,RED,22253,20605
IR,RED,22244,20613
IR,RED,22255,20623
IR,RED,22255,20619
IR,RED,22236,20622
IR,RED,22257,20621
IR,RED,22243,20607
IR,RED,22242,20609
IR,RED,22245,20611
IR,RED,22241,20601
IR,RED,22244,20605
IR,RED,22244,20606
IR,RED,22232,20585
IR,RED,22228,20598
IR,RED,22226,20591
IR,RED,22224,20580
IR,RED,22229,20586
IR,RED,22211,20579
IR,RED,22214,20574
IR,RED,22218,20575
IR,RED,22212,20560
IR,RED,22212,20575
IR,RED,22211,20569
IR,RED,22216,20574
IR,RED,22203,20572
IR,RED,22206,20569
IR,RED,22202,20556
IR,RED,22209,20563
IR,RED,22208,20553
IR,RED,22193,20560
IR,RED,22197,20551
IR,RED,22197,20551
IR,RED,22206,20551
IR,RED,22203,20562
IR,RED,22208,20568
IR,RED,22204,20564
IR,RED,22211,20564
IR,RED,22211,20568
IR,RED,22209,20563
IR,RED,22201,20568
IR,RED,22209,20565
IR,RED,22207,20556
IR,RED,22197,20558
IR,RED,22194,20552
IR,RED,22196,20558
IR,RED,22197,20548
IR,RED,22200,20544
IR,RED,22192,20563
IR,RED,22202,20547
IR,RED,22199,20563
IR,RED,22205,20566
IR,RED,22195,20573
IR,RED,22194,20566
IR,RED,22202,20574
IR,RED,22201,20559
IR,RED,22200,20566
IR,RED,22201,20569
IR,RED,22193,20577
IR,RED,22193,20569
IR,RED,22197,20576
IR,RED,22200,20574
IR,RED,22205,20573
IR,RED,22190,20576
IR,RED,22203,20574
IR,RED,22195,20577
IR,RED,22199,20580
IR,RED,22194,20579
IR,RED,22205,20571
IR,RED,22206,20588
IR,RED,22206,20583
IR,RED,22209,20588
IR,RED,22203,20577
IR,RED,22203,20581
IR,RED,22210,20574
IR,RED,22205,20573
IR,RED,22208,20585
IR,RED,22212,20582
IR,RED,22202,20586
IR,RED,22209,20584
IR,RED,22202,20594
IR,RED,22205,20579
IR,RED,22218,20590
IR,RED,22215,20586
IR,RED,22198,20593
IR,RED,22207,20586
IR,RED,22213,20590
IR,RED,22221,20592
IR,RED,22211,20598
IR,RED,22200,20577
IR,RED,22202,20578
IR,RED,22197,20575
IR,RED,22200,20567
IR,RED,22190,20563
IR,RED,22187,20559
IR,RED,22192,20560
IR,RED,22188,20555
IR,RED,22181,20558
IR,RED,22181,20545
IR,RED,22187,20548
IR,RED,22178,20534
IR,RED,22173,20533
IR,RED,22168,20534
IR,RED,22179,20538
IR,RED,22168,20542
IR,RED,22164,20544
IR,RED,22164,20531
IR,RED,22174,20539
IR,RED,22173,20535
IR,RED,22173,20531
IR,RED,22169,20535
IR,RED,22168,20535
IR,RED,22174,20519
IR,RED,22172,20534
IR,RED,22173,20538
IR,RED,22183,20538
IR,RED,22175,20540
IR,RED,22177,20538
IR,RED,22170,20542
IR,RED,22173,20548
IR,RED,22181,20541
IR,RED,22189,20539
IR,RED,22175,20541
IR,RED,22172,20539
IR,RED,22175,20532
IR,RED,22163,20543
IR,RED,22176,20533
IR,RED,22175,20544
IR,RED,22178,20541
IR,RED,22179,20550
IR,RED,22185,20551
IR,RED,22185,20548
IR,RED,22187,20540
IR,RED,22174,20555
IR,RED,22189,20550
IR,RED,22188,20550
IR,RED,22189,20548
IR,RED,22183,20566
IR,RED,22188,20563
IR,RED,22182,20559
IR,RED,22196,20557
IR,RED,22187,20563
IR,RED,22197,20564
IR,RED,22191,20567
IR,RED,22199,20571
IR,RED,22202,20568
IR,RED,22187,20567
IR,RED,22193,20577
IR,RED,22186,20570
IR,RED,22204,20581
IR,RED,22205,20566
IR,RED,22194,20573
IR,RED,22205,20569
IR,RED,22192,20574
IR,RED,22201,20581
IR,RED,22194,20582
IR,RED,22200,20577
IR,RED,22189,20579
IR,RED,22192,20593
IR,RED,22201,20587
IR,RED,22199,20591
IR,RED,22197,20580
IR,RED,22204,20588
IR,RED,22205,20587
IR,RED,22194,20588
IR,RED,22202,20577
IR,RED,22204,20557
IR,RED,22193,20563
IR,RED,22187,20565
IR,RED,22181,20562
IR,RED,22177,20555
IR,RED,22174,20544
IR,RED,22173,20543
IR,RED,22179,20542
IR,RED,22168,20541
IR,RED,22172,20553
IR,RED,22156,20532
IR,RED,22169,20530
IR,RED,22170,20542
IR,RED,22160,20541
IR,RED,22157,20528
IR,RED,22163,20526
IR,RED,22161,20528
IR,RED,22147,20536
IR,RED,22155,20512
IR,RED,22141,20522
IR,RED,22148,20521
IR,RED,22161,20526
IR,RED,22155,20531
IR,RED,22153,20533
IR,RED,22165,20534
IR,RED,22154,20527
IR,RED,22144,20530
IR,RED,22153,20516
IR,RED,22148,20525
IR,RED,22142,20525
IR,RED,22151,20517
IR,RED,22148,20519
IR,RED,22145,20532
IR,RED,22144,20525
IR,RED,22155,20519
IR,RED,22148,20517
IR,RED,22154,20523
IR,RED,22149,20524
IR,RED,22158,20519
IR,RED,22157,20516
IR,RED,22153,20526
IR,RED,22150,20521
IR,RED,22163,20532
IR,RED,22158,20528
IR,RED,22162,20532
IR,RED,22154,20535
IR,RED,22159,20537
IR,RED,22161,20528
IR,RED,22158,20531
IR,RED,22153,20536
IR,RED,22152,20537
IR,RED,22159,20535
IR,RED,22152,20536
IR,RED,22144,20534
IR,RED,22146,20538
IR,RED,22137,20539
IR,RED,22162,20537
IR,RED,22166,20541
IR,RED,22160,20543
IR,RED,22159,20541
IR,RED,22155,20535
IR,RED,22159,20540
IR,RED,22155,20550
IR,RED,22160,20540
IR,RED,22161,20535
IR,RED,22155,20543
IR,RED,22150,20546
IR,RED,22167,20547
IR,RED,22174,20530
IR,RED,22168,20542
IR,RED,22157,20543
IR,RED,22174,20547
IR,RED,22164,20547
IR,RED,22172,20538
IR,RED,22152,20551
IR,RED,22160,20543
IR,RED,22155,20543
IR,RED,22157,20537
IR,RED,22160,20543
IR,RED,22155,20538
IR,RED,22149,20528
IR,RED,22150,20522
IR,RED,22140,20509
IR,RED,22150,20523
IR,RED,22127,20508
IR,RED,22131,20502
IR,RED,22139,20489
IR,RED,22119,20499
IR,RED,22125,20501
IR,RED,22124,20499
IR,RED,22141,20497
IR,RED,22134,20494
IR,RED,22132,20483
IR,RED,22128,20490
IR,RED,22119,20489
IR,RED,22110,20479
IR,RED,22116,20481
IR,RED,22114,20489
IR,RED,22115,20482
IR,RED,22124,20495
IR,RED,22116,20494
IR,RED,22121,20485
IR,RED,22127,20489
IR,RED,22116,20493
IR,RED,22123,20494
IR,RED,22119,20484
IR,RED,22116,20474
IR,RED,22110,20495
IR,RED,22114,20490
IR,RED,22123,20484
IR,RED,22116,20481
IR,RED,22121,20492
IR,RED,22117,20491
IR,RED,22117,20484
IR,RED,22124,20489
IR,RED,22116,20490
IR,RED,22117,20485
IR,RED,22125,20489
IR,RED,22116,20485
IR,RED,22128,20491
IR,RED,22127,20488
IR,RED,22121,20491
IR,RED,22107,20492
IR,RED,22133,20494
IR,RED,22113,20492
IR,RED,22120,20491
IR,RED,22108,20490
IR,RED,22113,20503
IR,RED,22124,20489
IR,RED,22119,20496
IR,RED,22127,20499
IR,RED,22130,20497
IR,RED,22124,20502
IR,RED,22121,20502
IR,RED,22115,20504
IR,RED,22125,20508
IR,RED,22117,20511
IR,RED,22112,20506
IR,RED,22109,20507
IR,RED,22115,20501
IR,RED,22115,20505
IR,RED,22112,20516
IR,RED,22120,20520
IR,RED,22119,20508
IR,RED,22130,20517
IR,RED,22128,20517
IR,RED,22125,20512
IR,RED,22123,20528
IR,RED,22125,20514
IR,RED,22123,20523
IR,RED,22127,20523
IR,RED,22117,20518
IR,RED,22124,20531
IR,RED,22127,20520
IR,RED,22132,20526
IR,RED,22129,20520
IR,RED,22134,20525
IR,RED,22131,20520
IR,RED,22132,20521
IR,RED,22121,20517
IR,RED,22123,20513
IR,RED,22116,20513
IR,RED,22120,20498
IR,RED,22115,20499
IR,RED,22107,20486
IR,RED,22097,20483
IR,RED,22106,20477
IR,RED,22102,20479
IR,RED,22102,20481
IR,RED,22085,20476
IR,RED,22078,20458
IR,RED,22090,20463
IR,RED,22088,20471
IR,RED,22087,20475
IR,RED,22091,20472
IR,RED,22079,20464
IR,RED,22078,20472
IR,RED,22091,20461
IR,RED,22081,20466
IR,RED,22092,20471
IR,RED,22087,20461
IR,RED,22095,20470
IR,RED,22094,20470
IR,RED,22090,20461
IR,RED,22091,20471
IR,RED,22083,20484
IR,RED,22090,20466
IR,RED,22090,20473
IR,RED,22106,20473
IR,RED,22093,20474
IR,RED,22089,20479
IR,RED,22092,20473
IR,RED,22088,20467
IR,RED,22095,20469
IR,RED,22087,20479
IR,RED,22088,20476
IR,RED,22095,20472
IR,RED,22081,20484
IR,RED,22096,20485
IR,RED,22095,20488
IR,RED,22111,20483
IR,RED,22094,20483
IR,RED,22095,20489
IR,RED,22101,20492
IR,RED,22094,20489
IR,RED,22097,20489
IR,RED,22103,20497
IR,RED,22102,20506
IR,RED,22111,20497
IR,RED,22111,20490
IR,RED,22104,20497
IR,RED,22099,20513
IR,RED,22104,20496
IR,RED,22107,20508
IR,RED,22098,20500
IR,RED,22099,20502
IR,RED,22113,20507
IR,RED,22105,20512
IR,RED,22111,20509
IR,RED,22113,20508
IR,RED,22115,20512
IR,RED,22117,20511
IR,RED,22108,20504
IR,RED,22110,20523
IR,RED,22113,20509
IR,RED,22127,20518
IR,RED,22122,20510
IR,RED,22107,20510
IR,RED,22114,20525
IR,RED,22119,20520
IR,RED,22119,20528
IR,RED,22122,20516
IR,RED,22124,20520
IR,RED,22118,20525
IR,RED,22114,20518
IR,RED,22096,20509
IR,RED,22112,20506
IR,RED,22106,20510
IR,RED,22094,20496
IR,RED,22092,20499
IR,RED,22097,20494
IR,RED,22097,20495
IR,RED,22083,20483
IR,RED,22083,20471
IR,RED,22069,20462
IR,RED,22079,20468
IR,RED,22083,20472
IR,RED,22087,20479
IR,RED,22092,20473
IR,RED,22079,20471
IR,RED,22084,20458
IR,RED,22080,20473
IR,RED,22084,20468
IR,RED,22066,20466
IR,RED,22074,20466
IR,RED,22085,20477
IR,RED,22077,20477
IR,RED,22080,20469
IR,RED,22086,20469
IR,RED,22078,20460
IR,RED,22096,20470
IR,RED,22094,20471
IR,RED,22082,20471
IR,RED,22092,20475
IR,RED,22091,20479
IR,RED,22094,20476
IR,RED,22087,20469
IR,RED,22089,20475
IR,RED,22087,20471
IR,RED,22084,20458
IR,RED,22084,20470
IR,RED,22079,20461
IR,RED,22085,20472
IR,RED,22080,20468
IR,RED,22074,20474
IR,RED,22083,20466
IR,RED,22086,20470
IR,RED,22076,20476
IR,RED,22082,20482
IR,RED,22090,20472
IR,RED,22084,20477
IR,RED,22084,20472
IR,RED,22075,20481
IR,RED,22092,20474
IR,RED,22080,20477
IR,RED,22086,20482
IR,RED,22092,20484
IR,RED,22084,20480
IR,RED,22086,20483
IR,RED,22083,20477
IR,RED,22092,20491
IR,RED,22084,20490
IR,RED,22085,20493
IR,RED,22092,20488
IR,RED,22084,20501
IR,RED,22087,20487
IR,RED,22089,20498
IR,RED,22095,20489
IR,RED,22098,20494
IR,RED,22095,20495
IR,RED,22098,20494
IR,RED,22097,20492
IR,RED,22100,20488
IR,RED,22093,20492
IR,RED,22093,20497
IR,RED,22096,20497
IR,RED,22102,20497
IR,RED,22101,20504
IR,RED,22104,20500
IR,RED,22093,20503
IR,RED,22099,20510
IR,RED,22104,20511
IR,RED,22100,20506
IR,RED,22104,20509
IR,RED,22090,20486
IR,RED,22093,20483
IR,RED,22081,20473
IR,RED,22081,20474
IR,RED,22085,20479
IR,RED,22083,20476
IR,RED,22078,20465
IR,RED,22081,20466
IR,RED,22061,20468
IR,RED,22072,20449
IR,RED,22072,20451
IR,RED,22070,20460
IR,RED,22071,20464
IR,RED,22070,20466
IR,RED,22073,20469
IR,RED,22074,20454
IR,RED,22070,20456
IR,RED,22061,20445
IR,RED,22055,20439
IR,RED,22057,20442
IR,RED,22061,20449
IR,RED,22063,20439
IR,RED,22060,20455
IR,RED,22069,20455
IR,RED,22077,20456
IR,RED,22076,20452
IR,RED,22065,20451
IR,RED,22063,20447
IR,RED,22054,20441
IR,RED,22063,20442
IR,RED,22062,20448
IR,RED,22065,20442
IR,RED,22062,20442
IR,RED,22060,20456
IR,RED,22061,20451
IR,RED,22069,20457
IR,RED,22067,20453
IR,RED,22063,20449
IR,RED,22056,20452
IR,RED,22069,20459
IR,RED,22062,20455
IR,RED,22069,20452
IR,RED,22062,20461
IR,RED,22062,20457
IR,RED,22073,20460
IR,RED,22075,20465
IR,RED,22062,20465
IR,RED,22064,20462
IR,RED,22062,20463
IR,RED,22064,20464
IR,RED,22063,20466
IR,RED,22071,20468
IR,RED,22062,20470
IR,RED,22072,20481
IR,RED,22072,20476
IR,RED,22075,20474
IR,RED,22073,20472
IR,RED,22072,20476
IR,RED,22070,20476
IR,RED,22072,20476
IR,RED,22078,20480
IR,RED,22068,20472
IR,RED,22068,20480
IR,RED,22070,20482
IR,RED,22079,20488
IR,RED,22083,20494
IR,RED,22073,20492
IR,RED,22078,20494
IR,RED,22087,20487
IR,RED,22088,20483
IR,RED,22081,20494
IR,RED,22074,20494
IR,RED,22079,20487
IR,RED,22081,20491
IR,RED,22078,20489
IR,RED,22076,20487
IR,RED,22065,20485
IR,RED,22061,20470
IR,RED,22062,20471
IR,RED,22069,20464
IR,RED,22054,20453
IR,RED,22049,20469
IR,RED,22059,20454
IR,RED,22036,20448
IR,RED,22054,20454
IR,RED,22039,20445
IR,RED,22039,20441
IR,RED,22045,20441
IR,RED,22043,20444
IR,RED,22024,20446
IR,RED,22027,20435
IR,RED,22016,20438
IR,RED,22023,20426
IR,RED,22017,20424
IR,RED,22011,20418
IR,RED,22025,20418
IR,RED,22023,20432
IR,RED,22026,20432
IR,RED,22031,20429
IR,RED,22025,20429
IR,RED,22019,20432
IR,RED,22013,20423
IR,RED,22015,20431
IR,RED,22032,20429
IR,RED,22026,20430
IR,RED,22022,20430
IR,RED,22017,20432
IR,RED,22038,20438
IR,RED,22038,20435
IR,RED,22031,20431
IR,RED,22027,20433
IR,RED,22022,20437
IR,RED,22025,20437
IR,RED,22038,20444
IR,RED,22027,20437
IR,RED,22033,20445
IR,RED,22045,20445
IR,RED,22046,20445
IR,RED,22041,20450
IR,RED,22050,20449
IR,RED,22046,20454
IR,RED,22039,20454
IR,RED,22043,20445
IR,RED,22045,20453
IR,RED,22035,20451
IR,RED,22033,20457
IR,RED,22044,20459
IR,RED,22045,20465
IR,RED,22066,20467
IR,RED,22053,20464
IR,RED,22062,20469
IR,RED,22055,20471
IR,RED,22065,20464
IR,RED,22063,20461
IR,RED,22048,20460
IR,RED,22053,20471
IR,RED,22063,20472
IR,RED,22057,20476
IR,RED,22058,20468
IR,RED,22057,20471
IR,RED,22060,20473
IR,RED,22057,20484
IR,RED,22067,20483
IR,RED,22077,20478
IR,RED,22060,20477
IR,RED,22057,20478
IR,RED,22064,20483
IR,RED,22068,20483
IR,RED,22071,20486
IR,RED,22057,20492
IR,RED,22068,20474
IR,RED,22056,20472
IR,RED,22054,20469
IR,RED,22047,20449
IR,RED,22063,20453
IR,RED,22045,20444
IR,RED,22039,20446
IR,RED,22048,20449
IR,RED,22034,20437
IR,RED,22036,20432
IR,RED,22024,20431
IR,RED,22032,20426
IR,RED,22022,20422
IR,RED,22020,20425
IR,RED,22030,20432
IR,RED,22017,20421
IR,RED,22033,20421
IR,RED,22022,20422
IR,RED,22021,20426
IR,RED,22022,20418
IR,RED,22017,20433
IR,RED,22023,20425
IR,RED,22041,20426
IR,RED,22046,20435
IR,RED,22039,20431
IR,RED,22037,20437
IR,RED,22038,20429
IR,RED,22029,20434
IR,RED,22035,20444
IR,RED,22032,20443
IR,RED,22036,20437
IR,RED,22040,20438
IR,RED,22042,20449
IR,RED,22051,20434
IR,RED,22042,20451
IR,RED,22044,20443
IR,RED,22044,20450
IR,RED,22039,20444
IR,RED,22045,20447
IR,RED,22036,20449
IR,RED,22043,20454
IR,RED,22041,20446
IR,RED,22043,20455
IR,RED,22047,20454
IR,RED,22044,20446
IR,RED,22044,20467
IR,RED,22046,20456
IR,RED,22050,20460
IR,RED,22052,20461
IR,RED,22051,20454
IR,RED,22045,20463
IR,RED,22055,20460
IR,RED,22045,20456
IR,RED,22056,20459
IR,RED,22047,20457
IR,RED,22055,20458
IR,RED,22056,20466
IR,RED,22063,20470
IR,RED,22057,20463
IR,RED,22062,20468
IR,RED,22054,20470
IR,RED,22053,20479
IR,RED,22048,20473
IR,RED,22052,20465
IR,RED,22051,20475
IR,RED,22059,20475
IR,RED,22061,20473
IR,RED,22057,20483
IR,RED,22065,20481
IR,RED,22071,20477
IR,RED,22068,20477
IR,RED,22073,20471
IR,RED,22061,20471
IR,RED,22062,20461
IR,RED,22061,20459
IR,RED,22047,20463
IR,RED,22034,20444
IR,RED,22046,20453
IR,RED,22038,20441
IR,RED,22043,20440
IR,RED,22047,20453
IR,RED,22046,20443
IR,RED,22024,20428
IR,RED,22029,20431
IR,RED,22022,20420
IR,RED,22006,20426
IR,RED,22023,20433
IR,RED,22020,20413
IR,RED,22021,20426
IR,RED,22011,20426
IR,RED,22014,20421
IR,RED,22014,20422
IR,RED,22009,20414
IR,RED,22002,20423
IR,RED,22012,20430
IR,RED,22010,20420
IR,RED,22007,20424
IR,RED,22017,20428
IR,RED,22013,20427
IR,RED,22021,20416
IR,RED,22017,20421
IR,RED,22021,20413
IR,RED,22013,20419
IR,RED,22027,20431
IR,RED,22022,20429
IR,RED,22023,20425
IR,RED,22023,20418
IR,RED,22019,20427
IR,RED,22006,20419
IR,RED,22017,20422
IR,RED,22020,20418
IR,RED,22020,20422
IR,RED,22019,20416
IR,RED,22021,20414
IR,RED,22017,20424
IR,RED,22024,20428
IR,RED,22025,20432
IR,RED,22024,20434
IR,RED,22031,20430
IR,RED,22019,20431
IR,RED,22016,20432
IR,RED,22023,20435
IR,RED,22029,20434
IR,RED,22016,20426
IR,RED,22035,20435
IR,RED,22020,20428
IR,RED,22025,20437
IR,RED,22037,20447
IR,RED,22027,20435
IR,RED,22037,20448
IR,RED,22032,20439
IR,RED,22034,20449
IR,RED,22033,20454
IR,RED,22039,20444
IR,RED,22033,20444
IR,RED,22051,20446
IR,RED,22035,20448
IR,RED,22036,20454
IR,RED,22050,20449
IR,RED,22041,20446
IR,RED,22043,20455
IR,RED,22047,20454
IR,RED,22055,20458
IR,RED,22052,20466
IR,RED,22051,20465
IR,RED,22046,20459
IR,RED,22050,20463
IR,RED,22043,20464
IR,RED,22051,20461
IR,RED,22036,20447
IR,RED,22027,20451
IR,RED,22034,20447
IR,RED,22028,20447
IR,RED,22034,20444
IR,RED,22033,20436
IR,RED,22028,20423
IR,RED,22013,20423
IR,RED,22009,20422
IR,RED,21998,20419
IR,RED,21998,20410
IR,RED,21994,20400
IR,RED,22010,20405
IR,RED,21990,20414
IR,RED,22003,20405
IR,RED,21986,20406
IR,RED,22011,20398
IR,RED,21984,20399
IR,RED,21989,20394
IR,RED,21979,20384
IR,RED,21986,20390
IR,RED,21977,20380
IR,RED,21978,20390
IR,RED,21971,20396
IR,RED,21983,20392
IR,RED,21977,20394
IR,RED,21977,20381
IR,RED,21983,20393
IR,RED,21983,20401
IR,RED,21978,20397
IR,RED,21982,20404
IR,RED,21989,20400
IR,RED,21986,20399
IR,RED,21984,20392
IR,RED,21984,20397
IR,RED,21981,20392
IR,RED,21987,20405
IR,RED,21986,20393
IR,RED,21986,20394
IR,RED,21990,20401
IR,RED,21990,20406
IR,RED,21989,20404
IR,RED,21991,20403
IR,RED,21989,20412
IR,RED,22000,20415
IR,RED,22005,20420
IR,RED,22001,20421
IR,RED,22003,20410
IR,RED,21998,20410
IR,RED,21990,20420
IR,RED,21982,20414
IR,RED,21998,20426
IR,RED,22002,20427
IR,RED,21998,20432
IR,RED,21993,20418
IR,RED,22008,20433
IR,RED,22000,20431
IR,RED,22005,20431
IR,RED,21994,20430
IR,RED,22005,20431
IR,RED,22001,20433
IR,RED,21995,20436
IR,RED,21994,20439
IR,RED,22001,20432
IR,RED,22008,20443
IR,RED,22012,20438
IR,RED,22012,20444
IR,RED,22011,20439
IR,RED,22007,20438
IR,RED,22019,20442
IR,RED,22021,20441
IR,RED,22008,20445
IR,RED,22021,20442
IR,RED,22009,20433
IR,RED,22011,20434
IR,RED,21996,20427
IR,RED,21988,20423
IR,RED,21997,20417
IR,RED,21982,20404
IR,RED,21981,20408
IR,RED,21971,20399
IR,RED,21978,20401
IR,RED,21975,20385
IR,RED,21972,20385
IR,RED,21968,20381
IR,RED,21962,20383
IR,RED,21961,20377
IR,RED,21968,20388
IR,RED,21963,20381
IR,RED,21956,20379
IR,RED,21954,20366
IR,RED,21954,20372
IR,RED,21963,20377
IR,RED,21964,20379
IR,RED,21968,20388
IR,RED,21973,20389
IR,RED,21976,20387
IR,RED,21973,20390
IR,RED,21974,20388
IR,RED,21977,20380
IR,RED,21971,20392
IR,RED,21969,20387
IR,RED,21987,20388
IR,RED,21988,20396
IR,RED,21976,20382
IR,RED,21982,20388
IR,RED,21977,20384
IR,RED,21979,20386
IR,RED,21974,20391
IR,RED,21991,20401
IR,RED,21980,20409
IR,RED,21989,20407
IR,RED,21999,20412
IR,RED,21988,20406
IR,RED,21996,20407
IR,RED,21990,20404
IR,RED,22002,20426
IR,RED,21994,20415
IR,RED,21994,20417
IR,RED,21981,20408
IR,RED,21992,20421
IR,RED,21998,20417
IR,RED,21992,20422
IR,RED,21989,20422
IR,RED,22011,20417
IR,RED,22008,20427
IR,RED,22008,20423
IR,RED,22006,20430
IR,RED,22010,20437
IR,RED,22016,20426
IR,RED,22007,20433
IR,RED,22009,20433
IR,RED,22004,20431
IR,RED,22001,20434
IR,RED,21997,20439
IR,RED,22004,20430
IR,RED,22006,20432
IR,RED,22012,20438
IR,RED,22010,20445
IR,RED,22018,20439
IR,RED,22017,20433
IR,RED,22021,20440
IR,RED,22014,20444
IR,RED,22013,20452
IR,RED,22004,20448
IR,RED,21996,20448
IR,RED,22011,20451
IR,RED,22015,20443
IR,RED,22013,20436
IR,RED,22020,20431
IR,RED,22010,20438
IR,RED,22013,20424
IR,RED,22003,20418
IR,RED,21989,20413
IR,RED,21993,20405
IR,RED,21990,20408
IR,RED,21989,20401
IR,RED,21995,20399
IR,RED,21975,20393
IR,RED,21983,20385
IR,RED,21979,20388
IR,RED,21978,20392
IR,RED,21974,20398
IR,RED,21972,20382
IR,RED,21970,20407
IR,RED,21971,20385
IR,RED,21971,20400
IR,RED,21974,20385
IR,RED,21967,20391
IR,RED,21959,20388
IR,RED,21974,20381
IR,RED,21969,20389
IR,RED,21978,20377
IR,RED,21971,20388
IR,RED,21983,20394
IR,RED,21977,20389
IR,RED,21970,20399
IR,RED,21975,20396
IR,RED,21979,20402
IR,RED,21968,20390
IR,RED,21962,20387
IR,RED,21973,20392
IR,RED,21959,20379
IR,RED,21973,20387
IR,RED,21962,20390
IR,RED,21974,20389
IR,RED,21979,20396
IR,RED,21974,20388
IR,RED,21970,20389
IR,RED,21969,20387
IR,RED,21968,20389
IR,RED,21977,20393
IR,RED,21974,20395
IR,RED,21975,20393
IR,RED,21974,20396
IR,RED,21974,20393
IR,RED,21966,20406
IR,RED,21974,20392
IR,RED,21981,20404
IR,RED,21970,20396
IR,RED,21977,20403
IR,RED,21973,20394
IR,RED,21979,20404
IR,RED,21979,20404
IR,RED,21982,20413
IR,RED,21988,20412
IR,RED,21993,20405
IR,RED,21988,20407
IR,RED,21987,20425
IR,RED,21979,20410
IR,RED,21982,20413
IR,RED,21977,20412
IR,RED,21982,20417
IR,RED,21992,20421
IR,RED,21992,20417
IR,RED,21984,20421
IR,RED,21984,20431
IR,RED,22000,20422
IR,RED,21994,20428
IR,RED,21994,20441
IR,RED,21993,20431
IR,RED,21992,20425
IR,RED,21993,20436
IR,RED,21997,20421
IR,RED,22007,20435
IR,RED,22003,20429
IR,RED,21997,20427
IR,RED,21999,20426
IR,RED,21996,20428
IR,RED,21988,20414
IR,RED,21975,20408
IR,RED,21971,20405
IR,RED,21968,20404
IR,RED,21956,20401
IR,RED,21957,20388
IR,RED,21967,20392
IR,RED,21961,20392
IR,RED,21954,20377
IR,RED,21957,20381
IR,RED,21956,20379
IR,RED,21952,20375
IR,RED,21951,20368
IR,RED,21942,20367
IR,RED,21950,20362
IR,RED,21950,20364
IR,RED,21945,20366
IR,RED,21934,20369
IR,RED,21948,20360
IR,RED,21938,20365
IR,RED,21942,20357
IR,RED,21943,20361
IR,RED,21939,20361
IR,RED,21943,20361
IR,RED,21939,20361
IR,RED,21951,20373
IR,RED,21942,20377
IR,RED,21946,20365
IR,RED,21945,20362
IR,RED,21945,20362
IR,RED,21949,20379
IR,RED,21949,20365
IR,RED,21940,20365
IR,RED,21930,20363
IR,RED,21941,20369
IR,RED,21945,20359
IR,RED,21945,20363
IR,RED,21932,20373
IR,RED,21949,20365
IR,RED,21951,20379
IR,RED,21939,20371
IR,RED,21947,20374
IR,RED,21949,20385
IR,RED,21947,20384
IR,RED,21956,20377
IR,RED,21936,20379
IR,RED,21950,20383
IR,RED,21950,20382
IR,RED,21953,20381
IR,RED,21948,20389
IR,RED,21965,20396
IR,RED,21957,20409
IR,RED,21952,20397
IR,RED,21958,20392
IR,RED,21954,20402
IR,RED,21952,20400
IR,RED,21960,20398
IR,RED,21963,20398
IR,RED,21963,20395
IR,RED,21957,20400
IR,RED,21964,20406
IR,RED,21962,20406
IR,RED,21964,20401
IR,RED,21961,20399
IR,RED,21959,20405
IR,RED,21956,20420
IR,RED,21970,20411
IR,RED,21967,20417
IR,RED,21984,20422
IR,RED,21967,20419
IR,RED,21970,20418
IR,RED,21978,20403
IR,RED,21973,20412
IR,RED,21982,20424
IR,RED,21970,20421
IR,RED,21962,20400
IR,RED,21954,20403
IR,RED,21956,20401
IR,RED,21950,20400
IR,RED,21954,20394
IR,RED,21954,20388
IR,RED,21944,20374
IR,RED,21942,20368
IR,RED,21923,20365
IR,RED,21921,20365
IR,RED,21909,20361
IR,RED,21930,20358
IR,RED,21922,20350
IR,RED,21934,20358
IR,RED,21936,20364
IR,RED,21922,20362
IR,RED,21929,20352
IR,RED,21925,20357
IR,RED,21925,20352
IR,RED,21921,20366
IR,RED,21909,20348
IR,RED,21907,20349
IR,RED,21915,20357
IR,RED,21921,20363
IR,RED,21916,20367
IR,RED,21935,20356
IR,RED,21930,20363
IR,RED,21933,20365
IR,RED,21927,20363
IR,RED,21942,20363
IR,RED,21931,20361
IR,RED,21931,20366
IR,RED,21927,20360
IR,RED,21920,20366
IR,RED,21933,20361
IR,RED,21933,20364
IR,RED,21936,20376
IR,RED,21948,20380
IR,RED,21946,20381
IR,RED,21955,20386
IR,RED,21951,20384
IR,RED,21937,20382
IR,RED,21939,20379
IR,RED,21953,20375
IR,RED,21940,20385
IR,RED,21958,20392
IR,RED,21956,20385
IR,RED,21952,20390
IR,RED,21948,20399
IR,RED,21956,20389
IR,RED,21961,20402
IR,RED,21954,20404
IR,RED,21959,20396
IR,RED,21953,20402
IR,RED,21954,20399
IR,RED,21959,20408
IR,RED,21962,20408
IR,RED,21956,20414
IR,RED,21959,20411
IR,RED,21960,20411
IR,RED,21966,20413
IR,RED,21969,20424
IR,RED,21965,20405
IR,RED,21972,20418
IR,RED,21973,20415
IR,RED,21970,20413
IR,RED,21982,20418
IR,RED,21971,20418
IR,RED,21984,20420
IR,RED,21966,20418
IR,RED,21974,20426
IR,RED,21971,20421
IR,RED,21975,20435
IR,RED,21975,20439
IR,RED,21983,20440
IR,RED,21972,20433
IR,RED,21973,20428
IR,RED,21973,20429
IR,RED,21971,20429
IR,RED,21966,20420
IR,RED,21961,20411
IR,RED,21955,20404
IR,RED,21948,20402
IR,RED,21944,20392
IR,RED,21938,20391
IR,RED,21947,20389
IR,RED,21943,20377
IR,RED,21932,20369
IR,RED,21936,20373
IR,RED,21941,20377
IR,RED,21927,20370
IR,RED,21928,20372
IR,RED,21943,20380
IR,RED,21937,20374
IR,RED,21944,20375
IR,RED,21943,20365
IR,RED,21935,20368
IR,RED,21933,20371
IR,RED,21930,20374
IR,RED,21934,20373
IR,RED,21927,20377
IR,RED,21928,20373
IR,RED,21937,20382
IR,RED,21929,20370
IR,RED,21928,20376
IR,RED,21938,20374
IR,RED,21928,20380
IR,RED,21938,20380
IR,RED,21938,20373
IR,RED,21932,20378
IR,RED,21933,20380
IR,RED,21937,20371
IR,RED,21930,20383
IR,RED,21937,20366
IR,RED,21935,20371
IR,RED,21933,20376
IR,RED,21939,20381
IR,RED,21946,20383
IR,RED,21942,20382
IR,RED,21952,20388
IR,RED,21943,20385
IR,RED,21945,20376
IR,RED,21935,20384
IR,RED,21942,20377
IR,RED,21931,20385
IR,RED,21927,20389
IR,RED,21939,20389
IR,RED,21942,20396
IR,RED,21946,20392
IR,RED,21935,20389
IR,RED,21942,20385
IR,RED,21930,20390
IR,RED,21943,20394
IR,RED,21938,20389
IR,RED,21932,20385
IR,RED,21938,20385
IR,RED,21942,20394
IR,RED,21940,20396
IR,RED,21927,20377
IR,RED,21930,20388
IR,RED,21929,20382
IR,RED,21936,20380
IR,RED,21939,20389
IR,RED,21935,20382
IR,RED,21939,20391
IR,RED,21940,20391
IR,RED,21937,20398
IR,RED,21938,20395
IR,RED,21930,20392
IR,RED,21948,20395
IR,RED,21926,20388
IR,RED,21944,20388
IR,RED,21940,20396
IR,RED,21949,20390
IR,RED,21946,20400
IR,RED,21953,20401
IR,RED,21944,20394
IR,RED,21940,20390
IR,RED,21938,20387
IR,RED,21928,20389
IR,RED,21924,20383
IR,RED,21922,20374
IR,RED,21914,20355
IR,RED,21916,20354
IR,RED,21905,20355
IR,RED,21899,20339
IR,RED,21895,20345
IR,RED,21884,20337
IR,RED,21882,20333
IR,RED,21885,20335
IR,RED,21885,20322
IR,RED,21889,20331
IR,RED,21876,20343
IR,RED,21884,20323
IR,RED,21875,20331
IR,RED,21873,20323
IR,RED,21865,20342
IR,RED,21868,20323
IR,RED,21879,20333
IR,RED,21881,20320
IR,RED,21871,20318
IR,RED,21873,20334
IR,RED,21870,20321
IR,RED,21874,20325
IR,RED,21866,20326
IR,RED,21871,20319
IR,RED,21868,20325
IR,RED,21877,20316
IR,RED,21870,20324
IR,RED,21875,20329
IR,RED,21862,20319
IR,RED,21863,20319
IR,RED,21873,20316
IR,RED,21865,20326
IR,RED,21874,20333
IR,RED,21885,20339
IR,RED,21878,20328
IR,RED,21876,20333
IR,RED,21873,20343
IR,RED,21876,20342
IR,RED,21877,20339
IR,RED,21883,20339
IR,RED,21878,20350
IR,RED,21885,20344
IR,RED,21887,20352
IR,RED,21897,20357
IR,RED,21885,20356
IR,RED,21889,20361
IR,RED,21886,20359
IR,RED,21890,20357
IR,RED,21894,20352
IR,RED,21891,20359
IR,RED,21886,20347
IR,RED,21891,20363
IR,RED,21890,20362
IR,RED,21884,20362
IR,RED,21891,20357
IR,RED,21882,20362
IR,RED,21887,20364
IR,RED,21902,20363
IR,RED,21906,20367
IR,RED,21897,20378
IR,RED,21910,20383
IR,RED,21908,20381
IR,RED,21900,20379
IR,RED,21912,20378
IR,RED,21899,20367
IR,RED,21902,20378
IR,RED,21909,20384
IR,RED,21907,20380
IR,RED,21915,20371
IR,RED,21903,20369
IR,RED,21892,20369
IR,RED,21897,20364
IR,RED,21883,20354
IR,RED,21892,20350
IR,RED,21883,20347
IR,RED,21883,20337
IR,RED,21877,20332
IR,RED,21888,20334
IR,RED,21864,20319
IR,RED,21879,20321
IR,RED,21869,20313
IR,RED,21861,20321
IR,RED,21866,20317
IR,RED,21862,20317
IR,RED,21869,20324
IR,RED,21855,20325
IR,RED,21864,20317
IR,RED,21863,20316
IR,RED,21854,20302
IR,RED,21853,20316
IR,RED,21859,20319
IR,RED,21870,20328
IR,RED,21874,20326
IR,RED,21882,20342
IR,RED,21878,20333
IR,RED,21868,20338
IR,RED,21884,20336
IR,RED,21872,20336
IR,RED,21873,20338
IR,RED,21886,20340
IR,RED,21888,20338
IR,RED,21886,20344
IR,RED,21884,20344
IR,RED,21872,20337
IR,RED,21889,20337
IR,RED,21890,20342
IR,RED,21889,20340
IR,RED,21893,20350
IR,RED,21901,20357
IR,RED,21898,20349
IR,RED,21887,20347
IR,RED,21886,20353
IR,RED,21892,20352
IR,RED,21892,20363
IR,RED,21891,20361
IR,RED,21901,20357
IR,RED,21900,20359
IR,RED,21895,20359
IR,RED,21906,20364
IR,RED,21902,20363
IR,RED,21912,20367
IR,RED,21904,20363
IR,RED,21904,20372
IR,RED,21910,20376
IR,RED,21912,20372
IR,RED,21908,20378
IR,RED,21906,20376
IR,RED,21906,20367
IR,RED,21920,20366
IR,RED,21901,20371
IR,RED,21919,20377
IR,RED,21904,20379
IR,RED,21909,20376
IR,RED,21912,20368
IR,RED,21914,20382
IR,RED,21920,20389
IR,RED,21912,20396
IR,RED,21909,20377
IR,RED,21919,20378
IR,RED,21918,20382
IR,RED,21916,20386
IR,RED,21914,20397
IR,RED,21915,20389
IR,RED,21896,20382
IR,RED,21898,20373
IR,RED,21896,20364
IR,RED,21897,20351
IR,RED,21887,20354
IR,RED,21884,20349
IR,RED,21879,20344
IR,RED,21888,20338
IR,RED,21881,20339
IR,RED,21881,20342
IR,RED,21875,20329
IR,RED,21876,20337
IR,RED,21874,20337
IR,RED,21868,20341
IR,RED,21873,20323
IR,RED,21863,20338
IR,RED,21887,20325
IR,RED,21869,20328
IR,RED,21879,20306
IR,RED,21870,20327
IR,RED,21867,20319
IR,RED,21880,20328
IR,RED,21876,20331
IR,RED,21890,20327
IR,RED,21875,20331
IR,RED,21876,20341
IR,RED,21876,20338
IR,RED,21870,20333
IR,RED,21874,20338
IR,RED,21875,20340
IR,RED,21865,20350
IR,RED,21864,20331
IR,RED,21884,20336
IR,RED,21877,20332
IR,RED,21879,20332
IR,RED,21875,20331
IR,RED,21880,20336
IR,RED,21875,20331
IR,RED,21880,20338
IR,RED,21884,20335
IR,RED,21879,20333
IR,RED,21876,20349
IR,RED,21870,20342
IR,RED,21879,20339
IR,RED,21879,20339
IR,RED,21875,20353
IR,RED,21873,20343
IR,RED,21877,20343
IR,RED,21884,20340
IR,RED,21889,20354
IR,RED,21886,20357
IR,RED,21883,20355
IR,RED,21888,20348
IR,RED,21878,20353
IR,RED,21880,20351
IR,RED,21887,20357
IR,RED,21893,20353
IR,RED,21891,20355
IR,RED,21895,20354
IR,RED,21885,20359
IR,RED,21888,20365
IR,RED,21884,20366
IR,RED,21893,20361
IR,RED,21898,20364
IR,RED,21887,20362
IR,RED,21893,20371
IR,RED,21900,20376
IR,RED,21905,20369
IR,RED,21897,20370
IR,RED,21895,20375
IR,RED,21898,20381
IR,RED,21896,20384
IR,RED,21886,20383
IR,RED,21895,20378
IR,RED,21895,20372
IR,RED,21875,20364
IR,RED,21875,20358
IR,RED,21864,20347
IR,RED,21875,20349
IR,RED,21875,20346
IR,RED,21863,20341
IR,RED,21861,20338
IR,RED,21860,20322
IR,RED,21843,20315
IR,RED,21843,20323
IR,RED,21829,20309
IR,RED,21843,20309
IR,RED,21832,20307
IR,RED,21837,20306
IR,RED,21837,20306
IR,RED,21840,20308
IR,RED,21841,20300
IR,RED,21827,20289
IR,RED,21811,20289
IR,RED,21827,20285
IR,RED,21820,20290
IR,RED,21822,20293
IR,RED,21822,20285
IR,RED,21835,20299
IR,RED,21835,20293
IR,RED,21836,20299
IR,RED,21833,20291
IR,RED,21830,20300
IR,RED,21834,20296
IR,RED,21831,20290
IR,RED,21827,20295
IR,RED,21833,20293
IR,RED,21820,20296
IR,RED,21828,20295
IR,RED,21835,20296
IR,RED,21833,20310
IR,RED,21842,20305
IR,RED,21835,20310
IR,RED,21841,20307
IR,RED,21842,20307
IR,RED,21828,20312
IR,RED,21830,20295
IR,RED,21830,20303
IR,RED,21840,20311
IR,RED,21840,20316
IR,RED,21845,20312
IR,RED,21841,20312
IR,RED,21841,20320
IR,RED,21851,20312
IR,RED,21853,20323
IR,RED,21854,20327
IR,RED,21848,20326
IR,RED,21852,20323
IR,RED,21852,20328
IR,RED,21857,20334
IR,RED,21862,20339
IR,RED,21859,20330
IR,RED,21853,20340
IR,RED,21867,20342
IR,RED,21856,20339
IR,RED,21862,20334
IR,RED,21869,20338
IR,RED,21868,20346
IR,RED,21868,20348
IR,RED,21859,20355
IR,RED,21874,20342
IR,RED,21869,20343
IR,RED,21877,20361
IR,RED,21867,20342
IR,RED,21872,20351
IR,RED,21876,20354
IR,RED,21868,20351
IR,RED,21874,20356
IR,RED,21862,20343
IR,RED,21854,20330
IR,RED,21849,20328
IR,RED,21846,20326
IR,RED,21848,20312
IR,RED,21842,20311
IR,RED,21828,20303
IR,RED,21831,20300
IR,RED,21806,20291
IR,RED,21819,20275
IR,RED,21800,20284
IR,RED,21799,20273
IR,RED,21814,20284
IR,RED,21810,20273
IR,RED,21809,20281
IR,RED,21814,20274
IR,RED,21807,20282
IR,RED,21803,20275
IR,RED,21806,20278
IR,RED,21806,20275
IR,RED,21815,20284
IR,RED,21818,20289
IR,RED,21825,20291
IR,RED,21827,20284
IR,RED,21820,20293
IR,RED,21838,20291
IR,RED,21834,20296
IR,RED,21825,20295
IR,RED,21827,20306
IR,RED,21828,20310
IR,RED,21831,20295
IR,RED,21834,20305
IR,RED,21820,20300
IR,RED,21823,20296
IR,RED,21821,20303
IR,RED,21840,20302
IR,RED,21822,20302
IR,RED,21828,20307
IR,RED,21829,20306
IR,RED,21836,20304
IR,RED,21827,20307
IR,RED,21826,20302
IR,RED,21827,20310
IR,RED,21828,20306
IR,RED,21838,20313
IR,RED,21849,20312
IR,RED,21828,20302
IR,RED,21832,20320
IR,RED,21835,20318
IR,RED,21849,20324
IR,RED,21837,20313
IR,RED,21840,20319
IR,RED,21843,20330
IR,RED,21852,20325
IR,RED,21844,20340
IR,RED,21841,20332
IR,RED,21850,20332
IR,RED,21855,20336
IR,RED,21845,20327
IR,RED,21841,20325
IR,RED,21862,20322
IR,RED,21856,20335
IR,RED,21862,20336
IR,RED,21857,20341
IR,RED,21860,20339
IR,RED,21863,20337
IR,RED,21856,20339
IR,RED,21863,20345
IR,RED,21862,20344
IR,RED,21868,20340
IR,RED,21855,20346
IR,RED,21872,20339
IR,RED,21856,20337
IR,RED,21857,20326
IR,RED,21847,20317
IR,RED,21836,20311
IR,RED,21843,20310
IR,RED,21834,20303
IR,RED,21825,20294
IR,RED,21826,20296
IR,RED,21818,20283
IR,RED,21816,20298
IR,RED,21837,20288
IR,RED,21808,20274
IR,RED,21825,20274
IR,RED,21823,20288
IR,RED,21823,20275
IR,RED,21810,20273
IR,RED,21815,20271
IR,RED,21810,20268
IR,RED,21802,20270
IR,RED,21813,20279
IR,RED,21810,20285
IR,RED,21839,20294
IR,RED,21822,20293
IR,RED,21826,20296
IR,RED,21840,20289
IR,RED,21831,20293
IR,RED,21831,20288
IR,RED,21811,20282
IR,RED,21810,20274
IR,RED,21813,20278
IR,RED,21814,20284
IR,RED,21820,20281
IR,RED,21812,20288
IR,RED,21824,20282
IR,RED,21819,20284
IR,RED,21823,20286
IR,RED,21818,20289
IR,RED,21823,20275
IR,RED,21827,20289
IR,RED,21826,20284
IR,RED,21823,20290
IR,RED,21822,20299
IR,RED,21820,20298
IR,RED,21822,20295
IR,RED,21827,20299
IR,RED,21825,20300
IR,RED,21824,20300
IR,RED,21828,20299
IR,RED,21831,20305
IR,RED,21839,20295
IR,RED,21833,20311
IR,RED,21839,20311
IR,RED,21843,20310
IR,RED,21841,20312
IR,RED,21839,20327
IR,RED,21840,20318
IR,RED,21841,20322
IR,RED,21843,20304
IR,RED,21841,20316
IR,RED,21846,20323
IR,RED,21832,20321
IR,RED,21843,20316
IR,RED,21846,20321
IR,RED,21855,20318
IR,RED,21856,20330
IR,RED,21865,20349
IR,RED,21866,20345
IR,RED,21862,20335
IR,RED,21845,20336
IR,RED,21857,20332
IR,RED,21860,20336
IR,RED,21843,20338
IR,RED,21852,20326
IR,RED,21851,20322
IR,RED,21845,20325
IR,RED,21842,20324
IR,RED,21839,20310
IR,RED,21831,20304
IR,RED,21819,20301
IR,RED,21809,20289
IR,RED,21809,20285
IR,RED,21812,20276
IR,RED,21801,20274
IR,RED,21802,20271
IR,RED,21806,20269
IR,RED,21797,20277
IR,RED,21791,20275
IR,RED,21790,20262
IR,RED,21791,20269
IR,RED,21771,20258
IR,RED,21780,20258
IR,RED,21781,20245
IR,RED,21793,20259
IR,RED,21800,20264
IR,RED,21796,20274
IR,RED,21813,20273
IR,RED,21808,20274
IR,RED,21800,20268
IR,RED,21801,20269
IR,RED,21792,20262
IR,RED,21800,20260
IR,RED,21801,20265
IR,RED,21790,20277
IR,RED,21802,20272
IR,RED,21792,20266
IR,RED,21808,20274
IR,RED,21800,20257
IR,RED,21805,20279
IR,RED,21810,20275
IR,RED,21796,20265
IR,RED,21801,20275
IR,RED,21797,20268
IR,RED,21799,20277
IR,RED,21801,20266
IR,RED,21802,20273
IR,RED,21805,20280
IR,RED,21809,20277
IR,RED,21810,20265
IR,RED,21808,20269
IR,RED,21802,20279
IR,RED,21807,20280
IR,RED,21823,20282
IR,RED,21812,20302
IR,RED,21826,20298
IR,RED,21826,20299
IR,RED,21831,20299
IR,RED,21832,20314
IR,RED,21827,20315
IR,RED,21837,20312
IR,RED,21829,20314
IR,RED,21825,20308
IR,RED,21830,20306
IR,RED,21831,20307
IR,RED,21837,20307
IR,RED,21829,20318
IR,RED,21831,20317
IR,RED,21838,20322
IR,RED,21849,20320
IR,RED,21844,20320
IR,RED,21836,20317
IR,RED,21843,20324
IR,RED,21842,20329
IR,RED,21839,20329
IR,RED,21841,20319
IR,RED,21835,20311
IR,RED,21823,20311
IR,RED,21820,20302
IR,RED,21817,20292
IR,RED,21816,20292
IR,RED,21808,20277
IR,RED,21801,20275
IR,RED,21798,20277
IR,RED,21797,20265
IR,RED,21788,20267
IR,RED,21790,20259
IR,RED,21790,20251
IR,RED,21775,20255
IR,RED,21774,20250
IR,RED,21771,20242
IR,RED,21766,20251
IR,RED,21768,20241
IR,RED,21775,20242
IR,RED,21769,20248
IR,RED,21771,20242
IR,RED,21772,20255
IR,RED,21783,20253
IR,RED,21776,20251
IR,RED,21777,20253
IR,RED,21770,20248
IR,RED,21790,20248
IR,RED,21786,20266
IR,RED,21797,20260
IR,RED,21802,20267
IR,RED,21798,20266
IR,RED,21799,20268
IR,RED,21786,20263
IR,RED,21793,20258
IR,RED,21793,20265
IR,RED,21797,20264
IR,RED,21797,20269
IR,RED,21799,20280
IR,RED,21807,20271
IR,RED,21809,20269
IR,RED,21816,20279
IR,RED,21820,20284
IR,RED,21820,20283
IR,RED,21818,20287
IR,RED,21814,20296
IR,RED,21799,20288
IR,RED,21813,20296
IR,RED,21815,20287
IR,RED,21815,20290
IR,RED,21821,20302
IR,RED,21819,20296
IR,RED,21812,20295
IR,RED,21825,20304
IR,RED,21813,20306
IR,RED,21819,20302
IR,RED,21824,20298
IR,RED,21822,20307
IR,RED,21816,20306
IR,RED,21812,20288
IR,RED,21835,20302
IR,RED,21825,20295
IR,RED,21830,20313
IR,RED,21838,20308
IR,RED,21834,20306
IR,RED,21837,20313
IR,RED,21843,20305
IR,RED,21838,20313
IR,RED,21828,20318
IR,RED,21842,20317
IR,RED,21837,20322
IR,RED,21844,20323
IR,RED,21830,20310
IR,RED,21823,20302
IR,RED,21821,20289
IR,RED,21812,20282
IR,RED,21797,20274
IR,RED,21801,20268
IR,RED,21789,20266
IR,RED,21797,20264
IR,RED,21798,20255
IR,RED,21786,20253
IR,RED,21779,20242
IR,RED,21771,20248
IR,RED,21765,20241
IR,RED,21776,20243
IR,RED,21776,20236
IR,RED,21777,20238
IR,RED,21778,20235
IR,RED,21765,20240
IR,RED,21780,20240
IR,RED,21771,20230
IR,RED,21766,20234
IR,RED,21771,20240
IR,RED,21784,20246
IR,RED,21782,20240
IR,RED,21790,20247
IR,RED,21775,20235
IR,RED,21779,20241
IR,RED,21776,20247
IR,RED,21788,20242
IR,RED,21786,20251
IR,RED,21779,20247
IR,RED,21797,20257
IR,RED,21783,20248
IR,RED,21788,20258
IR,RED,21784,20257
IR,RED,21782,20255
IR,RED,21787,20255
IR,RED,21786,20252
IR,RED,21804,20261
IR,RED,21797,20264
IR,RED,21795,20272
IR,RED,21801,20275
IR,RED,21797,20264
IR,RED,21798,20286
IR,RED,21791,20282
IR,RED,21795,20273
IR,RED,21791,20272
IR,RED,21791,20278
IR,RED,21789,20274
IR,RED,21795,20276
IR,RED,21800,20287
IR,RED,21814,20283
IR,RED,21829,20296
IR,RED,21815,20308
IR,RED,21825,20302
IR,RED,21818,20295
IR,RED,21819,20300
IR,RED,21818,20301
IR,RED,21818,20295
IR,RED,21811,20285
IR,RED,21801,20293
IR,RED,21813,20291
IR,RED,21819,20293
IR,RED,21823,20303
IR,RED,21830,20306
IR,RED,21826,20305
IR,RED,21824,20303
IR,RED,21829,20302
IR,RED,21834,20309
IR,RED,21826,20307
IR,RED,21822,20308
IR,RED,21818,20293
IR,RED,21820,20294
IR,RED,21801,20280
IR,RED,21797,20290
IR,RED,21803,20291
IR,RED,21799,20275
IR,RED,21784,20279
IR,RED,21779,20263
IR,RED,21778,20258
IR,RED,21794,20262
IR,RED,21770,20250
IR,RED,21761,20244
IR,RED,21757,20229
IR,RED,21760,20228
IR,RED,21749,20223
IR,RED,21754,20229
IR,RED,21747,20224
IR,RED,21742,20213
IR,RED,21728,20216
IR,RED,21735,20222
IR,RED,21734,20206
IR,RED,21730,20206
IR,RED,21743,20223
IR,RED,21747,20218
IR,RED,21752,20220
IR,RED,21751,20219
IR,RED,21745,20224
IR,RED,21745,20224
IR,RED,21745,20226
IR,RED,21756,20224
IR,RED,21752,20223
IR,RED,21751,20222
IR,RED,21740,20223
IR,RED,21755,20228
IR,RED,21750,20233
IR,RED,21759,20232
IR,RED,21751,20225
IR,RED,21757,20238
IR,RED,21754,20235
IR,RED,21755,20231
IR,RED,21768,20230
IR,RED,21758,20246
IR,RED,21760,20239
IR,RED,21758,20244
IR,RED,21757,20245
IR,RED,21764,20240
IR,RED,21763,20237
IR,RED,21752,20240
IR,RED,21756,20238
IR,RED,21747,20248
IR,RED,21753,20245
IR,RED,21767,20253
IR,RED,21766,20250
IR,RED,21781,20261
IR,RED,21776,20261
IR,RED,21779,20268
IR,RED,21771,20264
IR,RED,21779,20268
IR,RED,21774,20265
IR,RED,21765,20268
IR,RED,21774,20256
IR,RED,21769,20265
IR,RED,21769,20277
IR,RED,21788,20283
IR,RED,21790,20278
IR,RED,21800,20274
IR,RED,21803,20277
IR,RED,21803,20283
IR,RED,21808,20288
IR,RED,21807,20304
IR,RED,21798,20289
IR,RED,21798,20285
IR,RED,21801,20280
IR,RED,21795,20276
IR,RED,21804,20283
IR,RED,21796,20272
IR,RED,21789,20273
IR,RED,21788,20266
IR,RED,21790,20264
IR,RED,21785,20261
IR,RED,21785,20256
IR,RED,21782,20256
IR,RED,21780,20245
IR,RED,21771,20244
IR,RED,21769,20248
IR,RED,21786,20243
IR,RED,21774,20251
IR,RED,21780,20259
IR,RED,21778,20248
IR,RED,21781,20242
IR,RED,21788,20243
IR,RED,21780,20251
IR,RED,21800,20254
IR,RED,21802,20262
IR,RED,21810,20268
IR,RED,21807,20269
IR,RED,21810,20276
IR,RED,21812,20273
IR,RED,21821,20271
IR,RED,21818,20276
IR,RED,21833,20274
IR,RED,21826,20280
IR,RED,21829,20285
IR,RED,21827,20276
IR,RED,21803,20269
IR,RED,21803,20276
IR,RED,21804,20270
IR,RED,21804,20272
IR,RED,21801,20268
IR,RED,21792,20271
IR,RED,21804,20275
IR,RED,21805,20268
IR,RED,21817,20271
IR,RED,21816,20267
IR,RED,21824,20282
IR,RED,21815,20294
IR,RED,21818,20291
IR,RED,21814,20296
IR,RED,21828,20288
IR,RED,21823,20288
IR,RED,21832,20284
IR,RED,21822,20294
IR,RED,21821,20294
IR,RED,21828,20290
IR,RED,21835,20300
IR,RED,21826,20305
IR,RED,21846,20302
IR,RED,21832,20308
IR,RED,21832,20303
IR,RED,21829,20303
IR,RED,21822,20295
IR,RED,21822,20293
IR,RED,21820,20302
IR,RED,21830,20311
IR,RED,21830,20315
IR,RED,21835,20317
IR,RED,21841,20314
IR,RED,21831,20318
IR,RED,21834,20307
IR,RED,21838,20298
IR,RED,21826,20292
IR,RED,21826,20288
IR,RED,21810,20288
IR,RED,21828,20288
IR,RED,21824,20293
IR,RED,21818,20276
IR,RED,21823,20282
IR,RED,21819,20284
IR,RED,21823,20284
IR,RED,21818,20283
IR,RED,21832,20286
IR,RED,21826,20281
IR,RED,21824,20275
IR,RED,21831,20284
IR,RED,21830,20290
IR,RED,21822,20283
IR,RED,21825,20294
IR,RED,21811,20289
IR,RED,21811,20290
IR,RED,21808,20285
IR,RED,21806,20281
IR,RED,21806,20278
IR,RED,21796,20282
IR,RED,21806,20290
IR,RED,21810,20282
IR,RED,21828,20292
IR,RED,21808,20294
IR,RED,21815,20287
IR,RED,21815,20299
IR,RED,21798,20296
IR,RED,21780,20272
IR,RED,21775,20261
IR,RED,21770,20251
IR,RED,21763,20249
IR,RED,21764,20252
IR,RED,21760,20259
IR,RED,21762,20244
IR,RED,21754,20242
IR,RED,21754,20247
IR,RED,21743,20245
IR,RED,21749,20238
IR,RED,21750,20238
IR,RED,21746,20248
IR,RED,21749,20251
IR,RED,21753,20262
IR,RED,21761,20262
IR,RED,21761,20267
IR,RED,21777,20276
IR,RED,21776,20291
IR,RED,21780,20280
IR,RED,21791,20289
IR,RED,21804,20307
IR,RED,21806,20310
IR,RED,21818,20314
IR,RED,21810,20315
IR,RED,21812,20318
IR,RED,21810,20306
IR,RED,21811,20301
IR,RED,21812,20312
IR,RED,21805,20318
IR,RED,21815,20309
IR,RED,21815,20307
IR,RED,21819,20324
IR,RED,21816,20318
IR,RED,21817,20313
IR,RED,21809,20319
IR,RED,21811,20320
IR,RED,21809,20327
IR,RED,21819,20324
IR,RED,21825,20329
IR,RED,21813,20318
IR,RED,21816,20324
IR,RED,21806,20306
IR,RED,21797,20287
IR,RED,21770,20283
IR,RED,21769,20277
IR,RED,21748,20276
IR,RED,21751,20258
IR,RED,21741,20249
IR,RED,21741,20241
IR,RED,21730,20230
IR,RED,21723,20228
IR,RED,21706,20214
IR,RED,21700,20199
IR,RED,21677,20207
IR,RED,21678,20189
IR,RED,21657,20167
IR,RED,21655,20165
IR,RED,21646,20153
IR,RED,21646,20150
IR,RED,21639,20144
IR,RED,21637,20137
IR,RED,21642,20142
IR,RED,21636,20146
IR,RED,21640,20146
IR,RED,21644,20149
IR,RED,21651,20155
IR,RED,21657,20146
IR,RED,21644,20152
IR,RED,21637,20140
IR,RED,21637,20139
IR,RED,21623,20133
IR,RED,21625,20127
IR,RED,21624,20131
IR,RED,21629,20131
IR,RED,21638,20139
IR,RED,21647,20147
IR,RED,21663,20161
IR,RED,21673,20172
IR,RED,21690,20194
IR,RED,21704,20207
IR,RED,21702,20224
IR,RED,21684,20213
IR,RED,21683,20206
IR,RED,21687,20198
IR,RED,21656,20191
IR,RED,21657,20186
IR,RED,21663,20193
IR,RED,21665,20200
IR,RED,21648,20175
IR,RED,21657,20178
IR,RED,21655,20179
IR,RED,21649,20181
IR,RED,21656,20182
IR,RED,21656,20176
IR,RED,21659,20190
IR,RED,21665,20197
IR,RED,21675,20196
IR,RED,21668,20211
IR,RED,21679,20199
IR,RED,21681,20207
IR,RED,21667,20206
IR,RED,21671,20197
IR,RED,21677,20192
IR,RED,21679,20201
IR,RED,21681,20194
IR,RED,21689,20212
IR,RED,21690,20219
IR,RED,21701,20229
IR,RED,21710,20237
IR,RED,21709,20251
IR,RED,21731,20261
IR,RED,21763,20276
IR,RED,21765,20286
IR,RED,21783,20308
IR,RED,21795,20314
IR,RED,21803,20315
IR,RED,21796,20301
IR,RED,21786,20301
IR,RED,21764,20293
IR,RED,21781,20292
IR,RED,21776,20287
IR,RED,21758,20294
IR,RED,21769,20291
IR,RED,21758,20277
IR,RED,21763,20271
IR,RED,21764,20284
IR,RED,21770,20278
IR,RED,21772,20287
IR,RED,21777,20293
IR,RED,21782,20287
IR,RED,21775,20300
IR,RED,21786,20283
IR,RED,21793,20286
IR,RED,21799,20286
IR,RED,21780,20296
IR,RED,21785,20288
IR,RED,21786,20282
IR,RED,21777,20282
IR,RED,21768,20288
IR,RED,21777,20292
IR,RED,21783,20289
IR,RED,21784,20292
IR,RED,21772,20286
IR,RED,21779,20286
IR,RED,21793,20283
IR,RED,21796,20294
IR,RED,21792,20298
IR,RED,21795,20304
IR,RED,21826,20311
IR,RED,21838,20338
IR,RED,21845,20347
IR,RED,21868,20365
IR,RED,21881,20382
IR,RED,21887,20385
IR,RED,21890,20386
IR,RED,21878,20377
IR,RED,21877,20380
IR,RED,21890,20371
IR,RED,21871,20369
IR,RED,21863,20363
IR,RED,21862,20365
IR,RED,21875,20371
IR,RED,21873,20381
IR,RED,21884,20384
IR,RED,21885,20389
IR,RED,21881,20381
IR,RED,21879,20368
IR,RED,21863,20359
IR,RED,21842,20349
IR,RED,21829,20336
IR,RED,21826,20331
IR,RED,21827,20325
IR,RED,21818,20322
IR,RED,21827,20327
IR,RED,21825,20319
IR,RED,21826,20327
IR,RED,21820,20310
IR,RED,21820,20316
IR,RED,21816,20314
IR,RED,21802,20311
IR,RED,21795,20303
IR,RED,21785,20283
IR,RED,21784,20281
IR,RED,21787,20302
IR,RED,21790,20288
IR,RED,21779,20285
IR,RED,21783,20278
IR,RED,21780,20263
IR,RED,21762,20231
IR,RED,21737,20227
IR,RED,21705,20199
IR,RED,21685,20187
IR,RED,21661,20153
IR,RED,21649,20143
IR,RED,21624,20118
IR,RED,21613,20127
IR,RED,21596,20104
IR,RED,21597,20100
IR,RED,21585,20082
IR,RED,21578,20076
IR,RED,21592,20068
IR,RED,21600,20088
IR,RED,21601,20073
IR,RED,21608,20092
IR,RED,21590,20086
IR,RED,21586,20074
IR,RED,21585,20089
IR,RED,21584,20089
IR,RED,21582,20102
IR,RED,21605,20129
IR,RED,21594,20138
IR,RED,21585,20151
IR,RED,21584,20153
IR,RED,21577,20155
IR,RED,21580,20172
IR,RED,21586,20177
IR,RED,21582,20197
IR,RED,21606,20209
IR,RED,21539,20085
IR,RED,21533,20003
IR,RED,21512,19986
IR,RED,21499,19997
IR,RED,21518,19986
IR,RED,21514,19991
IR,RED,21538,19997
IR,RED,21536,19996
IR,RED,21565,20032
IR,RED,21581,20042
IR,RED,21610,20070
IR,RED,21660,20107
IR,RED,21690,20129
IR,RED,21726,20143
IR,RED,21738,20152
IR,RED,21749,20147
IR,RED,21760,20159
IR,RED,21786,20174
IR,RED,21805,20177
IR,RED,21830,20192
IR,RED,21838,20200
IR,RED,21857,20214
IR,RED,21879,20226
IR,RED,21893,20246
IR,RED,21906,20250
IR,RED,21901,20252
IR,RED,21912,20250
IR,RED,21922,20256
IR,RED,21920,20265
IR,RED,21911,20267
IR,RED,21901,20265
IR,RED,21887,20251
IR,RED,21899,20237
IR,RED,21882,20237
IR,RED,21876,20235
IR,RED,21890,20231
IR,RED,21911,20235
IR,RED,21909,20223
IR,RED,21909,20235
IR,RED,21905,20227
IR,RED,21914,20229
IR,RED,21910,20240
IR,RED,21921,20228
IR,RED,21907,20226
IR,RED,21921,20220
IR,RED,21923,20221
IR,RED,21941,20242
IR,RED,21923,20232
IR,RED,21918,20231
IR,RED,21923,20236
IR,RED,21919,20233
IR,RED,21923,20227
IR,RED,21920,20236
IR,RED,21936,20240
IR,RED,21929,20233
IR,RED,21925,20233
IR,RED,21939,20233
IR,RED,21928,20246
IR,RED,21928,20241
IR,RED,21936,20240
IR,RED,21933,20258
IR,RED,21950,20253
IR,RED,21949,20261
IR,RED,21941,20262
IR,RED,21948,20258
IR,RED,21941,20266
IR,RED,21944,20270
IR,RED,21949,20272
IR,RED,21947,20271
IR,RED,21945,20278
IR,RED,21952,20279
IR,RED,21966,20279
IR,RED,21969,20295
IR,RED,21993,20307
IR,RED,22004,20320
IR,RED,22011,20326
IR,RED,22017,20322
IR,RED,22025,20323
IR,RED,22032,20343
IR,RED,22047,20337
IR,RED,22054,20353
IR,RED,22054,20361
IR,RED,22056,20370
IR,RED,22063,20364
IR,RED,22059,20368
IR,RED,22067,20377
IR,RED,22075,20376
IR,RED,22079,20387
IR,RED,22082,20390
IR,RED,22078,20397
IR,RED,22084,20399
IR,RED,22082,20393
IR,RED,22083,20393
IR,RED,22082,20397
IR,RED,22079,20394
IR,RED,22081,20384
IR,RED,22088,20390
IR,RED,22092,20389
IR,RED,22088,20389
IR,RED,22097,20392
IR,RED,22082,20384
IR,RED,22079,20381
IR,RED,22076,20377
IR,RED,22072,20381
IR,RED,22069,20377
IR,RED,22063,20359
IR,RED,22068,20359
IR,RED,22059,20358
IR,RED,22055,20354
IR,RED,22063,20352
IR,RED,22049,20351
IR,RED,22054,20351
IR,RED,22051,20357
IR,RED,22065,20356
IR,RED,22055,20358
IR,RED,22069,20356
IR,RED,22062,20368
IR,RED,22071,20362
IR,RED,22074,20360
IR,RED,22067,20360
IR,RED,22079,20358
IR,RED,22079,20358
IR,RED,22083,20366
IR,RED,22089,20374
IR,RED,22089,20377
IR,RED,22086,20369
IR,RED,22091,20379
IR,RED,22092,20381
IR,RED,22107,20383
IR,RED,22091,20379
IR,RED,22095,20373
IR,RED,22106,20375
IR,RED,22106,20371
IR,RED,22109,20380
IR,RED,22097,20376
IR,RED,22116,20385
IR,RED,22102,20393
IR,RED,22117,20394
IR,RED,22120,20403
IR,RED,22123,20392
IR,RED,22126,20401
IR,RED,22134,20399
IR,RED,22119,20398
IR,RED,22118,20395
IR,RED,22112,20397
IR,RED,22139,20396
IR,RED,22124,20409
IR,RED,22120,20401
IR,RED,22118,20415
IR,RED,22126,20413
IR,RED,22124,20412
IR,RED,22131,20409
IR,RED,22119,20407
IR,RED,22121,20405
IR,RED,22112,20408
IR,RED,22123,20405
IR,RED,22108,20409
IR,RED,22115,20412
IR,RED,22119,20406
IR,RED,22118,20410
IR,RED,22125,20413
IR,RED,22118,20412
IR,RED,22117,20412
IR,RED,22127,20407
IR,RED,22106,20404
IR,RED,22108,20402
IR,RED,22109,20403
IR,RED,22098,20395
IR,RED,22089,20384
IR,RED,22091,20387
IR,RED,22087,20380
IR,RED,22069,20376
IR,RED,22083,20370
IR,RED,22082,20373
IR,RED,22072,20359
IR,RED,22078,20362
IR,RED,22075,20358
IR,RED,22076,20367
IR,RED,22076,20364
IR,RED,22074,20365
IR,RED,22071,20368
IR,RED,22079,20370
IR,RED,22084,20367
IR,RED,22084,20372
IR,RED,22070,20380
IR,RED,22070,20372
IR,RED,22068,20376
IR,RED,22064,20373
IR,RED,22071,20367
IR,RED,22061,20368
IR,RED,22064,20363
IR,RED,22061,20353
IR,RED,22057,20363
IR,RED,22056,20360
IR,RED,22051,20360
IR,RED,22059,20363
IR,RED,22060,20358
IR,RED,22049,20356
IR,RED,22064,20361
IR,RED,22055,20361
IR,RED,22053,20365
IR,RED,22056,20360
IR,RED,22048,20360
IR,RED,22060,20358
IR,RED,22057,20360
IR,RED,22043,20355
IR,RED,22044,20357
IR,RED,22051,20357
IR,RED,22055,20378
IR,RED,22055,20355
IR,RED,22065,20368
IR,RED,22061,20368
IR,RED,22064,20381
IR,RED,22076,20369
IR,RED,22061,20369
IR,RED,22063,20363
IR,RED,22071,20373
IR,RED,22070,20371
IR,RED,22071,20372
IR,RED,22056,20370
IR,RED,22069,20383
IR,RED,22062,20378
IR,RED,22057,20384
IR,RED,22062,20376
IR,RED,22063,20374
IR,RED,22057,20371
IR,RED,22050,20367
IR,RED,22054,20368
IR,RED,22049,20350
IR,RED,22053,20348
IR,RED,22042,20350
IR,RED,22040,20346
IR,RED,22044,20349
IR,RED,22036,20347
IR,RED,22034,20344
IR,RED,22041,20338
IR,RED,22038,20343
IR,RED,22037,20343
IR,RED,22032,20337
IR,RED,22037,20344
IR,RED,22028,20333
IR,RED,22032,20331
IR,RED,22033,20341
IR,RED,22034,20349
IR,RED,22035,20344
IR,RED,22039,20355
IR,RED,22034,20344
IR,RED,22041,20344
IR,RED,22039,20352
IR,RED,22042,20351
IR,RED,22042,20346
IR,RED,22030,20353
IR,RED,22047,20346
IR,RED,22041,20334
IR,RED,22038,20350
IR,RED,22040,20344
IR,RED,22045,20350
IR,RED,22045,20336
IR,RED,22052,20343
IR,RED,22037,20348
IR,RED,22046,20355
IR,RED,22052,20358
IR,RED,22050,20348
IR,RED,22041,20363
IR,RED,22053,20350
IR,RED,22058,20355
IR,RED,22043,20353
IR,RED,22048,20358
IR,RED,22058,20363
IR,RED,22056,20356
IR,RED,22050,20361
IR,RED,22057,20372
IR,RED,22056,20371
IR,RED,22052,20355
IR,RED,22055,20377
IR,RED,22064,20369
IR,RED,22066,20371
IR,RED,22065,20368
IR,RED,22062,20375
IR,RED,22061,20380
IR,RED,22050,20377
IR,RED,22056,20372
IR,RED,22054,20363
IR,RED,22054,20359
IR,RED,22042,20353
IR,RED,22043,20350
IR,RED,22034,20343
IR,RED,22043,20341
IR,RED,22034,20329
IR,RED,22032,20341
IR,RED,22035,20326
IR,RED,22047,20340
IR,RED,22038,20339
IR,RED,22028,20331
IR,RED,22033,20347
IR,RED,22044,20345
IR,RED,22039,20357
IR,RED,22034,20336
IR,RED,22033,20354
IR,RED,22029,20343
IR,RED,22039,20336
IR,RED,22046,20344
IR,RED,22038,20348
IR,RED,22040,20345
IR,RED,22040,20344
IR,RED,22042,20348
IR,RED,22041,20347
IR,RED,22044,20346
IR,RED,22038,20356
IR,RED,22038,20348
IR,RED,22042,20349
IR,RED,22042,20353
IR,RED,22045,20350
IR,RED,22041,20353
IR,RED,22044,20349
IR,RED,22048,20349
IR,RED,22047,20347
IR,RED,22055,20349
IR,RED,22039,20346
IR,RED,22043,20352
IR,RED,22044,20358
IR,RED,22044,20350
IR,RED,22046,20350
IR,RED,22046,20349
IR,RED,22056,20368
IR,RED,22048,20362
IR,RED,22059,20363
IR,RED,22045,20353
IR,RED,22055,20359
IR,RED,22055,20359
IR,RED,22058,20367
IR,RED,22055,20362
IR,RED,22059,20367
IR,RED,22065,20364
IR,RED,22067,20371
IR,RED,22066,20374
IR,RED,22063,20377
IR,RED,22061,20376
IR,RED,22061,20377
IR,RED,22060,20374
IR,RED,22058,20363
IR,RED,22069,20368
IR,RED,22064,20367
IR,RED,22062,20352
IR,RED,22057,20341
IR,RED,22061,20351
IR,RED,22057,20341
IR,RED,22046,20348
IR,RED,22050,20346
IR,RED,22047,20351
IR,RED,22049,20341
IR,RED,22056,20341
IR,RED,22045,20345
IR,RED,22064,20347
IR,RED,22054,20344
IR,RED,22058,20345
IR,RED,22051,20351
IR,RED,22049,20348
IR,RED,22061,20355
IR,RED,22071,20361
IR,RED,22071,20362
IR,RED,22073,20361
IR,RED,22075,20351
IR,RED,22083,20354
IR,RED,22071,20351
IR,RED,22093,20356
IR,RED,22082,20369
IR,RED,22095,20358
IR,RED,22095,20365
IR,RED,22095,20372
IR,RED,22095,20361
IR,RED,22101,20378
IR,RED,22093,20360
IR,RED,22089,20358
IR,RED,22101,20370
IR,RED,22091,20383
IR,RED,22106,20376
IR,RED,22106,20381
IR,RED,22120,20375
IR,RED,22099,20378
IR,RED,22106,20389
IR,RED,22106,20379
IR,RED,22106,20378
IR,RED,22109,20379
IR,RED,22109,20373
IR,RED,22101,20384
IR,RED,22102,20384
IR,RED,22103,20378
IR,RED,22102,20380
IR,RED,22111,20384
IR,RED,22109,20383
IR,RED,22118,20399
IR,RED,22117,20390
IR,RED,22120,20404
IR,RED,22125,20405
IR,RED,22123,20408
IR,RED,22121,20397
IR,RED,22112,20409
IR,RED,22112,20397
IR,RED,22116,20399
IR,RED,22100,20379
IR,RED,22098,20379
IR,RED,22092,20363
IR,RED,22095,20374
IR,RED,22093,20363
IR,RED,22088,20358
IR,RED,22086,20358
IR,RED,22081,20360
IR,RED,22076,20361
IR,RED,22083,20353
IR,RED,22080,20360
IR,RED,22071,20356
IR,RED,22078,20360
IR,RED,22075,20349
IR,RED,22070,20363
IR,RED,22081,20349
IR,RED,22085,20355
IR,RED,22089,20352
IR,RED,22086,20363
IR,RED,22092,20354
IR,RED,22077,20352
IR,RED,22087,20353
IR,RED,22082,20351
IR,RED,22077,20350
IR,RED,22074,20357
IR,RED,22077,20360
IR,RED,22072,20362
IR,RED,22075,20357
IR,RED,22069,20359
IR,RED,22069,20356
IR,RED,22075,20357
IR,RED,22072,20346
IR,RED,22069,20351
IR,RED,22064,20373
IR,RED,22079,20363
IR,RED,22075,20355
IR,RED,22065,20353
IR,RED,22067,20355
IR,RED,22062,20357
IR,RED,22055,20362
IR,RED,22067,20364
IR,RED,22057,20347
IR,RED,22058,20361
IR,RED,22066,20354
IR,RED,22052,20348
IR,RED,22069,20355
IR,RED,22060,20355
IR,RED,22050,20356
IR,RED,22056,20357
IR,RED,22056,20352
IR,RED,22063,20366
IR,RED,22053,20359
IR,RED,22070,20368
IR,RED,22057,20360
IR,RED,22057,20361
IR,RED,22060,20356
IR,RED,22057,20360
IR,RED,22059,20365
IR,RED,22059,20358
IR,RED,22053,20365
IR,RED,22065,20366
IR,RED,22066,20362
IR,RED,22053,20353
IR,RED,22049,20350
IR,RED,22046,20341
IR,RED,22033,20343
IR,RED,22043,20335
IR,RED,22023,20333
IR,RED,22033,20332
IR,RED,22028,20323
IR,RED,22038,20322
IR,RED,22017,20325
IR,RED,22017,20328
IR,RED,22028,20326
IR,RED,22022,20325
IR,RED,22025,20321
IR,RED,22028,20325
IR,RED,22022,20325
IR,RED,22034,20328
IR,RED,22028,20314
IR,RED,22031,20319
IR,RED,22020,20324
IR,RED,22021,20319
IR,RED,22036,20317
IR,RED,22025,20321
IR,RED,22013,20323
IR,RED,22021,20315
IR,RED,22027,20323
IR,RED,22025,20323
IR,RED,22032,20327
IR,RED,22015,20310
IR,RED,22022,20317
IR,RED,22022,20318
IR,RED,22023,20315
IR,RED,22020,20317
IR,RED,22028,20316
IR,RED,22011,20318
IR,RED,22034,20313
IR,RED,22020,20319
IR,RED,22020,20313
IR,RED,22018,20312
IR,RED,22015,20313
IR,RED,22025,20308
IR,RED,22016,20321
IR,RED,22021,20315
IR,RED,22023,20321
IR,RED,22016,20313
IR,RED,22022,20313
IR,RED,22019,20325
IR,RED,22019,20319
IR,RED,22029,20316
IR,RED,22029,20323
IR,RED,22029,20325
IR,RED,22027,20329
IR,RED,22015,20327
IR,RED,22035,20326
IR,RED,22021,20327
IR,RED,22035,20331
IR,RED,22030,20329
IR,RED,22018,20333
IR,RED,22022,20332
IR,RED,22027,20334
IR,RED,22019,20340
IR,RED,22029,20331
IR,RED,22031,20335
IR,RED,22023,20332
IR,RED,22020,20318
IR,RED,22019,20327
IR,RED,22020,20311
IR,RED,22019,20315
IR,RED,22006,20308
IR,RED,22008,20311
IR,RED,22009,20309
IR,RED,21996,20301
IR,RED,22008,20296
IR,RED,22000,20299
IR,RED,21999,20293
IR,RED,22005,20293
IR,RED,22006,20300
IR,RED,22007,20299
IR,RED,22013,20296
IR,RED,22004,20304
IR,RED,22014,20296
IR,RED,22014,20300
IR,RED,22010,20299
IR,RED,22018,20305
IR,RED,22011,20293
IR,RED,22015,20299
IR,RED,21996,20300
IR,RED,21997,20299
IR,RED,22014,20306
IR,RED,22007,20292
IR,RED,22010,20301
IR,RED,22010,20297
IR,RED,22010,20300
IR,RED,22015,20301
IR,RED,22007,20300
IR,RED,22019,20296
IR,RED,22020,20304
IR,RED,22018,20301
IR,RED,22012,20297
IR,RED,22011,20296
IR,RED,22017,20296
IR,RED,22015,20304
IR,RED,22021,20305
IR,RED,22026,20304
IR,RED,22019,20308
IR,RED,22020,20312
IR,RED,22015,20305
IR,RED,22021,20308
IR,RED,22019,20314
IR,RED,22019,20310
IR,RED,22022,20313
IR,RED,22030,20309
IR,RED,22031,20319
IR,RED,22030,20326
IR,RED,22040,20320
IR,RED,22043,20330
IR,RED,22046,20319
IR,RED,22042,20322
IR,RED,22054,20330
IR,RED,22052,20329
IR,RED,22047,20329
IR,RED,22062,20330
IR,RED,22055,20340
IR,RED,22057,20336
IR,RED,22054,20339
IR,RED,22065,20334
IR,RED,22064,20340
IR,RED,22057,20347
IR,RED,22054,20335
IR,RED,22056,20340
IR,RED,22051,20342
IR,RED,22059,20330
IR,RED,22054,20321
IR,RED,22043,20324
IR,RED,22059,20309
IR,RED,22046,20308
IR,RED,22044,20311
IR,RED,22035,20310
IR,RED,22043,20308
IR,RED,22047,20310
IR,RED,22040,20304
IR,RED,22038,20298
IR,RED,22050,20305
IR,RED,22047,20312
IR,RED,22054,20295
IR,RED,22041,20297
IR,RED,22047,20302
IR,RED,22063,20313
IR,RED,22063,20302
IR,RED,22059,20313
IR,RED,22057,20305
IR,RED,22058,20311
IR,RED,22054,20312
IR,RED,22049,20309
IR,RED,22053,20304
IR,RED,22061,20307
IR,RED,22052,20315
IR,RED,22048,20309
IR,RED,22057,20317
IR,RED,22056,20317
IR,RED,22060,20314
IR,RED,22051,20311
IR,RED,22058,20318
IR,RED,22058,20314
IR,RED,22072,20319
IR,RED,22063,20327
IR,RED,22054,20317
IR,RED,22059,20325
IR,RED,22047,20320
IR,RED,22052,20317
IR,RED,22050,20323
IR,RED,22053,20322
IR,RED,22064,20332
IR,RED,22052,20325
IR,RED,22068,20323
IR,RED,22056,20324
IR,RED,22064,20330
IR,RED,22062,20324
IR,RED,22055,20332
IR,RED,22064,20334
IR,RED,22055,20341
IR,RED,22064,20327
IR,RED,22057,20324
IR,RED,22065,20331
IR,RED,22064,20339
IR,RED,22073,20339
IR,RED,22060,20353
IR,RED,22083,20336
IR,RED,22087,20346
IR,RED,22076,20342
IR,RED,22073,20342
IR,RED,22072,20349
IR,RED,22076,20347
IR,RED,22072,20348
IR,RED,22079,20352
IR,RED,22085,20350
IR,RED,22075,20351
IR,RED,22072,20346
IR,RED,22065,20338
IR,RED,22070,20330
IR,RED,22054,20323
IR,RED,22057,20318
IR,RED,22042,20315
IR,RED,22050,20313
IR,RED,22043,20309
IR,RED,22041,20301
IR,RED,22051,20313
IR,RED,22060,20306
IR,RED,22045,20305
IR,RED,22052,20308
IR,RED,22047,20304
IR,RED,22047,20307
IR,RED,22052,20307
IR,RED,22039,20309
IR,RED,22052,20300
IR,RED,22051,20299
IR,RED,22063,20307
IR,RED,22054,20302
IR,RED,22054,20308
IR,RED,22050,20310
IR,RED,22052,20303
IR,RED,22053,20316
IR,RED,22057,20305
IR,RED,22051,20303
IR,RED,22055,20320
IR,RED,22057,20308
IR,RED,22051,20307
IR,RED,22055,20309
IR,RED,22057,20309
IR,RED,22045,20310
IR,RED,22057,20303
IR,RED,22064,20303
IR,RED,22055,20304
IR,RED,22051,20309
IR,RED,22051,20309
IR,RED,22053,20311
IR,RED,22058,20318
IR,RED,22053,20316
IR,RED,22051,20304
IR,RED,22054,20308
IR,RED,22048,20307
IR,RED,22050,20314
IR,RED,22058,20304
IR,RED,22044,20316
IR,RED,22051,20315
IR,RED,22050,20301
IR,RED,22053,20311
IR,RED,22045,20315
IR,RED,22058,20314
IR,RED,22048,20305
IR,RED,22041,20307
IR,RED,22056,20315
IR,RED,22041,20319
IR,RED,22045,20310
IR,RED,22050,20320
IR,RED,22046,20320
IR,RED,22052,20319
IR,RED,22049,20320
IR,RED,22049,20333
IR,RED,22043,20335
IR,RED,22053,20324
IR,RED,22055,20324
IR,RED,22053,20327
IR,RED,22064,20333
IR,RED,22061,20336
IR,RED,22043,20336
IR,RED,22046,20320
IR,RED,22044,20320
IR,RED,22047,20322
IR,RED,22035,20307
IR,RED,22030,20308
IR,RED,22024,20308
IR,RED,22028,20302
IR,RED,22023,20282
IR,RED,22022,20281
IR,RED,22025,20285
IR,RED,22027,20286
IR,RED,22030,20291
IR,RED,22011,20292
IR,RED,22016,20285
IR,RED,22016,20282
IR,RED,22017,20276
IR,RED,22017,20279
IR,RED,22016,20278
IR,RED,22013,20280
IR,RED,22018,20274
IR,RED,22002,20282
IR,RED,22007,20277
IR,RED,22027,20277
IR,RED,22014,20285
IR,RED,22007,20275
IR,RED,22021,20272
IR,RED,22019,20272
IR,RED,22021,20283
IR,RED,22026,20283
IR,RED,22022,20289
IR,RED,22023,20277
IR,RED,22027,20277
IR,RED,22023,20275
IR,RED,22036,20284
IR,RED,22022,20290
IR,RED,22034,20286
IR,RED,22032,20290
IR,RED,22034,20295
IR,RED,22024,20280
IR,RED,22022,20286
IR,RED,22030,20287
IR,RED,22034,20296
IR,RED,22036,20282
IR,RED,22036,20296
IR,RED,22027,20287
IR,RED,22024,20295
IR,RED,22025,20295
IR,RED,22031,20291
IR,RED,22039,20288
IR,RED,22035,20289
IR,RED,22034,20302
IR,RED,22037,20303
IR,RED,22042,20308
IR,RED,22040,20306
IR,RED,22046,20309
IR,RED,22034,20307
IR,RED,22034,20298
IR,RED,22047,20312
IR,RED,22046,20315
IR,RED,22051,20311
IR,RED,22050,20311
IR,RED,22053,20316
IR,RED,22045,20316
IR,RED,22058,20319
IR,RED,22059,20325
IR,RED,22059,20315
IR,RED,22059,20322
IR,RED,22061,20324
IR,RED,22053,20323
IR,RED,22058,20319
IR,RED,22062,20313
IR,RED,22060,20312
IR,RED,22052,20307
IR,RED,22051,20303
IR,RED,22055,20288
IR,RED,22046,20292
IR,RED,22055,20291
IR,RED,22039,20291
IR,RED,22040,20287
IR,RED,22040,20296
IR,RED,22056,20285
IR,RED,22048,20296
IR,RED,22045,20288
IR,RED,22052,20295
IR,RED,22057,20291
IR,RED,22052,20298
IR,RED,22047,20289
IR,RED,22055,20295
IR,RED,22063,20291
IR,RED,22068,20291
IR,RED,22065,20293
IR,RED,22057,20295
IR,RED,22061,20291
IR,RED,22067,20307
IR,RED,22059,20296
IR,RED,22067,20304
IR,RED,22066,20302
IR,RED,22065,20306
IR,RED,22065,20311
IR,RED,22066,20308
IR,RED,22063,20309
IR,RED,22072,20315
IR,RED,22079,20304
IR,RED,22071,20306
IR,RED,22076,20312
IR,RED,22071,20312
IR,RED,22080,20307
IR,RED,22080,20312
IR,RED,22082,20315
IR,RED,22078,20320
IR,RED,22085,20319
IR,RED,22080,20320
IR,RED,22076,20324
IR,RED,22087,20320
IR,RED,22083,20319
IR,RED,22087,20325
IR,RED,22086,20332
IR,RED,22084,20336
IR,RED,22086,20335
IR,RED,22089,20335
IR,RED,22082,20328
IR,RED,22093,20333
IR,RED,22086,20342
IR,RED,22080,20344
IR,RED,22086,20334
IR,RED,22091,20335
IR,RED,22102,20334
IR,RED,22100,20349
IR,RED,22098,20337
IR,RED,22093,20355
IR,RED,22107,20344
IR,RED,22097,20349
IR,RED,22108,20351
IR,RED,22110,20355
IR,RED,22120,20361
IR,RED,22117,20359
IR,RED,22120,20362
IR,RED,22112,20365
IR,RED,22114,20362
IR,RED,22112,20367
IR,RED,22120,20367
IR,RED,22107,20367
IR,RED,22109,20356
IR,RED,22099,20356
IR,RED,22103,20346
IR,RED,22095,20343
IR,RED,22092,20337
IR,RED,22089,20339
IR,RED,22081,20327
IR,RED,22084,20331
IR,RED,22085,20319
IR,RED,22065,20317
IR,RED,22077,20312
IR,RED,22078,20324
IR,RED,22077,20319
IR,RED,22085,20312
IR,RED,22081,20322
IR,RED,22067,20325
IR,RED,22076,20312
IR,RED,22080,20313
IR,RED,22073,20318
IR,RED,22077,20320
IR,RED,22084,20313
IR,RED,22078,20316
IR,RED,22083,20316
IR,RED,22077,20313
IR,RED,22080,20315
IR,RED,22077,20317
IR,RED,22077,20324
IR,RED,22084,20318
IR,RED,22084,20313
IR,RED,22084,20323
IR,RED,22088,20321
IR,RED,22080,20317
IR,RED,22079,20317
IR,RED,22069,20314
IR,RED,22078,20308
IR,RED,22076,20306
IR,RED,22071,20315
IR,RED,22078,20308
IR,RED,22073,20309
IR,RED,22079,20319
IR,RED,22076,20313
IR,RED,22082,20316
IR,RED,22083,20318
IR,RED,22070,20323
IR,RED,22081,20331
IR,RED,22080,20320
IR,RED,22075,20326
IR,RED,22077,20324
IR,RED,22078,20327
IR,RED,22080,20325
IR,RED,22083,20329
IR,RED,22083,20317
IR,RED,22079,20330
IR,RED,22073,20331
IR,RED,22068,20336
IR,RED,22067,20321
IR,RED,22076,20329
IR,RED,22076,20331
IR,RED,22062,20319
IR,RED,22067,20324
IR,RED,22073,20331
IR,RED,22072,20331
IR,RED,22066,20328
IR,RED,22058,20330
IR,RED,22064,20335
IR,RED,22064,20326
IR,RED,22070,20330
IR,RED,22072,20336
IR,RED,22072,20326
IR,RED,22071,20327
IR,RED,22075,20337
IR,RED,22072,20337
IR,RED,22066,20333
IR,RED,22070,20327
IR,RED,22056,20321
IR,RED,22056,20317
IR,RED,22049,20301
IR,RED,22031,20296
IR,RED,22035,20287
IR,RED,22046,20286
IR,RED,22039,20280
IR,RED,22029,20281
IR,RED,22035,20286
IR,RED,22027,20282
IR,RED,22031,20276
IR,RED,22033,20283
IR,RED,22033,20272
IR,RED,22028,20274
IR,RED,22038,20276
IR,RED,22027,20268
IR,RED,22026,20281
IR,RED,22018,20280
IR,RED,22023,20274
IR,RED,22022,20280
IR,RED,22026,20277
IR,RED,22026,20278
IR,RED,22022,20283
IR,RED,22030,20274
IR,RED,22021,20277
IR,RED,22023,20268
IR,RED,22020,20275
IR,RED,22025,20258
IR,RED,22019,20264
IR,RED,22012,20276
IR,RED,22011,20268
IR,RED,22018,20279
IR,RED,22022,20271
IR,RED,22021,20273
IR,RED,22019,20267
IR,RED,22012,20267
IR,RED,22010,20248
IR,RED,22010,20260
IR,RED,22012,20263
IR,RED,22008,20261
IR,RED,22003,20255
IR,RED,22004,20266
IR,RED,21996,20260
IR,RED,22007,20261
IR,RED,22008,20266
IR,RED,22002,20275
IR,RED,21992,20269
IR,RED,22008,20267
IR,RED,21998,20268
IR,RED,22008,20263
IR,RED,22011,20270
IR,RED,22020,20282
IR,RED,22014,20264
IR,RED,22010,20269
IR,RED,22004,20269
IR,RED,22009,20273
IR,RED,22011,20261
IR,RED,22002,20271
IR,RED,22003,20278
IR,RED,22012,20290
IR,RED,22013,20282
IR,RED,22016,20285
IR,RED,22016,20281
IR,RED,22033,20280
IR,RED,22025,20286
IR,RED,22027,20280
IR,RED,22026,20294
IR,RED,22027,20286
IR,RED,22024,20292
IR,RED,22032,20290
IR,RED,22031,20277
IR,RED,22015,20290
IR,RED,22004,20275
IR,RED,22015,20263
IR,RED,22003,20256
IR,RED,22004,20257
IR,RED,21998,20259
IR,RED,22000,20250
IR,RED,21999,20244
IR,RED,22005,20243
IR,RED,22003,20245
IR,RED,22008,20239
IR,RED,22009,20246
IR,RED,21994,20250
IR,RED,22000,20254
IR,RED,21999,20249
IR,RED,22005,20248
IR,RED,22001,20250
IR,RED,22000,20242
IR,RED,22001,20246
IR,RED,21990,20246
IR,RED,21997,20247
IR,RED,21998,20249
IR,RED,22004,20260
IR,RED,22008,20251
IR,RED,22004,20255
IR,RED,22003,20256
IR,RED,22005,20257
IR,RED,22004,20259
IR,RED,21997,20254
IR,RED,22001,20248
IR,RED,21995,20259
IR,RED,21999,20253
IR,RED,22002,20248
IR,RED,22010,20250
IR,RED,22007,20256
IR,RED,22004,20250
IR,RED,22004,20263
IR,RED,22004,20256
IR,RED,22000,20259
IR,RED,22010,20260
IR,RED,22003,20262
IR,RED,22000,20259
IR,RED,22018,20256
IR,RED,22006,20260
IR,RED,22010,20265
IR,RED,22007,20263
IR,RED,22007,20264
IR,RED,22018,20263
IR,RED,22020,20271
IR,RED,22019,20266
IR,RED,22019,20258
IR,RED,22022,20274
IR,RED,22014,20277
IR,RED,22027,20272
IR,RED,22019,20273
IR,RED,22019,20278
IR,RED,22016,20280
IR,RED,22031,20286
IR,RED,22022,20292
IR,RED,22028,20287
IR,RED,22029,20283
IR,RED,22027,20286
IR,RED,22034,20293
IR,RED,22036,20283
IR,RED,22040,20283
IR,RED,22028,20288
IR,RED,22036,20294
IR,RED,22039,20293
IR,RED,22037,20290
IR,RED,22030,20292
IR,RED,22028,20294
IR,RED,22018,20285
IR,RED,22026,20270
IR,RED,22025,20287
IR,RED,22013,20275
IR,RED,22015,20258
IR,RED,22005,20255
IR,RED,22009,20258
IR,RED,21998,20244
IR,RED,22007,20245
IR,RED,22007,20242
IR,RED,22011,20239
IR,RED,21998,20243
IR,RED,21996,20246
IR,RED,21991,20248
IR,RED,21999,20246
IR,RED,21996,20242
IR,RED,22003,20248
IR,RED,22003,20245
IR,RED,22010,20246
IR,RED,22008,20250
IR,RED,22012,20248
IR,RED,22008,20245
IR,RED,22006,20245
IR,RED,22000,20251
IR,RED,22003,20251
IR,RED,21999,20250
IR,RED,22004,20250
IR,RED,22012,20250
IR,RED,22005,20251
IR,RED,22008,20251
IR,RED,22014,20256
IR,RED,22014,20259
IR,RED,22009,20246
IR,RED,22013,20251
IR,RED,22013,20246
IR,RED,22017,20258
IR,RED,22010,20254
IR,RED,22010,20249
IR,RED,22013,20255
IR,RED,22012,20259
IR,RED,22015,20252
IR,RED,22006,20259
IR,RED,22012,20253
IR,RED,22007,20265
IR,RED,22008,20264
IR,RED,22015,20263
IR,RED,22029,20255
IR,RED,22020,20262
IR,RED,22018,20257
IR,RED,22017,20269
IR,RED,22022,20272
IR,RED,22017,20262
IR,RED,22022,20261
IR,RED,22019,20261
IR,RED,22021,20271
IR,RED,22022,20274
IR,RED,22020,20287
IR,RED,22011,20264
IR,RED,22029,20271
IR,RED,22027,20276
IR,RED,22026,20273
IR,RED,22025,20283
IR,RED,22020,20284
IR,RED,22015,20275
IR,RED,22022,20285
IR,RED,22018,20283
IR,RED,22023,20290
IR,RED,22028,20281
IR,RED,22027,20289
IR,RED,22037,20288
IR,RED,22033,20284
IR,RED,22028,20281
IR,RED,22034,20277
IR,RED,22031,20276
IR,RED,22026,20282
IR,RED,22017,20278
IR,RED,22024,20274
IR,RED,22012,20265
IR,RED,22006,20257
IR,RED,21991,20251
IR,RED,21990,20246
IR,RED,21994,20241
IR,RED,21998,20247
IR,RED,21992,20239
IR,RED,22002,20236
IR,RED,22000,20233
IR,RED,22002,20235
IR,RED,21994,20240
IR,RED,21987,20240
IR,RED,21992,20244
IR,RED,22000,20235
IR,RED,21995,20237
IR,RED,22002,20233
IR,RED,21998,20239
IR,RED,21996,20237
IR,RED,22001,20238
IR,RED,21998,20240
IR,RED,21994,20232
IR,RED,21993,20244
IR,RED,21998,20240
IR,RED,21998,20240
IR,RED,22000,20244
IR,RED,21997,20239
IR,RED,22004,20242
IR,RED,21992,20237
IR,RED,22006,20244
IR,RED,21997,20242
IR,RED,21993,20241
IR,RED,21995,20242
IR,RED,21996,20233
IR,RED,21999,20246
IR,RED,21998,20239
IR,RED,21991,20246
IR,RED,21990,20246
IR,RED,21987,20243
IR,RED,21989,20240
IR,RED,21991,20242
IR,RED,21992,20236
IR,RED,21987,20241
IR,RED,21986,20245
IR,RED,21984,20234
IR,RED,21996,20237
IR,RED,21974,20243
IR,RED,21992,20240
IR,RED,21986,20245
IR,RED,21982,20236
IR,RED,21992,20243
IR,RED,21989,20249
IR,RED,21993,20243
IR,RED,21993,20258
IR,RED,21983,20255
IR,RED,21992,20249
IR,RED,21997,20241
IR,RED,21991,20246
IR,RED,21998,20260
IR,RED,22010,20258
IR,RED,21997,20256
IR,RED,21998,20257
IR,RED,22002,20254
IR,RED,21999,20259
IR,RED,22003,20259
IR,RED,22000,20255
IR,RED,22005,20262
IR,RED,22005,20264
IR,RED,22002,20263
IR,RED,21999,20272
IR,RED,21997,20266
IR,RED,22000,20271
IR,RED,21995,20265
IR,RED,21997,20257
IR,RED,21987,20247
IR,RED,21988,20250
IR,RED,21984,20238
IR,RED,21989,20235
IR,RED,21985,20232
IR,RED,21973,20229
IR,RED,21967,20217
IR,RED,21971,20229
IR,RED,21966,20226
IR,RED,21961,20214
IR,RED,21955,20210
IR,RED,21975,20211
IR,RED,21974,20227
IR,RED,21972,20215
IR,RED,21956,20216
IR,RED,21962,20221
IR,RED,21975,20216
IR,RED,21969,20226
IR,RED,21973,20221
IR,RED,21961,20214
IR,RED,21960,20223
IR,RED,21967,20225
IR,RED,21959,20218
IR,RED,21968,20230
IR,RED,21971,20223
IR,RED,21974,20224
IR,RED,21973,20226
IR,RED,21972,20229
IR,RED,21981,20233
IR,RED,21977,20212
IR,RED,21971,20226
IR,RED,21957,20228
IR,RED,21984,20224
IR,RED,21968,20221
IR,RED,21975,20230
IR,RED,21975,20222
IR,RED,21969,20218
IR,RED,21964,20216
IR,RED,21975,20224
IR,RED,21974,20221
IR,RED,21971,20227
IR,RED,21975,20213
IR,RED,21972,20233
IR,RED,21961,20230
IR,RED,21968,20234
IR,RED,21980,20232
IR,RED,21973,20234
IR,RED,21980,20232
IR,RED,21984,20232
IR,RED,21979,20239
IR,RED,21984,20238
IR,RED,21982,20245
IR,RED,21981,20245
IR,RED,21986,20241
IR,RED,21981,20249
IR,RED,21984,20248
IR,RED,21988,20238
IR,RED,21981,20244
IR,RED,21981,20245
IR,RED,22000,20248
IR,RED,21993,20252
IR,RED,22000,20249
IR,RED,21995,20258
IR,RED,21994,20257
IR,RED,22003,20256
IR,RED,22002,20255
IR,RED,21994,20257
IR,RED,22001,20255
IR,RED,21998,20263
IR,RED,22007,20266
IR,RED,21997,20258
IR,RED,21994,20259
IR,RED,21988,20261
IR,RED,21986,20252
IR,RED,21990,20261
IR,RED,21978,20243
IR,RED,21977,20235
IR,RED,21979,20238
IR,RED,21977,20220
IR,RED,21969,20221
IR,RED,21983,20219
IR,RED,21962,20221
IR,RED,21968,20217
IR,RED,21968,20225
IR,RED,21973,20227
IR,RED,21964,20218
IR,RED,21958,20220
IR,RED,21972,20211
IR,RED,21971,20218
IR,RED,21973,20221
IR,RED,21968,20207
IR,RED,21975,20225
IR,RED,21972,20227
IR,RED,21968,20227
IR,RED,21967,20223
IR,RED,21976,20215
IR,RED,21968,20224
IR,RED,21965,20225
IR,RED,21980,20228
IR,RED,21979,20222
IR,RED,21973,20231
IR,RED,21988,20219
IR,RED,21989,20218
IR,RED,21983,20221
IR,RED,21987,20224
IR,RED,21982,20230
IR,RED,21990,20224
IR,RED,21997,20221
IR,RED,21995,20226
IR,RED,21991,20229
IR,RED,21997,20241
IR,RED,21983,20219
IR,RED,21989,20229
IR,RED,21995,20226
IR,RED,21990,20222
IR,RED,21988,20235
IR,RED,21985,20233
IR,RED,21995,20224
IR,RED,21993,20232
IR,RED,21993,20220
IR,RED,22003,20241
IR,RED,21988,20237
IR,RED,21997,20237
IR,RED,21991,20243
IR,RED,21999,20240
IR,RED,21987,20247
IR,RED,22000,20239
IR,RED,21985,20253
IR,RED,22002,20247
IR,RED,22003,20253
IR,RED,22006,20255
IR,RED,21996,20251
IR,RED,21999,20244
IR,RED,22005,20257
IR,RED,22005,20254
IR,RED,22003,20252
IR,RED,22013,20265
IR,RED,22011,20259
IR,RED,22005,20260
IR,RED,22009,20261
IR,RED,22021,20281
IR,RED,22013,20273
IR,RED,22014,20262
IR,RED,22022,20271
IR,RED,22023,20278
IR,RED,22020,20273
IR,RED,22018,20270
IR,RED,22011,20267
IR,RED,22005,20265
IR,RED,22002,20263
IR,RED,22005,20244
IR,RED,21996,20259
IR,RED,22000,20252
IR,RED,21999,20244
IR,RED,21993,20237
IR,RED,21989,20228
IR,RED,21990,20236
IR,RED,21995,20226
IR,RED,21990,20236
IR,RED,21987,20223
IR,RED,21985,20232
IR,RED,21980,20228
IR,RED,21981,20228
IR,RED,21970,20222
IR,RED,21986,20214
IR,RED,21979,20222
IR,RED,21990,20222
IR,RED,21989,20225
IR,RED,21998,20224
IR,RED,21987,20227
IR,RED,22000,20224
IR,RED,21986,20229
IR,RED,21999,20233
IR,RED,21996,20224
IR,RED,21986,20233
IR,RED,21995,20227
IR,RED,21989,20229
IR,RED,21986,20231
IR,RED,21985,20235
IR,RED,21983,20223
IR,RED,21999,20222
IR,RED,21996,20230
IR,RED,21991,20221
IR,RED,21985,20229
IR,RED,21988,20222
IR,RED,21980,20225
IR,RED,21981,20228
IR,RED,21982,20232
IR,RED,21976,20228
IR,RED,21976,20237
IR,RED,21986,20222
IR,RED,21978,20227
IR,RED,21979,20223
IR,RED,21997,20231
IR,RED,21980,20226
IR,RED,21987,20218
IR,RED,21983,20232
IR,RED,21988,20224
IR,RED,21989,20226
IR,RED,21985,20234
IR,RED,21985,20237
IR,RED,21996,20227
IR,RED,21985,20229
IR,RED,21987,20234
IR,RED,21991,20241
IR,RED,21986,20238
IR,RED,21991,20247
IR,RED,21989,20244
IR,RED,21990,20249
IR,RED,22000,20245
IR,RED,21995,20244
IR,RED,21985,20239
IR,RED,21987,20246
IR,RED,21991,20244
IR,RED,21989,20233
IR,RED,21992,20243
IR,RED,21996,20255
IR,RED,22002,20253
IR,RED,21996,20261
IR,RED,21996,20257
IR,RED,22003,20265
IR,RED,21998,20242
IR,RED,21993,20246
IR,RED,21980,20249
IR,RED,21992,20242
IR,RED,21978,20237
IR,RED,21969,20223
IR,RED,21970,20219
IR,RED,21965,20221
IR,RED,21961,20218
IR,RED,21956,20211
IR,RED,21951,20215
IR,RED,21966,20206
IR,RED,21953,20206
IR,RED,21958,20205
IR,RED,21962,20207
IR,RED,21951,20203
IR,RED,21951,20202
IR,RED,21960,20199
IR,RED,21955,20206
IR,RED,21957,20202
IR,RED,21961,20204
IR,RED,21957,20198
IR,RED,21951,20198
IR,RED,21959,20192
IR,RED,21956,20205
IR,RED,21952,20193
IR,RED,21945,20199
IR,RED,21953,20193
IR,RED,21955,20191
IR,RED,21949,20193
IR,RED,21945,20209
IR,RED,21950,20204
IR,RED,21953,20197
IR,RED,21940,20196
IR,RED,21949,20192
IR,RED,21928,20187
IR,RED,21931,20195
IR,RED,21936,20191
IR,RED,21938,20186
IR,RED,21937,20192
IR,RED,21932,20187
IR,RED,21939,20183
IR,RED,21946,20196
IR,RED,21936,20196
IR,RED,21936,20195
IR,RED,21929,20196
IR,RED,21934,20194
IR,RED,21927,20187
IR,RED,21933,20196
IR,RED,21939,20190
IR,RED,21937,20188
IR,RED,21936,20187
IR,RED,21939,20194
IR,RED,21944,20195
IR,RED,21936,20197
IR,RED,21948,20200
IR,RED,21949,20200
IR,RED,21948,20198
IR,RED,21950,20209
IR,RED,21941,20209
IR,RED,21949,20206
IR,RED,21959,20207
IR,RED,21942,20208
IR,RED,21949,20212
IR,RED,21950,20204
IR,RED,21946,20215
IR,RED,21953,20204
IR,RED,21954,20211
IR,RED,21949,20200
IR,RED,21948,20213
IR,RED,21947,20215
IR,RED,21948,20221
IR,RED,21953,20214
IR,RED,21952,20223
IR,RED,21957,20216
IR,RED,21948,20210
IR,RED,21942,20208
IR,RED,21941,20202
IR,RED,21929,20200
IR,RED,21934,20191
IR,RED,21933,20187
IR,RED,21933,20189
IR,RED,21925,20179
IR,RED,21923,20176
IR,RED,21927,20178
IR,RED,21929,20179
IR,RED,21929,20176
IR,RED,21931,20174
IR,RED,21935,20175
IR,RED,21933,20166
IR,RED,21926,20178
IR,RED,21937,20185
IR,RED,21923,20180
IR,RED,21924,20189
IR,RED,21937,20181
IR,RED,21932,20182
IR,RED,21921,20174
IR,RED,21931,20177
IR,RED,21928,20177
IR,RED,21933,20180
IR,RED,21942,20180
IR,RED,21946,20185
IR,RED,21936,20178
IR,RED,21948,20186
IR,RED,21942,20178
IR,RED,21941,20184
IR,RED,21935,20182
IR,RED,21940,20185
IR,RED,21941,20187
IR,RED,21940,20184
IR,RED,21938,20186
IR,RED,21934,20188
IR,RED,21934,20182
IR,RED,21945,20183
IR,RED,21945,20193
IR,RED,21936,20190
IR,RED,21937,20192
IR,RED,21944,20191
IR,RED,21939,20192
IR,RED,21952,20198
IR,RED,21927,20205
IR,RED,21946,20204
IR,RED,21944,20202
IR,RED,21946,20206
IR,RED,21951,20200
IR,RED,21952,20206
IR,RED,21967,20206
IR,RED,21963,20211
IR,RED,21946,20205
IR,RED,21950,20210
IR,RED,21966,20217
IR,RED,21952,20221
IR,RED,21957,20211
IR,RED,21964,20213
IR,RED,21965,20217
IR,RED,21967,20216
IR,RED,21965,20225
IR,RED,21979,20231
IR,RED,21975,20222
IR,RED,21973,20226
IR,RED,21984,20229
IR,RED,21984,20231
IR,RED,21971,20226
IR,RED,21976,20239
IR,RED,21985,20235
IR,RED,21982,20234
IR,RED,21976,20233
IR,RED,21967,20223
IR,RED,21961,20210
IR,RED,21957,20210
IR,RED,21956,20204
IR,RED,21954,20193
IR,RED,21942,20202
IR,RED,21951,20187
IR,RED,21956,20195
IR,RED,21951,20189
IR,RED,21951,20190
IR,RED,21951,20187
IR,RED,21954,20189
IR,RED,21955,20190
IR,RED,21948,20186
IR,RED,21953,20186
IR,RED,21946,20193
IR,RED,21944,20186
IR,RED,21954,20192
IR,RED,21962,20192
IR,RED,21955,20199
IR,RED,21943,20189
IR,RED,21954,20187
IR,RED,21956,20192
IR,RED,21958,20198
IR,RED,21956,20207
IR,RED,21964,20202
IR,RED,21970,20206
IR,RED,21965,20199
IR,RED,21969,20188
IR,RED,21978,20203
IR,RED,21981,20195
IR,RED,21977,20213
IR,RED,21982,20209
IR,RED,21990,20201
IR,RED,21990,20214
IR,RED,21978,20215
IR,RED,21986,20206
IR,RED,21987,20220
IR,RED,21986,20216
IR,RED,21996,20214
IR,RED,21986,20212
IR,RED,21984,20208
IR,RED,21990,20212
IR,RED,21988,20213
IR,RED,21994,20212
IR,RED,21985,20222
IR,RED,21983,20209
IR,RED,21989,20216
IR,RED,21996,20214
IR,RED,21997,20219
IR,RED,21993,20222
IR,RED,21988,20224
IR,RED,22005,20221
IR,RED,21996,20228
IR,RED,21996,20224
IR,RED,22003,20239
IR,RED,21996,20242
IR,RED,21987,20240
IR,RED,21999,20244
IR,RED,22003,20240
IR,RED,22003,20236
IR,RED,21998,20234
IR,RED,22002,20240
IR,RED,22002,20245
IR,RED,22004,20242
IR,RED,22014,20254
IR,RED,22019,20248
IR,RED,22022,20256
IR,RED,22008,20251
IR,RED,22014,20256
IR,RED,22007,20250
IR,RED,22016,20247
IR,RED,22005,20233
IR,RED,22007,20241
IR,RED,22002,20231
IR,RED,22007,20226
IR,RED,21991,20215
IR,RED,21994,20218
IR,RED,21986,20211
IR,RED,21984,20207
IR,RED,21990,20206
IR,RED,21981,20212
IR,RED,21983,20210
IR,RED,21975,20201
IR,RED,21984,20198
IR,RED,21981,20204
IR,RED,21974,20206
IR,RED,21980,20201
IR,RED,21975,20203
IR,RED,21984,20211
IR,RED,21980,20206
IR,RED,21992,20208
IR,RED,21985,20202
IR,RED,21978,20199
IR,RED,21965,20196
IR,RED,21957,20209
IR,RED,21968,20196
IR,RED,21954,20190
IR,RED,21973,20194
IR,RED,21964,20200
IR,RED,21972,20195
IR,RED,21960,20205
IR,RED,21972,20194
IR,RED,21969,20192
IR,RED,21956,20197
IR,RED,21951,20185
IR,RED,21954,20186
IR,RED,21962,20179
IR,RED,21967,20191
IR,RED,21960,20199
IR,RED,21963,20198
IR,RED,21968,20193
IR,RED,21958,20189
IR,RED,21969,20202
IR,RED,21959,20194
IR,RED,21960,20192
IR,RED,21956,20189
IR,RED,21952,20199
IR,RED,21946,20194
IR,RED,21946,20193
IR,RED,21948,20182
IR,RED,21951,20194
IR,RED,21951,20193
IR,RED,21947,20192
IR,RED,21949,20190
IR,RED,21953,20184
IR,RED,21962,20194
IR,RED,21954,20193
IR,RED,21954,20188
IR,RED,21950,20191
IR,RED,21948,20194
IR,RED,21944,20194
IR,RED,21954,20201
IR,RED,21945,20204
IR,RED,21956,20205
IR,RED,21954,20200
IR,RED,21953,20194
IR,RED,21958,20202
IR,RED,21950,20207
IR,RED,21960,20208
IR,RED,21963,20213
IR,RED,21959,20196
IR,RED,21958,20204
IR,RED,21974,20212
IR,RED,21965,20216
IR,RED,21953,20206
IR,RED,21954,20204
IR,RED,21947,20189
IR,RED,21940,20196
IR,RED,21941,20176
IR,RED,21939,20181
IR,RED,21938,20178
IR,RED,21927,20172
IR,RED,21926,20164
IR,RED,21928,20165
IR,RED,21928,20161
IR,RED,21932,20151
IR,RED,21918,20151
IR,RED,21919,20160
IR,RED,21919,20156
IR,RED,21928,20159
IR,RED,21912,20151
IR,RED,21918,20154
IR,RED,21922,20144
IR,RED,21915,20154
IR,RED,21918,20145
IR,RED,21911,20153
IR,RED,21908,20148
IR,RED,21914,20148
IR,RED,21918,20145
IR,RED,21918,20150
IR,RED,21913,20146
IR,RED,21900,20162
IR,RED,21908,20151
IR,RED,21912,20157
IR,RED,21908,20148
IR,RED,21926,20158
IR,RED,21913,20148
IR,RED,21914,20149
IR,RED,21912,20147
IR,RED,21930,20147
IR,RED,21922,20157
IR,RED,21912,20143
IR,RED,21904,20148
IR,RED,21910,20155
IR,RED,21912,20148
IR,RED,21914,20158
IR,RED,21911,20161
IR,RED,21915,20164
IR,RED,21908,20156
IR,RED,21914,20154
IR,RED,21920,20164
IR,RED,21906,20157
IR,RED,21921,20177
IR,RED,21916,20154
IR,RED,21924,20178
IR,RED,21927,20164
IR,RED,21924,20180
IR,RED,21925,20174
IR,RED,21926,20174
IR,RED,21924,20187
IR,RED,21920,20174
IR,RED,21927,20170
IR,RED,21928,20168
IR,RED,21918,20179
IR,RED,21924,20174
IR,RED,21934,20178
IR,RED,21937,20184
IR,RED,21941,20185
IR,RED,21943,20183
IR,RED,21942,20187
IR,RED,21946,20185
IR,RED,21950,20190
IR,RED,21948,20201
IR,RED,21956,20203
IR,RED,21950,20205
IR,RED,21939,20197
IR,RED,21943,20195
IR,RED,21939,20198
IR,RED,21952,20196
IR,RED,21931,20186
IR,RED,21934,20180
IR,RED,21927,20170
IR,RED,21916,20174
IR,RED,21919,20163
IR,RED,21921,20158
IR,RED,21913,20157
IR,RED,21914,20155
IR,RED,21922,20157
IR,RED,21914,20165
IR,RED,21921,20156
IR,RED,21926,20165
IR,RED,21926,20158
IR,RED,21919,20155
IR,RED,21918,20152
IR,RED,21922,20164
IR,RED,21921,20160
IR,RED,21929,20163
IR,RED,21926,20160
IR,RED,21920,20156
IR,RED,21926,20162
IR,RED,21946,20162
IR,RED,21940,20172
IR,RED,21940,20176
IR,RED,21948,20177
IR,RED,21938,20161
IR,RED,21953,20170
IR,RED,21942,20173
IR,RED,21951,20170
IR,RED,21952,20170
IR,RED,21953,20175
IR,RED,21963,20173
IR,RED,21967,20191
IR,RED,21965,20182
IR,RED,21956,20188
IR,RED,21951,20183
IR,RED,21967,20181
IR,RED,21963,20192
IR,RED,21970,20183
IR,RED,21968,20188
IR,RED,21958,20181
IR,RED,21964,20192
IR,RED,21963,20189
IR,RED,21963,20188
IR,RED,21971,20198
IR,RED,21972,20197
IR,RED,21970,20191
IR,RED,21973,20204
IR,RED,21978,20194
IR,RED,21986,20198
IR,RED,21980,20199
IR,RED,21982,20214
IR,RED,21980,20198
IR,RED,21986,20202
IR,RED,21987,20204
IR,RED,21980,20207
IR,RED,21990,20201
IR,RED,21982,20217
IR,RED,21981,20209
IR,RED,21988,20210
IR,RED,21992,20209
IR,RED,21981,20213
IR,RED,21992,20225
IR,RED,21984,20218
IR,RED,21999,20220
IR,RED,21996,20226
IR,RED,21989,20223
IR,RED,21989,20222
IR,RED,21984,20236
IR,RED,21994,20237
IR,RED,21987,20227
IR,RED,21983,20227
IR,RED,21977,20221
IR,RED,21984,20215
IR,RED,21981,20213
IR,RED,21977,20202
IR,RED,21982,20203
IR,RED,21972,20201
IR,RED,21976,20193
IR,RED,21969,20194
IR,RED,21973,20195
IR,RED,21958,20189
IR,RED,21964,20184
IR,RED,21971,20199
IR,RED,21974,20184
IR,RED,21964,20176
IR,RED,21972,20179
IR,RED,21962,20179
IR,RED,21967,20191
IR,RED,21961,20186
IR,RED,21966,20183
IR,RED,21968,20186
IR,RED,21972,20184
IR,RED,21964,20187
IR,RED,21968,20181
IR,RED,21974,20183
IR,RED,21976,20184
IR,RED,21974,20197
IR,RED,21964,20193
IR,RED,21967,20194
IR,RED,21976,20194
IR,RED,21972,20187
IR,RED,21962,20187
IR,RED,21967,20196
IR,RED,21967,20192
IR,RED,21979,20181
IR,RED,21979,20186
IR,RED,21964,20173
IR,RED,21968,20183
IR,RED,21973,20184
IR,RED,21967,20191
IR,RED,21963,20189
IR,RED,21972,20192
IR,RED,21970,20192
IR,RED,21978,20196
IR,RED,21977,20200
IR,RED,21978,20188
IR,RED,21970,20198
IR,RED,21970,20189
IR,RED,21973,20197
IR,RED,21976,20186
IR,RED,21972,20193
IR,RED,21972,20190
IR,RED,21967,20191
IR,RED,21972,20193
IR,RED,21980,20193
IR,RED,21969,20205
IR,RED,21973,20201
IR,RED,21978,20207
IR,RED,21977,20203
IR,RED,21975,20213
IR,RED,21971,20205
IR,RED,21969,20202
IR,RED,21976,20199
IR,RED,21973,20196
IR,RED,21968,20199
IR,RED,21982,20205
IR,RED,21959,20212
IR,RED,21975,20203
IR,RED,21978,20212
IR,RED,21974,20202
IR,RED,21972,20209
IR,RED,21967,20215
IR,RED,21974,20204
IR,RED,21970,20202
IR,RED,21977,20210
IR,RED,21969,20213
IR,RED,21968,20210
IR,RED,21966,20201
IR,RED,21961,20185
IR,RED,21969,20186
IR,RED,21953,20177
IR,RED,21949,20182
IR,RED,21952,20175
IR,RED,21943,20169
IR,RED,21956,20165
IR,RED,21950,20164
IR,RED,21952,20157
IR,RED,21949,20164
IR,RED,21946,20162
IR,RED,21952,20163
IR,RED,21958,20167
IR,RED,21943,20165
IR,RED,21940,20160
IR,RED,21944,20154
IR,RED,21939,20150
IR,RED,21934,20160
IR,RED,21929,20158
IR,RED,21928,20158
IR,RED,21929,20150
IR,RED,21928,20159
IR,RED,21936,20156
IR,RED,21929,20151
IR,RED,21929,20157
IR,RED,21936,20159
IR,RED,21927,20156
IR,RED,21926,20162
IR,RED,21931,20157
IR,RED,21935,20164
IR,RED,21934,20151
IR,RED,21929,20153
IR,RED,21926,20152
IR,RED,21930,20156
IR,RED,21931,20154
IR,RED,21924,20154
IR,RED,21929,20154
IR,RED,21929,20157
IR,RED,21930,20156
IR,RED,21925,20154
IR,RED,21931,20152
IR,RED,21930,20149
IR,RED,21936,20162
IR,RED,21930,20159
IR,RED,21934,20160
IR,RED,21938,20168
IR,RED,21936,20163
IR,RED,21945,20166
IR,RED,21935,20158
IR,RED,21939,20152
IR,RED,21946,20177
IR,RED,21947,20172
IR,RED,21934,20182
IR,RED,21948,20165
IR,RED,21939,20167
IR,RED,21948,20177
IR,RED,21945,20171
IR,RED,21944,20170
IR,RED,21943,20165
IR,RED,21950,20163
IR,RED,21948,20183
IR,RED,21956,20181
IR,RED,21953,20180
IR,RED,21951,20180
IR,RED,21956,20181
IR,RED,21958,20184
IR,RED,21957,20190
IR,RED,21962,20188
IR,RED,21957,20191
IR,RED,21964,20172
IR,RED,21961,20176
IR,RED,21944,20172
IR,RED,21943,20173
IR,RED,21944,20163
IR,RED,21942,20156
IR,RED,21937,20161
IR,RED,21938,20147
IR,RED,21936,20153
IR,RED,21946,20149
IR,RED,21941,20153
IR,RED,21944,20163
IR,RED,21948,20154
IR,RED,21943,20148
IR,RED,21955,20154
IR,RED,21941,20162
IR,RED,21949,20155
IR,RED,21949,20151
IR,RED,21948,20163
IR,RED,21941,20156
IR,RED,21937,20150
IR,RED,21945,20165
IR,RED,21947,20164
IR,RED,21951,20154
IR,RED,21963,20151
IR,RED,21957,20164
IR,RED,21955,20158
IR,RED,21953,20173
IR,RED,21960,20167
IR,RED,21960,20170
IR,RED,21967,20175
IR,RED,21963,20174
IR,RED,21962,20167
IR,RED,21952,20167
IR,RED,21954,20169
IR,RED,21960,20176
IR,RED,21959,20163
IR,RED,21965,20184
IR,RED,21960,20187
IR,RED,21967,20180
IR,RED,21964,20178
IR,RED,21976,20186
IR,RED,21977,20179
IR,RED,21971,20184
IR,RED,21965,20185
IR,RED,21962,20180
IR,RED,21961,20173
IR,RED,21971,20189
IR,RED,21975,20177
IR,RED,21977,20183
IR,RED,21982,20185
IR,RED,21983,20204
IR,RED,21988,20197
IR,RED,21972,20198
IR,RED,21989,20197
IR,RED,21984,20197
IR,RED,21994,20207
IR,RED,21993,20207
IR,RED,21988,20212
IR,RED,22003,20218
IR,RED,21996,20207
IR,RED,22000,20213
IR,RED,21992,20217
IR,RED,21990,20207
IR,RED,22004,20217
IR,RED,21997,20218
IR,RED,22008,20222
IR,RED,22009,20226
IR,RED,22015,20228
IR,RED,22007,20228
IR,RED,22021,20235
IR,RED,22009,20219
IR,RED,22004,20230
IR,RED,22009,20226
IR,RED,22004,20219
IR,RED,21995,20204
IR,RED,21985,20202
IR,RED,21990,20197
IR,RED,21994,20193
IR,RED,21984,20194
IR,RED,21978,20200
IR,RED,21979,20189
IR,RED,21987,20184
IR,RED,21971,20185
IR,RED,21982,20175
IR,RED,21981,20186
IR,RED,21983,20171
IR,RED,21976,20184
IR,RED,21967,20172
IR,RED,21980,20174
IR,RED,21971,20179
IR,RED,21978,20185
IR,RED,21976,20178
IR,RED,21975,20186
IR,RED,21964,20178
IR,RED,21972,20179
IR,RED,21968,20178
IR,RED,21980,20183
IR,RED,21969,20187
IR,RED,21976,20176
IR,RED,21963,20184
IR,RED,21975,20183
IR,RED,21969,20178
IR,RED,21969,20169
IR,RED,21967,20177
IR,RED,21966,20177
IR,RED,21957,20165
IR,RED,21965,20165
IR,RED,21958,20170
IR,RED,21942,20171
IR,RED,21961,20169
IR,RED,21945,20175
IR,RED,21957,20170
IR,RED,21947,20166
IR,RED,21952,20166
IR,RED,21958,20169
IR,RED,21951,20168
IR,RED,21939,20160
IR,RED,21951,20173
IR,RED,21949,20173
IR,RED,21955,20174
IR,RED,21948,20161
IR,RED,21949,20163
IR,RED,21952,20166
IR,RED,21935,20161
IR,RED,21954,20169
IR,RED,21940,20158
IR,RED,21942,20172
IR,RED,21942,20165
IR,RED,21935,20161
IR,RED,21945,20177
IR,RED,21940,20171
IR,RED,21950,20170
IR,RED,21943,20178
IR,RED,21942,20175
IR,RED,21944,20171
IR,RED,21945,20173
IR,RED,21955,20178
IR,RED,21947,20180
IR,RED,21942,20177
IR,RED,21957,20178
IR,RED,21953,20183
IR,RED,21963,20187
IR,RED,21957,20171
IR,RED,21944,20184
IR,RED,21943,20182
IR,RED,21938,20171
IR,RED,21938,20163
IR,RED,21923,20173
IR,RED,21925,20150
IR,RED,21913,20151
IR,RED,21918,20142
IR,RED,21915,20137
IR,RED,21910,20135
IR,RED,21907,20126
IR,RED,21911,20124
IR,RED,21907,20133
IR,RED,21903,20124
IR,RED,21894,20123
IR,RED,21901,20125
IR,RED,21897,20125
IR,RED,21903,20123
IR,RED,21895,20120
IR,RED,21883,20107
IR,RED,21882,20107
IR,RED,21882,20098
IR,RED,21884,20105
IR,RED,21882,20103
IR,RED,21874,20102
IR,RED,21877,20102
IR,RED,21885,20104
IR,RED,21883,20108
IR,RED,21886,20101
IR,RED,21881,20110
IR,RED,21890,20103
IR,RED,21879,20108
IR,RED,21869,20111
IR,RED,21878,20111
IR,RED,21874,20107
IR,RED,21873,20105
IR,RED,21871,20106
IR,RED,21876,20095
IR,RED,21869,20111
IR,RED,21877,20112
IR,RED,21880,20104
IR,RED,21878,20112
IR,RED,21876,20112
IR,RED,21872,20112
IR,RED,21877,20119
IR,RED,21879,20115
IR,RED,21879,20117
IR,RED,21880,20114
IR,RED,21871,20119
IR,RED,21879,20112
IR,RED,21885,20121
IR,RED,21886,20123
IR,RED,21901,20127
IR,RED,21906,20123
IR,RED,21902,20130
IR,RED,21894,20133
IR,RED,21888,20136
IR,RED,21902,20133
IR,RED,21895,20134
IR,RED,21893,20133
IR,RED,21900,20138
IR,RED,21893,20138
IR,RED,21903,20134
IR,RED,21905,20139
IR,RED,21906,20141
IR,RED,21908,20155
IR,RED,21907,20146
IR,RED,21906,20154
IR,RED,21904,20150
IR,RED,21915,20149
IR,RED,21912,20155
IR,RED,21906,20145
IR,RED,21903,20148
IR,RED,21898,20141
IR,RED,21902,20132
IR,RED,21893,20123
IR,RED,21894,20121
IR,RED,21888,20118
IR,RED,21898,20115
IR,RED,21899,20116
IR,RED,21895,20110
IR,RED,21906,20102
IR,RED,21895,20113
IR,RED,21906,20111
IR,RED,21895,20115
IR,RED,21894,20106
IR,RED,21902,20109
IR,RED,21886,20111
IR,RED,21896,20096
IR,RED,21894,20109
IR,RED,21896,20104
IR,RED,21896,20103
IR,RED,21891,20108
IR,RED,21894,20102
IR,RED,21895,20113
IR,RED,21904,20108
IR,RED,21891,20111
IR,RED,21897,20112
IR,RED,21903,20119
IR,RED,21902,20109
IR,RED,21906,20111
IR,RED,21905,20126
IR,RED,21898,20115
IR,RED,21915,20131
IR,RED,21902,20110
IR,RED,21911,20114
IR,RED,21914,20120
IR,RED,21912,20122
IR,RED,21906,20122
IR,RED,21912,20128
IR,RED,21913,20120
IR,RED,21917,20121
IR,RED,21921,20126
IR,RED,21920,20135
IR,RED,21924,20132
IR,RED,21913,20135
IR,RED,21926,20131
IR,RED,21915,20137
IR,RED,21921,20133
IR,RED,21921,20143
IR,RED,21922,20135
IR,RED,21930,20158
IR,RED,21928,20151
IR,RED,21929,20148
IR,RED,21936,20156
IR,RED,21928,20152
IR,RED,21921,20150
IR,RED,21931,20144
IR,RED,21930,20149
IR,RED,21923,20150
IR,RED,21939,20164
IR,RED,21926,20155
IR,RED,21947,20166
IR,RED,21944,20161
IR,RED,21955,20163
IR,RED,21944,20164
IR,RED,21953,20172
IR,RED,21946,20173
IR,RED,21938,20170
IR,RED,21949,20163
IR,RED,21954,20163
IR,RED,21939,20161
IR,RED,21932,20151
IR,RED,21918,20149
IR,RED,21934,20141
IR,RED,21925,20138
IR,RED,21923,20138
IR,RED,21922,20133
IR,RED,21921,20121
IR,RED,21912,20129
IR,RED,21918,20126
IR,RED,21926,20125
IR,RED,21911,20134
IR,RED,21928,20136
IR,RED,21925,20128
IR,RED,21924,20135
IR,RED,21932,20123
IR,RED,21926,20127
IR,RED,21925,20135
IR,RED,21922,20122
IR,RED,21933,20130
IR,RED,21928,20132
IR,RED,21935,20134
IR,RED,21933,20132
IR,RED,21940,20137
IR,RED,21933,20127
IR,RED,21931,20140
IR,RED,21935,20127
IR,RED,21941,20133
IR,RED,21935,20133
IR,RED,21941,20147
IR,RED,21934,20138
IR,RED,21929,20141
IR,RED,21933,20140
IR,RED,21942,20140
IR,RED,21934,20144
IR,RED,21941,20141
IR,RED,21933,20149
IR,RED,21952,20140
IR,RED,21945,20142
IR,RED,21932,20145
IR,RED,21947,20137
IR,RED,21942,20140
IR,RED,21946,20148
IR,RED,21944,20147
IR,RED,21941,20149
IR,RED,21946,20145
IR,RED,21938,20142
IR,RED,21934,20148
IR,RED,21938,20143
IR,RED,21962,20160
IR,RED,21945,20161
IR,RED,21939,20158
IR,RED,21946,20158
IR,RED,21943,20159
IR,RED,21960,20157
IR,RED,21952,20166
IR,RED,21946,20160
IR,RED,21952,20165
IR,RED,21957,20172
IR,RED,21953,20167
IR,RED,21961,20166
IR,RED,21966,20175
IR,RED,21954,20168
IR,RED,21947,20180
IR,RED,21962,20174
IR,RED,21964,20180
IR,RED,21970,20191
IR,RED,21975,20188
IR,RED,21973,20187
IR,RED,21966,20182
IR,RED,21963,20177
IR,RED,21961,20187
IR,RED,21959,20171
IR,RED,21956,20162
IR,RED,21957,20165
IR,RED,21946,20153
IR,RED,21936,20144
IR,RED,21943,20150
IR,RED,21946,20159
IR,RED,21939,20145
IR,RED,21940,20147
IR,RED,21940,20144
IR,RED,21938,20142
IR,RED,21946,20147
IR,RED,21940,20147
IR,RED,21936,20147
IR,RED,21945,20127
IR,RED,21939,20142
IR,RED,21945,20142
IR,RED,21950,20137
IR,RED,21940,20130
IR,RED,21946,20140
IR,RED,21940,20130
IR,RED,21935,20140
IR,RED,21940,20142
IR,RED,21933,20130
IR,RED,21939,20135
IR,RED,21935,20136
IR,RED,21936,20142
IR,RED,21936,20140
IR,RED,21937,20134
IR,RED,21932,20134
IR,RED,21943,20130
IR,RED,21931,20137
IR,RED,21940,20136
IR,RED,21941,20142
IR,RED,21935,20133
IR,RED,21942,20151
IR,RED,21931,20145
IR,RED,21930,20150
IR,RED,21925,20150
IR,RED,21934,20140
IR,RED,21937,20148
IR,RED,21926,20140
IR,RED,21926,20136
IR,RED,21926,20140
IR,RED,21930,20152
IR,RED,21925,20137
IR,RED,21934,20135
IR,RED,21927,20147
IR,RED,21929,20145
IR,RED,21933,20141
IR,RED,21922,20145
IR,RED,21931,20158
IR,RED,21927,20145
IR,RED,21935,20144
IR,RED,21936,20152
IR,RED,21944,20157
IR,RED,21928,20152
IR,RED,21933,20152
IR,RED,21921,20149
IR,RED,21939,20148
IR,RED,21937,20152
IR,RED,21926,20157
IR,RED,21934,20151
IR,RED,21929,20153
IR,RED,21935,20157
IR,RED,21931,20158
IR,RED,21943,20153
IR,RED,21936,20160
IR,RED,21945,20156
IR,RED,21937,20168
IR,RED,21940,20165
IR,RED,21936,20164
IR,RED,21929,20161
IR,RED,21927,20163
IR,RED,21931,20156
IR,RED,21920,20146
IR,RED,21919,20157
IR,RED,21906,20139
IR,RED,21909,20134
IR,RED,21915,20126
IR,RED,21904,20124
IR,RED,21919,20124
IR,RED,21913,20124
IR,RED,21904,20128
IR,RED,21911,20121
IR,RED,21919,20122
IR,RED,21912,20130
IR,RED,21908,20127
IR,RED,21921,20131
IR,RED,21907,20124
IR,RED,21913,20123
IR,RED,21904,20111
IR,RED,21901,20122
IR,RED,21905,20112
IR,RED,21914,20118
IR,RED,21919,20125
IR,RED,21918,20128
IR,RED,21919,20124
IR,RED,21917,20131
IR,RED,21923,20127
IR,RED,21921,20125
IR,RED,21920,20131
IR,RED,21920,20136
IR,RED,21925,20135
IR,RED,21936,20138
IR,RED,21928,20126
IR,RED,21924,20137
IR,RED,21919,20138
IR,RED,21923,20133
IR,RED,21927,20134
IR,RED,21924,20143
IR,RED,21932,20139
IR,RED,21914,20140
IR,RED,21926,20150
IR,RED,21930,20153
IR,RED,21918,20155
IR,RED,21919,20144
IR,RED,21930,20156
IR,RED,21928,20150
IR,RED,21929,20148
IR,RED,21928,20152
IR,RED,21936,20143
IR,RED,21934,20153
IR,RED,21946,20151
IR,RED,21952,20164
IR,RED,21949,20160
IR,RED,21947,20166
IR,RED,21950,20164
IR,RED,21944,20157
IR,RED,21946,20167
IR,RED,21944,20169
IR,RED,21961,20170
IR,RED,21949,20162
IR,RED,21946,20175
IR,RED,21951,20178
IR,RED,21960,20166
IR,RED,21950,20165
IR,RED,21963,20174
IR,RED,21960,20175
IR,RED,21950,20173
IR,RED,21964,20180
IR,RED,21963,20187
IR,RED,21957,20191
IR,RED,21956,20186
IR,RED,21969,20187
IR,RED,21965,20175
IR,RED,21956,20182
IR,RED,21962,20183
IR,RED,21955,20173
IR,RED,21952,20176
IR,RED,21953,20167
IR,RED,21951,20158
IR,RED,21943,20164
IR,RED,21948,20158
IR,RED,21942,20149
IR,RED,21937,20149
IR,RED,21942,20158
IR,RED,21944,20159
IR,RED,21942,20156
IR,RED,21940,20167
IR,RED,21935,20151
IR,RED,21950,20159
IR,RED,21943,20158
IR,RED,21958,20157
IR,RED,21948,20164
IR,RED,21957,20145
IR,RED,21943,20151
IR,RED,21950,20152
IR,RED,21943,20153
IR,RED,21954,20157
IR,RED,21952,20162
IR,RED,21951,20158
IR,RED,21952,20160
IR,RED,21954,20163
IR,RED,21959,20167
IR,RED,21959,20169
IR,RED,21962,20168
IR,RED,21958,20167
IR,RED,21955,20165
IR,RED,21950,20165
IR,RED,21949,20160
IR,RED,21953,20166
IR,RED,21955,20156
IR,RED,21971,20163
IR,RED,21949,20159
IR,RED,21947,20159
IR,RED,21953,20169
IR,RED,21952,20169
IR,RED,21962,20172
IR,RED,21958,20160
IR,RED,21959,20175
IR,RED,21954,20171
IR,RED,21954,20180
IR,RED,21957,20168
IR,RED,21957,20160
IR,RED,21947,20172
IR,RED,21956,20169
IR,RED,21956,20172
IR,RED,21962,20167
IR,RED,21965,20178
IR,RED,21965,20174
IR,RED,21965,20179
IR,RED,21964,20181
IR,RED,21957,20183
IR,RED,21964,20180
IR,RED,21957,20189
IR,RED,21969,20185
IR,RED,21973,20180
IR,RED,21976,20186
IR,RED,21971,20183
IR,RED,21951,20187
IR,RED,21966,20190
IR,RED,21964,20190
IR,RED,21968,20192
IR,RED,21977,20195
IR,RED,21976,20209
IR,RED,21982,20192
IR,RED,21992,20201
IR,RED,21983,20198
IR,RED,21986,20202
IR,RED,21994,20207
IR,RED,21984,20212
IR,RED,21972,20214
IR,RED,21982,20214
IR,RED,21983,20204
IR,RED,21978,20192
IR,RED,21973,20200
IR,RED,21970,20185
IR,RED,21956,20181
IR,RED,21956,20184
IR,RED,21950,20170
IR,RED,21950,20168
IR,RED,21948,20167
IR,RED,21955,20160
IR,RED,21945,20159
IR,RED,21940,20164
IR,RED,21945,20165
IR,RED,21949,20163
IR,RED,21943,20164
IR,RED,21947,20156
IR,RED,21943,20163
IR,RED,21941,20165
IR,RED,21938,20159
IR,RED,21940,20152
IR,RED,21927,20152
IR,RED,21926,20162
IR,RED,21931,20155
IR,RED,21932,20163
IR,RED,21929,20167
IR,RED,21937,20160
IR,RED,21933,20156
IR,RED,21940,20158
IR,RED,21932,20149
IR,RED,21933,20151
IR,RED,21929,20159
IR,RED,21933,20153
IR,RED,21944,20156
IR,RED,21931,20155
IR,RED,21930,20152
IR,RED,21937,20165
IR,RED,21939,20153
IR,RED,21933,20152
IR,RED,21931,20163
IR,RED,21931,20165
IR,RED,21947,20156
IR,RED,21934,20160
IR,RED,21933,20157
IR,RED,21934,20157
IR,RED,21944,20155
IR,RED,21934,20164
IR,RED,21934,20160
IR,RED,21935,20173
IR,RED,21941,20172
IR,RED,21931,20167
IR,RED,21935,20162
IR,RED,21929,20174
IR,RED,21930,20159
IR,RED,21928,20166
IR,RED,21939,20169
IR,RED,21924,20171
IR,RED,21943,20169
IR,RED,21934,20171
IR,RED,21928,20170
IR,RED,21926,20175
IR,RED,21925,20161
IR,RED,21932,20181
IR,RED,21933,20170
IR,RED,21934,20182
IR,RED,21935,20183
IR,RED,21942,20175
IR,RED,21941,20185
IR,RED,21934,20179
IR,RED,21946,20190
IR,RED,21948,20176
IR,RED,21933,20188
IR,RED,21937,20183
IR,RED,21937,20180
IR,RED,21934,20186
IR,RED,21931,20180
IR,RED,21938,20177
IR,RED,21936,20177
IR,RED,21934,20174
IR,RED,21932,20168
IR,RED,21933,20157
IR,RED,21925,20149
IR,RED,21929,20151
IR,RED,21928,20157
IR,RED,21922,20144
IR,RED,21922,20158
IR,RED,21919,20144
IR,RED,21926,20150
IR,RED,21915,20151
IR,RED,21912,20152
IR,RED,21917,20142
IR,RED,21915,20153
IR,RED,21925,20142
IR,RED,21919,20147
IR,RED,21920,20145
IR,RED,21920,20156
IR,RED,21911,20144
IR,RED,21925,20154
IR,RED,21925,20160
IR,RED,21926,20153
IR,RED,21924,20158
IR,RED,21930,20152
IR,RED,21926,20152
IR,RED,21926,20157
IR,RED,21929,20155
IR,RED,21928,20151
IR,RED,21939,20148
IR,RED,21922,20148
IR,RED,21923,20145
IR,RED,21932,20153
IR,RED,21926,20150
IR,RED,21924,20147
IR,RED,21928,20143
IR,RED,21917,20159
IR,RED,21930,20153
IR,RED,21919,20140
IR,RED,21929,20146
IR,RED,21918,20151
IR,RED,21916,20162
IR,RED,21924,20157
IR,RED,21925,20164
IR,RED,21920,20161
IR,RED,21927,20162
IR,RED,21931,20161
IR,RED,21927,20164
IR,RED,21931,20169
IR,RED,21929,20166
IR,RED,21927,20171
IR,RED,21928,20166
IR,RED,21938,20171
IR,RED,21933,20179
IR,RED,21949,20170
IR,RED,21935,20181
IR,RED,21944,20179
IR,RED,21938,20181
IR,RED,21946,20183
IR,RED,21943,20191
IR,RED,21945,20194
IR,RED,21942,20194
IR,RED,21953,20191
IR,RED,21952,20191
IR,RED,21960,20186
IR,RED,21951,20194
IR,RED,21953,20198
IR,RED,21954,20207
IR,RED,21969,20196
IR,RED,21960,20197
IR,RED,21956,20207
IR,RED,21962,20197
IR,RED,21953,20196
IR,RED,21952,20198
IR,RED,21961,20184
IR,RED,21954,20189
IR,RED,21940,20172
IR,RED,21937,20167
IR,RED,21923,20161
IR,RED,21935,20159
IR,RED,21927,20165
IR,RED,21940,20159
IR,RED,21924,20161
IR,RED,21936,20154
IR,RED,21929,20153
IR,RED,21934,20152
IR,RED,21936,20164
IR,RED,21932,20155
IR,RED,21934,20153
IR,RED,21936,20153
IR,RED,21937,20153
IR,RED,21933,20154
IR,RED,21936,20163
IR,RED,21941,20163
IR,RED,21929,20157
IR,RED,21937,20159
IR,RED,21931,20162
IR,RED,21938,20164
IR,RED,21933,20169
IR,RED,21939,20154
IR,RED,21937,20163
IR,RED,21941,20166
IR,RED,21940,20156
IR,RED,21939,20148
IR,RED,21941,20166
IR,RED,21949,20160
IR,RED,21946,20154
IR,RED,21940,20159
IR,RED,21936,20157
IR,RED,21940,20156
IR,RED,21938,20167
IR,RED,21932,20159
IR,RED,21934,20158
IR,RED,21939,20158
IR,RED,21950,20151
IR,RED,21931,20165
IR,RED,21932,20160
IR,RED,21936,20174
IR,RED,21939,20161
IR,RED,21940,20171
IR,RED,21939,20161
IR,RED,21946,20177
IR,RED,21943,20175
IR,RED,21942,20174
IR,RED,21943,20166
IR,RED,21940,20184
IR,RED,21949,20166
IR,RED,21950,20179
IR,RED,21947,20177
IR,RED,21947,20175
IR,RED,21946,20185
IR,RED,21944,20172
IR,RED,21950,20170
IR,RED,21946,20177
IR,RED,21947,20184
IR,RED,21948,20189
IR,RED,21958,20186
IR,RED,21951,20193
IR,RED,21953,20185
IR,RED,21953,20187
IR,RED,21975,20193
IR,RED,21955,20202
IR,RED,21954,20203
IR,RED,21961,20201
IR,RED,21965,20204
IR,RED,21954,20204
IR,RED,21953,20194
IR,RED,21947,20188
IR,RED,21939,20178
IR,RED,21934,20173
IR,RED,21929,20158
IR,RED,21935,20164
IR,RED,21919,20162
IR,RED,21924,20150
IR,RED,21907,20143
IR,RED,21921,20156
IR,RED,21916,20152
IR,RED,21923,20150
IR,RED,21914,20137
IR,RED,21910,20143
IR,RED,21911,20151
IR,RED,21911,20138
IR,RED,21910,20135
IR,RED,21920,20135
IR,RED,21901,20139
IR,RED,21905,20137
IR,RED,21907,20135
IR,RED,21896,20133
IR,RED,21909,20137
IR,RED,21902,20139
IR,RED,21907,20137
IR,RED,21910,20139
IR,RED,21912,20143
IR,RED,21910,20133
IR,RED,21915,20140
IR,RED,21907,20145
IR,RED,21920,20142
IR,RED,21916,20149
IR,RED,21907,20147
IR,RED,21913,20141
IR,RED,21912,20140
IR,RED,21906,20131
IR,RED,21911,20149
IR,RED,21909,20138
IR,RED,21894,20137
IR,RED,21911,20139
IR,RED,21905,20149
IR,RED,21905,20146
IR,RED,21910,20150
IR,RED,21908,20148
IR,RED,21913,20143
IR,RED,21903,20142
IR,RED,21909,20152
IR,RED,21896,20144
IR,RED,21906,20147
IR,RED,21905,20135
IR,RED,21909,20152
IR,RED,21903,20152
IR,RED,21908,20154
IR,RED,21893,20155
IR,RED,21910,20142
IR,RED,21899,20153
IR,RED,21914,20151
IR,RED,21909,20155
IR,RED,21913,20154
IR,RED,21915,20153
IR,RED,21912,20157
IR,RED,21918,20149
IR,RED,21914,20154
IR,RED,21918,20159
IR,RED,21922,20159
IR,RED,21926,20159
IR,RED,21926,20163
IR,RED,21920,20154
IR,RED,21923,20160
IR,RED,21925,20174
IR,RED,21924,20164
IR,RED,21916,20169
IR,RED,21915,20157
IR,RED,21906,20161
IR,RED,21910,20163
IR,RED,21899,20146
IR,RED,21894,20141
IR,RED,21890,20129
IR,RED,21893,20120
IR,RED,21899,20127
IR,RED,21888,20131
IR,RED,21890,20127
IR,RED,21893,20125
IR,RED,21890,20122
IR,RED,21902,20117
IR,RED,21883,20133
IR,RED,21888,20133
IR,RED,21887,20132
IR,RED,21895,20129
IR,RED,21896,20132
IR,RED,21894,20118
IR,RED,21888,20117
IR,RED,21891,20131
IR,RED,21890,20125
IR,RED,21890,20126
IR,RED,21895,20120
IR,RED,21898,20131
IR,RED,21901,20134
IR,RED,21900,20127
IR,RED,21901,20130
IR,RED,21904,20137
IR,RED,21898,20127
IR,RED,21891,20140
IR,RED,21902,20129
IR,RED,21903,20131
IR,RED,21904,20133
IR,RED,21911,20136
IR,RED,21912,20133
IR,RED,21903,20131
IR,RED,21912,20134
IR,RED,21904,20140
IR,RED,21910,20134
IR,RED,21925,20147
IR,RED,21903,20145
IR,RED,21912,20145
IR,RED,21908,20147
IR,RED,21905,20148
IR,RED,21900,20141
IR,RED,21907,20147
IR,RED,21912,20146
IR,RED,21904,20145
IR,RED,21919,20153
IR,RED,21910,20148
IR,RED,21910,20148
IR,RED,21918,20148
IR,RED,21927,20154
IR,RED,21911,20164
IR,RED,21910,20165
IR,RED,21900,20156
IR,RED,21916,20163
IR,RED,21919,20167
IR,RED,21916,20166
IR,RED,21918,20167
IR,RED,21918,20156
IR,RED,21914,20170
IR,RED,21923,20169
IR,RED,21919,20169
IR,RED,21915,20168
IR,RED,21914,20161
IR,RED,21927,20165
IR,RED,21927,20161
IR,RED,21918,20165
IR,RED,21913,20161
IR,RED,21919,20163
IR,RED,21905,20154
IR,RED,21910,20153
IR,RED,21903,20151
IR,RED,21899,20140
IR,RED,21905,20138
IR,RED,21902,20129
IR,RED,21906,20129
IR,RED,21901,20125
IR,RED,21902,20130
IR,RED,21901,20143
IR,RED,21907,20133
IR,RED,21902,20136
IR,RED,21897,20130
IR,RED,21900,20128
IR,RED,21894,20125
IR,RED,21888,20125
IR,RED,21891,20122
IR,RED,21889,20138
IR,RED,21900,20125
IR,RED,21901,20131
IR,RED,21891,20135
IR,RED,21891,20130
IR,RED,21898,20124
IR,RED,21902,20136
IR,RED,21893,20125
IR,RED,21904,20130
IR,RED,21906,20128
IR,RED,21897,20140
IR,RED,21900,20133
IR,RED,21904,20133
IR,RED,21906,20141
IR,RED,21904,20137
IR,RED,21911,20141
IR,RED,21917,20142
IR,RED,21916,20132
IR,RED,21912,20135
IR,RED,21915,20141
IR,RED,21907,20148
IR,RED,21905,20140
IR,RED,21908,20149
IR,RED,21911,20148
IR,RED,21908,20146
IR,RED,21914,20153
IR,RED,21916,20160
IR,RED,21924,20153
IR,RED,21919,20163
IR,RED,21911,20154
IR,RED,21918,20162
IR,RED,21928,20157
IR,RED,21916,20149
IR,RED,21918,20163
IR,RED,21926,20154
IR,RED,21913,20161
IR,RED,21920,20163
IR,RED,21919,20157
IR,RED,21921,20152
IR,RED,21911,20160
IR,RED,21917,20169
IR,RED,21939,20171
IR,RED,21931,20176
IR,RED,21927,20182
IR,RED,21926,20172
IR,RED,21922,20168
IR,RED,21921,20169
IR,RED,21925,20168
IR,RED,21916,20173
IR,RED,21917,20170
IR,RED,21909,20163
IR,RED,21909,20160
IR,RED,21902,20155
IR,RED,21900,20149
IR,RED,21899,20151
IR,RED,21891,20147
IR,RED,21900,20139
IR,RED,21893,20138
IR,RED,21899,20134
IR,RED,21894,20132
IR,RED,21886,20131
IR,RED,21883,20130
IR,RED,21884,20126
IR,RED,21890,20130
IR,RED,21889,20124
IR,RED,21873,20128
IR,RED,21894,20125
IR,RED,21877,20117
IR,RED,21880,20133
IR,RED,21883,20119
IR,RED,21888,20119
IR,RED,21886,20115
IR,RED,21884,20121
IR,RED,21874,20119
IR,RED,21879,20116
IR,RED,21884,20126
IR,RED,21883,20120
IR,RED,21881,20122
IR,RED,21882,20130
IR,RED,21882,20131
IR,RED,21876,20118
IR,RED,21892,20123
IR,RED,21879,20116
IR,RED,21881,20116
IR,RED,21884,20115
IR,RED,21877,20107
IR,RED,21867,20107
IR,RED,21866,20118
IR,RED,21868,20111
IR,RED,21876,20116
IR,RED,21874,20117
IR,RED,21873,20111
IR,RED,21871,20114
IR,RED,21870,20119
IR,RED,21870,20119
IR,RED,21876,20122
IR,RED,21875,20120
IR,RED,21871,20125
IR,RED,21860,20119
IR,RED,21871,20123
IR,RED,21864,20128
IR,RED,21868,20129
IR,RED,21869,20125
IR,RED,21870,20120
IR,RED,21876,20127
IR,RED,21869,20124
IR,RED,21863,20128
IR,RED,21872,20130
IR,RED,21876,20137
IR,RED,21867,20134
IR,RED,21875,20129
IR,RED,21869,20130
IR,RED,21877,20135
IR,RED,21875,20130
IR,RED,21870,20131
IR,RED,21868,20135
IR,RED,21886,20142
IR,RED,21880,20132
IR,RED,21874,20128
IR,RED,21870,20132
IR,RED,21872,20112
IR,RED,21863,20118
IR,RED,21859,20104
IR,RED,21851,20093
IR,RED,21855,20113
IR,RED,21844,20100
IR,RED,21852,20094
IR,RED,21842,20085
IR,RED,21843,20083
IR,RED,21857,20085
IR,RED,21850,20084
IR,RED,21848,20079
IR,RED,21848,20084
IR,RED,21851,20083
IR,RED,21844,20085
IR,RED,21839,20089
IR,RED,21838,20080
IR,RED,21823,20070
IR,RED,21843,20073
IR,RED,21839,20078
IR,RED,21843,20089
IR,RED,21856,20092
IR,RED,21853,20092
IR,RED,21859,20092
IR,RED,21862,20096
IR,RED,21871,20095
IR,RED,21859,20094
IR,RED,21862,20095
IR,RED,21860,20093
IR,RED,21865,20090
IR,RED,21868,20097
IR,RED,21870,20094
IR,RED,21872,20105
IR,RED,21867,20102
IR,RED,21863,20102
IR,RED,21857,20095
IR,RED,21871,20111
IR,RED,21852,20107
IR,RED,21864,20103
IR,RED,21864,20111
IR,RED,21871,20108
IR,RED,21868,20108
IR,RED,21880,20107
IR,RED,21873,20113
IR,RED,21871,20107
IR,RED,21879,20109
IR,RED,21880,20108
IR,RED,21891,20114
IR,RED,21879,20114
IR,RED,21887,20125
IR,RED,21887,20122
IR,RED,21880,20118
IR,RED,21885,20129
IR,RED,21884,20126
IR,RED,21893,20117
IR,RED,21890,20126
IR,RED,21893,20126
IR,RED,21892,20130
IR,RED,21890,20133
IR,RED,21895,20137
IR,RED,21897,20134
IR,RED,21899,20136
IR,RED,21917,20136
IR,RED,21907,20149
IR,RED,21904,20141
IR,RED,21905,20146
IR,RED,21898,20143
IR,RED,21902,20152
IR,RED,21904,20136
IR,RED,21899,20127
IR,RED,21893,20127
IR,RED,21876,20110
IR,RED,21879,20109
IR,RED,21881,20102
IR,RED,21876,20113
IR,RED,21882,20100
IR,RED,21892,20103
IR,RED,21871,20113
IR,RED,21898,20109
IR,RED,21892,20115
IR,RED,21893,20109
IR,RED,21889,20112
IR,RED,21889,20102
IR,RED,21884,20106
IR,RED,21892,20115
IR,RED,21903,20108
IR,RED,21890,20115
IR,RED,21885,20110
IR,RED,21894,20107
IR,RED,21895,20116
IR,RED,21903,20120
IR,RED,21893,20114
IR,RED,21899,20123
IR,RED,21895,20111
IR,RED,21887,20120
IR,RED,21893,20112
IR,RED,21894,20122
IR,RED,21887,20114
IR,RED,21892,20110
IR,RED,21896,20119
IR,RED,21911,20117
IR,RED,21895,20117
IR,RED,21899,20117
IR,RED,21900,20115
IR,RED,21895,20124
IR,RED,21887,20119
IR,RED,21889,20120
IR,RED,21898,20126
IR,RED,21903,20126
IR,RED,21897,20121
IR,RED,21906,20128
IR,RED,21902,20126
IR,RED,21901,20134
IR,RED,21897,20126
IR,RED,21894,20132
IR,RED,21897,20133
IR,RED,21898,20130
IR,RED,21913,20137
IR,RED,21903,20135
IR,RED,21915,20148
IR,RED,21909,20140
IR,RED,21912,20140
IR,RED,21910,20143
IR,RED,21913,20142
IR,RED,21907,20153
IR,RED,21918,20149
IR,RED,21912,20146
IR,RED,21917,20151
IR,RED,21919,20152
IR,RED,21916,20154
IR,RED,21920,20147
IR,RED,21929,20149
IR,RED,21929,20156
IR,RED,21924,20158
IR,RED,21923,20162
IR,RED,21933,20163
IR,RED,21927,20153
IR,RED,21916,20139
IR,RED,21915,20145
IR,RED,21899,20128
IR,RED,21894,20130
IR,RED,21897,20119
IR,RED,21903,20116
IR,RED,21891,20108
IR,RED,21893,20122
IR,RED,21899,20107
IR,RED,21887,20109
IR,RED,21891,20104
IR,RED,21889,20110
IR,RED,21885,20111
IR,RED,21882,20108
IR,RED,21887,20106
IR,RED,21892,20111
IR,RED,21882,20104
IR,RED,21884,20109
IR,RED,21885,20109
IR,RED,21882,20099
IR,RED,21881,20101
IR,RED,21879,20107
IR,RED,21888,20104
IR,RED,21879,20110
IR,RED,21890,20110
IR,RED,21878,20106
IR,RED,21879,20113
IR,RED,21890,20103
IR,RED,21888,20103
IR,RED,21888,20103
IR,RED,21891,20100
IR,RED,21890,20106
IR,RED,21893,20104
IR,RED,21889,20111
IR,RED,21878,20117
IR,RED,21879,20106
IR,RED,21879,20114
IR,RED,21883,20106
IR,RED,21891,20105
IR,RED,21888,20108
IR,RED,21888,20108
IR,RED,21888,20121
IR,RED,21888,20107
IR,RED,21883,20110
IR,RED,21879,20106
IR,RED,21886,20114
IR,RED,21878,20120
IR,RED,21880,20111
IR,RED,21882,20112
IR,RED,21880,20116
IR,RED,21890,20116
IR,RED,21882,20116
IR,RED,21888,20120
IR,RED,21896,20116
IR,RED,21886,20125
IR,RED,21886,20113
IR,RED,21883,20124
IR,RED,21881,20125
IR,RED,21886,20120
IR,RED,21891,20117
IR,RED,21885,20124
IR,RED,21877,20127
IR,RED,21885,20125
IR,RED,21888,20115
IR,RED,21879,20133
IR,RED,21887,20124
IR,RED,21888,20125
IR,RED,21892,20127
IR,RED,21889,20122
IR,RED,21892,20127
IR,RED,21889,20121
IR,RED,21887,20112
IR,RED,21886,20115
IR,RED,21877,20110
IR,RED,21871,20115
IR,RED,21867,20089
IR,RED,21861,20091
IR,RED,21868,20086
IR,RED,21868,20084
IR,RED,21861,20088
IR,RED,21859,20087
IR,RED,21860,20092
IR,RED,21866,20079
IR,RED,21872,20083
IR,RED,21864,20089
IR,RED,21863,20087
IR,RED,21854,20082
IR,RED,21854,20077
IR,RED,21867,20086
IR,RED,21859,20075
IR,RED,21863,20077
IR,RED,21861,20089
IR,RED,21867,20078
IR,RED,21871,20080
IR,RED,21873,20095
IR,RED,21874,20087
IR,RED,21884,20091
IR,RED,21873,20093
IR,RED,21871,20099
IR,RED,21872,20086
IR,RED,21868,20098
IR,RED,21876,20089
IR,RED,21870,20079
IR,RED,21867,20086
IR,RED,21873,20092
IR,RED,21884,20091
IR,RED,21883,20095
IR,RED,21877,20103
IR,RED,21882,20098
IR,RED,21881,20092
IR,RED,21888,20097
IR,RED,21886,20098
IR,RED,21880,20102
IR,RED,21875,20089
IR,RED,21879,20102
IR,RED,21881,20104
IR,RED,21879,20104
IR,RED,21869,20104
IR,RED,21874,20101
IR,RED,21877,20108
IR,RED,21886,20114
IR,RED,21890,20109
IR,RED,21884,20103
IR,RED,21882,20113
IR,RED,21887,20111
IR,RED,21883,20107
IR,RED,21887,20114
IR,RED,21884,20109
IR,RED,21887,20118
IR,RED,21886,20117
IR,RED,21890,20117
IR,RED,21889,20120
IR,RED,21885,20120
IR,RED,21892,20129
IR,RED,21905,20125
IR,RED,21900,20129
IR,RED,21903,20134
IR,RED,21906,20124
IR,RED,21894,20137
IR,RED,21901,20141
IR,RED,21897,20136
IR,RED,21898,20143
IR,RED,21895,20140
IR,RED,21895,20129
IR,RED,21889,20122
IR,RED,21884,20109
IR,RED,21874,20109
IR,RED,21879,20099
IR,RED,21870,20105
IR,RED,21871,20100
IR,RED,21866,20106
IR,RED,21882,20094
IR,RED,21878,20102
IR,RED,21887,20108
IR,RED,21879,20095
IR,RED,21891,20101
IR,RED,21883,20098
IR,RED,21890,20094
IR,RED,21877,20091
IR,RED,21869,20097
IR,RED,21883,20100
IR,RED,21881,20098
IR,RED,21873,20091
IR,RED,21877,20102
IR,RED,21883,20095
IR,RED,21879,20104
IR,RED,21875,20104
IR,RED,21879,20110
IR,RED,21876,20101
IR,RED,21885,20103
IR,RED,21885,20102
IR,RED,21883,20091
IR,RED,21878,20106
IR,RED,21881,20103
IR,RED,21880,20094
IR,RED,21878,20110
IR,RED,21882,20098
IR,RED,21879,20100
IR,RED,21881,20103
IR,RED,21875,20100
IR,RED,21888,20099
IR,RED,21886,20109
IR,RED,21877,20104
IR,RED,21879,20107
IR,RED,21888,20104
IR,RED,21877,20116
IR,RED,21882,20108
IR,RED,21882,20111
IR,RED,21888,20098
IR,RED,21884,20104
IR,RED,21877,20108
IR,RED,21866,20103
IR,RED,21879,20106
IR,RED,21876,20116
IR,RED,21879,20117
IR,RED,21894,20114
IR,RED,21886,20125
IR,RED,21890,20114
IR,RED,21888,20119
IR,RED,21894,20138
IR,RED,21897,20123
IR,RED,21898,20130
IR,RED,21893,20125
IR,RED,21892,20123
IR,RED,21896,20133
IR,RED,21899,20132
IR,RED,21899,20132
IR,RED,21906,20133
IR,RED,21895,20129
IR,RED,21908,20138
IR,RED,21895,20136
IR,RED,21894,20139
IR,RED,21909,20129
IR,RED,21893,20134
IR,RED,21907,20140
IR,RED,21901,20137
IR,RED,21893,20142
IR,RED,21895,20141
IR,RED,21895,20137
IR,RED,21892,20119
IR,RED,21886,20123
IR,RED,21866,20109
IR,RED,21866,20103
IR,RED,21868,20102
IR,RED,21869,20094
IR,RED,21846,20093
IR,RED,21852,20096
IR,RED,21864,20097
IR,RED,21858,20088
IR,RED,21853,20091
IR,RED,21849,20087
IR,RED,21858,20082
IR,RED,21850,20088
IR,RED,21845,20087
IR,RED,21847,20079
IR,RED,21851,20075
IR,RED,21846,20077
IR,RED,21853,20077
IR,RED,21853,20081
IR,RED,21853,20077
IR,RED,21851,20078
IR,RED,21860,20082
IR,RED,21855,20078
IR,RED,21848,20082
IR,RED,21860,20077
IR,RED,21846,20087
IR,RED,21854,20072
IR,RED,21858,20088
IR,RED,21848,20084
IR,RED,21846,20095
IR,RED,21856,20089
IR,RED,21848,20090
IR,RED,21849,20077
IR,RED,21847,20090
IR,RED,21854,20082
IR,RED,21843,20088
IR,RED,21853,20089
IR,RED,21848,20085
IR,RED,21845,20088
IR,RED,21846,20085
IR,RED,21847,20086
IR,RED,21852,20091
IR,RED,21855,20095
IR,RED,21863,20095
IR,RED,21859,20091
IR,RED,21861,20097
IR,RED,21856,20093
IR,RED,21854,20098
IR,RED,21857,20105
IR,RED,21854,20104
IR,RED,21861,20102
IR,RED,21864,20095
IR,RED,21861,20107
IR,RED,21862,20115
IR,RED,21857,20108
IR,RED,21869,20114
IR,RED,21855,20121
IR,RED,21859,20107
IR,RED,21861,20108
IR,RED,21859,20109
IR,RED,21858,20111
IR,RED,21878,20103
IR,RED,21868,20115
IR,RED,21862,20117
IR,RED,21863,20112
IR,RED,21870,20110
IR,RED,21881,20119
IR,RED,21876,20127
IR,RED,21874,20133
IR,RED,21880,20122
IR,RED,21878,20114
IR,RED,21879,20126
IR,RED,21866,20127
IR,RED,21878,20116
IR,RED,21871,20117
IR,RED,21870,20109
IR,RED,21873,20104
IR,RED,21869,20097
IR,RED,21864,20103
IR,RED,21859,20100
IR,RED,21860,20094
IR,RED,21865,20092
IR,RED,21867,20092
IR,RED,21874,20097
IR,RED,21867,20093
IR,RED,21866,20097
IR,RED,21867,20100
IR,RED,21864,20099
IR,RED,21874,20097
IR,RED,21875,20089
IR,RED,21869,20099
IR,RED,21879,20095
IR,RED,21869,20107
IR,RED,21869,20096
IR,RED,21873,20097
IR,RED,21866,20093
IR,RED,21877,20101
IR,RED,21882,20097
IR,RED,21879,20103
IR,RED,21878,20090
IR,RED,21874,20116
IR,RED,21880,20101
IR,RED,21882,20107
IR,RED,21888,20103
IR,RED,21881,20110
IR,RED,21893,20112
IR,RED,21885,20112
IR,RED,21891,20115
IR,RED,21898,20117
IR,RED,21892,20118
IR,RED,21895,20117
IR,RED,21902,20118
IR,RED,21898,20118
IR,RED,21882,20117
IR,RED,21882,20125
IR,RED,21895,20119
IR,RED,21899,20120
IR,RED,21899,20121
IR,RED,21887,20118
IR,RED,21898,20129
IR,RED,21902,20121
IR,RED,21891,20127
IR,RED,21903,20122
IR,RED,21914,20130
IR,RED,21908,20121
IR,RED,21900,20136
IR,RED,21911,20139
IR,RED,21914,20138
IR,RED,21897,20136
IR,RED,21893,20132
IR,RED,21902,20139
IR,RED,21909,20133
IR,RED,21907,20138
IR,RED,21909,20135
IR,RED,21915,20143
IR,RED,21913,20135
IR,RED,21914,20142
IR,RED,21919,20148
IR,RED,21923,20153
IR,RED,21921,20153
IR,RED,21914,20150
IR,RED,21922,20157
IR,RED,21925,20154
IR,RED,21919,20154
IR,RED,21919,20148
IR,RED,21916,20150
IR,RED,21919,20150
IR,RED,21920,20160
IR,RED,21929,20159
IR,RED,21925,20135
IR,RED,21914,20148
IR,RED,21906,20141
IR,RED,21900,20127
IR,RED,21894,20128
IR,RED,21886,20118
IR,RED,21877,20113
IR,RED,21893,20115
IR,RED,21887,20118
IR,RED,21899,20115
IR,RED,21889,20114
IR,RED,21901,20113
IR,RED,21890,20117
IR,RED,21893,20114
IR,RED,21896,20119
IR,RED,21895,20108
IR,RED,21893,20106
IR,RED,21888,20111
IR,RED,21892,20114
IR,RED,21894,20119
IR,RED,21895,20120
IR,RED,21892,20114
IR,RED,21899,20113
IR,RED,21891,20122
IR,RED,21904,20126
IR,RED,21905,20120
IR,RED,21907,20118
IR,RED,21909,20119
IR,RED,21910,20127
IR,RED,21912,20120
IR,RED,21920,20123
IR,RED,21910,20120
IR,RED,21911,20126
IR,RED,21905,20122
IR,RED,21905,20125
IR,RED,21900,20131
IR,RED,21904,20118
IR,RED,21901,20121
IR,RED,21896,20121
IR,RED,21907,20129
IR,RED,21898,20123
IR,RED,21901,20122
IR,RED,21893,20125
IR,RED,21890,20122
IR,RED,21894,20126
IR,RED,21888,20118
IR,RED,21896,20126
IR,RED,21903,20131
IR,RED,21892,20125
IR,RED,21898,20133
IR,RED,21899,20128
IR,RED,21897,20139
IR,RED,21900,20133
IR,RED,21906,20134
IR,RED,21902,20133
IR,RED,21904,20143
IR,RED,21902,20147
IR,RED,21894,20140
IR,RED,21898,20147
IR,RED,21898,20140
IR,RED,21891,20140
IR,RED,21889,20135
IR,RED,21892,20139
IR,RED,21895,20131
IR,RED,21896,20140
IR,RED,21896,20141
IR,RED,21878,20143
IR,RED,21895,20139
IR,RED,21887,20143
IR,RED,21890,20140
IR,RED,21898,20135
IR,RED,21892,20137
IR,RED,21895,20131
IR,RED,21883,20139
IR,RED,21878,20135
IR,RED,21884,20141
IR,RED,21882,20123
IR,RED,21880,20126
IR,RED,21874,20124
IR,RED,21863,20120
IR,RED,21850,20099
IR,RED,21855,20103
IR,RED,21837,20093
IR,RED,21846,20088
IR,RED,21845,20083
IR,RED,21841,20075
IR,RED,21840,20080
IR,RED,21828,20064
IR,RED,21827,20067
IR,RED,21828,20063
IR,RED,21813,20066
IR,RED,21808,20053
IR,RED,21820,20065
IR,RED,21816,20054
IR,RED,21810,20056
IR,RED,21802,20048
IR,RED,21799,20064
IR,RED,21806,20053
IR,RED,21809,20051
IR,RED,21807,20054
IR,RED,21804,20050
IR,RED,21816,20053
IR,RED,21819,20057
IR,RED,21819,20069
IR,RED,21813,20063
IR,RED,21819,20062
IR,RED,21820,20057
IR,RED,21823,20063
IR,RED,21821,20065
IR,RED,21818,20065
IR,RED,21823,20058
IR,RED,21830,20067
IR,RED,21835,20064
IR,RED,21831,20067
IR,RED,21838,20073
IR,RED,21836,20070
IR,RED,21834,20081
IR,RED,21827,20080
IR,RED,21833,20081
IR,RED,21846,20087
IR,RED,21839,20083
IR,RED,21839,20074
IR,RED,21840,20089
IR,RED,21840,20073
IR,RED,21837,20078
IR,RED,21853,20097
IR,RED,21845,20094
IR,RED,21854,20090
IR,RED,21858,20090
IR,RED,21858,20090
IR,RED,21854,20088
IR,RED,21849,20105
IR,RED,21862,20095
IR,RED,21864,20100
IR,RED,21854,20096
IR,RED,21861,20106
IR,RED,21873,20109
IR,RED,21864,20120
IR,RED,21864,20109
IR,RED,21875,20114
IR,RED,21880,20117
IR,RED,21892,20118
IR,RED,21876,20116
IR,RED,21873,20135
IR,RED,21891,20119
IR,RED,21891,20135
IR,RED,21887,20132
IR,RED,21877,20123
IR,RED,21878,20126
IR,RED,21876,20137
IR,RED,21881,20117
IR,RED,21880,20110
IR,RED,21870,20105
IR,RED,21863,20094
IR,RED,21866,20099
IR,RED,21856,20086
IR,RED,21863,20090
IR,RED,21855,20093
IR,RED,21860,20087
IR,RED,21856,20087
IR,RED,21846,20089
IR,RED,21854,20094
IR,RED,21856,20080
IR,RED,21854,20086
IR,RED,21844,20081
IR,RED,21854,20082
IR,RED,21855,20091
IR,RED,21860,20088
IR,RED,21846,20084
IR,RED,21852,20082
IR,RED,21854,20078
IR,RED,21855,20089
IR,RED,21855,20094
IR,RED,21874,20101
IR,RED,21875,20110
IR,RED,21869,20111
IR,RED,21878,20111
IR,RED,21881,20116
IR,RED,21868,20115
IR,RED,21871,20108
IR,RED,21873,20113
IR,RED,21885,20115
IR,RED,21883,20110
IR,RED,21889,20103
IR,RED,21883,20112
IR,RED,21895,20121
IR,RED,21885,20121
IR,RED,21886,20119
IR,RED,21881,20125
IR,RED,21887,20128
IR,RED,21892,20117
IR,RED,21882,20117
IR,RED,21890,20121
IR,RED,21899,20132
IR,RED,21891,20129
IR,RED,21894,20130
IR,RED,21901,20125
IR,RED,21892,20129
IR,RED,21901,20131
IR,RED,21900,20137
IR,RED,21905,20135
IR,RED,21895,20131
IR,RED,21901,20136
IR,RED,21911,20149
IR,RED,21904,20145
IR,RED,21907,20145
IR,RED,21910,20146
IR,RED,21907,20147
IR,RED,21906,20150
IR,RED,21913,20155
IR,RED,21917,20147
IR,RED,21920,20159
IR,RED,21922,20159
IR,RED,21912,20162
IR,RED,21934,20155
IR,RED,21921,20166
IR,RED,21930,20155
IR,RED,21929,20159
IR,RED,21930,20159
IR,RED,21928,20161
IR,RED,21928,20160
IR,RED,21915,20162
IR,RED,21916,20154
IR,RED,21918,20150
IR,RED,21921,20135
IR,RED,21915,20130
IR,RED,21916,20133
IR,RED,21911,20128
IR,RED,21908,20131
IR,RED,21902,20127
IR,RED,21901,20132
IR,RED,21912,20125
IR,RED,21911,20128
IR,RED,21898,20128
IR,RED,21909,20131
IR,RED,21905,20123
IR,RED,21901,20116
IR,RED,21893,20120
IR,RED,21893,20117
IR,RED,21893,20122
IR,RED,21897,20118
IR,RED,21902,20118
IR,RED,21886,20122
IR,RED,21893,20109
IR,RED,21895,20116
IR,RED,21891,20132
IR,RED,21893,20123
IR,RED,21890,20127
IR,RED,21891,20123
IR,RED,21886,20123
IR,RED,21893,20112
IR,RED,21894,20118
IR,RED,21902,20123
IR,RED,21898,20113
IR,RED,21886,20117
IR,RED,21884,20114
IR,RED,21876,20113
IR,RED,21886,20112
IR,RED,21888,20124
IR,RED,21885,20119
IR,RED,21894,20128
IR,RED,21905,20126
IR,RED,21906,20123
IR,RED,21906,20126
IR,RED,21897,20127
IR,RED,21886,20118
IR,RED,21886,20120
IR,RED,21887,20123
IR,RED,21891,20128
IR,RED,21899,20135
IR,RED,21899,20128
IR,RED,21902,20128
IR,RED,21898,20129
IR,RED,21897,20133
IR,RED,21882,20123
IR,RED,21884,20131
IR,RED,21887,20122
IR,RED,21890,20125
IR,RED,21891,20125
IR,RED,21900,20123
IR,RED,21895,20138
IR,RED,21896,20133
IR,RED,21894,20126
IR,RED,21886,20132
IR,RED,21908,20136
IR,RED,21916,20132
IR,RED,21897,20138
IR,RED,21895,20144
IR,RED,21909,20143
IR,RED,21901,20138
IR,RED,21898,20147
IR,RED,21896,20133
IR,RED,21891,20136
IR,RED,21892,20130
IR,RED,21875,20113
IR,RED,21878,20111
IR,RED,21864,20104
IR,RED,21855,20098
IR,RED,21852,20098
IR,RED,21846,20081
IR,RED,21839,20075
IR,RED,21839,20066
IR,RED,21844,20070
IR,RED,21846,20072
IR,RED,21847,20080
IR,RED,21851,20077
IR,RED,21830,20074
IR,RED,21828,20073
IR,RED,21825,20068
IR,RED,21821,20060
IR,RED,21813,20068
IR,RED,21813,20057
IR,RED,21818,20054
IR,RED,21805,20051
IR,RED,21816,20040
IR,RED,21816,20049
IR,RED,21809,20050
IR,RED,21812,20048
IR,RED,21802,20053
IR,RED,21821,20049
IR,RED,21821,20064
IR,RED,21820,20066
IR,RED,21817,20055
IR,RED,21801,20054
IR,RED,21810,20052
IR,RED,21810,20045
IR,RED,21810,20050
IR,RED,21810,20041
IR,RED,21810,20053
IR,RED,21812,20063
IR,RED,21814,20055
IR,RED,21827,20052
IR,RED,21832,20067
IR,RED,21822,20063
IR,RED,21814,20058
IR,RED,21826,20066
IR,RED,21812,20057
IR,RED,21819,20057
IR,RED,21824,20063
IR,RED,21826,20057
IR,RED,21833,20064
IR,RED,21833,20069
IR,RED,21831,20068
IR,RED,21831,20080
IR,RED,21829,20070
IR,RED,21823,20073
IR,RED,21836,20072
IR,RED,21831,20077
IR,RED,21841,20074
IR,RED,21837,20074
IR,RED,21836,20075
IR,RED,21836,20090
IR,RED,21858,20090
IR,RED,21856,20092
IR,RED,21857,20100
IR,RED,21867,20092
IR,RED,21862,20111
IR,RED,21869,20112
IR,RED,21868,20111
IR,RED,21858,20105
IR,RED,21857,20107
IR,RED,21855,20104
IR,RED,21856,20092
IR,RED,21843,20082
IR,RED,21844,20074
IR,RED,21827,20066
IR,RED,21828,20059
IR,RED,21831,20055
IR,RED,21837,20061
IR,RED,21832,20066
IR,RED,21838,20071
IR,RED,21827,20065
IR,RED,21837,20054
IR,RED,21836,20058
IR,RED,21825,20050
IR,RED,21834,20051
IR,RED,21823,20055
IR,RED,21815,20057
IR,RED,21823,20052
IR,RED,21825,20056
IR,RED,21830,20061
IR,RED,21830,20072
IR,RED,21824,20063
IR,RED,21832,20067
IR,RED,21841,20065
IR,RED,21841,20065
IR,RED,21844,20071
IR,RED,21849,20082
IR,RED,21851,20088
IR,RED,21863,20086
IR,RED,21857,20085
IR,RED,21869,20088
IR,RED,21863,20090
IR,RED,21862,20085
IR,RED,21865,20094
IR,RED,21874,20090
IR,RED,21868,20088
IR,RED,21864,20094
IR,RED,21862,20096
IR,RED,21872,20105
IR,RED,21878,20105
IR,RED,21869,20110
IR,RED,21879,20118
IR,RED,21881,20107
IR,RED,21887,20109
IR,RED,21886,20112
IR,RED,21895,20106
IR,RED,21884,20114
IR,RED,21887,20105
IR,RED,21882,20111
IR,RED,21876,20116
IR,RED,21880,20124
IR,RED,21891,20123
IR,RED,21892,20114
IR,RED,21895,20123
IR,RED,21896,20126
IR,RED,21897,20127
IR,RED,21893,20122
IR,RED,21887,20125
IR,RED,21894,20126
IR,RED,21893,20130
IR,RED,21902,20132
IR,RED,21907,20137
IR,RED,21906,20141
IR,RED,21914,20150
IR,RED,21916,20155
IR,RED,21908,20149
IR,RED,21902,20145
IR,RED,21908,20139
IR,RED,21911,20156
IR,RED,21913,20144
IR,RED,21905,20135
IR,RED,21901,20133
IR,RED,21902,20126
IR,RED,21896,20120
IR,RED,21885,20128
IR,RED,21882,20116
IR,RED,21891,20116
IR,RED,21874,20124
IR,RED,21891,20116
IR,RED,21891,20114
IR,RED,21890,20112
IR,RED,21880,20112
IR,RED,21891,20115
IR,RED,21892,20121
IR,RED,21886,20125
IR,RED,21893,20114
IR,RED,21884,20110
IR,RED,21890,20109
IR,RED,21893,20117
IR,RED,21896,20115
IR,RED,21882,20122
IR,RED,21896,20121
IR,RED,21880,20112
IR,RED,21880,20120
IR,RED,21883,20108
IR,RED,21869,20105
IR,RED,21867,20104
IR,RED,21854,20093
IR,RED,21841,20088
IR,RED,21831,20087
IR,RED,21818,20079
IR,RED,21808,20069
IR,RED,21812,20064
IR,RED,21802,20052
IR,RED,21782,20040
IR,RED,21780,20042
IR,RED,21792,20045
IR,RED,21790,20052
IR,RED,21791,20052
IR,RED,21794,20056
IR,RED,21799,20056
IR,RED,21799,20067
IR,RED,21799,20063
IR,RED,21799,20056
IR,RED,21805,20051
IR,RED,21789,20063
IR,RED,21795,20053
IR,RED,21799,20046
IR,RED,21804,20052
IR,RED,21803,20055
IR,RED,21804,20058
IR,RED,21805,20066
IR,RED,21800,20065
IR,RED,21812,20075
IR,RED,21807,20064
IR,RED,21805,20066
IR,RED,21794,20073
IR,RED,21795,20072
IR,RED,21808,20071
IR,RED,21796,20067
IR,RED,21805,20070
IR,RED,21811,20076
IR,RED,21822,20080
IR,RED,21817,20086
IR,RED,21824,20087
IR,RED,21824,20079
IR,RED,21818,20087
IR,RED,21817,20080
IR,RED,21830,20078
IR,RED,21817,20076
IR,RED,21822,20070
IR,RED,21813,20079
IR,RED,21806,20076
IR,RED,21805,20068
IR,RED,21789,20069
IR,RED,21784,20054
IR,RED,21776,20044
IR,RED,21763,20027
IR,RED,21770,20022
IR,RED,21753,20013
IR,RED,21755,20007
IR,RED,21746,20005
IR,RED,21751,19992
IR,RED,21744,19996
IR,RED,21737,19996
IR,RED,21740,19986
IR,RED,21744,19985
IR,RED,21739,19989
IR,RED,21740,19993
IR,RED,21726,19981
IR,RED,21730,19977
IR,RED,21731,19988
IR,RED,21735,19994
IR,RED,21741,19999
IR,RED,21737,19988
IR,RED,21749,19996
IR,RED,21743,20001
IR,RED,21729,19990
IR,RED,21728,19985
IR,RED,21720,19976
IR,RED,21724,19976
IR,RED,21714,19974
IR,RED,21714,19969
IR,RED,21718,19964
IR,RED,21709,19963
IR,RED,21711,19957
IR,RED,21707,19955
IR,RED,21706,19964
IR,RED,21709,19968
IR,RED,21713,19957
IR,RED,21689,19959
IR,RED,21705,19948
IR,RED,21702,19953
IR,RED,21691,19948
IR,RED,21688,19951
IR,RED,21691,19944
IR,RED,21695,19945
IR,RED,21694,19940
IR,RED,21702,19950
IR,RED,21701,19942
IR,RED,21708,19960
IR,RED,21699,19948
IR,RED,21704,19956
IR,RED,21706,19957
IR,RED,21720,19955
IR,RED,21705,19961
IR,RED,21714,19964
IR,RED,21720,19973
IR,RED,21720,19960
IR,RED,21727,19968
IR,RED,21735,19975
IR,RED,21721,19966
IR,RED,21726,19975
IR,RED,21740,19976
IR,RED,21736,19973
IR,RED,21746,19987
IR,RED,21736,19996
IR,RED,21750,19992
IR,RED,21760,20009
IR,RED,21749,19999
IR,RED,21750,20004
IR,RED,21737,20004
IR,RED,21736,19999
IR,RED,21733,19985
IR,RED,21726,19980
IR,RED,21731,19976
IR,RED,21733,19983
IR,RED,21741,19986
IR,RED,21750,20006
IR,RED,21758,20017
IR,RED,21781,20029
IR,RED,21799,20049
IR,RED,21807,20056
IR,RED,21814,20062
IR,RED,21814,20057
IR,RED,21813,20075
IR,RED,21816,20073
IR,RED,21817,20076
IR,RED,21825,20075
IR,RED,21837,20093
IR,RED,21853,20095
IR,RED,21867,20115
IR,RED,21875,20128
IR,RED,21885,20136
IR,RED,21889,20142
IR,RED,21880,20131
IR,RED,21888,20140
IR,RED,21874,20149
IR,RED,21872,20140
IR,RED,21871,20139
IR,RED,21865,20137
IR,RED,21869,20136
IR,RED,21868,20139
IR,RED,21858,20117
IR,RED,21847,20110
IR,RED,21836,20095
IR,RED,21831,20107
IR,RED,21828,20094
IR,RED,21841,20084
IR,RED,21823,20095
IR,RED,21827,20086
IR,RED,21834,20089
IR,RED,21832,20090
IR,RED,21830,20093
IR,RED,21821,20086
IR,RED,21819,20093
IR,RED,21815,20081
IR,RED,21811,20075
IR,RED,21795,20061
IR,RED,21800,20058
IR,RED,21778,20059
IR,RED,21799,20060
IR,RED,21811,20063
IR,RED,21837,20094
IR,RED,21852,20117
IR,RED,21871,20133
IR,RED,21870,20134
IR,RED,21871,20127
IR,RED,21874,20125
IR,RED,21859,20126
IR,RED,21864,20128
IR,RED,21890,20142
IR,RED,21907,20157
IR,RED,21897,20160
IR,RED,21927,20153
IR,RED,21928,20178
IR,RED,21937,20178
IR,RED,21932,20180
IR,RED,21933,20175
IR,RED,21923,20171
IR,RED,21922,20159
IR,RED,21914,20153
IR,RED,21902,20150
IR,RED,21914,20152
IR,RED,21903,20140
IR,RED,21911,20156
IR,RED,21920,20154
IR,RED,21922,20162
IR,RED,21922,20166
IR,RED,21918,20162
IR,RED,21910,20161
IR,RED,21899,20142
IR,RED,21890,20136
IR,RED,21889,20136
IR,RED,21889,20122
IR,RED,21891,20139
IR,RED,21894,20129
IR,RED,21901,20138
IR,RED,21904,20146
IR,RED,21902,20140
IR,RED,21906,20144
IR,RED,21898,20142
IR,RED,21906,20132
IR,RED,21889,20133
IR,RED,21875,20134
IR,RED,21877,20131
IR,RED,21890,20137
IR,RED,21900,20138
IR,RED,21890,20146
IR,RED,21894,20142
IR,RED,21897,20139
IR,RED,21897,20137
IR,RED,21906,20149
IR,RED,21902,20145
IR,RED,21910,20148
IR,RED,21913,20146
IR,RED,21925,20171
IR,RED,21929,20168
IR,RED,21933,20179
IR,RED,21937,20186
IR,RED,21935,20192
IR,RED,21947,20183
IR,RED,21942,20195
IR,RED,21950,20199
IR,RED,21944,20209
IR,RED,21949,20200
IR,RED,21957,20198
IR,RED,21960,20217
IR,RED,21959,20212
IR,RED,21964,20214
IR,RED,21964,20223
IR,RED,21969,20214
IR,RED,21963,20226
IR,RED,21969,20224
IR,RED,21957,20225
IR,RED,21953,20222
IR,RED,21955,20219
IR,RED,21955,20217
IR,RED,21939,20215
IR,RED,21943,20203
IR,RED,21938,20199
IR,RED,21937,20203
IR,RED,21934,20190
IR,RED,21925,20191
IR,RED,21931,20187
IR,RED,21920,20178
IR,RED,21923,20183
IR,RED,21925,20175
IR,RED,21917,20182
IR,RED,21912,20164
IR,RED,21913,20165
IR,RED,21905,20174
IR,RED,21913,20166
IR,RED,21905,20151
IR,RED,21901,20147
IR,RED,21903,20152
IR,RED,21907,20159
IR,RED,21926,20171
IR,RED,21917,20182
IR,RED,21916,20167
IR,RED,21922,20171
IR,RED,21916,20171
IR,RED,21915,20166
IR,RED,21922,20155
IR,RED,21927,20150
IR,RED,21922,20164
IR,RED,21932,20156
IR,RED,21924,20159
IR,RED,21923,20155
IR,RED,21913,20148
IR,RED,21909,20154
IR,RED,21912,20149
IR,RED,21906,20148
IR,RED,21888,20140
IR,RED,21893,20128
IR,RED,21875,20128
IR,RED,21862,20109
IR,RED,21862,20105
IR,RED,21864,20110
IR,RED,21872,20111
IR,RED,21881,20115
IR,RED,21876,20117
IR,RED,21860,20100
IR,RED,21855,20104
IR,RED,21853,20091
IR,RED,21855,20090
IR,RED,21846,20084
IR,RED,21840,20089
IR,RED,21844,20089
IR,RED,21829,20074
IR,RED,21816,20077
IR,RED,21813,20058
IR,RED,21790,20054
IR,RED,21776,20045
IR,RED,21771,20039
IR,RED,21760,20039
IR,RED,21773,20046
IR,RED,21788,20051
IR,RED,21789,20064
IR,RED,21790,20062
IR,RED,21787,20072
IR,RED,21782,20068
IR,RED,21799,20074
IR,RED,21811,20074
IR,RED,21809,20077
IR,RED,21812,20089
IR,RED,21823,20100
IR,RED,21833,20089
IR,RED,21852,20105
IR,RED,21848,20113
IR,RED,21864,20120
IR,RED,21870,20128
IR,RED,21880,20138
IR,RED,21876,20149
IR,RED,21865,20141
IR,RED,21857,20130
IR,RED,21849,20121
IR,RED,21837,20111
IR,RED,21840,20111
IR,RED,21853,20119
IR,RED,21858,20122
IR,RED,21878,20133
IR,RED,21883,20142
IR,RED,21885,20133
IR,RED,21893,20141
IR,RED,21882,20144
IR,RED,21885,20138
IR,RED,21881,20137
IR,RED,21889,20141
IR,RED,21897,20130
IR,RED,21885,20141
IR,RED,21890,20140
IR,RED,21900,20146
IR,RED,21897,20159
IR,RED,21906,20156
IR,RED,21904,20148
IR,RED,21901,20151
IR,RED,21903,20150
IR,RED,21892,20147
IR,RED,21886,20153
IR,RED,21880,20140
IR,RED,21892,20145
IR,RED,21879,20129
IR,RED,21890,20138
IR,RED,21875,20130
IR,RED,21887,20133
IR,RED,21892,20141
IR,RED,21897,20140
IR,RED,21901,20148
IR,RED,21898,20150
IR,RED,21891,20157
IR,RED,21891,20154
IR,RED,21882,20156
IR,RED,21886,20149
IR,RED,21874,20154
IR,RED,21873,20149
IR,RED,21879,20162
IR,RED,21885,20166
IR,RED,21892,20165
IR,RED,21893,20153
IR,RED,21891,20172
IR,RED,21901,20162
IR,RED,21917,20182
IR,RED,21914,20189
IR,RED,21915,20181
IR,RED,21911,20186
IR,RED,21906,20178
IR,RED,21928,20183
IR,RED,21914,20185
IR,RED,21915,20173
IR,RED,21915,20184
IR,RED,21919,20176
IR,RED,21905,20175
IR,RED,21904,20157
IR,RED,21908,20162
IR,RED,21906,20153
IR,RED,21907,20163
IR,RED,21918,20167
IR,RED,21916,20161
IR,RED,21920,20155
IR,RED,21924,20176
IR,RED,21919,20167
IR,RED,21910,20162
IR,RED,21920,20174
IR,RED,21932,20159
IR,RED,21933,20174
IR,RED,21936,20171
IR,RED,21941,20177
IR,RED,21943,20183
IR,RED,21943,20182
IR,RED,21961,20187
IR,RED,21968,20189
IR,RED,21972,20198
IR,RED,21974,20203
IR,RED,21963,20200
IR,RED,21969,20196
IR,RED,21974,20205
IR,RED,21975,20207
IR,RED,21973,20207
IR,RED,21975,20207
IR,RED,21978,20208
IR,RED,21989,20213
IR,RED,21983,20207
IR,RED,21995,20230
IR,RED,21992,20226
IR,RED,21999,20232
IR,RED,21999,20229
IR,RED,22000,20227
IR,RED,21996,20229
IR,RED,21989,20223
IR,RED,21996,20224
IR,RED,21993,20221
IR,RED,21998,20227
IR,RED,22006,20239
IR,RED,22010,20240
IR,RED,22017,20245
IR,RED,22015,20248
IR,RED,22021,20261
IR,RED,22021,20265
IR,RED,22013,20258
IR,RED,22022,20255
IR,RED,22014,20259
IR,RED,22008,20248
IR,RED,22011,20249
IR,RED,22026,20260
IR,RED,22027,20260
IR,RED,22028,20269
IR,RED,22022,20270
IR,RED,22036,20276
IR,RED,22024,20274
IR,RED,22037,20281
IR,RED,22024,20275
IR,RED,22035,20281
IR,RED,22033,20283
IR,RED,22041,20285
IR,RED,22034,20278
IR,RED,22022,20278
IR,RED,22022,20275
IR,RED,22026,20266
IR,RED,22023,20265
IR,RED,22018,20262
IR,RED,22025,20256
IR,RED,22013,20251
IR,RED,22013,20256
IR,RED,22019,20260
IR,RED,22019,20258
IR,RED,22028,20249
IR,RED,22029,20252
IR,RED,22032,20250
IR,RED,22023,20263
IR,RED,22016,20261
IR,RED,22030,20255
IR,RED,22029,20255
IR,RED,22027,20260
IR,RED,22026,20269
IR,RED,22035,20255
IR,RED,22031,20270
IR,RED,22039,20270
IR,RED,22031,20264
IR,RED,22034,20271
IR,RED,22031,20269
IR,RED,22034,20263
IR,RED,22029,20264
IR,RED,22033,20262
IR,RED,22043,20266
IR,RED,22037,20271
IR,RED,22045,20268
IR,RED,22028,20268
IR,RED,22032,20268
IR,RED,22033,20279
IR,RED,22034,20272
IR,RED,22045,20271
IR,RED,22035,20279
IR,RED,22039,20283
IR,RED,22039,20287
IR,RED,22031,20294
IR,RED,22034,20295
IR,RED,22032,20285
IR,RED,22043,20283
IR,RED,22045,20284
IR,RED,22039,20285
IR,RED,22034,20292
IR,RED,22039,20282
IR,RED,22031,20289
IR,RED,22042,20287
IR,RED,22040,20293
IR,RED,22028,20287
IR,RED,22031,20292
IR,RED,22030,20290
IR,RED,22038,20290
IR,RED,22041,20294
IR,RED,22033,20291
IR,RED,22030,20301
IR,RED,22040,20291
IR,RED,22044,20294
IR,RED,22039,20292
IR,RED,22049,20298
IR,RED,22044,20298
IR,RED,22041,20298
IR,RED,22050,20293
IR,RED,22061,20299
IR,RED,22045,20309
IR,RED,22050,20299
IR,RED,22058,20296
IR,RED,22059,20301
IR,RED,22045,20301
IR,RED,22038,20295
IR,RED,22042,20278
IR,RED,22026,20279
IR,RED,22039,20279
IR,RED,22019,20269
IR,RED,22021,20280
IR,RED,22008,20277
IR,RED,22020,20264
IR,RED,22019,20263
IR,RED,22010,20264
IR,RED,22022,20280
IR,RED,22024,20268
IR,RED,22027,20273
IR,RED,22026,20263
IR,RED,22021,20271
IR,RED,22023,20259
IR,RED,22030,20260
IR,RED,22031,20269
IR,RED,22027,20262
IR,RED,22019,20265
IR,RED,22013,20268
IR,RED,22028,20270
IR,RED,22011,20265
IR,RED,22010,20267
IR,RED,22013,20263
IR,RED,22006,20273
IR,RED,22014,20264
IR,RED,22025,20264
IR,RED,22021,20265
IR,RED,22014,20266
IR,RED,22020,20277
IR,RED,22021,20262
IR,RED,22013,20265
IR,RED,22016,20271
IR,RED,22014,20265
IR,RED,22024,20275
IR,RED,22018,20275
IR,RED,22011,20266
IR,RED,22019,20276
IR,RED,22009,20277
IR,RED,22021,20273
IR,RED,22017,20273
IR,RED,22012,20269
IR,RED,22012,20283
IR,RED,22018,20275
IR,RED,22016,20276
IR,RED,22017,20282
IR,RED,22023,20288
IR,RED,22020,20281
IR,RED,22018,20296
IR,RED,22025,20291
IR,RED,22027,20290
IR,RED,22022,20285
IR,RED,22027,20279
IR,RED,22019,20293
IR,RED,22034,20294
IR,RED,22030,20296
IR,RED,22030,20293
IR,RED,22038,20308
IR,RED,22045,20298
IR,RED,22047,20301
IR,RED,22034,20296
IR,RED,22033,20296
IR,RED,22037,20301
IR,RED,22036,20305
IR,RED,22034,20290
IR,RED,22028,20297
IR,RED,22036,20293
IR,RED,22041,20294
IR,RED,22036,20294
IR,RED,22026,20283
IR,RED,22020,20283
IR,RED,22022,20283
IR,RED,22027,20266
IR,RED,22020,20263
IR,RED,22032,20274
IR,RED,22028,20280
IR,RED,22021,20281
IR,RED,22011,20270
IR,RED,22013,20280
IR,RED,22026,20275
IR,RED,22023,20262
IR,RED,22044,20266
IR,RED,22038,20281
IR,RED,22026,20278
IR,RED,22043,20274
IR,RED,22038,20281
IR,RED,22043,20280
IR,RED,22036,20276
IR,RED,22030,20281
IR,RED,22037,20284
IR,RED,22042,20284
IR,RED,22039,20280
IR,RED,22038,20283
IR,RED,22039,20285
IR,RED,22057,20294
IR,RED,22047,20295
IR,RED,22042,20293
IR,RED,22039,20285
IR,RED,22049,20289
IR,RED,22044,20285
IR,RED,22045,20292
IR,RED,22059,20297
IR,RED,22051,20301
IR,RED,22052,20293
IR,RED,22051,20293
IR,RED,22060,20297
IR,RED,22061,20303
IR,RED,22055,20300
IR,RED,22056,20309
IR,RED,22065,20311
IR,RED,22058,20301
IR,RED,22052,20303
IR,RED,22052,20311
IR,RED,22053,20313
IR,RED,22061,20307
IR,RED,22063,20313
IR,RED,22060,20314
IR,RED,22064,20324
IR,RED,22064,20311
IR,RED,22059,20319
IR,RED,22059,20310
IR,RED,22057,20313
IR,RED,22072,20321
IR,RED,22066,20322
IR,RED,22070,20318
IR,RED,22072,20327
IR,RED,22065,20326
IR,RED,22075,20330
IR,RED,22077,20340
IR,RED,22084,20350
IR,RED,22079,20332
IR,RED,22084,20341
IR,RED,22088,20331
IR,RED,22070,20338
IR,RED,22072,20339
IR,RED,22080,20335
IR,RED,22064,20325
IR,RED,22069,20326
IR,RED,22071,20312
IR,RED,22073,20313
IR,RED,22058,20318
IR,RED,22065,20319
IR,RED,22061,20306
IR,RED,22067,20307
IR,RED,22074,20314
IR,RED,22065,20309
IR,RED,22065,20315
IR,RED,22074,20311
IR,RED,22056,20311
IR,RED,22056,20311
IR,RED,22075,20319
IR,RED,22082,20314
IR,RED,22071,20309
IR,RED,22076,20309
IR,RED,22068,20327
IR,RED,22073,20316
IR,RED,22068,20328
IR,RED,22074,20324
IR,RED,22086,20323
IR,RED,22083,20320
IR,RED,22084,20319
IR,RED,22084,20322
IR,RED,22084,20328
IR,RED,22083,20325
IR,RED,22087,20329
IR,RED,22079,20323
IR,RED,22083,20326
IR,RED,22076,20329
IR,RED,22071,20322
IR,RED,22078,20327
IR,RED,22083,20327
IR,RED,22080,20326
IR,RED,22084,20329
IR,RED,22080,20331
IR,RED,22084,20336
IR,RED,22085,20333
IR,RED,22085,20340
IR,RED,22080,20340
IR,RED,22077,20340
IR,RED,22076,20340
IR,RED,22096,20344
IR,RED,22080,20340
IR,RED,22083,20343
IR,RED,22089,20342
IR,RED,22092,20350
IR,RED,22095,20344
IR,RED,22092,20350
IR,RED,22095,20357
IR,RED,22090,20349
IR,RED,22092,20356
IR,RED,22095,20351
IR,RED,22095,20352
IR,RED,22090,20349
IR,RED,22096,20350
IR,RED,22092,20357
IR,RED,22101,20353
IR,RED,22102,20358
IR,RED,22097,20367
IR,RED,22109,20363
IR,RED,22099,20356
IR,RED,22099,20370
IR,RED,22102,20380
IR,RED,22105,20366
IR,RED,22101,20365
IR,RED,22104,20380
IR,RED,22102,20374
IR,RED,22112,20369
IR,RED,22091,20357
IR,RED,22092,20357
IR,RED,22092,20350
IR,RED,22096,20347
IR,RED,22075,20343
IR,RED,22073,20335
IR,RED,22076,20329
IR,RED,22068,20327
IR,RED,22074,20336
IR,RED,22066,20329
IR,RED,22080,20339
IR,RED,22084,20342
IR,RED,22082,20347
IR,RED,22082,20336
IR,RED,22080,20342
IR,RED,22079,20334
IR,RED,22082,20334
IR,RED,22078,20334
IR,RED,22072,20331
IR,RED,22071,20338
IR,RED,22079,20339
IR,RED,22073,20337
IR,RED,22076,20321
IR,RED,22093,20335
IR,RED,22078,20337
IR,RED,22075,20334
IR,RED,22073,20340
IR,RED,22071,20334
IR,RED,22072,20336
IR,RED,22066,20331
IR,RED,22067,20333
IR,RED,22071,20335
IR,RED,22087,20334
IR,RED,22081,20322
IR,RED,22073,20333
IR,RED,22071,20335
IR,RED,22069,20324
IR,RED,22075,20324
IR,RED,22066,20338
IR,RED,22072,20318
IR,RED,22074,20333
IR,RED,22062,20336
IR,RED,22079,20342
IR,RED,22071,20334
IR,RED,22071,20341
IR,RED,22072,20334
IR,RED,22071,20337
IR,RED,22076,20338
IR,RED,22080,20349
IR,RED,22072,20339
IR,RED,22067,20351
IR,RED,22076,20355
IR,RED,22078,20348
IR,RED,22071,20349
IR,RED,22066,20342
IR,RED,22077,20355
IR,RED,22073,20338
IR,RED,22079,20350
IR,RED,22078,20348
IR,RED,22068,20350
IR,RED,22073,20345
IR,RED,22079,20348
IR,RED,22065,20348
IR,RED,22077,20349
IR,RED,22064,20357
IR,RED,22078,20350
IR,RED,22065,20355
IR,RED,22085,20352
IR,RED,22085,20353
IR,RED,22068,20361
IR,RED,22078,20359
IR,RED,22064,20351
IR,RED,22062,20347
IR,RED,22063,20334
IR,RED,22052,20327
IR,RED,22050,20323
IR,RED,22043,20323
IR,RED,22040,20317
IR,RED,22044,20322
IR,RED,22049,20310
IR,RED,22036,20309
IR,RED,22052,20313
IR,RED,22052,20317
IR,RED,22050,20315
IR,RED,22048,20314
IR,RED,22053,20312
IR,RED,22042,20318
IR,RED,22055,20308
IR,RED,22051,20309
IR,RED,22046,20322
IR,RED,22060,20316
IR,RED,22053,20324
IR,RED,22052,20327
IR,RED,22059,20328
IR,RED,22069,20324
IR,RED,22055,20326
IR,RED,22051,20319
IR,RED,22064,20318
IR,RED,22061,20324
IR,RED,22071,20313
IR,RED,22060,20317
IR,RED,22052,20323
IR,RED,22052,20338
IR,RED,22060,20319
IR,RED,22077,20324
IR,RED,22067,20325
IR,RED,22061,20315
IR,RED,22063,20323
IR,RED,22065,20321
IR,RED,22069,20322
IR,RED,22071,20325
IR,RED,22067,20330
IR,RED,22067,20331
IR,RED,22067,20337
IR,RED,22069,20335
IR,RED,22072,20337
IR,RED,22075,20338
IR,RED,22079,20339
IR,RED,22076,20343
IR,RED,22073,20341
IR,RED,22081,20342
IR,RED,22081,20349
IR,RED,22084,20347
IR,RED,22074,20347
IR,RED,22067,20344
IR,RED,22084,20352
IR,RED,22081,20346
IR,RED,22086,20354
IR,RED,22092,20351
IR,RED,22089,20358
IR,RED,22096,20363
IR,RED,22084,20364
IR,RED,22088,20363
IR,RED,22095,20364
IR,RED,22100,20361
IR,RED,22101,20363
IR,RED,22098,20366
IR,RED,22096,20365
IR,RED,22093,20355
IR,RED,22106,20365
IR,RED,22092,20369
IR,RED,22088,20359
IR,RED,22088,20349
IR,RED,22086,20344
IR,RED,22077,20344
IR,RED,22073,20337
IR,RED,22078,20343
IR,RED,22076,20323
IR,RED,22074,20330
IR,RED,22070,20320
IR,RED,22076,20310
IR,RED,22077,20313
IR,RED,22069,20328
IR,RED,22076,20328
IR,RED,22070,20330
IR,RED,22074,20315
IR,RED,22075,20327
IR,RED,22071,20321
IR,RED,22077,20325
IR,RED,22075,20327
IR,RED,22084,20330
IR,RED,22090,20326
IR,RED,22081,20334
IR,RED,22086,20333
IR,RED,22087,20336
IR,RED,22075,20319
IR,RED,22081,20331
IR,RED,22083,20324
IR,RED,22082,20325
IR,RED,22087,20341
IR,RED,22090,20334
IR,RED,22087,20332
IR,RED,22090,20336
IR,RED,22091,20331
IR,RED,22088,20332
IR,RED,22087,20338
IR,RED,22088,20330
IR,RED,22086,20335
IR,RED,22085,20339
IR,RED,22073,20336
IR,RED,22075,20337
IR,RED,22082,20333
IR,RED,22090,20354
IR,RED,22079,20342
IR,RED,22084,20337
IR,RED,22076,20339
IR,RED,22088,20341
IR,RED,22087,20340
IR,RED,22093,20351
IR,RED,22090,20340
IR,RED,22086,20343
IR,RED,22081,20348
IR,RED,22093,20350
IR,RED,22092,20356
IR,RED,22084,20353
IR,RED,22091,20348
IR,RED,22090,20353
IR,RED,22090,20359
IR,RED,22084,20354
IR,RED,22102,20363
IR,RED,22093,20356
IR,RED,22108,20366
IR,RED,22103,20364
IR,RED,22097,20369
IR,RED,22096,20363
IR,RED,22098,20364
IR,RED,22111,20379
IR,RED,22105,20378
IR,RED,22106,20375
IR,RED,22108,20372
IR,RED,22102,20377
IR,RED,22102,20363
IR,RED,22099,20349
IR,RED,22084,20348
IR,RED,22085,20347
IR,RED,22084,20340
IR,RED,22069,20327
IR,RED,22082,20325
IR,RED,22085,20319
IR,RED,22071,20326
IR,RED,22066,20332
IR,RED,22087,20329
IR,RED,22076,20327
IR,RED,22078,20323
IR,RED,22067,20322
IR,RED,22068,20320
IR,RED,22068,20322
IR,RED,22078,20326
IR,RED,22060,20325
IR,RED,22063,20326
IR,RED,22067,20331
IR,RED,22076,20319
IR,RED,22073,20325
IR,RED,22064,20325
IR,RED,22084,20321
IR,RED,22072,20318
IR,RED,22074,20330
IR,RED,22072,20331
IR,RED,22080,20327
IR,RED,22078,20326
IR,RED,22072,20335
IR,RED,22073,20320
IR,RED,22074,20321
IR,RED,22083,20326
IR,RED,22077,20323
IR,RED,22077,20324
IR,RED,22069,20332
IR,RED,22070,20323
IR,RED,22071,20319
IR,RED,22070,20324
IR,RED,22067,20320
IR,RED,22072,20324
IR,RED,22066,20321
IR,RED,22065,20319
IR,RED,22063,20317
IR,RED,22059,20321
IR,RED,22060,20323
IR,RED,22066,20325
IR,RED,22064,20320
IR,RED,22057,20327
IR,RED,22069,20328
IR,RED,22057,20328
IR,RED,22072,20327
IR,RED,22071,20328
IR,RED,22062,20337
IR,RED,22062,20333
IR,RED,22068,20331
IR,RED,22061,20320
IR,RED,22062,20324
IR,RED,22060,20330
IR,RED,22057,20324
IR,RED,22064,20326
IR,RED,22057,20333
IR,RED,22066,20331
IR,RED,22057,20337
IR,RED,22058,20332
IR,RED,22064,20342
IR,RED,22067,20333
IR,RED,22061,20333
IR,RED,22068,20335
IR,RED,22052,20330
IR,RED,22057,20329
IR,RED,22042,20330
IR,RED,22049,20320
IR,RED,22042,20305
IR,RED,22044,20303
IR,RED,22042,20297
IR,RED,22034,20293
IR,RED,22026,20298
IR,RED,22040,20293
IR,RED,22025,20287
IR,RED,22026,20288
IR,RED,22040,20291
IR,RED,22039,20288
IR,RED,22039,20289
IR,RED,22029,20293
IR,RED,22027,20276
IR,RED,22032,20296
IR,RED,22028,20277
IR,RED,22038,20283
IR,RED,22025,20288
IR,RED,22027,20292
IR,RED,22031,20289
IR,RED,22040,20293
IR,RED,22053,20291
IR,RED,22042,20290
IR,RED,22036,20293
IR,RED,22050,20291
IR,RED,22038,20291
IR,RED,22039,20289
IR,RED,22041,20298
IR,RED,22049,20295
IR,RED,22045,20299
IR,RED,22050,20299
IR,RED,22058,20285
IR,RED,22052,20293
IR,RED,22048,20289
IR,RED,22048,20294
IR,RED,22040,20289
IR,RED,22042,20292
IR,RED,22040,20297
IR,RED,22033,20293
IR,RED,22039,20292
IR,RED,22040,20308
IR,RED,22055,20299
IR,RED,22042,20293
IR,RED,22038,20296
IR,RED,22037,20295
IR,RED,22039,20297
IR,RED,22040,20294
IR,RED,22028,20290
IR,RED,22037,20292
IR,RED,22034,20306
IR,RED,22038,20301
IR,RED,22044,20294
IR,RED,22044,20305
IR,RED,22039,20304
IR,RED,22052,20307
IR,RED,22058,20313
IR,RED,22053,20313
IR,RED,22054,20319
IR,RED,22049,20307
IR,RED,22059,20319
IR,RED,22053,20312
IR,RED,22048,20319
IR,RED,22062,20320
IR,RED,22058,20320
IR,RED,22059,20320
IR,RED,22049,20305
IR,RED,22057,20308
IR,RED,22053,20301
IR,RED,22056,20308
IR,RED,22053,20296
IR,RED,22051,20291
IR,RED,22039,20287
IR,RED,22037,20286
IR,RED,22040,20278
IR,RED,22040,20289
IR,RED,22035,20281
IR,RED,22041,20289
IR,RED,22045,20291
IR,RED,22029,20282
IR,RED,22036,20289
IR,RED,22041,20293
IR,RED,22042,20281
IR,RED,22050,20289
IR,RED,22048,20289
IR,RED,22043,20285
IR,RED,22047,20292
IR,RED,22045,20289
IR,RED,22052,20287
IR,RED,22052,20293
IR,RED,22048,20285
IR,RED,22057,20292
IR,RED,22038,20284
IR,RED,22039,20296
IR,RED,22043,20285
IR,RED,22047,20290
IR,RED,22047,20293
IR,RED,22052,20284
IR,RED,22053,20288
IR,RED,22045,20297
IR,RED,22051,20291
IR,RED,22045,20288
IR,RED,22046,20299
IR,RED,22043,20298
IR,RED,22054,20298
IR,RED,22048,20301
IR,RED,22049,20289
IR,RED,22036,20299
IR,RED,22058,20302
IR,RED,22064,20300
IR,RED,22054,20303
IR,RED,22055,20302
IR,RED,22061,20309
IR,RED,22055,20311
IR,RED,22065,20307
IR,RED,22060,20311
IR,RED,22068,20316
IR,RED,22066,20311
IR,RED,22065,20309
IR,RED,22067,20314
IR,RED,22056,20311
IR,RED,22064,20312
IR,RED,22060,20306
IR,RED,22064,20316
IR,RED,22063,20316
IR,RED,22073,20317
IR,RED,22066,20317
IR,RED,22069,20317
IR,RED,22070,20329
IR,RED,22068,20318
IR,RED,22088,20331
IR,RED,22074,20324
IR,RED,22068,20337
IR,RED,22066,20318
IR,RED,22071,20318
IR,RED,22067,20311
IR,RED,22056,20298
IR,RED,22050,20298
IR,RED,22045,20295
IR,RED,22034,20287
IR,RED,22029,20283
IR,RED,22031,20273
IR,RED,22038,20278
IR,RED,22046,20280
IR,RED,22035,20279
IR,RED,22038,20275
IR,RED,22036,20279
IR,RED,22040,20277
IR,RED,22041,20286
IR,RED,22038,20268
IR,RED,22038,20281
IR,RED,22029,20278
IR,RED,22038,20275
IR,RED,22041,20281
IR,RED,22043,20270
IR,RED,22044,20278
IR,RED,22040,20280
IR,RED,22037,20285
IR,RED,22035,20269
IR,RED,22037,20274
IR,RED,22033,20279
IR,RED,22032,20273
IR,RED,22040,20275
IR,RED,22037,20278
IR,RED,22044,20269
IR,RED,22036,20279
IR,RED,22046,20275
IR,RED,22041,20277
IR,RED,22047,20278
IR,RED,22044,20287
IR,RED,22045,20279
IR,RED,22045,20287
IR,RED,22049,20286
IR,RED,22045,20285
IR,RED,22038,20281
IR,RED,22037,20288
IR,RED,22031,20277
IR,RED,22045,20277
IR,RED,22038,20273
IR,RED,22037,20280
IR,RED,22051,20293
IR,RED,22046,20286
IR,RED,22041,20288
IR,RED,22040,20283
IR,RED,22039,20278
IR,RED,22050,20287
IR,RED,22055,20292
IR,RED,22042,20297
IR,RED,22035,20296
IR,RED,22041,20301
IR,RED,22061,20299
IR,RED,22048,20290
IR,RED,22061,20294
IR,RED,22047,20301
IR,RED,22046,20289
IR,RED,22042,20297
IR,RED,22046,20298
IR,RED,22054,20313
IR,RED,22054,20295
IR,RED,22049,20303
IR,RED,22050,20301
IR,RED,22048,20304
IR,RED,22040,20289
IR,RED,22040,20273
IR,RED,22035,20285
IR,RED,22025,20271
IR,RED,22031,20273
IR,RED,22019,20257
IR,RED,22011,20260
IR,RED,22019,20249
IR,RED,22024,20248
IR,RED,22024,20248
IR,RED,22020,20251
IR,RED,22030,20246
IR,RED,22024,20248
IR,RED,22022,20251
IR,RED,22007,20254
IR,RED,22020,20248
IR,RED,22002,20239
IR,RED,22009,20254
IR,RED,22014,20250
IR,RED,22009,20255
IR,RED,22020,20256
IR,RED,22016,20244
IR,RED,22025,20248
IR,RED,22021,20259
IR,RED,22024,20251
IR,RED,22016,20243
IR,RED,22015,20254
IR,RED,22018,20249
IR,RED,22015,20245
IR,RED,22007,20245
IR,RED,22006,20241
IR,RED,22004,20245
IR,RED,22011,20240
IR,RED,22008,20244
IR,RED,22010,20238
IR,RED,22003,20244
IR,RED,21995,20234
IR,RED,22008,20244
IR,RED,22001,20235
IR,RED,21998,20242
IR,RED,22000,20249
IR,RED,22002,20248
IR,RED,22002,20254
IR,RED,22012,20248
IR,RED,22011,20243
IR,RED,22007,20247
IR,RED,22001,20237
IR,RED,22010,20235
IR,RED,21999,20246
IR,RED,22004,20239
IR,RED,21996,20258
IR,RED,22013,20254
IR,RED,22008,20258
IR,RED,22001,20252
IR,RED,22002,20251
IR,RED,22012,20259
IR,RED,22002,20258
IR,RED,22006,20253
IR,RED,22011,20251
IR,RED,22011,20256
IR,RED,22003,20262
IR,RED,22013,20266
IR,RED,22023,20260
IR,RED,22018,20267
IR,RED,22020,20270
IR,RED,22017,20273
IR,RED,22030,20266
IR,RED,22026,20273
IR,RED,22020,20270
IR,RED,22002,20261
IR,RED,22018,20253
IR,RED,22021,20252
IR,RED,22002,20251
IR,RED,22005,20243
IR,RED,22002,20243
IR,RED,22003,20235
IR,RED,22014,20250
IR,RED,21997,20231
IR,RED,22007,20240
IR,RED,22014,20243
IR,RED,22007,20241
IR,RED,22018,20243
IR,RED,22020,20246
IR,RED,22010,20234
IR,RED,22021,20231
IR,RED,22014,20243
IR,RED,22017,20226
IR,RED,22012,20243
IR,RED,22009,20240
IR,RED,22009,20238
IR,RED,22012,20237
IR,RED,22012,20241
IR,RED,22020,20237
IR,RED,22017,20241
IR,RED,22019,20246
IR,RED,22004,20241
IR,RED,22011,20239
IR,RED,22017,20240
IR,RED,22019,20240
IR,RED,22016,20250
IR,RED,22025,20243
IR,RED,22011,20239
IR,RED,22018,20241
IR,RED,22015,20249
IR,RED,22020,20246
IR,RED,22023,20254
IR,RED,22012,20249
IR,RED,22013,20249
IR,RED,22030,20246
IR,RED,22020,20257
IR,RED,22017,20250
IR,RED,22020,20244
IR,RED,22023,20253
IR,RED,22023,20264
IR,RED,22020,20249
IR,RED,22022,20257
IR,RED,22025,20263
IR,RED,22035,20264
IR,RED,22027,20278
IR,RED,22030,20264
IR,RED,22016,20264
IR,RED,22038,20271
IR,RED,22035,20274
IR,RED,22034,20270
IR,RED,22036,20270
IR,RED,22037,20272
IR,RED,22048,20280
IR,RED,22042,20276
IR,RED,22037,20280
IR,RED,22051,20290
IR,RED,22050,20281
IR,RED,22052,20280
IR,RED,22053,20286
IR,RED,22057,20288
IR,RED,22055,20285
IR,RED,22060,20279
IR,RED,22050,20281
IR,RED,22051,20274
IR,RED,22044,20269
IR,RED,22036,20264
IR,RED,22039,20262
IR,RED,22034,20254
IR,RED,22039,20248
IR,RED,22043,20257
IR,RED,22038,20256
IR,RED,22041,20242
IR,RED,22037,20250
IR,RED,22038,20245
IR,RED,22025,20246
IR,RED,22044,20245
IR,RED,22043,20245
IR,RED,22044,20246
IR,RED,22045,20259
IR,RED,22039,20237
IR,RED,22033,20244
IR,RED,22051,20244
IR,RED,22053,20255
IR,RED,22040,20255
IR,RED,22035,20256
IR,RED,22046,20244
IR,RED,22042,20256
IR,RED,22040,20246
IR,RED,22045,20247
IR,RED,22040,20256
IR,RED,22031,20259
IR,RED,22044,20258
IR,RED,22052,20258
IR,RED,22043,20247
IR,RED,22051,20255
IR,RED,22044,20266
IR,RED,22047,20250
IR,RED,22050,20257
IR,RED,22037,20255
IR,RED,22042,20259
IR,RED,22032,20260
IR,RED,22040,20257
IR,RED,22039,20255
IR,RED,22041,20251
IR,RED,22042,20263
IR,RED,22045,20259
IR,RED,22043,20262
IR,RED,22038,20258
IR,RED,22037,20260
IR,RED,22036,20264
IR,RED,22042,20256
IR,RED,22039,20256
IR,RED,22047,20264
IR,RED,22044,20269
IR,RED,22045,20263
IR,RED,22041,20267
IR,RED,22043,20267
IR,RED,22044,20264
IR,RED,22047,20270
IR,RED,22049,20271
IR,RED,22043,20266
IR,RED,22050,20271
IR,RED,22046,20281
IR,RED,22046,20269
IR,RED,22054,20276
IR,RED,22054,20275
IR,RED,22055,20282
IR,RED,22057,20280
IR,RED,22059,20279
IR,RED,22062,20286
IR,RED,22062,20296
IR,RED,22062,20282
IR,RED,22056,20286
IR,RED,22059,20296
IR,RED,22047,20289
IR,RED,22045,20279
IR,RED,22042,20275
IR,RED,22051,20266
IR,RED,22039,20257
IR,RED,22038,20253
IR,RED,22028,20250
IR,RED,22028,20243
IR,RED,22022,20244
IR,RED,22024,20239
IR,RED,22023,20241
IR,RED,22031,20232
IR,RED,22020,20236
IR,RED,22019,20238
IR,RED,22020,20240
IR,RED,22023,20242
IR,RED,22010,20232
IR,RED,22020,20233
IR,RED,22019,20241
IR,RED,22013,20225
IR,RED,22017,20228
IR,RED,22009,20236
IR,RED,22011,20231
IR,RED,22016,20231
IR,RED,22010,20229
IR,RED,22015,20225
IR,RED,22022,20229
IR,RED,22014,20239
IR,RED,22007,20229
IR,RED,22011,20232
IR,RED,22011,20232
IR,RED,22005,20231
IR,RED,22002,20230
IR,RED,22006,20223
IR,RED,22007,20226
IR,RED,22011,20234
IR,RED,22002,20229
IR,RED,22008,20233
IR,RED,22002,20218
IR,RED,22010,20226
IR,RED,22003,20219
IR,RED,21988,20225
IR,RED,22006,20217
IR,RED,22007,20219
IR,RED,21997,20223
IR,RED,21984,20219
IR,RED,21981,20219
IR,RED,21980,20221
IR,RED,21989,20210
IR,RED,21985,20222
IR,RED,21989,20210
IR,RED,21999,20226
IR,RED,21991,20225
IR,RED,21993,20219
IR,RED,22007,20228
IR,RED,21996,20220
IR,RED,21999,20223
IR,RED,21999,20231
IR,RED,21991,20215
IR,RED,21996,20222
IR,RED,21990,20226
IR,RED,21991,20225
IR,RED,21991,20226
IR,RED,22001,20227
IR,RED,21997,20233
IR,RED,21993,20227
IR,RED,21992,20225
IR,RED,22002,20237
IR,RED,22001,20233
IR,RED,22001,20230
IR,RED,21999,20226
IR,RED,21999,20223
IR,RED,21993,20224
IR,RED,21992,20225
IR,RED,21985,20227
IR,RED,21981,20223
IR,RED,21986,20202
IR,RED,21975,20204
IR,RED,21968,20207
IR,RED,21973,20192
IR,RED,21960,20189
IR,RED,21964,20190
IR,RED,21958,20184
IR,RED,21965,20190
IR,RED,21963,20182
IR,RED,21967,20172
IR,RED,21962,20175
IR,RED,21959,20175
IR,RED,21962,20184
IR,RED,21952,20186
IR,RED,21956,20183
IR,RED,21958,20180
IR,RED,21959,20180
IR,RED,21957,20177
IR,RED,21955,20170
IR,RED,21964,20177
IR,RED,21952,20180
IR,RED,21956,20172
IR,RED,21968,20179
IR,RED,21964,20178
IR,RED,21966,20168
IR,RED,21962,20171
IR,RED,21961,20172
IR,RED,21953,20180
IR,RED,21963,20170
IR,RED,21956,20175
IR,RED,21956,20171
IR,RED,21967,20174
IR,RED,21954,20157
IR,RED,21942,20166
IR,RED,21948,20157
IR,RED,21946,20155
IR,RED,21935,20152
IR,RED,21935,20156
IR,RED,21927,20153
IR,RED,21923,20156
IR,RED,21910,20145
IR,RED,21912,20142
IR,RED,21921,20139
IR,RED,21906,20129
IR,RED,21904,20135
IR,RED,21894,20129
IR,RED,21901,20125
IR,RED,21907,20141
IR,RED,21902,20130
IR,RED,21901,20129
IR,RED,21899,20134
IR,RED,21897,20140
IR,RED,21896,20130
IR,RED,21898,20128
IR,RED,21900,20131
IR,RED,21899,20142
IR,RED,21893,20137
IR,RED,21897,20137
IR,RED,21880,20121
IR,RED,21865,20116
IR,RED,21861,20108
IR,RED,21857,20106
IR,RED,21844,20102
IR,RED,21851,20092
IR,RED,21865,20100
IR,RED,21867,20104
IR,RED,21859,20109
IR,RED,21866,20108
IR,RED,21866,20110
IR,RED,21854,20102
IR,RED,21859,20104
IR,RED,21833,20093
IR,RED,21816,20073
IR,RED,21787,20039
IR,RED,21763,20025
IR,RED,21758,20014
IR,RED,21761,20011
IR,RED,21756,19991
IR,RED,21748,20003
IR,RED,21746,19997
IR,RED,21747,19991
IR,RED,21745,19990
IR,RED,21750,19996
IR,RED,21750,19984
IR,RED,21761,19993
IR,RED,21758,19991
IR,RED,21759,19997
IR,RED,21746,19990
IR,RED,21734,19992
IR,RED,21730,19978
IR,RED,21736,19975
IR,RED,21721,19964
IR,RED,21725,19976
IR,RED,21740,19968
IR,RED,21727,19975
IR,RED,21728,19975
IR,RED,21731,19970
IR,RED,21728,19971
IR,RED,21729,19971
IR,RED,21735,19960
IR,RED,21739,19966
IR,RED,21732,19977
IR,RED,21724,19960
IR,RED,21723,19964
IR,RED,21706,19961
IR,RED,21710,19952
IR,RED,21715,19944
IR,RED,21703,19947
IR,RED,21717,19955
IR,RED,21710,19957
IR,RED,21720,19964
IR,RED,21722,19967
IR,RED,21719,19978
IR,RED,21717,19973
IR,RED,21715,19973
IR,RED,21712,19973
IR,RED,21722,19966
IR,RED,21712,19970
IR,RED,21724,19977
IR,RED,21726,19979
IR,RED,21728,19987
IR,RED,21731,19984
IR,RED,21729,19986
IR,RED,21739,19994
IR,RED,21731,19993
IR,RED,21738,19995
IR,RED,21730,19988
IR,RED,21739,19992
IR,RED,21731,19992
IR,RED,21739,19996
IR,RED,21736,19995
IR,RED,21743,19998
IR,RED,21735,19996
IR,RED,21739,20009
IR,RED,21732,19998
IR,RED,21738,20005
IR,RED,21736,20005
IR,RED,21754,20003
IR,RED,21736,20005
IR,RED,21734,19995
IR,RED,21715,19989
IR,RED,21720,19976
IR,RED,21708,19965
IR,RED,21698,19962
IR,RED,21693,19952
IR,RED,21690,19954
IR,RED,21678,19948
IR,RED,21670,19935
IR,RED,21670,19937
IR,RED,21683,19939
IR,RED,21675,19933
IR,RED,21683,19936
IR,RED,21673,19930
IR,RED,21670,19933
IR,RED,21660,19918
IR,RED,21677,19916
IR,RED,21667,19921
IR,RED,21659,19916
IR,RED,21678,19929
IR,RED,21671,19921
IR,RED,21670,19924
IR,RED,21687,19927
IR,RED,21686,19926
IR,RED,21695,19923
IR,RED,21686,19938
IR,RED,21689,19935
IR,RED,21686,19931
IR,RED,21675,19931
IR,RED,21678,19938
IR,RED,21682,19932
IR,RED,21683,19927
IR,RED,21682,19930
IR,RED,21685,19926
IR,RED,21685,19926
IR,RED,21675,19926
IR,RED,21680,19929
IR,RED,21681,19926
IR,RED,21685,19922
IR,RED,21691,19929
IR,RED,21695,19949
IR,RED,21692,19936
IR,RED,21687,19947
IR,RED,21685,19937
IR,RED,21692,19944
IR,RED,21688,19926
IR,RED,21689,19939
IR,RED,21695,19932
IR,RED,21704,19950
IR,RED,21681,19954
IR,RED,21696,19953
IR,RED,21698,19954
IR,RED,21692,19947
IR,RED,21692,19952
IR,RED,21692,19946
IR,RED,21687,19960
IR,RED,21692,19943
IR,RED,21693,19949
IR,RED,21696,19951
IR,RED,21699,19957
IR,RED,21696,19950
IR,RED,21695,19947
IR,RED,21707,19961
IR,RED,21695,19953
IR,RED,21688,19949
IR,RED,21690,19942
IR,RED,21673,19932
IR,RED,21661,19923
IR,RED,21665,19906
IR,RED,21654,19903
IR,RED,21648,19894
IR,RED,21648,19894
IR,RED,21653,19890
IR,RED,21647,19901
IR,RED,21652,19890
IR,RED,21644,19885
IR,RED,21657,19897
IR,RED,21650,19881
IR,RED,21644,19884
IR,RED,21646,19882
IR,RED,21643,19880
IR,RED,21641,19874
IR,RED,21639,19876
IR,RED,21633,19877
IR,RED,21645,19879
IR,RED,21643,19875
IR,RED,21637,19885
IR,RED,21640,19886
IR,RED,21644,19890
IR,RED,21646,19879
IR,RED,21651,19872
IR,RED,21650,19883
IR,RED,21658,19882
IR,RED,21663,19886
IR,RED,21665,19884
IR,RED,21657,19891
IR,RED,21660,19885
IR,RED,21654,19889
IR,RED,21665,19885
IR,RED,21644,19886
IR,RED,21649,19880
IR,RED,21637,19878
IR,RED,21647,19877
IR,RED,21649,19881
IR,RED,21645,19878
IR,RED,21647,19889
IR,RED,21649,19888
IR,RED,21662,19896
IR,RED,21662,19899
IR,RED,21665,19901
IR,RED,21659,19910
IR,RED,21653,19898
IR,RED,21658,19895
IR,RED,21654,19900
IR,RED,21659,19893
IR,RED,21658,19894
IR,RED,21666,19902
IR,RED,21676,19910
IR,RED,21664,19920
IR,RED,21686,19926
IR,RED,21679,19917
IR,RED,21691,19927
IR,RED,21683,19917
IR,RED,21677,19915
IR,RED,21670,19923
IR,RED,21678,19916
IR,RED,21678,19922
IR,RED,21680,19915
IR,RED,21675,19903
IR,RED,21661,19905
IR,RED,21665,19891
IR,RED,21648,19887
IR,RED,21642,19879
IR,RED,21633,19864
IR,RED,21636,19873
IR,RED,21630,19849
IR,RED,21628,19854
IR,RED,21616,19853
IR,RED,21622,19849
IR,RED,21629,19851
IR,RED,21628,19850
IR,RED,21631,19854
IR,RED,21620,19847
IR,RED,21613,19843
IR,RED,21609,19839
IR,RED,21613,19834
IR,RED,21616,19826
IR,RED,21616,19842
IR,RED,21614,19845
IR,RED,21611,19838
IR,RED,21625,19840
IR,RED,21629,19843
IR,RED,21625,19843
IR,RED,21612,19845
IR,RED,21623,19849
IR,RED,21612,19849
IR,RED,21618,19846
IR,RED,21616,19845
IR,RED,21626,19847
IR,RED,21620,19845
IR,RED,21622,19850
IR,RED,21621,19850
IR,RED,21624,19850
IR,RED,21622,19851
IR,RED,21626,19850
IR,RED,21620,19866
IR,RED,21629,19855
IR,RED,21633,19861
IR,RED,21637,19862
IR,RED,21637,19869
IR,RED,21636,19874
IR,RED,21638,19877
IR,RED,21643,19876
IR,RED,21635,19873
IR,RED,21644,19873
IR,RED,21639,19863
IR,RED,21636,19867
IR,RED,21639,19884
IR,RED,21648,19887
IR,RED,21649,19889
IR,RED,21654,19892
IR,RED,21662,19897
IR,RED,21663,19894
IR,RED,21656,19888
IR,RED,21648,19885
IR,RED,21650,19895
IR,RED,21648,19890
IR,RED,21658,19892
IR,RED,21664,19892
IR,RED,21667,19898
IR,RED,21675,19906
IR,RED,21671,19900
IR,RED,21668,19897
IR,RED,21650,19877
IR,RED,21646,19885
IR,RED,21645,19868
IR,RED,21630,19866
IR,RED,21635,19857
IR,RED,21612,19863
IR,RED,21615,19854
IR,RED,21621,19835
IR,RED,21613,19853
IR,RED,21608,19843
IR,RED,21605,19836
IR,RED,21610,19841
IR,RED,21604,19833
IR,RED,21609,19835
IR,RED,21602,19833
IR,RED,21596,19829
IR,RED,21595,19823
IR,RED,21595,19829
IR,RED,21593,19828
IR,RED,21600,19820
IR,RED,21605,19824
IR,RED,21600,19828
IR,RED,21603,19821
IR,RED,21610,19830
IR,RED,21608,19833
IR,RED,21617,19833
IR,RED,21607,19839
IR,RED,21621,19831
IR,RED,21618,19838
IR,RED,21618,19844
IR,RED,21617,19842
IR,RED,21614,19842
IR,RED,21617,19841
IR,RED,21610,19838
IR,RED,21613,19846
IR,RED,21618,19848
IR,RED,21622,19839
IR,RED,21622,19850
IR,RED,21630,19854
IR,RED,21628,19854
IR,RED,21633,19853
IR,RED,21639,19861
IR,RED,21629,19855
IR,RED,21636,19845
IR,RED,21631,19843
IR,RED,21633,19853
IR,RED,21630,19863
IR,RED,21630,19863
IR,RED,21638,19879
IR,RED,21639,19871
IR,RED,21647,19869
IR,RED,21635,19873
IR,RED,21637,19870
IR,RED,21642,19868
IR,RED,21636,19869
IR,RED,21654,19874
IR,RED,21642,19875
IR,RED,21644,19877
IR,RED,21649,19872
IR,RED,21653,19883
IR,RED,21656,19877
IR,RED,21663,19891
IR,RED,21656,19879
IR,RED,21660,19889
IR,RED,21666,19890
IR,RED,21656,19904
IR,RED,21664,19902
IR,RED,21668,19904
IR,RED,21664,19897
IR,RED,21655,19885
IR,RED,21648,19875
IR,RED,21647,19868
IR,RED,21630,19864
IR,RED,21637,19856
IR,RED,21637,19850
IR,RED,21629,19848
IR,RED,21644,19842
IR,RED,21636,19835
IR,RED,21636,19843
IR,RED,21632,19851
IR,RED,21625,19840
IR,RED,21630,19839
IR,RED,21634,19845
IR,RED,21635,19846
IR,RED,21631,19835
IR,RED,21638,19841
IR,RED,21632,19844
IR,RED,21635,19845
IR,RED,21632,19850
IR,RED,21628,19851
IR,RED,21645,19853
IR,RED,21656,19851
IR,RED,21666,19850
IR,RED,21665,19873
IR,RED,21652,19875
IR,RED,21659,19871
IR,RED,21661,19883
IR,RED,21667,19876
IR,RED,21657,19874
IR,RED,21652,19875
IR,RED,21666,19872
IR,RED,21669,19877
IR,RED,21659,19865
IR,RED,21678,19882
IR,RED,21682,19878
IR,RED,21676,19888
IR,RED,21672,19893
IR,RED,21677,19885
IR,RED,21684,19892
IR,RED,21680,19888
IR,RED,21685,19895
IR,RED,21677,19892
IR,RED,21680,19892
IR,RED,21675,19893
IR,RED,21683,19895
IR,RED,21681,19889
IR,RED,21684,19906
IR,RED,21696,19909
IR,RED,21704,19907
IR,RED,21701,19923
IR,RED,21700,19923
IR,RED,21694,19920
IR,RED,21703,19931
IR,RED,21701,19921
IR,RED,21692,19920
IR,RED,21690,19915
IR,RED,21699,19917
IR,RED,21694,19927
IR,RED,21704,19925
IR,RED,21704,19934
IR,RED,21710,19945
IR,RED,21710,19940
IR,RED,21724,19942
IR,RED,21711,19949
IR,RED,21714,19954
IR,RED,21724,19951
IR,RED,21731,19957
IR,RED,21730,19956
IR,RED,21737,19968
IR,RED,21727,19962
IR,RED,21726,19961
IR,RED,21734,19957
IR,RED,21739,19963
IR,RED,21729,19944
IR,RED,21725,19933
IR,RED,21702,19926
IR,RED,21689,19921
IR,RED,21684,19903
IR,RED,21670,19900
IR,RED,21667,19883
IR,RED,21658,19884
IR,RED,21663,19884
IR,RED,21659,19882
IR,RED,21656,19879
IR,RED,21667,19873
IR,RED,21664,19892
IR,RED,21663,19887
IR,RED,21647,19878
IR,RED,21650,19866
IR,RED,21649,19863
IR,RED,21642,19862
IR,RED,21642,19862
IR,RED,21639,19872
IR,RED,21646,19865
IR,RED,21664,19883
IR,RED,21672,19880
IR,RED,21671,19882
IR,RED,21670,19892
IR,RED,21666,19888
IR,RED,21671,19875
IR,RED,21667,19875
IR,RED,21666,19876
IR,RED,21665,19875
IR,RED,21671,19877
IR,RED,21671,19882
IR,RED,21668,19887
IR,RED,21667,19879
IR,RED,21674,19883
IR,RED,21665,19888
IR,RED,21665,19884
IR,RED,21681,19889
IR,RED,21670,19886
IR,RED,21670,19899
IR,RED,21676,19899
IR,RED,21676,19902
IR,RED,21665,19900
IR,RED,21674,19896
IR,RED,21683,19906
IR,RED,21684,19892
IR,RED,21677,19896
IR,RED,21673,19902
IR,RED,21683,19906
IR,RED,21687,19919
IR,RED,21679,19914
IR,RED,21685,19907
IR,RED,21688,19921
IR,RED,21706,19924
IR,RED,21703,19927
IR,RED,21699,19917
IR,RED,21710,19929
IR,RED,21711,19935
IR,RED,21702,19940
IR,RED,21709,19932
IR,RED,21702,19937
IR,RED,21701,19943
IR,RED,21716,19941
IR,RED,21722,19953
IR,RED,21713,19948
IR,RED,21728,19949
IR,RED,21724,19954
IR,RED,21721,19957
IR,RED,21725,19955
IR,RED,21714,19957
IR,RED,21726,19958
IR,RED,21723,19948
IR,RED,21720,19957
IR,RED,21722,19973
IR,RED,21733,19960
IR,RED,21728,19971
IR,RED,21722,19960
IR,RED,21713,19951
IR,RED,21710,19951
IR,RED,21695,19931
IR,RED,21688,19937
IR,RED,21687,19914
IR,RED,21675,19898
IR,RED,21663,19908
IR,RED,21665,19898
IR,RED,21669,19905
IR,RED,21661,19893
IR,RED,21658,19899
IR,RED,21670,19894
IR,RED,21661,19888
IR,RED,21667,19887
IR,RED,21658,19896
IR,RED,21655,19890
IR,RED,21667,19895
IR,RED,21658,19881
IR,RED,21665,19887
IR,RED,21661,19893
IR,RED,21665,19894
IR,RED,21670,19895
IR,RED,21672,19897
IR,RED,21673,19901
IR,RED,21684,19898
IR,RED,21695,19901
IR,RED,21687,19909
IR,RED,21693,19917
IR,RED,21702,19909
IR,RED,21706,19914
IR,RED,21701,19921
IR,RED,21699,19921
IR,RED,21686,19916
IR,RED,21690,19915
IR,RED,21700,19912
IR,RED,21691,19911
IR,RED,21693,19914
IR,RED,21699,19921
IR,RED,21716,19932
IR,RED,21718,19934
IR,RED,21722,19935
IR,RED,21705,19931
IR,RED,21711,19931
IR,RED,21707,19932
IR,RED,21707,19923
IR,RED,21712,19936
IR,RED,21730,19946
IR,RED,21713,19938
IR,RED,21729,19944
IR,RED,21721,19943
IR,RED,21732,19951
IR,RED,21734,19958
IR,RED,21743,19955
IR,RED,21735,19964
IR,RED,21735,19964
IR,RED,21747,19967
IR,RED,21737,19970
IR,RED,21760,19985
IR,RED,21758,19971
IR,RED,21758,19972
IR,RED,21754,19974
IR,RED,21756,19986
IR,RED,21755,19980
IR,RED,21755,19986
IR,RED,21765,19993
IR,RED,21759,19990
IR,RED,21771,19999
IR,RED,21778,20013
IR,RED,21771,20004
IR,RED,21784,20008
IR,RED,21785,20016
IR,RED,21787,20012
IR,RED,21791,20011
IR,RED,21801,20016
IR,RED,21795,20022
IR,RED,21795,20026
IR,RED,21798,20023
IR,RED,21791,20021
IR,RED,21782,20013
IR,RED,21778,19998
IR,RED,21776,19985
IR,RED,21775,19984
IR,RED,21774,19977
IR,RED,21761,19982
IR,RED,21769,19982
IR,RED,21766,19967
IR,RED,21758,19966
IR,RED,21749,19960
IR,RED,21750,19965
IR,RED,21750,19964
IR,RED,21754,19968
IR,RED,21756,19963
IR,RED,21769,19969
IR,RED,21760,19976
IR,RED,21760,19962
IR,RED,21755,19969
IR,RED,21756,19962
IR,RED,21760,19967
IR,RED,21754,19969
IR,RED,21766,19989
IR,RED,21776,19976
IR,RED,21777,19979
IR,RED,21779,19989
IR,RED,21779,19993
IR,RED,21793,19997
IR,RED,21791,19992
IR,RED,21784,19998
IR,RED,21782,19987
IR,RED,21786,20007
IR,RED,21790,20001
IR,RED,21776,19997
IR,RED,21777,19990
IR,RED,21783,19989
IR,RED,21779,20000
IR,RED,21793,19997
IR,RED,21792,19995
IR,RED,21795,20002
IR,RED,21794,20009
IR,RED,21797,20014
IR,RED,21790,20009
IR,RED,21791,20013
IR,RED,21784,20005
IR,RED,21798,20005
IR,RED,21791,20014
IR,RED,21818,20012
IR,RED,21807,20020
IR,RED,21810,20020
IR,RED,21818,20030
IR,RED,21812,20031
IR,RED,21816,20031
IR,RED,21810,20030
IR,RED,21817,20034
IR,RED,21818,20039
IR,RED,21831,20044
IR,RED,21826,20051
IR,RED,21823,20053
IR,RED,21828,20045
IR,RED,21822,20057
IR,RED,21837,20058
IR,RED,21831,20044
IR,RED,21827,20047
IR,RED,21816,20055
IR,RED,21826,20054
IR,RED,21829,20050
IR,RED,21836,20050
IR,RED,21830,20060
IR,RED,21837,20064
IR,RED,21834,20060
IR,RED,21839,20075
IR,RED,21855,20067
IR,RED,21846,20083
IR,RED,21872,20081
IR,RED,21870,20092
IR,RED,21861,20093
IR,RED,21879,20099
IR,RED,21864,20089
IR,RED,21855,20085
IR,RED,21851,20070
IR,RED,21838,20060
IR,RED,21830,20040
IR,RED,21829,20048
IR,RED,21814,20047
IR,RED,21827,20034
IR,RED,21809,20036
IR,RED,21814,20029
IR,RED,21804,20028
IR,RED,21807,20022
IR,RED,21796,20023
IR,RED,21799,20022
IR,RED,21808,20021
IR,RED,21794,20012
IR,RED,21796,20006
IR,RED,21790,20019
IR,RED,21779,19993
IR,RED,21792,20008
IR,RED,21781,19999
IR,RED,21793,19997
IR,RED,21790,20000
IR,RED,21797,20005
IR,RED,21795,20017
IR,RED,21813,20024
IR,RED,21809,20025
IR,RED,21811,20018
IR,RED,21801,20022
IR,RED,21806,20020
IR,RED,21795,20012
IR,RED,21793,20022
IR,RED,21795,20009
IR,RED,21798,20003
IR,RED,21795,20001
IR,RED,21785,20004
IR,RED,21799,20012
IR,RED,21805,20023
IR,RED,21798,20010
IR,RED,21795,20017
IR,RED,21795,20019
IR,RED,21796,20022
IR,RED,21796,20024
IR,RED,21789,20024
IR,RED,21793,20028
IR,RED,21793,20016
IR,RED,21798,20033
IR,RED,21809,20032
IR,RED,21811,20039
IR,RED,21817,20041
IR,RED,21818,20049
IR,RED,21827,20049
IR,RED,21819,20065
IR,RED,21827,20056
IR,RED,21826,20049
IR,RED,21833,20053
IR,RED,21816,20052
IR,RED,21826,20046
IR,RED,21811,20058
IR,RED,21823,20047
IR,RED,21830,20055
IR,RED,21830,20054
IR,RED,21836,20075
IR,RED,21844,20067
IR,RED,21841,20065
IR,RED,21839,20078
IR,RED,21851,20068
IR,RED,21852,20075
IR,RED,21849,20077
IR,RED,21849,20075
IR,RED,21848,20074
IR,RED,21842,20079
IR,RED,21855,20084
IR,RED,21843,20089
IR,RED,21853,20085
IR,RED,21857,20088
IR,RED,21852,20090
IR,RED,21839,20071
IR,RED,21825,20052
IR,RED,21816,20049
IR,RED,21814,20036
IR,RED,21818,20032
IR,RED,21807,20029
IR,RED,21813,20022
IR,RED,21800,20025
IR,RED,21799,20023
IR,RED,21801,20015
IR,RED,21793,20013
IR,RED,21789,20003
IR,RED,21789,20014
IR,RED,21793,20011
IR,RED,21794,20017
IR,RED,21790,20015
IR,RED,21796,20016
IR,RED,21802,20015
IR,RED,21804,20026
IR,RED,21804,20020
IR,RED,21806,20029
IR,RED,21808,20026
IR,RED,21820,20032
IR,RED,21827,20035
IR,RED,21816,20024
IR,RED,21823,20039
IR,RED,21813,20031
IR,RED,21815,20036
IR,RED,21832,20040
IR,RED,21827,20037
IR,RED,21828,20051
IR,RED,21832,20049
IR,RED,21828,20040
IR,RED,21816,20037
IR,RED,21808,20031
IR,RED,21819,20031
IR,RED,21825,20030
IR,RED,21819,20032
IR,RED,21829,20034
IR,RED,21839,20046
IR,RED,21830,20040
IR,RED,21824,20055
IR,RED,21824,20052
IR,RED,21839,20051
IR,RED,21827,20047
IR,RED,21832,20048
IR,RED,21827,20050
IR,RED,21839,20075
IR,RED,21837,20056
IR,RED,21842,20060
IR,RED,21861,20064
IR,RED,21869,20078
IR,RED,21871,20082
IR,RED,21852,20078
IR,RED,21857,20074
IR,RED,21863,20075
IR,RED,21850,20069
IR,RED,21850,20072
IR,RED,21850,20074
IR,RED,21868,20066
IR,RED,21863,20083
IR,RED,21859,20090
IR,RED,21865,20094
IR,RED,21872,20085
IR,RED,21880,20099
IR,RED,21874,20089
IR,RED,21886,20092
IR,RED,21887,20096
IR,RED,21881,20098
IR,RED,21889,20110
IR,RED,21896,20109
IR,RED,21906,20120
IR,RED,21902,20138
IR,RED,21911,20134
IR,RED,21899,20115
IR,RED,21890,20109
IR,RED,21882,20098
IR,RED,21866,20079
IR,RED,21858,20077
IR,RED,21857,20066
IR,RED,21852,20058
IR,RED,21851,20061
IR,RED,21848,20046
IR,RED,21846,20038
IR,RED,21844,20042
IR,RED,21846,20044
IR,RED,21835,20042
IR,RED,21824,20040
IR,RED,21823,20035
IR,RED,21836,20039
IR,RED,21840,20038
IR,RED,21828,20036
IR,RED,21826,20036
IR,RED,21836,20029
IR,RED,21845,20042
IR,RED,21841,20042
IR,RED,21850,20038
IR,RED,21842,20046
IR,RED,21855,20054
IR,RED,21855,20054
IR,RED,21870,20049
IR,RED,21868,20054
IR,RED,21868,20071
IR,RED,21870,20070
IR,RED,21868,20073
IR,RED,21872,20078
IR,RED,21869,20080
IR,RED,21884,20074
IR,RED,21870,20075
IR,RED,21871,20075
IR,RED,21858,20076
IR,RED,21879,20080
IR,RED,21875,20077
IR,RED,21886,20078
IR,RED,21876,20080
IR,RED,21869,20066
IR,RED,21874,20078
IR,RED,21881,20079
IR,RED,21878,20080
IR,RED,21883,20077
IR,RED,21882,20088
IR,RED,21878,20088
IR,RED,21886,20091
IR,RED,21883,20094
IR,RED,21900,20096
IR,RED,21891,20097
IR,RED,21889,20091
IR,RED,21901,20110
IR,RED,21895,20109
IR,RED,21913,20115
IR,RED,21912,20121
IR,RED,21902,20109
IR,RED,21890,20107
IR,RED,21892,20097
IR,RED,21901,20118
IR,RED,21901,20110
IR,RED,21902,20126
IR,RED,21902,20117
IR,RED,21913,20121
IR,RED,21911,20127
IR,RED,21910,20126
IR,RED,21910,20128
IR,RED,21926,20153
IR,RED,21924,20145
IR,RED,21933,20146
IR,RED,21936,20142
IR,RED,21932,20159
IR,RED,21940,20161
IR,RED,21947,20166
IR,RED,21940,20157
IR,RED,21938,20165
IR,RED,21923,20141
IR,RED,21907,20122
IR,RED,21899,20114
IR,RED,21882,20104
IR,RED,21881,20107
IR,RED,21868,20083
IR,RED,21869,20086
IR,RED,21864,20076
IR,RED,21855,20074
IR,RED,21860,20077
IR,RED,21855,20071
IR,RED,21850,20064
IR,RED,21847,20062
IR,RED,21847,20063
IR,RED,21840,20060
IR,RED,21835,20059
IR,RED,21837,20052
IR,RED,21840,20049
IR,RED,21835,20053
IR,RED,21846,20056
IR,RED,21836,20055
IR,RED,21847,20058
IR,RED,21849,20064
IR,RED,21847,20065
IR,RED,21852,20067
IR,RED,21852,20063
IR,RED,21849,20064
IR,RED,21843,20050
IR,RED,21847,20054
IR,RED,21837,20056
IR,RED,21845,20052
IR,RED,21839,20054
IR,RED,21847,20048
IR,RED,21843,20040
IR,RED,21836,20047
IR,RED,21840,20055
IR,RED,21834,20053
IR,RED,21832,20051
IR,RED,21841,20047
IR,RED,21835,20050
IR,RED,21841,20066
IR,RED,21843,20063
IR,RED,21842,20072
IR,RED,21839,20061
IR,RED,21850,20069
IR,RED,21837,20067
IR,RED,21851,20059
IR,RED,21844,20068
IR,RED,21849,20073
IR,RED,21854,20080
IR,RED,21855,20077
IR,RED,21866,20091
IR,RED,21865,20089
IR,RED,21866,20090
IR,RED,21872,20083
IR,RED,21857,20086
IR,RED,21868,20094
IR,RED,21865,20097
IR,RED,21876,20087
IR,RED,21863,20097
IR,RED,21875,20090
IR,RED,21865,20097
IR,RED,21882,20105
IR,RED,21892,20110
IR,RED,21897,20109
IR,RED,21887,20116
IR,RED,21892,20118
IR,RED,21889,20113
IR,RED,21896,20113
IR,RED,21892,20114
IR,RED,21890,20119
IR,RED,21904,20123
IR,RED,21895,20118
IR,RED,21889,20131
IR,RED,21896,20111
IR,RED,21882,20096
IR,RED,21872,20088
IR,RED,21856,20073
IR,RED,21854,20062
IR,RED,21865,20061
IR,RED,21849,20060
IR,RED,21834,20047
IR,RED,21832,20041
IR,RED,21841,20045
IR,RED,21832,20041
IR,RED,21824,20044
IR,RED,21830,20044
IR,RED,21823,20041
IR,RED,21830,20046
IR,RED,21832,20030
IR,RED,21820,20036
IR,RED,21835,20039
IR,RED,21824,20042
IR,RED,21824,20036
IR,RED,21847,20052
IR,RED,21846,20052
IR,RED,21849,20066
IR,RED,21849,20061
IR,RED,21848,20050
IR,RED,21847,20058
IR,RED,21846,20053
IR,RED,21843,20052
IR,RED,21853,20056
IR,RED,21851,20057
IR,RED,21842,20063
IR,RED,21854,20065
IR,RED,21861,20062
IR,RED,21862,20065
IR,RED,21863,20069
IR,RED,21863,20066
IR,RED,21859,20080
IR,RED,21864,20068
IR,RED,21863,20079
IR,RED,21868,20071
IR,RED,21867,20071
IR,RED,21869,20077
IR,RED,21865,20085
IR,RED,21878,20088
IR,RED,21873,20096
IR,RED,21888,20095
IR,RED,21886,20091
IR,RED,21896,20104
IR,RED,21903,20111
IR,RED,21896,20104
IR,RED,21898,20105
IR,RED,21906,20113
IR,RED,21904,20110
IR,RED,21899,20113
IR,RED,21909,20117
IR,RED,21911,20124
IR,RED,21920,20124
IR,RED,21921,20132
IR,RED,21911,20135
IR,RED,21933,20139
IR,RED,21926,20137
IR,RED,21928,20146
IR,RED,21928,20145
IR,RED,21936,20152
IR,RED,21949,20170
IR,RED,21948,20163
IR,RED,21969,20177
IR,RED,21976,20180
IR,RED,21966,20169
IR,RED,21974,20190
IR,RED,21973,20177
IR,RED,21971,20183
IR,RED,21973,20172
IR,RED,21959,20174
IR,RED,21950,20170
IR,RED,21956,20151
IR,RED,21942,20140
IR,RED,21943,20143
IR,RED,21932,20132
IR,RED,21928,20119
IR,RED,21915,20120
IR,RED,21918,20110
IR,RED,21906,20102
IR,RED,21899,20098
IR,RED,21911,20100
IR,RED,21906,20103
IR,RED,21895,20106
IR,RED,21908,20113
IR,RED,21912,20108
IR,RED,21915,20112
IR,RED,21906,20112
IR,RED,21917,20107
IR,RED,21912,20104
IR,RED,21927,20110
IR,RED,21910,20112
IR,RED,21910,20112
IR,RED,21929,20119
IR,RED,21930,20115
IR,RED,21928,20112
IR,RED,21936,20116
IR,RED,21918,20121
IR,RED,21923,20124
IR,RED,21913,20112
IR,RED,21923,20111
IR,RED,21916,20107
IR,RED,21909,20109
IR,RED,21917,20114
IR,RED,21919,20105
IR,RED,21914,20106
IR,RED,21916,20108
IR,RED,21925,20116
IR,RED,21916,20117
IR,RED,21925,20105
IR,RED,21922,20115
IR,RED,21908,20114
IR,RED,21901,20119
IR,RED,21913,20106
IR,RED,21909,20113
IR,RED,21906,20113
IR,RED,21904,20107
IR,RED,21904,20104
IR,RED,21914,20102
IR,RED,21913,20107
IR,RED,21919,20111
IR,RED,21923,20113
IR,RED,21931,20138
IR,RED,21938,20131
IR,RED,21944,20133
IR,RED,21938,20138
IR,RED,21941,20136
IR,RED,21943,20130
IR,RED,21945,20138
IR,RED,21957,20139
IR,RED,21957,20148
IR,RED,21946,20147
IR,RED,21965,20155
IR,RED,21949,20148
IR,RED,21950,20145
IR,RED,21943,20137
IR,RED,21936,20131
IR,RED,21895,20103
IR,RED,21864,20086
IR,RED,21862,20064
IR,RED,21852,20054
IR,RED,21858,20048
IR,RED,21828,20048
IR,RED,21807,20017
IR,RED,21787,19992
IR,RED,21778,19975
IR,RED,21747,19946
IR,RED,21752,19949
IR,RED,21734,19935
IR,RED,21735,19926
IR,RED,21726,19905
IR,RED,21709,19898
IR,RED,21700,19887
IR,RED,21697,19879
IR,RED,21704,19872
IR,RED,21702,19879
IR,RED,21693,19865
IR,RED,21681,19875
IR,RED,21679,19864
IR,RED,21689,19867
IR,RED,21687,19865
IR,RED,21690,19865
IR,RED,21692,19885
IR,RED,21693,19878
IR,RED,21695,19878
IR,RED,21701,19889
IR,RED,21701,19893
IR,RED,21716,19909
IR,RED,21756,19929
IR,RED,21792,19969
IR,RED,21838,20000
IR,RED,21926,20047
IR,RED,22037,20116
IR,RED,22126,20168
IR,RED,22169,20206
IR,RED,22227,20250
IR,RED,22264,20268
IR,RED,22288,20293
IR,RED,22317,20323
IR,RED,22363,20348
IR,RED,22380,20373
IR,RED,22415,20390
IR,RED,22450,20417
IR,RED,22503,20446
IR,RED,22550,20498
IR,RED,22610,20558
IR,RED,22661,20594
IR,RED,22731,20637
IR,RED,22750,20666
IR,RED,22805,20697
IR,RED,22816,20705
IR,RED,22838,20732
IR,RED,22851,20723
IR,RED,22865,20730
IR,RED,22866,20738
IR,RED,22888,20747
IR,RED,22917,20765
IR,RED,22939,20766
IR,RED,22951,20781
IR,RED,22980,20789
IR,RED,22995,20793
IR,RED,23002,20796
IR,RED,23003,20795
IR,RED,23025,20802
IR,RED,23016,20799
IR,RED,23025,20801
IR,RED,23033,20817
IR,RED,23045,20811
IR,RED,23071,20816
IR,RED,23057,20822
IR,RED,23073,20820
IR,RED,23075,20827
IR,RED,23062,20817
IR,RED,23046,20803
IR,RED,23035,20790
IR,RED,23032,20776
IR,RED,23011,20755
IR,RED,23022,20754
IR,RED,23007,20746
IR,RED,22993,20738
IR,RED,22989,20719
IR,RED,22984,20713
IR,RED,22983,20707
IR,RED,22988,20709
IR,RED,22990,20712
IR,RED,23005,20710
IR,RED,23008,20702
IR,RED,22993,20696
IR,RED,22990,20689
IR,RED,22989,20675
IR,RED,22981,20664
IR,RED,22972,20662
IR,RED,22973,20660
IR,RED,22970,20662
IR,RED,22980,20676
IR,RED,22997,20677
IR,RED,23028,20672
IR,RED,23028,20690
IR,RED,23043,20695
IR,RED,23044,20701
IR,RED,23049,20696
IR,RED,23050,20690
IR,RED,23053,20678
IR,RED,23048,20685
IR,RED,23066,20707
IR,RED,23088,20719
IR,RED,23130,20736
IR,RED,23165,20754
IR,RED,23218,20786
IR,RED,23298,20842
IR,RED,23386,20892
IR,RED,23453,20952
IR,RED,23509,20988
IR,RED,23544,21014
IR,RED,23554,21018
IR,RED,23572,21037
IR,RED,23588,21034
IR,RED,23593,21044
IR,RED,23608,21042
IR,RED,23614,21043
IR,RED,23618,21054
IR,RED,23640,21056
IR,RED,23648,21061
IR,RED,23689,21079
IR,RED,23703,21092
IR,RED,23711,21106
IR,RED,23738,21107
IR,RED,23734,21111
IR,RED,23752,21127
IR,RED,23749,21136
IR,RED,23757,21139
IR,RED,23773,21143
IR,RED,23767,21136
IR,RED,23777,21147
IR,RED,23785,21153
IR,RED,23805,21152
IR,RED,23830,21167
IR,RED,23837,21184
IR,RED,23857,21191
IR,RED,23868,21201
IR,RED,23880,21212
IR,RED,23873,21215
IR,RED,23878,21207
IR,RED,23898,21220
IR,RED,23896,21228
IR,RED,23907,21235
IR,RED,23906,21230
IR,RED,23900,21231
IR,RED,23908,21229
IR,RED,23915,21232
IR,RED,23923,21215
IR,RED,23914,21228
IR,RED,23919,21221
IR,RED,23915,21223
IR,RED,23937,21234
IR,RED,23937,21231
IR,RED,23940,21237
IR,RED,23934,21231
IR,RED,23940,21230
IR,RED,23948,21236
IR,RED,23954,21237
IR,RED,23933,21238
IR,RED,23948,21233
IR,RED,23955,21244
IR,RED,23958,21254
IR,RED,23969,21255
IR,RED,23971,21257
IR,RED,23977,21250
IR,RED,23970,21251
IR,RED,23971,21259
IR,RED,23973,21253
IR,RED,23976,21253
IR,RED,23981,21247
IR,RED,23986,21253
IR,RED,23993,21252
IR,RED,24003,21252
IR,RED,23991,21262
IR,RED,23993,21246
IR,RED,23989,21252
IR,RED,23991,21254
IR,RED,23985,21261
IR,RED,23987,21250
IR,RED,24001,21262
IR,RED,23996,21253
IR,RED,24003,21268
IR,RED,24002,21249
IR,RED,24010,21256
IR,RED,24006,21253
IR,RED,24014,21262
IR,RED,24016,21263
IR,RED,24012,21259
IR,RED,24019,21256
IR,RED,24017,21253
IR,RED,24018,21256
IR,RED,24021,21261
IR,RED,24029,21258
IR,RED,24028,21268
IR,RED,24030,21265
IR,RED,24028,21264
IR,RED,24026,21265
IR,RED,24033,21260
IR,RED,24018,21268
IR,RED,24020,21263
IR,RED,24020,21265
IR,RED,24024,21264
IR,RED,24022,21277
IR,RED,24027,21264
IR,RED,24022,21266
IR,RED,24041,21274
IR,RED,24037,21263
IR,RED,24042,21272
IR,RED,24029,21272
IR,RED,24040,21282
IR,RED,24027,21274
IR,RED,24026,21274
IR,RED,24026,21257
IR,RED,24041,21271
IR,RED,24030,21265
IR,RED,24057,21272
IR,RED,24044,21277
IR,RED,24047,21269
IR,RED,24031,21273
IR,RED,24028,21271
IR,RED,24022,21254
IR,RED,24008,21240
IR,RED,23989,21229
IR,RED,23984,21216
IR,RED,23983,21215
IR,RED,23978,21215
IR,RED,23964,21199
IR,RED,23978,21208
IR,RED,23978,21198
IR,RED,23975,21214
IR,RED,23979,21205
IR,RED,23964,21209
IR,RED,23970,21201
IR,RED,23969,21192
IR,RED,23972,21195
IR,RED,23977,21201
IR,RED,23989,21196
IR,RED,23980,21199
IR,RED,23982,21198
IR,RED,23985,21197
IR,RED,23979,21197
IR,RED,23981,21195
IR,RED,23976,21204
IR,RED,23977,21195
IR,RED,23980,21200
IR,RED,23980,21203
IR,RED,23988,21199
IR,RED,23988,21202
IR,RED,24001,21193
IR,RED,23981,21192
IR,RED,23984,21199
IR,RED,23979,21195
IR,RED,23977,21185
IR,RED,23971,21187
IR,RED,23977,21186
IR,RED,23960,21185
IR,RED,23981,21183
IR,RED,23952,21180
IR,RED,23960,21175
IR,RED,23948,21166
IR,RED,23947,21157
IR,RED,23941,21163
IR,RED,23945,21159
IR,RED,23933,21153
IR,RED,23936,21143
IR,RED,23920,21146
IR,RED,23932,21149
IR,RED,23923,21141
IR,RED,23909,21137
IR,RED,23913,21129
IR,RED,23907,21137
IR,RED,23913,21129
IR,RED,23907,21131
IR,RED,23915,21124
IR,RED,23907,21128
IR,RED,23906,21126
IR,RED,23914,21121
IR,RED,23903,21120
IR,RED,23900,21130
IR,RED,23903,21120
IR,RED,23901,21115
IR,RED,23905,21122
IR,RED,23907,21123
IR,RED,23903,21116
IR,RED,23912,21118
IR,RED,23904,21118
IR,RED,23910,21115
IR,RED,23904,21111
IR,RED,23911,21111
IR,RED,23914,21114
IR,RED,23925,21113
IR,RED,23919,21121
IR,RED,23909,21122
IR,RED,23916,21111
IR,RED,23900,21108
IR,RED,23884,21094
IR,RED,23893,21092
IR,RED,23886,21096
IR,RED,23885,21088
IR,RED,23892,21081
IR,RED,23883,21070
IR,RED,23886,21065
IR,RED,23876,21062
IR,RED,23887,21049
IR,RED,23878,21059
IR,RED,23889,21059
IR,RED,23885,21070
IR,RED,23893,21059
IR,RED,23904,21061
IR,RED,23891,21057
IR,RED,23893,21060
IR,RED,23892,21056
IR,RED,23893,21062
IR,RED,23905,21072
IR,RED,23909,21052
IR,RED,23902,21059
IR,RED,23905,21050
IR,RED,23916,21042
IR,RED,23914,21053
IR,RED,23908,21061
IR,RED,23930,21063
IR,RED,23927,21059
IR,RED,23938,21055
IR,RED,23936,21048
IR,RED,23936,21058
IR,RED,23929,21051
IR,RED,23928,21056
IR,RED,23936,21051
IR,RED,23934,21056
IR,RED,23939,21049
IR,RED,23942,21064
IR,RED,23940,21061
IR,RED,23945,21052
IR,RED,23942,21062
IR,RED,23935,21060
IR,RED,23931,21056
IR,RED,23944,21042
IR,RED,23938,21053
IR,RED,23951,21050
IR,RED,23948,21053
IR,RED,23950,21062
IR,RED,23955,21061
IR,RED,23946,21038
IR,RED,23959,21061
IR,RED,23960,21059
IR,RED,23961,21049
IR,RED,23962,21051
IR,RED,23963,21064
IR,RED,23970,21058
IR,RED,23974,21055
IR,RED,23979,21064
IR,RED,23989,21065
IR,RED,23984,21064
IR,RED,23995,21064
IR,RED,24002,21066
IR,RED,23989,21062
IR,RED,23988,21061
IR,RED,23992,21060
IR,RED,24005,21067
IR,RED,24008,21073
IR,RED,24004,21065
IR,RED,24008,21067
IR,RED,24009,21072
IR,RED,24003,21075
IR,RED,24018,21077
IR,RED,24022,21076
IR,RED,24023,21067
IR,RED,24012,21070
IR,RED,24019,21069
IR,RED,23995,21048
IR,RED,24008,21050
IR,RED,24002,21044
IR,RED,24000,21039
IR,RED,24004,21040
IR,RED,24005,21047
IR,RED,24017,21039
IR,RED,24022,21033
IR,RED,24017,21037
IR,RED,24020,21036
IR,RED,24019,21043
IR,RED,24036,21042
IR,RED,24032,21039
IR,RED,24020,21042
IR,RED,24042,21039
IR,RED,24047,21047
IR,RED,24051,21038
IR,RED,24058,21057
IR,RED,24055,21056
IR,RED,24061,21047
IR,RED,24072,21054
IR,RED,24065,21041
IR,RED,24060,21044
IR,RED,24067,21042
IR,RED,24081,21049
IR,RED,24082,21041
IR,RED,24081,21051
IR,RED,24082,21039
IR,RED,24097,21060
IR,RED,24088,21047
IR,RED,24088,21055
IR,RED,24095,21047
IR,RED,24101,21047
IR,RED,24095,21047
IR,RED,24100,21048
IR,RED,24107,21043
IR,RED,24104,21051
IR,RED,24101,21046
IR,RED,24112,21041
IR,RED,24093,21053
IR,RED,24109,21048
IR,RED,24093,21042
IR,RED,24105,21037
IR,RED,24094,21052
IR,RED,24108,21057
IR,RED,24108,21051
IR,RED,24112,21049
IR,RED,24111,21053
IR,RED,24121,21045
IR,RED,24113,21049
IR,RED,24109,21053
IR,RED,24106,21048
IR,RED,24100,21057
IR,RED,24099,21038
IR,RED,24101,21053
IR,RED,24109,21058
IR,RED,24107,21048
IR,RED,24107,21052
IR,RED,24119,21046
IR,RED,24122,21058
IR,RED,24120,21054
IR,RED,24125,21067
IR,RED,24134,21048
IR,RED,24127,21060
IR,RED,24129,21059
IR,RED,24132,21055
IR,RED,24130,21062
IR,RED,24129,21054
IR,RED,24139,21066
IR,RED,24130,21054
IR,RED,24123,21052
IR,RED,24121,21048
IR,RED,24108,21038
IR,RED,24114,21043
IR,RED,24113,21058
IR,RED,24098,21042
IR,RED,24102,21049
IR,RED,24079,21042
IR,RED,24062,21011
IR,RED,24066,21011
IR,RED,24060,20992
IR,RED,24041,20988
IR,RED,24028,20988
IR,RED,24041,20975
IR,RED,24046,20975
IR,RED,24037,20975
IR,RED,24040,20967
IR,RED,24046,20970
IR,RED,24033,20972
IR,RED,24036,20966
IR,RED,24026,20968
IR,RED,24043,20979
IR,RED,24038,20975
IR,RED,24057,20978
IR,RED,24053,20984
IR,RED,24070,20986
IR,RED,24075,20991
IR,RED,24071,21001
IR,RED,24080,20994
IR,RED,24104,21005
IR,RED,24101,21011
IR,RED,24105,21009
IR,RED,24111,21021
IR,RED,24112,21021
IR,RED,24128,21017
IR,RED,24115,21021
IR,RED,24125,21030
IR,RED,24122,21030
IR,RED,24139,21028
IR,RED,24125,21031
IR,RED,24130,21036
IR,RED,24119,21036
IR,RED,24135,21035
IR,RED,24128,21022
IR,RED,24127,21033
IR,RED,24130,21036
IR,RED,24127,21026
IR,RED,24125,21024
IR,RED,24128,21030
IR,RED,24127,21037
IR,RED,24134,21032
IR,RED,24130,21016
IR,RED,24122,21014
IR,RED,24131,21018
IR,RED,24117,21014
IR,RED,24118,21022
IR,RED,24114,21013
IR,RED,24129,21018
IR,RED,24124,21017
IR,RED,24128,21027
IR,RED,24129,21019
IR,RED,24123,21017
IR,RED,24117,21009
IR,RED,24112,21018
IR,RED,24125,21016
IR,RED,24125,21017
IR,RED,24129,21010
IR,RED,24126,21019
IR,RED,24132,21025
IR,RED,24138,21022
IR,RED,24130,21008
IR,RED,24132,21018
IR,RED,24129,21012
IR,RED,24145,21016
IR,RED,24143,21023
IR,RED,24142,21013
IR,RED,24154,21026
IR,RED,24155,21028
IR,RED,24149,21025
IR,RED,24146,21022
IR,RED,24137,21003
IR,RED,24128,21009
IR,RED,24119,20992
IR,RED,24110,20988
IR,RED,24111,20980
IR,RED,24106,20979
IR,RED,24113,20970
IR,RED,24107,20970
IR,RED,24108,20981
IR,RED,24112,20978
IR,RED,24121,20969
IR,RED,24120,20978
IR,RED,24125,20977
IR,RED,24118,20971
IR,RED,24109,20982
IR,RED,24121,20981
IR,RED,24134,20975
IR,RED,24128,20979
IR,RED,24120,20975
IR,RED,24129,20977
IR,RED,24130,20973
IR,RED,24136,20971
IR,RED,24136,20970
IR,RED,24124,20968
IR,RED,24136,20971
IR,RED,24136,20968
IR,RED,24145,20978
IR,RED,24144,20978
IR,RED,24136,20975
IR,RED,24138,20971
IR,RED,24132,20971
IR,RED,24145,20969
IR,RED,24143,20964
IR,RED,24138,20970
IR,RED,24145,20961
IR,RED,24154,20973
IR,RED,24161,20977
IR,RED,24141,20977
IR,RED,24157,20965
IR,RED,24155,20969
IR,RED,24155,20972
IR,RED,24154,20958
IR,RED,24157,20965
IR,RED,24161,20959
IR,RED,24156,20969
IR,RED,24140,20969
IR,RED,24160,20969
IR,RED,24156,20963
IR,RED,24149,20964
IR,RED,24143,20965
IR,RED,24152,20955
IR,RED,24139,20965
IR,RED,24147,20962
IR,RED,24147,20959
IR,RED,24142,20965
IR,RED,24139,20963
IR,RED,24144,20957
IR,RED,24148,20960
IR,RED,24136,20964
IR,RED,24143,20955
IR,RED,24141,20957
IR,RED,24146,20955
IR,RED,24145,20954
IR,RED,24148,20954
IR,RED,24150,20956
IR,RED,24150,20964
IR,RED,24148,20945
IR,RED,24141,20961
IR,RED,24139,20956
IR,RED,24148,20956
IR,RED,24147,20961
IR,RED,24146,20954
IR,RED,24159,20969
IR,RED,24152,20957
IR,RED,24146,20957
IR,RED,24150,20948
IR,RED,24151,20943
IR,RED,24141,20946
IR,RED,24124,20939
IR,RED,24126,20936
IR,RED,24123,20935
IR,RED,24135,20932
IR,RED,24133,20933
IR,RED,24128,20915
IR,RED,24134,20927
IR,RED,24133,20924
IR,RED,24136,20924
IR,RED,24144,20925
IR,RED,24148,20944
IR,RED,24147,20927
IR,RED,24140,20928
IR,RED,24154,20935
IR,RED,24161,20943
IR,RED,24158,20937
IR,RED,24160,20945
IR,RED,24175,20953
IR,RED,24158,20943
IR,RED,24163,20947
IR,RED,24176,20946
IR,RED,24156,20955
IR,RED,24167,20931
IR,RED,24169,20939
IR,RED,24172,20946
IR,RED,24178,20942
IR,RED,24176,20943
IR,RED,24173,20942
IR,RED,24176,20929
IR,RED,24172,20941
IR,RED,24170,20942
IR,RED,24172,20944
IR,RED,24169,20946
IR,RED,24176,20948
IR,RED,24174,20945
IR,RED,24173,20945
IR,RED,24178,20940
IR,RED,24172,20946
IR,RED,24174,20945
IR,RED,24181,20946
IR,RED,24182,20930
IR,RED,24166,20942
IR,RED,24176,20944
IR,RED,24178,20933
IR,RED,24180,20941
IR,RED,24180,20944
IR,RED,24165,20933
IR,RED,24183,20933
IR,RED,24168,20943
IR,RED,24174,20946
IR,RED,24169,20940
IR,RED,24182,20932
IR,RED,24178,20946
IR,RED,24177,20943
IR,RED,24186,20950
IR,RED,24189,20953
IR,RED,24192,20953
IR,RED,24187,20955
IR,RED,24190,20953
IR,RED,24194,20953
IR,RED,24187,20959
IR,RED,24202,20953
IR,RED,24203,20963
IR,RED,24202,20959
IR,RED,24196,20966
IR,RED,24198,20966
IR,RED,24200,20966
IR,RED,24198,20958
IR,RED,24196,20961
IR,RED,24206,20961
IR,RED,24206,20967
IR,RED,24204,20967
IR,RED,24186,20966
IR,RED,24196,20965
IR,RED,24185,20965
IR,RED,24182,20953
IR,RED,24167,20945
IR,RED,24175,20935
IR,RED,24171,20930
IR,RED,24155,20927
IR,RED,24152,20924
IR,RED,24164,20933
IR,RED,24158,20924
IR,RED,24171,20935
IR,RED,24175,20936
IR,RED,24182,20934
IR,RED,24180,20929
IR,RED,24185,20954
IR,RED,24165,20938
IR,RED,24169,20938
IR,RED,24158,20927
IR,RED,24155,20921
IR,RED,24160,20923
IR,RED,24152,20920
IR,RED,24161,20926
IR,RED,24149,20920
IR,RED,24152,20923
IR,RED,24158,20933
IR,RED,24152,20931
IR,RED,24150,20928
IR,RED,24162,20933
IR,RED,24170,20930
IR,RED,24166,20926
IR,RED,24159,20936
IR,RED,24175,20934
IR,RED,24154,20927
IR,RED,24156,20920
IR,RED,24163,20922
IR,RED,24173,20930
IR,RED,24153,20931
IR,RED,24176,20924
IR,RED,24170,20934
IR,RED,24165,20928
IR,RED,24172,20925
IR,RED,24167,20933
IR,RED,24168,20945
IR,RED,24160,20933
IR,RED,24148,20930
IR,RED,24166,20926
IR,RED,24157,20921
IR,RED,24158,20931
IR,RED,24162,20919
IR,RED,24160,20943
IR,RED,24160,20937
IR,RED,24160,20936
IR,RED,24172,20945
IR,RED,24158,20932
IR,RED,24151,20933
IR,RED,24155,20927
IR,RED,24143,20920
IR,RED,24154,20931
IR,RED,24151,20931
IR,RED,24153,20928
IR,RED,24153,20917
IR,RED,24153,20911
IR,RED,24131,20924
IR,RED,24143,20905
IR,RED,24135,20917
IR,RED,24134,20903
IR,RED,24139,20919
IR,RED,24137,20917
IR,RED,24137,20925
IR,RED,24135,20927
IR,RED,24139,20912
IR,RED,24136,20924
IR,RED,24139,20923
IR,RED,24146,20919
IR,RED,24145,20918
IR,RED,24141,20928
IR,RED,24140,20919
IR,RED,24137,20925
IR,RED,24126,20921
IR,RED,24128,20917
IR,RED,24122,20905
IR,RED,24118,20902
IR,RED,24123,20894
IR,RED,24110,20899
IR,RED,24116,20894
IR,RED,24106,20888
IR,RED,24110,20885
IR,RED,24113,20880
IR,RED,24108,20889
IR,RED,24122,20897
IR,RED,24118,20892
IR,RED,24128,20898
IR,RED,24130,20902
IR,RED,24124,20899
IR,RED,24125,20898
IR,RED,24117,20901
IR,RED,24126,20892
IR,RED,24123,20892
IR,RED,24127,20894
IR,RED,24129,20892
IR,RED,24116,20892
IR,RED,24123,20888
IR,RED,24105,20899
IR,RED,24105,20886
IR,RED,24112,20889
IR,RED,24121,20879
IR,RED,24109,20881
IR,RED,24102,20887
IR,RED,24106,20887
IR,RED,24100,20891
IR,RED,24099,20872
IR,RED,24096,20887
IR,RED,24098,20877
IR,RED,24099,20880
IR,RED,24081,20876
IR,RED,24087,20873
IR,RED,24077,20869
IR,RED,24079,20868
IR,RED,24076,20864
IR,RED,24075,20872
IR,RED,24069,20858
IR,RED,24078,20863
IR,RED,24074,20863
IR,RED,24074,20860
IR,RED,24063,20857
IR,RED,24063,20865
IR,RED,24066,20866
IR,RED,24063,20854
IR,RED,24069,20858
IR,RED,24065,20863
IR,RED,24062,20864
IR,RED,24067,20869
IR,RED,24059,20863
IR,RED,24074,20871
IR,RED,24082,20876
IR,RED,24075,20874
IR,RED,24079,20858
IR,RED,24065,20872
IR,RED,24071,20868
IR,RED,24071,20869
IR,RED,24086,20868
IR,RED,24074,20874
IR,RED,24078,20875
IR,RED,24089,20878
IR,RED,24083,20879
IR,RED,24073,20881
IR,RED,24093,20875
IR,RED,24098,20887
IR,RED,24095,20880
IR,RED,24094,20895
IR,RED,24101,20879
IR,RED,24097,20885
IR,RED,24084,20871
IR,RED,24086,20880
IR,RED,24078,20866
IR,RED,24073,20866
IR,RED,24076,20861
IR,RED,24064,20851
IR,RED,24068,20847
IR,RED,24060,20851
IR,RED,24065,20848
IR,RED,24060,20852
IR,RED,24064,20855
IR,RED,24057,20855
IR,RED,24070,20863
IR,RED,24078,20847
IR,RED,24067,20852
IR,RED,24074,20854
IR,RED,24066,20852
IR,RED,24071,20861
IR,RED,24078,20863
IR,RED,24083,20861
IR,RED,24085,20858
IR,RED,24095,20872
IR,RED,24091,20867
IR,RED,24083,20865
IR,RED,24083,20863
IR,RED,24079,20850
IR,RED,24077,20854
IR,RED,24087,20860
IR,RED,24077,20857
IR,RED,24098,20852
IR,RED,24094,20852
IR,RED,24088,20864
IR,RED,24092,20863
IR,RED,24090,20846
IR,RED,24097,20860
IR,RED,24099,20856
IR,RED,24101,20859
IR,RED,24097,20857
IR,RED,24109,20862
IR,RED,24108,20873
IR,RED,24111,20877
IR,RED,24108,20871
IR,RED,24117,20870
IR,RED,24106,20873
IR,RED,24115,20876
IR,RED,24117,20868
IR,RED,24117,20875
IR,RED,24123,20869
IR,RED,24124,20877
IR,RED,24120,20879
IR,RED,24125,20883
IR,RED,24121,20879
IR,RED,24117,20881
IR,RED,24113,20883
IR,RED,24130,20880
IR,RED,24120,20879
IR,RED,24125,20881
IR,RED,24134,20880
IR,RED,24124,20885
IR,RED,24118,20885
IR,RED,24131,20880
IR,RED,24121,20879
IR,RED,24131,20888
IR,RED,24122,20880
IR,RED,24135,20880
IR,RED,24124,20883
IR,RED,24124,20892
IR,RED,24127,20887
IR,RED,24116,20884
IR,RED,24133,20884
IR,RED,24135,20888
IR,RED,24132,20882
IR,RED,24128,20891
IR,RED,24126,20901
IR,RED,24124,20884
IR,RED,24120,20888
IR,RED,24115,20873
IR,RED,24118,20868
IR,RED,24106,20865
IR,RED,24102,20863
IR,RED,24092,20869
IR,RED,24091,20852
IR,RED,24106,20854
IR,RED,24099,20859
IR,RED,24107,20854
IR,RED,24114,20857
IR,RED,24116,20863
IR,RED,24130,20864
IR,RED,24126,20860
IR,RED,24133,20861
IR,RED,24123,20859
IR,RED,24133,20868
IR,RED,24131,20852
IR,RED,24138,20860
IR,RED,24137,20877
IR,RED,24148,20862
IR,RED,24155,20878
IR,RED,24148,20868
IR,RED,24145,20891
IR,RED,24151,20882
IR,RED,24151,20883
IR,RED,24156,20873
IR,RED,24149,20876
IR,RED,24147,20863
IR,RED,24147,20870
IR,RED,24157,20877
IR,RED,24152,20865
IR,RED,24161,20865
IR,RED,24155,20870
IR,RED,24160,20881
IR,RED,24161,20886
IR,RED,24170,20888
IR,RED,24169,20883
IR,RED,24162,20885
IR,RED,24161,20884
IR,RED,24169,20890
IR,RED,24154,20874
IR,RED,24171,20881
IR,RED,24156,20877
IR,RED,24158,20876
IR,RED,24151,20878
IR,RED,24159,20874
IR,RED,24161,20873
IR,RED,24157,20856
IR,RED,24155,20871
IR,RED,24163,20864
IR,RED,24152,20873
IR,RED,24158,20874
IR,RED,24163,20878
IR,RED,24176,20874
IR,RED,24175,20873
IR,RED,24172,20873
IR,RED,24182,20876
IR,RED,24174,20871
IR,RED,24169,20885
IR,RED,24172,20884
IR,RED,24173,20886
IR,RED,24180,20882
IR,RED,24180,20887
IR,RED,24190,20901
IR,RED,24191,20894
IR,RED,24196,20906
IR,RED,24206,20902
IR,RED,24213,20899
IR,RED,24211,20904
IR,RED,24209,20896
IR,RED,24201,20902
IR,RED,24197,20905
IR,RED,24205,20900
IR,RED,24219,20902
IR,RED,24206,20907
IR,RED,24207,20908
IR,RED,24208,20901
IR,RED,24199,20896
IR,RED,24190,20884
IR,RED,24181,20881
IR,RED,24183,20871
IR,RED,24186,20874
IR,RED,24182,20862
IR,RED,24176,20874
IR,RED,24179,20874
IR,RED,24175,20868
IR,RED,24190,20874
IR,RED,24190,20888
IR,RED,24192,20879
IR,RED,24191,20876
IR,RED,24187,20874
IR,RED,24200,20873
IR,RED,24191,20879
IR,RED,24188,20867
IR,RED,24191,20877
IR,RED,24195,20872
IR,RED,24200,20871
IR,RED,24184,20871
IR,RED,24172,20859
IR,RED,24167,20860
IR,RED,24167,20854
IR,RED,24183,20864
IR,RED,24175,20860
IR,RED,24181,20862
IR,RED,24183,20858
IR,RED,24180,20860
IR,RED,24188,20853
IR,RED,24187,20858
IR,RED,24173,20863
IR,RED,24183,20865
IR,RED,24170,20858
IR,RED,24172,20863
IR,RED,24177,20861
IR,RED,24167,20853
IR,RED,24165,20866
IR,RED,24163,20863
IR,RED,24169,20859
IR,RED,24164,20864
IR,RED,24160,20853
IR,RED,24161,20860
IR,RED,24162,20858
IR,RED,24153,20857
IR,RED,24172,20861
IR,RED,24167,20871
IR,RED,24176,20874
IR,RED,24164,20871
IR,RED,24166,20863
IR,RED,24173,20873
IR,RED,24166,20859
IR,RED,24166,20869
IR,RED,24159,20868
IR,RED,24162,20866
IR,RED,24160,20871
IR,RED,24163,20865
IR,RED,24160,20876
IR,RED,24148,20869
IR,RED,24160,20872
IR,RED,24163,20888
IR,RED,24163,20880
IR,RED,24158,20880
IR,RED,24151,20881
IR,RED,24156,20896
IR,RED,24148,20888
IR,RED,24151,20890
IR,RED,24158,20893
IR,RED,24152,20902
IR,RED,24157,20908
IR,RED,24158,20893
IR,RED,24160,20898
IR,RED,24149,20893
IR,RED,24145,20890
IR,RED,24122,20875
IR,RED,24134,20868
IR,RED,24124,20876
IR,RED,24121,20865
IR,RED,24112,20860
IR,RED,24111,20873
IR,RED,24112,20862
IR,RED,24105,20867
IR,RED,24113,20873
IR,RED,24108,20873
IR,RED,24118,20880
IR,RED,24123,20876
IR,RED,24115,20868
IR,RED,24109,20887
IR,RED,24116,20882
IR,RED,24103,20881
IR,RED,24101,20882
IR,RED,24106,20882
IR,RED,24107,20887
IR,RED,24105,20893
IR,RED,24109,20892
IR,RED,24108,20896
IR,RED,24097,20899
IR,RED,24109,20890
IR,RED,24105,20903
IR,RED,24099,20897
IR,RED,24097,20896
IR,RED,24101,20888
IR,RED,24098,20898
IR,RED,24094,20892
IR,RED,24099,20894
IR,RED,24087,20902
IR,RED,24078,20906
IR,RED,24081,20900
IR,RED,24080,20893
IR,RED,24080,20897
IR,RED,24082,20898
IR,RED,24080,20907
IR,RED,24076,20909
IR,RED,24079,20894
IR,RED,24069,20895
IR,RED,24072,20894
IR,RED,24066,20896
IR,RED,24061,20898
IR,RED,24060,20904
IR,RED,24057,20904
IR,RED,24053,20896
IR,RED,24059,20897
IR,RED,24044,20900
IR,RED,24047,20896
IR,RED,24044,20898
IR,RED,24053,20901
IR,RED,24051,20899
IR,RED,24043,20899
IR,RED,24040,20898
IR,RED,24047,20898
IR,RED,24037,20899
IR,RED,24055,20901
IR,RED,24046,20907
IR,RED,24047,20901
IR,RED,24039,20903
IR,RED,24040,20899
IR,RED,24033,20907
IR,RED,24038,20916
IR,RED,24037,20913
IR,RED,24042,20910
IR,RED,24041,20907
IR,RED,24034,20904
IR,RED,24036,20912
IR,RED,24053,20916
IR,RED,24047,20924
IR,RED,24036,20924
IR,RED,24036,20928
IR,RED,24029,20912
IR,RED,24022,20917
IR,RED,24026,20908
IR,RED,24018,20900
IR,RED,24010,20897
IR,RED,24005,20898
IR,RED,23998,20897
IR,RED,23994,20888
IR,RED,23996,20892
IR,RED,23992,20895
IR,RED,23994,20885
IR,RED,23995,20892
IR,RED,23990,20898
IR,RED,23993,20897
IR,RED,24000,20910
IR,RED,24000,20917
IR,RED,24003,20916
IR,RED,23997,20915
IR,RED,23996,20922
IR,RED,24012,20902
IR,RED,23999,20905
IR,RED,24002,20917
IR,RED,24012,20924
IR,RED,24010,20927
IR,RED,24015,20926
IR,RED,24006,20913
IR,RED,24008,20916
IR,RED,23996,20922
IR,RED,24002,20931
IR,RED,24002,20918
IR,RED,23999,20928
IR,RED,24000,20918
IR,RED,23996,20923
IR,RED,23999,20919
IR,RED,24012,20913
IR,RED,24001,20920
IR,RED,24010,20916
IR,RED,24007,20920
IR,RED,24000,20927
IR,RED,24000,20934
IR,RED,23996,20923
IR,RED,23988,20914
IR,RED,23990,20914
IR,RED,23984,20923
IR,RED,23993,20922
IR,RED,23984,20930
IR,RED,23993,20934
IR,RED,23983,20924
IR,RED,23999,20928
IR,RED,23976,20927
IR,RED,23973,20922
IR,RED,23981,20922
IR,RED,23974,20923
IR,RED,23978,20924
IR,RED,23987,20930
IR,RED,23989,20921
IR,RED,23980,20925
IR,RED,23983,20925
IR,RED,23973,20936
IR,RED,23983,20929
IR,RED,23982,20932
IR,RED,23974,20941
IR,RED,23968,20932
IR,RED,23978,20926
IR,RED,23978,20925
IR,RED,23975,20924
IR,RED,23985,20923
IR,RED,23973,20927
IR,RED,23970,20930
IR,RED,23966,20923
IR,RED,23975,20928
IR,RED,23971,20937
IR,RED,23972,20937
IR,RED,23990,20936
IR,RED,23979,20945
IR,RED,23971,20948
IR,RED,23980,20946
IR,RED,23969,20936
IR,RED,23967,20932
IR,RED,23963,20928
IR,RED,23962,20921
IR,RED,23960,20920
IR,RED,23958,20924
IR,RED,23953,20916
IR,RED,23950,20921
IR,RED,23944,20910
IR,RED,23963,20920
IR,RED,23966,20926
IR,RED,23961,20919
IR,RED,23973,20920
IR,RED,23975,20921
IR,RED,23974,20922
IR,RED,23979,20926
IR,RED,23973,20923
IR,RED,23970,20925
IR,RED,23973,20933
IR,RED,23982,20930
IR,RED,23975,20938
IR,RED,23973,20929
IR,RED,23959,20927
IR,RED,23969,20919
IR,RED,23976,20924
IR,RED,23974,20925
IR,RED,23974,20920
IR,RED,23978,20918
IR,RED,23971,20925
IR,RED,23969,20921
IR,RED,23962,20917
IR,RED,23962,20912
IR,RED,23971,20915
IR,RED,23963,20915
IR,RED,23967,20916
IR,RED,23962,20916
IR,RED,23952,20906
IR,RED,23951,20909
IR,RED,23956,20900
IR,RED,23947,20901
IR,RED,23947,20901
IR,RED,23949,20909
IR,RED,23953,20912
IR,RED,23948,20905
IR,RED,23944,20896
IR,RED,23942,20901
IR,RED,23950,20901
IR,RED,23938,20894
IR,RED,23939,20903
IR,RED,23941,20893
IR,RED,23937,20894
IR,RED,23948,20893
IR,RED,23940,20893
IR,RED,23941,20902
IR,RED,23942,20901
IR,RED,23953,20895
IR,RED,23960,20904
IR,RED,23948,20909
IR,RED,23963,20907
IR,RED,23946,20899
IR,RED,23960,20904
IR,RED,23955,20904
IR,RED,23965,20914
IR,RED,23962,20907
IR,RED,23961,20904
IR,RED,23964,20910
IR,RED,23957,20918
IR,RED,23959,20922
IR,RED,23966,20916
IR,RED,23969,20909
IR,RED,23956,20913
IR,RED,23970,20912
IR,RED,23972,20914
IR,RED,23976,20921
IR,RED,23964,20921
IR,RED,23962,20915
IR,RED,23956,20906
IR,RED,23960,20896
IR,RED,23956,20904
IR,RED,23950,20896
IR,RED,23951,20887
IR,RED,23934,20890
IR,RED,23944,20885
IR,RED,23939,20888
IR,RED,23956,20898
IR,RED,23949,20884
IR,RED,23961,20897
IR,RED,23954,20887
IR,RED,23959,20886
IR,RED,23955,20894
IR,RED,23950,20892
IR,RED,23961,20890
IR,RED,23957,20885
IR,RED,23964,20897
IR,RED,23961,20901
IR,RED,23965,20887
IR,RED,23957,20898
IR,RED,23967,20895
IR,RED,23980,20894
IR,RED,23968,20890
IR,RED,23974,20891
IR,RED,23981,20899
IR,RED,23982,20895
IR,RED,23981,20905
IR,RED,23989,20904
IR,RED,23995,20906
IR,RED,23997,20908
IR,RED,23993,20900
IR,RED,23993,20899
IR,RED,23996,20905
IR,RED,23999,20909
IR,RED,24005,20910
IR,RED,24002,20911
IR,RED,24003,20909
IR,RED,23999,20914
IR,RED,24005,20915
IR,RED,24006,20914
IR,RED,24016,20914
IR,RED,24011,20917
IR,RED,24016,20915
IR,RED,24020,20919
IR,RED,24021,20921
IR,RED,24024,20915
IR,RED,24013,20918
IR,RED,24028,20915
IR,RED,24029,20926
IR,RED,24018,20925
IR,RED,24014,20911
IR,RED,24024,20915
IR,RED,24014,20917
IR,RED,24022,20913
IR,RED,24027,20918
IR,RED,24035,20923
IR,RED,24029,20917
IR,RED,24026,20923
IR,RED,24032,20916
IR,RED,24020,20927
IR,RED,24037,20912
IR,RED,24029,20911
IR,RED,24036,20920
IR,RED,24033,20918
IR,RED,24051,20933
IR,RED,24052,20932
IR,RED,24052,20929
IR,RED,24048,20928
IR,RED,24067,20933
IR,RED,24066,20945
IR,RED,24074,20954
IR,RED,24075,20940
IR,RED,24084,20948
IR,RED,24068,20955
IR,RED,24063,20946
IR,RED,24051,20948
IR,RED,24066,20943
IR,RED,24066,20941
IR,RED,24058,20931
IR,RED,24057,20940
IR,RED,24050,20927
IR,RED,24046,20924
IR,RED,24062,20925
IR,RED,24070,20930
IR,RED,24072,20930
IR,RED,24079,20932
IR,RED,24078,20938
IR,RED,24085,20942
IR,RED,24088,20944
IR,RED,24088,20943
IR,RED,24094,20934
IR,RED,24095,20957
IR,RED,24093,20942
IR,RED,24110,20952
IR,RED,24104,20950
IR,RED,24090,20943
IR,RED,24071,20930
IR,RED,24076,20929
IR,RED,24066,20933
IR,RED,24073,20938
IR,RED,24083,20927
IR,RED,24077,20938
IR,RED,24081,20921
IR,RED,24076,20931
IR,RED,24074,20926
IR,RED,24081,20924
IR,RED,24068,20921
IR,RED,24073,20925
IR,RED,24069,20919
IR,RED,24063,20917
IR,RED,24080,20927
IR,RED,24079,20918
IR,RED,24074,20931
IR,RED,24079,20921
IR,RED,24076,20924
IR,RED,24087,20925
IR,RED,24080,20932
IR,RED,24072,20910
IR,RED,24075,20922
IR,RED,24079,20911
IR,RED,24081,20921
IR,RED,24083,20925
IR,RED,24071,20921
IR,RED,24085,20929
IR,RED,24083,20925
IR,RED,24078,20917
IR,RED,24084,20920
IR,RED,24086,20933
IR,RED,24086,20930
IR,RED,24092,20930
IR,RED,24084,20923
IR,RED,24088,20926
IR,RED,24081,20930
IR,RED,24096,20927
IR,RED,24078,20925
IR,RED,24083,20928
IR,RED,24076,20929
IR,RED,24076,20911
IR,RED,24083,20919
IR,RED,24093,20927
IR,RED,24088,20930
IR,RED,24084,20928
IR,RED,24076,20924
IR,RED,24080,20930
IR,RED,24083,20921
IR,RED,24082,20919
IR,RED,24078,20919
IR,RED,24077,20911
IR,RED,24079,20918
IR,RED,24076,20916
IR,RED,24074,20911
IR,RED,24073,20914
IR,RED,24058,20900
IR,RED,24044,20899
IR,RED,24046,20897
IR,RED,24044,20887
IR,RED,24024,20879
IR,RED,24028,20883
IR,RED,24032,20876
IR,RED,24039,20880
IR,RED,24034,20874
IR,RED,24034,20868
IR,RED,24037,20870
IR,RED,24043,20881
IR,RED,24047,20872
IR,RED,24038,20885
IR,RED,24042,20887
IR,RED,24040,20874
IR,RED,24034,20887
IR,RED,24055,20882
IR,RED,24065,20886
IR,RED,24063,20883
IR,RED,24067,20886
IR,RED,24072,20880
IR,RED,24062,20883
IR,RED,24058,20890
IR,RED,24072,20883
IR,RED,24066,20873
IR,RED,24057,20878
IR,RED,24055,20883
IR,RED,24054,20880
IR,RED,24062,20876
IR,RED,24066,20877
IR,RED,24062,20875
IR,RED,24051,20876
IR,RED,24059,20872
IR,RED,24067,20877
IR,RED,24055,20881
IR,RED,24056,20869
IR,RED,24055,20881
IR,RED,24050,20862
IR,RED,24046,20864
IR,RED,24054,20861
IR,RED,24052,20859
IR,RED,24044,20860
IR,RED,24037,20855
IR,RED,24026,20860
IR,RED,24034,20854
IR,RED,24030,20850
IR,RED,24037,20847
IR,RED,24023,20850
IR,RED,24031,20851
IR,RED,24024,20843
IR,RED,24039,20847
IR,RED,24027,20849
IR,RED,24038,20852
IR,RED,24039,20849
IR,RED,24036,20854
IR,RED,24035,20845
IR,RED,24037,20853
IR,RED,24044,20859
IR,RED,24037,20859
IR,RED,24039,20865
IR,RED,24050,20853
IR,RED,24049,20854
IR,RED,24049,20868
IR,RED,24051,20854
IR,RED,24056,20864
IR,RED,24064,20861
IR,RED,24058,20869
IR,RED,24055,20869
IR,RED,24061,20867
IR,RED,24071,20872
IR,RED,24090,20879
IR,RED,24077,20881
IR,RED,24087,20881
IR,RED,24073,20872
IR,RED,24072,20873
IR,RED,24071,20868
IR,RED,24060,20871
IR,RED,24064,20851
IR,RED,24067,20860
IR,RED,24063,20852
IR,RED,24064,20855
IR,RED,24059,20850
IR,RED,24059,20846
IR,RED,24053,20845
IR,RED,24062,20868
IR,RED,24069,20862
IR,RED,24076,20860
IR,RED,24073,20862
IR,RED,24061,20858
IR,RED,24086,20861
IR,RED,24069,20858
IR,RED,24070,20856
IR,RED,24077,20870
IR,RED,24075,20860
IR,RED,24087,20858
IR,RED,24081,20869
IR,RED,24076,20850
IR,RED,24067,20858
IR,RED,24067,20848
IR,RED,24080,20856
IR,RED,24070,20862
IR,RED,24080,20854
IR,RED,24077,20849
IR,RED,24081,20857
IR,RED,24075,20854
IR,RED,24070,20852
IR,RED,24077,20850
IR,RED,24067,20851
IR,RED,24066,20849
IR,RED,24062,20849
IR,RED,24068,20845
IR,RED,24051,20856
IR,RED,24063,20837
IR,RED,24057,20843
IR,RED,24068,20840
IR,RED,24062,20841
IR,RED,24061,20851
IR,RED,24070,20844
IR,RED,24070,20852
IR,RED,24082,20853
IR,RED,24080,20855
IR,RED,24073,20855
IR,RED,24084,20853
IR,RED,24086,20850
IR,RED,24082,20857
IR,RED,24081,20863
IR,RED,24088,20859
IR,RED,24086,20861
IR,RED,24089,20856
IR,RED,24098,20863
IR,RED,24091,20863
IR,RED,24083,20871
IR,RED,24092,20869
IR,RED,24081,20870
IR,RED,24089,20870
IR,RED,24085,20862
IR,RED,24086,20866
IR,RED,24091,20862
IR,RED,24086,20863
IR,RED,24075,20859
IR,RED,24074,20859
IR,RED,24084,20867
IR,RED,24088,20856
IR,RED,24096,20861
IR,RED,24087,20864
IR,RED,24091,20855
IR,RED,24100,20856
IR,RED,24087,20869
IR,RED,24071,20856
IR,RED,24075,20845
IR,RED,24074,20846
IR,RED,24064,20852
IR,RED,24072,20840
IR,RED,24065,20852
IR,RED,24076,20844
IR,RED,24074,20832
IR,RED,24070,20836
IR,RED,24067,20837
IR,RED,24086,20841
IR,RED,24071,20832
IR,RED,24078,20843
IR,RED,24090,20832
IR,RED,24083,20840
IR,RED,24101,20833
IR,RED,24091,20831
IR,RED,24084,20842
IR,RED,24087,20831
IR,RED,24089,20840
IR,RED,24096,20847
IR,RED,24102,20839
IR,RED,24102,20846
IR,RED,24112,20846
IR,RED,24106,20857
IR,RED,24107,20849
IR,RED,24113,20845
IR,RED,24107,20842
IR,RED,24109,20846
IR,RED,24114,20847
IR,RED,24114,20852
IR,RED,24121,20860
IR,RED,24117,20861
IR,RED,24112,20857
IR,RED,24113,20852
IR,RED,24117,20852
IR,RED,24114,20855
IR,RED,24115,20850
IR,RED,24113,20845
IR,RED,24097,20848
IR,RED,24116,20851
IR,RED,24107,20847
IR,RED,24106,20850
IR,RED,24123,20846
IR,RED,24115,20847
IR,RED,24110,20851
IR,RED,24121,20847
IR,RED,24120,20851
IR,RED,24117,20857
IR,RED,24120,20857
IR,RED,24115,20857
IR,RED,24123,20854
IR,RED,24122,20852
IR,RED,24124,20858
IR,RED,24135,20860
IR,RED,24132,20866
IR,RED,24131,20864
IR,RED,24138,20860
IR,RED,24128,20858
IR,RED,24147,20863
IR,RED,24131,20868
IR,RED,24154,20874
IR,RED,24150,20869
IR,RED,24146,20880
IR,RED,24154,20878
IR,RED,24162,20870
IR,RED,24169,20879
IR,RED,24178,20884
IR,RED,24175,20901
IR,RED,24183,20896
IR,RED,24178,20897
IR,RED,24173,20895
IR,RED,24180,20893
IR,RED,24185,20897
IR,RED,24185,20907
IR,RED,24187,20896
IR,RED,24191,20888
IR,RED,24173,20879
IR,RED,24157,20881
IR,RED,24165,20879
IR,RED,24166,20866
IR,RED,24159,20868
IR,RED,24161,20857
IR,RED,24153,20853
IR,RED,24150,20853
IR,RED,24144,20856
IR,RED,24147,20849
IR,RED,24143,20834
IR,RED,24125,20825
IR,RED,24111,20823
IR,RED,24097,20809
IR,RED,24086,20807
IR,RED,24096,20794
IR,RED,24092,20804
IR,RED,24076,20793
IR,RED,24073,20792
IR,RED,24082,20800
IR,RED,24078,20806
IR,RED,24086,20812
IR,RED,24084,20798
IR,RED,24085,20800
IR,RED,24093,20803
IR,RED,24097,20794
IR,RED,24092,20789
IR,RED,24072,20790
IR,RED,24076,20781
IR,RED,24090,20790
IR,RED,24079,20786
IR,RED,24069,20777
IR,RED,24064,20785
IR,RED,24068,20791
IR,RED,24075,20779
IR,RED,24061,20784
IR,RED,24075,20790
IR,RED,24076,20783
IR,RED,24075,20783
IR,RED,24069,20787
IR,RED,24050,20780
IR,RED,24045,20773
IR,RED,24045,20767
IR,RED,24033,20765
IR,RED,24037,20775
IR,RED,24046,20758
IR,RED,24053,20764
IR,RED,24053,20768
IR,RED,24058,20773
IR,RED,24069,20779
IR,RED,24070,20782
IR,RED,24099,20795
IR,RED,24112,20808
IR,RED,24137,20829
IR,RED,24212,20847
IR,RED,24302,20925
IR,RED,24419,20990
IR,RED,24497,21055
IR,RED,24531,21092
IR,RED,24545,21111
IR,RED,24533,21097
IR,RED,24519,21085
IR,RED,24491,21064
IR,RED,24482,21061
IR,RED,24480,21039
IR,RED,24472,21047
IR,RED,24493,21048
IR,RED,24477,21053
IR,RED,24486,21053
IR,RED,24480,21051
IR,RED,24469,21045
IR,RED,24459,21030
IR,RED,24459,21031
IR,RED,24449,21017
IR,RED,24449,21020
IR,RED,24437,21012
IR,RED,24438,21006
IR,RED,24430,21004
IR,RED,24428,21000
IR,RED,24421,20994
IR,RED,24421,21005
IR,RED,24423,20982
IR,RED,24432,20995
IR,RED,24428,21001
IR,RED,24435,20995
IR,RED,24447,20996
IR,RED,24451,21013
IR,RED,24447,21013
IR,RED,24449,21001
IR,RED,24446,21014
IR,RED,24450,21004
IR,RED,24458,20995
IR,RED,24447,20996
IR,RED,24439,20993
IR,RED,24440,20995
IR,RED,24420,20984
IR,RED,24423,20984
IR,RED,24420,20981
IR,RED,24415,20980
IR,RED,24416,20965
IR,RED,24420,20971
IR,RED,24402,20970
IR,RED,24400,20970
IR,RED,24397,20967
IR,RED,24388,20962
IR,RED,24369,20939
IR,RED,24356,20942
IR,RED,24358,20932
IR,RED,24350,20937
IR,RED,24341,20921
IR,RED,24329,20918
IR,RED,24340,20923
IR,RED,24337,20925
IR,RED,24319,20919
IR,RED,24329,20922
IR,RED,24330,20912
IR,RED,24324,20909
IR,RED,24319,20914
IR,RED,24317,20914
IR,RED,24305,20903
IR,RED,24315,20915
IR,RED,24317,20906
IR,RED,24314,20900
IR,RED,24307,20906
IR,RED,24300,20897
IR,RED,24292,20900
IR,RED,24294,20889
IR,RED,24299,20888
IR,RED,24294,20882
IR,RED,24295,20885
IR,RED,24287,20880
IR,RED,24293,20877
IR,RED,24280,20879
IR,RED,24260,20865
IR,RED,24272,20865
IR,RED,24256,20860
IR,RED,24253,20856
IR,RED,24261,20860
IR,RED,24256,20855
IR,RED,24251,20850
IR,RED,24258,20843
IR,RED,24255,20852
IR,RED,24245,20843
IR,RED,24244,20856
IR,RED,24255,20847
IR,RED,24253,20852
IR,RED,24265,20858
IR,RED,24264,20862
IR,RED,24267,20871
IR,RED,24270,20863
IR,RED,24272,20863
IR,RED,24270,20877
IR,RED,24283,20873
IR,RED,24279,20872
IR,RED,24277,20869
IR,RED,24275,20869
IR,RED,24263,20861
IR,RED,24263,20860
IR,RED,24269,20858
IR,RED,24266,20847
IR,RED,24257,20855
IR,RED,24263,20855
IR,RED,24272,20857
IR,RED,24263,20847
IR,RED,24263,20859
IR,RED,24260,20849
IR,RED,24253,20849
IR,RED,24258,20850
IR,RED,24259,20856
IR,RED,24252,20854
IR,RED,24261,20853
IR,RED,24272,20859
IR,RED,24257,20861
IR,RED,24267,20852
IR,RED,24256,20857
IR,RED,24252,20846
IR,RED,24250,20847
IR,RED,24255,20847
IR,RED,24254,20859
IR,RED,24253,20858
IR,RED,24256,20848
IR,RED,24271,20851
IR,RED,24252,20854
IR,RED,24261,20858
IR,RED,24266,20857
IR,RED,24258,20860
IR,RED,24270,20863
IR,RED,24272,20866
IR,RED,24278,20856
IR,RED,24289,20865
IR,RED,24281,20870
IR,RED,24284,20857
IR,RED,24280,20864
IR,RED,24273,20855
IR,RED,24280,20857
IR,RED,24278,20839
IR,RED,24270,20855
IR,RED,24269,20845
IR,RED,24270,20842
IR,RED,24266,20851
IR,RED,24274,20849
IR,RED,24284,20855
IR,RED,24289,20850
IR,RED,24295,20848
IR,RED,24290,20857
IR,RED,24299,20857
IR,RED,24293,20856
IR,RED,24311,20863
IR,RED,24308,20867
IR,RED,24312,20872
IR,RED,24314,20863
IR,RED,24333,20875
IR,RED,24331,20877
IR,RED,24351,20870
IR,RED,24341,20868
IR,RED,24338,20865
IR,RED,24341,20865
IR,RED,24340,20871
IR,RED,24350,20878
IR,RED,24349,20886
IR,RED,24359,20886
IR,RED,24361,20890
IR,RED,24375,20897
IR,RED,24371,20891
IR,RED,24376,20901
IR,RED,24380,20903
IR,RED,24384,20898
IR,RED,24370,20897
IR,RED,24378,20893
IR,RED,24374,20890
IR,RED,24377,20886
IR,RED,24371,20892
IR,RED,24367,20890
IR,RED,24375,20888
IR,RED,24367,20889
IR,RED,24367,20882
IR,RED,24375,20877
IR,RED,24375,20889
IR,RED,24367,20886
IR,RED,24374,20877
IR,RED,24381,20887
IR,RED,24363,20881
IR,RED,24369,20891
IR,RED,24372,20889
IR,RED,24378,20879
IR,RED,24371,20880
IR,RED,24371,20884
IR,RED,24361,20879
IR,RED,24374,20878
IR,RED,24373,20876
IR,RED,24371,20877
IR,RED,24368,20879
IR,RED,24357,20871
IR,RED,24369,20865
IR,RED,24361,20867
IR,RED,24357,20864
IR,RED,24354,20854
IR,RED,24367,20857
IR,RED,24349,20857
IR,RED,24358,20846
IR,RED,24351,20857
IR,RED,24352,20849
IR,RED,24352,20849
IR,RED,24358,20854
IR,RED,24371,20863
IR,RED,24373,20868
IR,RED,24364,20861
IR,RED,24374,20866
IR,RED,24385,20862
IR,RED,24386,20861
IR,RED,24372,20851
IR,RED,24376,20852
IR,RED,24379,20860
IR,RED,24395,20848
IR,RED,24381,20866
IR,RED,24387,20858
IR,RED,24393,20859
IR,RED,24392,20862
IR,RED,24388,20855
IR,RED,24389,20859
IR,RED,24403,20857
IR,RED,24391,20849
IR,RED,24404,20852
IR,RED,24405,20867
IR,RED,24411,20870
IR,RED,24412,20859
IR,RED,24420,20854
IR,RED,24416,20853
IR,RED,24423,20862
IR,RED,24417,20861
IR,RED,24425,20853
IR,RED,24417,20866
IR,RED,24421,20861
IR,RED,24430,20859
IR,RED,24421,20852
IR,RED,24423,20851
IR,RED,24422,20855
IR,RED,24432,20859
IR,RED,24440,20862
IR,RED,24445,20858
IR,RED,24434,20861
IR,RED,24427,20860
IR,RED,24422,20852
IR,RED,24420,20856
IR,RED,24427,20849
IR,RED,24439,20854
IR,RED,24443,20868
IR,RED,24443,20863
IR,RED,24427,20853
IR,RED,24442,20851
IR,RED,24436,20858
IR,RED,24424,20854
IR,RED,24432,20850
IR,RED,24428,20842
IR,RED,24431,20838
IR,RED,24423,20835
IR,RED,24422,20826
IR,RED,24421,20831
IR,RED,24420,20826
IR,RED,24423,20840
IR,RED,24437,20830
IR,RED,24443,20835
IR,RED,24443,20836
IR,RED,24439,20839
IR,RED,24435,20842
IR,RED,24442,20847
IR,RED,24443,20834
IR,RED,24447,20835
IR,RED,24454,20844
IR,RED,24454,20850
IR,RED,24464,20842
IR,RED,24459,20847
IR,RED,24449,20843
IR,RED,24450,20843
IR,RED,24448,20851
IR,RED,24450,20846
IR,RED,24460,20839
IR,RED,24466,20865
IR,RED,24471,20845
IR,RED,24466,20848
IR,RED,24466,20842
IR,RED,24477,20841
IR,RED,24472,20839
IR,RED,24475,20849
IR,RED,24481,20845
IR,RED,24483,20834
IR,RED,24476,20845
IR,RED,24471,20840
IR,RED,24476,20851
IR,RED,24475,20842
IR,RED,24469,20836
IR,RED,24470,20838
IR,RED,24470,20838
IR,RED,24457,20847
IR,RED,24461,20850
IR,RED,24464,20842
IR,RED,24465,20843
IR,RED,24479,20841
IR,RED,24462,20850
IR,RED,24475,20848
IR,RED,24472,20841
IR,RED,24478,20840
IR,RED,24465,20847
IR,RED,24473,20857
IR,RED,24476,20839
IR,RED,24471,20837
IR,RED,24466,20845
IR,RED,24478,20846
IR,RED,24483,20845
IR,RED,24482,20855
IR,RED,24482,20854
IR,RED,24489,20842
IR,RED,24487,20858
IR,RED,24491,20843
IR,RED,24479,20859
IR,RED,24483,20836
IR,RED,24479,20840
IR,RED,24472,20836
IR,RED,24477,20827
IR,RED,24466,20834
IR,RED,24461,20820
IR,RED,24459,20819
IR,RED,24465,20820
IR,RED,24477,20822
IR,RED,24481,20825
IR,RED,24495,20839
IR,RED,24494,20841
IR,RED,24492,20831
IR,RED,24497,20826
IR,RED,24495,20842
IR,RED,24492,20833
IR,RED,24504,20835
IR,RED,24505,20829
IR,RED,24515,20840
IR,RED,24524,20838
IR,RED,24514,20832
IR,RED,24513,20837
IR,RED,24515,20839
IR,RED,24526,20838
IR,RED,24519,20826
IR,RED,24530,20837
IR,RED,24532,20834
IR,RED,24536,20833
IR,RED,24530,20843
IR,RED,24523,20835
IR,RED,24536,20830
IR,RED,24534,20828
IR,RED,24521,20834
IR,RED,24533,20835
IR,RED,24532,20833
IR,RED,24531,20830
IR,RED,24531,20841
IR,RED,24533,20838
IR,RED,24537,20838
IR,RED,24532,20832
IR,RED,24528,20833
IR,RED,24535,20835
IR,RED,24540,20834
IR,RED,24537,20816
IR,RED,24540,20830
IR,RED,24542,20827
IR,RED,24541,20841
IR,RED,24527,20836
IR,RED,24531,20838
IR,RED,24541,20823
IR,RED,24534,20840
IR,RED,24541,20842
IR,RED,24545,20838
IR,RED,24552,20843
IR,RED,24551,20838
IR,RED,24560,20836
IR,RED,24556,20834
IR,RED,24552,20834
IR,RED,24558,20850
IR,RED,24562,20837
IR,RED,24551,20832
IR,RED,24553,20837
IR,RED,24548,20839
IR,RED,24551,20840
IR,RED,24560,20857
IR,RED,24563,20852
IR,RED,24564,20853
IR,RED,24560,20855
IR,RED,24562,20848
IR,RED,24562,20842
IR,RED,24563,20842
IR,RED,24570,20844
IR,RED,24554,20837
IR,RED,24545,20833
IR,RED,24537,20826
IR,RED,24543,20819
IR,RED,24540,20823
IR,RED,24545,20815
IR,RED,24547,20821
IR,RED,24556,20829
IR,RED,24562,20834
IR,RED,24576,20830
IR,RED,24568,20832
IR,RED,24570,20830
IR,RED,24578,20825
IR,RED,24573,20824
IR,RED,24569,20817
IR,RED,24567,20824
IR,RED,24575,20826
IR,RED,24578,20833
IR,RED,24596,20831
IR,RED,24591,20833
IR,RED,24594,20832
IR,RED,24592,20831
IR,RED,24599,20832
IR,RED,24602,20837
IR,RED,24603,20832
IR,RED,24605,20838
IR,RED,24602,20845
IR,RED,24603,20831
IR,RED,24609,20828
IR,RED,24610,20833
IR,RED,24622,20835
IR,RED,24613,20837
IR,RED,24613,20843
IR,RED,24623,20836
IR,RED,24638,20846
IR,RED,24639,20850
IR,RED,24627,20841
IR,RED,24632,20853
IR,RED,24637,20842
IR,RED,24627,20850
IR,RED,24624,20840
IR,RED,24638,20847
IR,RED,24632,20846
IR,RED,24639,20843
IR,RED,24635,20839
IR,RED,24637,20851
IR,RED,24639,20852
IR,RED,24638,20857
IR,RED,24639,20859
IR,RED,24651,20856
IR,RED,24651,20852
IR,RED,24653,20853
IR,RED,24648,20854
IR,RED,24661,20848
IR,RED,24650,20866
IR,RED,24659,20863
IR,RED,24658,20863
IR,RED,24662,20861
IR,RED,24672,20867
IR,RED,24663,20870
IR,RED,24653,20864
IR,RED,24662,20867
IR,RED,24665,20863
IR,RED,24673,20864
IR,RED,24672,20870
IR,RED,24680,20863
IR,RED,24684,20884
IR,RED,24690,20879
IR,RED,24692,20882
IR,RED,24683,20879
IR,RED,24681,20869
IR,RED,24671,20872
IR,RED,24681,20865
IR,RED,24677,20870
IR,RED,24668,20859
IR,RED,24670,20855
IR,RED,24659,20847
IR,RED,24657,20855
IR,RED,24647,20836
IR,RED,24648,20838
IR,RED,24655,20836
IR,RED,24651,20839
IR,RED,24657,20840
IR,RED,24666,20842
IR,RED,24675,20841
IR,RED,24668,20854
IR,RED,24668,20839
IR,RED,24665,20845
IR,RED,24662,20845
IR,RED,24676,20848
IR,RED,24682,20851
IR,RED,24685,20859
IR,RED,24685,20861
IR,RED,24692,20862
IR,RED,24702,20860
IR,RED,24704,20864
IR,RED,24700,20864
IR,RED,24711,20861
IR,RED,24706,20866
IR,RED,24715,20862
IR,RED,24722,20870
IR,RED,24712,20880
IR,RED,24712,20875
IR,RED,24709,20871
IR,RED,24724,20860
IR,RED,24702,20868
IR,RED,24716,20862
IR,RED,24716,20874
IR,RED,24713,20873
IR,RED,24713,20871
IR,RED,24725,20873
IR,RED,24718,20874
IR,RED,24733,20877
IR,RED,24718,20874
IR,RED,24726,20878
IR,RED,24720,20868
IR,RED,24730,20871
IR,RED,24724,20875
IR,RED,24721,20877
IR,RED,24715,20878
IR,RED,24726,20878
IR,RED,24734,20894
IR,RED,24723,20883
IR,RED,24742,20888
IR,RED,24748,20897
IR,RED,24743,20889
IR,RED,24746,20895
IR,RED,24734,20890
IR,RED,24738,20892
IR,RED,24744,20886
IR,RED,24743,20887
IR,RED,24741,20894
IR,RED,24750,20904
IR,RED,24750,20901
IR,RED,24757,20908
IR,RED,24761,20901
IR,RED,24754,20905
IR,RED,24754,20894
IR,RED,24744,20902
IR,RED,24753,20909
IR,RED,24751,20903
IR,RED,24754,20911
IR,RED,24755,20917
IR,RED,24750,20910
IR,RED,24754,20911
IR,RED,24746,20916
IR,RED,24754,20911
IR,RED,24744,20906
IR,RED,24741,20913
IR,RED,24730,20902
IR,RED,24734,20893
IR,RED,24718,20890
IR,RED,24720,20892
IR,RED,24713,20889
IR,RED,24703,20862
IR,RED,24694,20870
IR,RED,24696,20860
IR,RED,24690,20865
IR,RED,24708,20867
IR,RED,24714,20869
IR,RED,24729,20862
IR,RED,24726,20873
IR,RED,24732,20865
IR,RED,24727,20878
IR,RED,24725,20880
IR,RED,24734,20882
IR,RED,24736,20887
IR,RED,24735,20865
IR,RED,24743,20884
IR,RED,24746,20893
IR,RED,24749,20894
IR,RED,24744,20892
IR,RED,24747,20892
IR,RED,24746,20907
IR,RED,24756,20905
IR,RED,24759,20897
IR,RED,24752,20895
IR,RED,24757,20892
IR,RED,24753,20906
IR,RED,24743,20898
IR,RED,24742,20887
IR,RED,24740,20881
IR,RED,24746,20886
IR,RED,24746,20880
IR,RED,24736,20891
IR,RED,24740,20887
IR,RED,24746,20888
IR,RED,24731,20883
IR,RED,24742,20883
IR,RED,24727,20880
IR,RED,24731,20881
IR,RED,24737,20886
IR,RED,24741,20893
IR,RED,24732,20888
IR,RED,24743,20886
IR,RED,24729,20888
IR,RED,24726,20883
IR,RED,24733,20879
IR,RED,24735,20884
IR,RED,24732,20881
IR,RED,24740,20884
IR,RED,24740,20892
IR,RED,24741,20883
IR,RED,24734,20894
IR,RED,24742,20899
IR,RED,24742,20902
IR,RED,24750,20894
IR,RED,24749,20893
IR,RED,24745,20881
IR,RED,24746,20888
IR,RED,24749,20896
IR,RED,24755,20897
IR,RED,24756,20890
IR,RED,24752,20892
IR,RED,24757,20899
IR,RED,24758,20904
IR,RED,24765,20896
IR,RED,24769,20913
IR,RED,24766,20906
IR,RED,24773,20916
IR,RED,24789,20919
IR,RED,24776,20923
IR,RED,24785,20918
IR,RED,24783,20929
IR,RED,24792,20932
IR,RED,24786,20931
IR,RED,24793,20936
IR,RED,24783,20934
IR,RED,24775,20940
IR,RED,24775,20933
IR,RED,24767,20925
IR,RED,24764,20927
IR,RED,24763,20914
IR,RED,24752,20906
IR,RED,24747,20899
IR,RED,24741,20889
IR,RED,24750,20885
IR,RED,24741,20880
IR,RED,24743,20874
IR,RED,24736,20879
IR,RED,24750,20884
IR,RED,24748,20880
IR,RED,24738,20878
IR,RED,24740,20876
IR,RED,24745,20881
IR,RED,24739,20871
IR,RED,24743,20869
IR,RED,24757,20886
IR,RED,24743,20876
IR,RED,24746,20875
IR,RED,24744,20875
IR,RED,24742,20878
IR,RED,24740,20877
IR,RED,24744,20875
IR,RED,24738,20879
IR,RED,24745,20882
IR,RED,24741,20869
IR,RED,24746,20879
IR,RED,24742,20876
IR,RED,24743,20870
IR,RED,24740,20874
IR,RED,24748,20870
IR,RED,24745,20877
IR,RED,24751,20888
IR,RED,24745,20884
IR,RED,24761,20884
IR,RED,24746,20875
IR,RED,24751,20883
IR,RED,24753,20874
IR,RED,24753,20872
IR,RED,24746,20894
IR,RED,24744,20888
IR,RED,24749,20880
IR,RED,24759,20888
IR,RED,24760,20879
IR,RED,24764,20888
IR,RED,24764,20897
IR,RED,24768,20900
IR,RED,24768,20890
IR,RED,24778,20889
IR,RED,24758,20892
IR,RED,24788,20885
IR,RED,24790,20903
IR,RED,24785,20900
IR,RED,24771,20893
IR,RED,24771,20909
IR,RED,24771,20890
IR,RED,24775,20893
IR,RED,24778,20910
IR,RED,24769,20908
IR,RED,24776,20898
IR,RED,24784,20899
IR,RED,24777,20902
IR,RED,24779,20906
IR,RED,24786,20898
IR,RED,24779,20898
IR,RED,24783,20907
IR,RED,24795,20911
IR,RED,24778,20910
IR,RED,24776,20905
IR,RED,24791,20911
IR,RED,24786,20907
IR,RED,24788,20917
IR,RED,24781,20910
IR,RED,24784,20917
IR,RED,24775,20900
IR,RED,24777,20908
IR,RED,24781,20903
IR,RED,24787,20900
IR,RED,24772,20900
IR,RED,24754,20899
IR,RED,24759,20887
IR,RED,24743,20879
IR,RED,24752,20884
IR,RED,24756,20881
IR,RED,24751,20880
IR,RED,24763,20876
IR,RED,24757,20877
IR,RED,24757,20885
IR,RED,24762,20885
IR,RED,24764,20880
IR,RED,24771,20872
IR,RED,24770,20886
IR,RED,24771,20886
IR,RED,24764,20888
IR,RED,24780,20886
IR,RED,24783,20883
IR,RED,24777,20893
IR,RED,24776,20890
IR,RED,24784,20897
IR,RED,24791,20894
IR,RED,24802,20907
IR,RED,24796,20898
IR,RED,24806,20902
IR,RED,24810,20900
IR,RED,24794,20904
IR,RED,24795,20900
IR,RED,24808,20902
IR,RED,24803,20905
IR,RED,24794,20906
IR,RED,24800,20907
IR,RED,24803,20905
IR,RED,24786,20908
IR,RED,24789,20892
IR,RED,24803,20897
IR,RED,24793,20896
IR,RED,24793,20902
IR,RED,24778,20892
IR,RED,24787,20895
IR,RED,24782,20901
IR,RED,24787,20897
IR,RED,24788,20899
IR,RED,24793,20896
IR,RED,24793,20897
IR,RED,24793,20909
IR,RED,24784,20900
IR,RED,24786,20900
IR,RED,24800,20904
IR,RED,24796,20904
IR,RED,24797,20903
IR,RED,24792,20905
IR,RED,24795,20907
IR,RED,24801,20913
IR,RED,24805,20907
IR,RED,24801,20902
IR,RED,24791,20897
IR,RED,24799,20908
IR,RED,24792,20908
IR,RED,24800,20918
IR,RED,24803,20905
IR,RED,24804,20904
IR,RED,24804,20916
IR,RED,24804,20921
IR,RED,24805,20914
IR,RED,24808,20926
IR,RED,24815,20925
IR,RED,24813,20922
IR,RED,24814,20926
IR,RED,24828,20919
IR,RED,24835,20928
IR,RED,24834,20930
IR,RED,24839,20930
IR,RED,24840,20933
IR,RED,24843,20937
IR,RED,24841,20928
IR,RED,24836,20932
IR,RED,24833,20920
IR,RED,24827,20931
IR,RED,24820,20923
IR,RED,24813,20910
IR,RED,24810,20905
IR,RED,24800,20891
IR,RED,24803,20882
IR,RED,24795,20894
IR,RED,24801,20895
IR,RED,24809,20887
IR,RED,24819,20898
IR,RED,24820,20900
IR,RED,24818,20900
IR,RED,24819,20901
IR,RED,24814,20899
IR,RED,24814,20914
IR,RED,24816,20918
IR,RED,24823,20903
IR,RED,24828,20912
IR,RED,24831,20917
IR,RED,24833,20913
IR,RED,24828,20910
IR,RED,24837,20910
IR,RED,24833,20918
IR,RED,24839,20910
IR,RED,24828,20919
IR,RED,24827,20912
IR,RED,24823,20925
IR,RED,24838,20933
IR,RED,24845,20919
IR,RED,24846,20928
IR,RED,24834,20917
IR,RED,24846,20922
IR,RED,24842,20921
IR,RED,24849,20926
IR,RED,24846,20937
IR,RED,24855,20924
IR,RED,24843,20916
IR,RED,24851,20917
IR,RED,24851,20923
IR,RED,24850,20929
IR,RED,24847,20927
IR,RED,24841,20923
IR,RED,24839,20928
IR,RED,24841,20927
IR,RED,24858,20943
IR,RED,24849,20934
IR,RED,24844,20929
IR,RED,24861,20929
IR,RED,24861,20932
IR,RED,24851,20933
IR,RED,24844,20925
IR,RED,24843,20932
IR,RED,24847,20931
IR,RED,24854,20927
IR,RED,24848,20936
IR,RED,24849,20936
IR,RED,24858,20934
IR,RED,24865,20934
IR,RED,24862,20938
IR,RED,24858,20936
IR,RED,24845,20930
IR,RED,24855,20936
IR,RED,24851,20934
IR,RED,24856,20944
IR,RED,24859,20936
IR,RED,24849,20948
IR,RED,24854,20936
IR,RED,24856,20934
IR,RED,24874,20946
IR,RED,24853,20946
IR,RED,24874,20954
IR,RED,24857,20956
IR,RED,24867,20950
IR,RED,24874,20951
IR,RED,24858,20952
IR,RED,24854,20947
IR,RED,24847,20953
IR,RED,24851,20933
IR,RED,24835,20923
IR,RED,24832,20927
IR,RED,24827,20919
IR,RED,24815,20906
IR,RED,24809,20916
IR,RED,24821,20895
IR,RED,24818,20906
IR,RED,24812,20902
IR,RED,24816,20899
IR,RED,24819,20899
IR,RED,24824,20903
IR,RED,24823,20899
IR,RED,24819,20904
IR,RED,24823,20901
IR,RED,24826,20903
IR,RED,24814,20906
IR,RED,24821,20905
IR,RED,24823,20910
IR,RED,24828,20906
IR,RED,24827,20909
IR,RED,24839,20912
IR,RED,24839,20909
IR,RED,24840,20919
IR,RED,24835,20913
IR,RED,24839,20918
IR,RED,24849,20909
IR,RED,24839,20923
IR,RED,24843,20911
IR,RED,24847,20911
IR,RED,24831,20912
IR,RED,24833,20917
IR,RED,24843,20923
IR,RED,24841,20917
IR,RED,24841,20917
IR,RED,24848,20919
IR,RED,24839,20924
IR,RED,24848,20921
IR,RED,24845,20924
IR,RED,24846,20919
IR,RED,24844,20919
IR,RED,24841,20915
IR,RED,24848,20919
IR,RED,24839,20917
IR,RED,24848,20921
IR,RED,24842,20930
IR,RED,24840,20923
IR,RED,24836,20921
IR,RED,24848,20931
IR,RED,24846,20922
IR,RED,24853,20932
IR,RED,24857,20930
IR,RED,24849,20929
IR,RED,24842,20933
IR,RED,24844,20923
IR,RED,24847,20927
IR,RED,24850,20924
IR,RED,24845,20917
IR,RED,24844,20930
IR,RED,24840,20930
IR,RED,24838,20924
IR,RED,24843,20924
IR,RED,24851,20933
IR,RED,24854,20938
IR,RED,24864,20937
IR,RED,24861,20939
IR,RED,24870,20944
IR,RED,24875,20938
IR,RED,24869,20945
IR,RED,24875,20954
IR,RED,24868,20949
IR,RED,24876,20948
IR,RED,24865,20954
IR,RED,24865,20953
IR,RED,24864,20941
IR,RED,24862,20944
IR,RED,24855,20932
IR,RED,24860,20927
IR,RED,24853,20930
IR,RED,24860,20917
IR,RED,24848,20922
IR,RED,24855,20914
IR,RED,24857,20914
IR,RED,24863,20928
IR,RED,24861,20926
IR,RED,24855,20929
IR,RED,24857,20924
IR,RED,24859,20918
IR,RED,24858,20925
IR,RED,24871,20928
IR,RED,24872,20929
IR,RED,24882,20934
IR,RED,24883,20946
IR,RED,24880,20941
IR,RED,24886,20948
IR,RED,24888,20944
IR,RED,24883,20949
IR,RED,24875,20950
IR,RED,24887,20961
IR,RED,24879,20950
IR,RED,24894,20955
IR,RED,24883,20949
IR,RED,24891,20957
IR,RED,24878,20945
IR,RED,24901,20948
IR,RED,24892,20950
IR,RED,24901,20952
IR,RED,24896,20949
IR,RED,24892,20944
IR,RED,24886,20950
IR,RED,24895,20940
IR,RED,24880,20946
IR,RED,24881,20946
IR,RED,24880,20937
IR,RED,24893,20944
IR,RED,24889,20949
IR,RED,24888,20943
IR,RED,24888,20950
IR,RED,24896,20958
IR,RED,24885,20942
IR,RED,24887,20951
IR,RED,24887,20936
IR,RED,24883,20949
IR,RED,24877,20947
IR,RED,24890,20951
IR,RED,24889,20943
IR,RED,24891,20955
IR,RED,24887,20955
IR,RED,24881,20953
IR,RED,24889,20958
IR,RED,24893,20956
IR,RED,24888,20960
IR,RED,24904,20965
IR,RED,24908,20960
IR,RED,24905,20963
IR,RED,24902,20960
IR,RED,24906,20973
IR,RED,24890,20971
IR,RED,24905,20979
IR,RED,24910,20958
IR,RED,24908,20968
IR,RED,24923,20984
IR,RED,24904,20984
IR,RED,24920,20978
IR,RED,24914,20978
IR,RED,24920,20978
IR,RED,24893,20970
IR,RED,24903,20967
IR,RED,24917,20961
IR,RED,24912,20956
IR,RED,24902,20950
IR,RED,24890,20951
IR,RED,24900,20949
IR,RED,24900,20937
IR,RED,24881,20949
IR,RED,24890,20943
IR,RED,24897,20949
IR,RED,24899,20931
IR,RED,24896,20959
IR,RED,24903,20953
IR,RED,24907,20955
IR,RED,24909,20949
IR,RED,24892,20951
IR,RED,24898,20954
IR,RED,24915,20965
IR,RED,24901,20965
IR,RED,24898,20949
IR,RED,24903,20956
IR,RED,24900,20958
IR,RED,24894,20963
IR,RED,24908,20959
IR,RED,24906,20956
IR,RED,24915,20950
IR,RED,24907,20957
IR,RED,24909,20957
IR,RED,24911,20960
IR,RED,24902,20949
IR,RED,24906,20955
IR,RED,24897,20951
IR,RED,24905,20953
IR,RED,24898,20958
IR,RED,24897,20959
IR,RED,24893,20958
IR,RED,24897,20947
IR,RED,24912,20949
IR,RED,24896,20953
IR,RED,24898,20960
IR,RED,24912,20963
IR,RED,24906,20960
IR,RED,24905,20983
IR,RED,24918,20969
IR,RED,24916,20971
IR,RED,24907,20977
IR,RED,24918,20976
IR,RED,24919,20972
IR,RED,24923,20975
IR,RED,24922,20976
IR,RED,24926,20987
IR,RED,24917,20988
IR,RED,24935,20983
IR,RED,24918,20982
IR,RED,24926,20980
IR,RED,24926,20976
IR,RED,24935,20980
IR,RED,24926,20985
IR,RED,24928,20988
IR,RED,24942,20988
IR,RED,24937,20986
IR,RED,24919,20988
IR,RED,24941,20992
IR,RED,24940,20989
IR,RED,24950,20988
IR,RED,24939,20997
IR,RED,24947,20989
IR,RED,24952,20983
IR,RED,24954,20987
IR,RED,24946,20998
IR,RED,24938,20984
IR,RED,24945,20990
IR,RED,24936,20989
IR,RED,24930,20987
IR,RED,24922,20970
IR,RED,24913,20974
IR,RED,24910,20973
IR,RED,24899,20964
IR,RED,24903,20955
IR,RED,24906,20955
IR,RED,24893,20956
IR,RED,24898,20946
IR,RED,24906,20952
IR,RED,24894,20959
IR,RED,24903,20960
IR,RED,24895,20960
IR,RED,24903,20954
IR,RED,24896,20956
IR,RED,24897,20954
IR,RED,24908,20953
IR,RED,24909,20969
IR,RED,24908,20953
IR,RED,24903,20965
IR,RED,24912,20966
IR,RED,24906,20977
IR,RED,24925,20968
IR,RED,24923,20971
IR,RED,24925,20965
IR,RED,24937,20966
IR,RED,24927,20969
IR,RED,24929,20985
IR,RED,24929,20979
IR,RED,24930,20981
IR,RED,24922,20977
IR,RED,24927,20971
IR,RED,24934,20972
IR,RED,24935,20982
IR,RED,24932,20978
IR,RED,24930,20990
IR,RED,24930,20978
IR,RED,24932,20978
IR,RED,24930,20979
IR,RED,24933,20973
IR,RED,24934,20982
IR,RED,24926,20968
IR,RED,24923,20986
IR,RED,24928,20984
IR,RED,24926,20981
IR,RED,24929,20980
IR,RED,24928,20982
IR,RED,24933,20978
IR,RED,24923,20976
IR,RED,24922,20976
IR,RED,24934,20978
IR,RED,24931,20984
IR,RED,24924,20976
IR,RED,24937,20970
IR,RED,24932,20977
IR,RED,24928,20981
IR,RED,24925,20981
IR,RED,24940,20982
IR,RED,24939,20981
IR,RED,24938,20982
IR,RED,24932,20979
IR,RED,24935,20981
IR,RED,24947,20983
IR,RED,24943,20986
IR,RED,24954,20986
IR,RED,24954,20986
IR,RED,24954,20992
IR,RED,24947,20990
IR,RED,24934,21001
IR,RED,24946,20986
IR,RED,24931,20988
IR,RED,24944,20987
IR,RED,24943,20979
IR,RED,24934,20981
IR,RED,24922,20972
IR,RED,24913,20956
IR,RED,24914,20972
IR,RED,24920,20960
IR,RED,24936,20956
IR,RED,24926,20961
IR,RED,24939,20970
IR,RED,24938,20973
IR,RED,24940,20974
IR,RED,24953,20982
IR,RED,24952,20984
IR,RED,24943,20983
IR,RED,24947,20976
IR,RED,24950,20985
IR,RED,24952,20992
IR,RED,24947,20990
IR,RED,24966,21003
IR,RED,24961,21002
IR,RED,24956,21000
IR,RED,24961,20980
IR,RED,24973,20993
IR,RED,24959,20990
IR,RED,24967,21001
IR,RED,24963,20998
IR,RED,24969,20994
IR,RED,24952,20993
IR,RED,24952,20983
IR,RED,24936,20988
IR,RED,24942,20984
IR,RED,24938,20978
IR,RED,24938,20973
IR,RED,24941,20984
IR,RED,24936,20984
IR,RED,24939,20986
IR,RED,24939,20977
IR,RED,24933,20989
IR,RED,24933,20982
IR,RED,24943,20984
IR,RED,24941,20983
IR,RED,24935,20977
IR,RED,24948,20987
IR,RED,24940,20988
IR,RED,24954,20985
IR,RED,24951,20993
IR,RED,24956,20998
IR,RED,24968,20993
IR,RED,24966,21006
IR,RED,24973,21006
IR,RED,24976,21001
IR,RED,24968,21004
IR,RED,24970,21002
IR,RED,24968,21003
IR,RED,24963,21010
IR,RED,24962,20995
IR,RED,24972,21002
IR,RED,24961,20996
IR,RED,24966,21002
IR,RED,24965,21005
IR,RED,24957,21007
IR,RED,24972,21005
IR,RED,24973,21012
IR,RED,24972,21018
IR,RED,24989,21013
IR,RED,24988,21025
IR,RED,24980,21016
IR,RED,24984,21023
IR,RED,24989,21018
IR,RED,24991,21019
IR,RED,24993,21022
IR,RED,24985,21020
IR,RED,24979,21012
IR,RED,24994,21009
IR,RED,24981,21018
IR,RED,24985,21011
IR,RED,24985,21000
IR,RED,24991,20995
IR,RED,24976,20999
IR,RED,24996,21004
IR,RED,25008,21014
IR,RED,25006,21015
IR,RED,25013,21012
IR,RED,25004,21017
IR,RED,25013,21007
IR,RED,25018,21026
IR,RED,25011,21021
IR,RED,25026,21038
IR,RED,25043,21033
IR,RED,25043,21042
IR,RED,25056,21043
IR,RED,25031,21046
IR,RED,25039,21047
IR,RED,25027,21036
IR,RED,25037,21041
IR,RED,25039,21048
IR,RED,25032,21052
IR,RED,25048,21051
IR,RED,25045,21058
IR,RED,25040,21055
IR,RED,25038,21054
IR,RED,25036,21042
IR,RED,25024,21040
IR,RED,25013,21039
IR,RED,25029,21036
IR,RED,25028,21030
IR,RED,25028,21035
IR,RED,25039,21035
IR,RED,25027,21038
IR,RED,25030,21039
IR,RED,25018,21048
IR,RED,25022,21045
IR,RED,25031,21038
IR,RED,25028,21039
IR,RED,25024,21029
IR,RED,25007,21046
IR,RED,25022,21025
IR,RED,25014,21032
IR,RED,25030,21040
IR,RED,25026,21046
IR,RED,25029,21047
IR,RED,25037,21049
IR,RED,25037,21061
IR,RED,25024,21051
IR,RED,25033,21053
IR,RED,25028,21049
IR,RED,25034,21043
IR,RED,25045,21053
IR,RED,25046,21046
IR,RED,25049,21049
IR,RED,25037,21049
IR,RED,25037,21057
IR,RED,25043,21055
IR,RED,25058,21055
IR,RED,25039,21057
IR,RED,25046,21058
IR,RED,25034,21056
IR,RED,25049,21058
IR,RED,25056,21065
IR,RED,25053,21061
IR,RED,25046,21058
IR,RED,25042,21061
IR,RED,25037,21052
IR,RED,25034,21049
IR,RED,25023,21041
IR,RED,25014,21033
IR,RED,25011,21030
IR,RED,24996,21017
IR,RED,24996,21022
IR,RED,24989,21010
IR,RED,24981,21008
IR,RED,24982,21007
IR,RED,24984,21001
IR,RED,24992,21003
IR,RED,24977,21000
IR,RED,24992,21007
IR,RED,24977,20997
IR,RED,24989,21007
IR,RED,24983,21010
IR,RED,24988,20996
IR,RED,24977,21007
IR,RED,24976,21008
IR,RED,24993,21013
IR,RED,24993,21010
IR,RED,24990,21010
IR,RED,24983,21011
IR,RED,24995,21015
IR,RED,25003,21012
IR,RED,25009,21010
IR,RED,24993,21010
IR,RED,25003,21024
IR,RED,24991,21016
IR,RED,24991,21016
IR,RED,24999,21015
IR,RED,25003,21016
IR,RED,25019,21040
IR,RED,25010,21025
IR,RED,25002,21036
IR,RED,25016,21030
IR,RED,25002,21033
IR,RED,25006,21026
IR,RED,24998,21022
IR,RED,25009,21024
IR,RED,25003,21022
IR,RED,25012,21033
IR,RED,25008,21028
IR,RED,25017,21041
IR,RED,24999,21031
IR,RED,24990,21041
IR,RED,24984,21022
IR,RED,25002,21020
IR,RED,24982,21018
IR,RED,24983,21022
IR,RED,24981,21017
IR,RED,24982,21016
IR,RED,24963,21016
IR,RED,24977,21014
IR,RED,24968,21014
IR,RED,24972,21007
IR,RED,24982,21005
IR,RED,24963,21004
IR,RED,24968,21011
IR,RED,24971,21006
IR,RED,24971,21010
IR,RED,24979,21004
IR,RED,24961,21009
IR,RED,24961,20996
IR,RED,24961,21006
IR,RED,24958,20999
IR,RED,24955,21011
IR,RED,24950,20994
IR,RED,24954,20995
IR,RED,24948,20996
IR,RED,24943,20990
IR,RED,24941,20986
IR,RED,24935,20979
IR,RED,24914,20967
IR,RED,24911,20965
IR,RED,24914,20956
IR,RED,24904,20949
IR,RED,24907,20954
IR,RED,24911,20953
IR,RED,24912,20960
IR,RED,24920,20954
IR,RED,24922,20955
IR,RED,24908,20952
IR,RED,24915,20956
IR,RED,24909,20956
IR,RED,24914,20944
IR,RED,24905,20955
IR,RED,24915,20963
IR,RED,24908,20967
IR,RED,24914,20959
IR,RED,24914,20961
IR,RED,24913,20961
IR,RED,24913,20957
IR,RED,24915,20962
IR,RED,24919,20972
IR,RED,24928,20970
IR,RED,24926,20964
IR,RED,24918,20976
IR,RED,24924,20965
IR,RED,24913,20960
IR,RED,24920,20964
IR,RED,24905,20961
IR,RED,24920,20961
IR,RED,24900,20959
IR,RED,24909,20957
IR,RED,24911,20954
IR,RED,24905,20971
IR,RED,24905,20959
IR,RED,24900,20961
IR,RED,24906,20967
IR,RED,24912,20961
IR,RED,24909,20966
IR,RED,24917,20962
IR,RED,24915,20970
IR,RED,24902,20969
IR,RED,24911,20975
IR,RED,24906,20977
IR,RED,24907,20969
IR,RED,24910,20967
IR,RED,24925,20976
IR,RED,24927,20974
IR,RED,24924,20980
IR,RED,24926,20969
IR,RED,24931,20969
IR,RED,24925,20971
IR,RED,24920,20980
IR,RED,24919,20976
IR,RED,24924,20988
IR,RED,24918,20988
IR,RED,24930,20984
IR,RED,24929,20983
IR,RED,24927,20984
IR,RED,24924,20985
IR,RED,24928,20990
IR,RED,24935,20985
IR,RED,24937,20992
IR,RED,24933,20993
IR,RED,24934,20996
IR,RED,24934,20990
IR,RED,24943,20999
IR,RED,24925,20988
IR,RED,24922,20998
IR,RED,24918,20991
IR,RED,24903,20981
IR,RED,24907,20980
IR,RED,24899,20976
IR,RED,24889,20962
IR,RED,24890,20962
IR,RED,24894,20963
IR,RED,24899,20958
IR,RED,24894,20968
IR,RED,24905,20971
IR,RED,24902,20965
IR,RED,24902,20969
IR,RED,24898,20959
IR,RED,24902,20965
IR,RED,24888,20975
IR,RED,24895,20967
IR,RED,24901,20972
IR,RED,24910,20984
IR,RED,24916,20982
IR,RED,24916,20981
IR,RED,24911,20978
IR,RED,24911,20980
IR,RED,24908,20985
IR,RED,24912,20973
IR,RED,24914,20984
IR,RED,24926,20980
IR,RED,24922,20984
IR,RED,24928,20986
IR,RED,24937,20989
IR,RED,24927,20992
IR,RED,24922,20995
IR,RED,24927,20984
IR,RED,24928,20984
IR,RED,24922,20978
IR,RED,24923,20993
IR,RED,24930,20994
IR,RED,24940,20994
IR,RED,24931,20998
IR,RED,24939,21007
IR,RED,24942,21013
IR,RED,24935,20999
IR,RED,24925,21002
IR,RED,24924,20998
IR,RED,24926,20995
IR,RED,24933,21001
IR,RED,24916,21005
IR,RED,24923,21001
IR,RED,24916,21003
IR,RED,24923,21012
IR,RED,24920,21007
IR,RED,24924,21001
IR,RED,24923,21001
IR,RED,24941,21004
IR,RED,24923,21008
IR,RED,24924,21011
IR,RED,24926,21004
IR,RED,24922,21000
IR,RED,24935,21009
IR,RED,24926,21023
IR,RED,24924,21017
IR,RED,24935,21016
IR,RED,24936,21020
IR,RED,24935,21019
IR,RED,24934,21009
IR,RED,24937,21018
IR,RED,24938,21021
IR,RED,24932,21016
IR,RED,24934,21024
IR,RED,24934,21022
IR,RED,24934,21022
IR,RED,24920,21004
IR,RED,24917,21002
IR,RED,24909,21002
IR,RED,24903,20981
IR,RED,24907,21009
IR,RED,24890,20991
IR,RED,24889,20983
IR,RED,24877,20976
IR,RED,24885,20974
IR,RED,24883,20971
IR,RED,24879,20976
IR,RED,24877,20969
IR,RED,24881,20981
IR,RED,24881,20986
IR,RED,24884,20976
IR,RED,24864,20975
IR,RED,24875,20978
IR,RED,24866,20980
IR,RED,24863,20985
IR,RED,24860,20981
IR,RED,24873,20980
IR,RED,24868,20983
IR,RED,24865,20979
IR,RED,24871,20963
IR,RED,24861,20983
IR,RED,24858,20980
IR,RED,24852,20986
IR,RED,24865,20984
IR,RED,24858,20979
IR,RED,24858,20983
IR,RED,24851,20969
IR,RED,24862,20977
IR,RED,24868,20982
IR,RED,24865,20984
IR,RED,24858,20990
IR,RED,24870,20976
IR,RED,24862,20981
IR,RED,24863,20980
IR,RED,24864,20991
IR,RED,24856,20986
IR,RED,24855,20982
IR,RED,24858,20984
IR,RED,24862,20999
IR,RED,24844,20988
IR,RED,24848,20997
IR,RED,24851,20990
IR,RED,24848,20992
IR,RED,24849,20989
IR,RED,24851,20992
IR,RED,24843,20983
IR,RED,24840,20986
IR,RED,24848,20988
IR,RED,24841,20983
IR,RED,24841,20988
IR,RED,24838,20992
IR,RED,24835,20990
IR,RED,24841,20998
IR,RED,24837,20986
IR,RED,24835,20978
IR,RED,24833,20993
IR,RED,24845,20988
IR,RED,24843,20990
IR,RED,24833,20983
IR,RED,24837,20991
IR,RED,24831,20985
IR,RED,24821,20980
IR,RED,24821,20987
IR,RED,24836,20989
IR,RED,24834,20990
IR,RED,24830,20987
IR,RED,24830,20994
IR,RED,24829,20982
IR,RED,24824,20993
IR,RED,24819,20998
IR,RED,24818,20987
IR,RED,24812,20979
IR,RED,24811,20971
IR,RED,24800,20972
IR,RED,24787,20962
IR,RED,24781,20955
IR,RED,24772,20945
IR,RED,24775,20952
IR,RED,24764,20952
IR,RED,24771,20943
IR,RED,24762,20960
IR,RED,24767,20957
IR,RED,24778,20956
IR,RED,24778,20954
IR,RED,24775,20964
IR,RED,24774,20965
IR,RED,24766,20957
IR,RED,24778,20967
IR,RED,24766,20959
IR,RED,24781,20965
IR,RED,24773,20973
IR,RED,24767,20965
IR,RED,24775,20970
IR,RED,24763,20974
IR,RED,24766,20971
IR,RED,24750,20965
IR,RED,24748,20949
IR,RED,24742,20951
IR,RED,24730,20941
IR,RED,24727,20951
IR,RED,24703,20944
IR,RED,24702,20931
IR,RED,24683,20938
IR,RED,24676,20932
IR,RED,24655,20917
IR,RED,24645,20900
IR,RED,24634,20901
IR,RED,24625,20896
IR,RED,24610,20884
IR,RED,24620,20892
IR,RED,24617,20899
IR,RED,24607,20902
IR,RED,24607,20903
IR,RED,24612,20909
IR,RED,24599,20896
IR,RED,24597,20888
IR,RED,24595,20888
IR,RED,24602,20891
IR,RED,24603,20887
IR,RED,24603,20902
IR,RED,24604,20904
IR,RED,24607,20900
IR,RED,24608,20888
IR,RED,24602,20893
IR,RED,24606,20900
IR,RED,24602,20889
IR,RED,24605,20887
IR,RED,24595,20882
IR,RED,24585,20889
IR,RED,24571,20885
IR,RED,24568,20886
IR,RED,24574,20874
IR,RED,24562,20885
IR,RED,24565,20883
IR,RED,24556,20871
IR,RED,24553,20871
IR,RED,24552,20883
IR,RED,24536,20877
IR,RED,24536,20879
IR,RED,24546,20869
IR,RED,24551,20870
IR,RED,24551,20882
IR,RED,24555,20881
IR,RED,24564,20892
IR,RED,24572,20884
IR,RED,24567,20886
IR,RED,24570,20882
IR,RED,24567,20883
IR,RED,24563,20880
IR,RED,24558,20879
IR,RED,24560,20864
IR,RED,24555,20867
IR,RED,24549,20859
IR,RED,24557,20860
IR,RED,24553,20863
IR,RED,24561,20876
IR,RED,24551,20874
IR,RED,24548,20872
IR,RED,24544,20881
IR,RED,24537,20869
IR,RED,24529,20872
IR,RED,24538,20872
IR,RED,24540,20868
IR,RED,24555,20888
IR,RED,24564,20892
IR,RED,24570,20895
IR,RED,24557,20882
IR,RED,24553,20890
IR,RED,24523,20887
IR,RED,24524,20884
IR,RED,24540,20881
IR,RED,24548,20871
IR,RED,24545,20884
IR,RED,24550,20886
IR,RED,24547,20888
IR,RED,24530,20870
IR,RED,24510,20877
IR,RED,24508,20855
IR,RED,24483,20862
IR,RED,24488,20858
IR,RED,24501,20869
IR,RED,24506,20878
IR,RED,24508,20887
IR,RED,24501,20877
IR,RED,24498,20873
IR,RED,24486,20874
IR,RED,24480,20858
IR,RED,24472,20862
IR,RED,24476,20867
IR,RED,24486,20863
IR,RED,24488,20875
IR,RED,24490,20872
IR,RED,24492,20869
IR,RED,24488,20865
IR,RED,24487,20875
IR,RED,24470,20873
IR,RED,24473,20876
IR,RED,24475,20869
IR,RED,24474,20865
IR,RED,24476,20865
IR,RED,24471,20863
IR,RED,24479,20872
IR,RED,24470,20867
IR,RED,24471,20858
IR,RED,24458,20858
IR,RED,24467,20866
IR,RED,24474,20872
IR,RED,24471,20870
IR,RED,24475,20876
IR,RED,24486,20866
IR,RED,24494,20876
IR,RED,24484,20885
IR,RED,24499,20872
IR,RED,24501,20881
IR,RED,24507,20888
IR,RED,24513,20885
IR,RED,24511,20893
IR,RED,24525,20893
IR,RED,24508,20904
IR,RED,24514,20904
IR,RED,24509,20904
IR,RED,24509,20900
IR,RED,24502,20889
IR,RED,24510,20885
IR,RED,24509,20884
IR,RED,24497,20882
IR,RED,24504,20870
IR,RED,24496,20868
IR,RED,24502,20880
IR,RED,24494,20867
IR,RED,24506,20880
IR,RED,24514,20878
IR,RED,24520,20892
IR,RED,24517,20884
IR,RED,24531,20889
IR,RED,24523,20878
IR,RED,24525,20890
IR,RED,24507,20892
IR,RED,24520,20892
IR,RED,24520,20892
IR,RED,24523,20893
IR,RED,24515,20885
IR,RED,24516,20895
IR,RED,24519,20887
IR,RED,24517,20901
IR,RED,24522,20902
IR,RED,24523,20904
IR,RED,24522,20890
IR,RED,24522,20903
IR,RED,24517,20891
IR,RED,24526,20887
IR,RED,24520,20894
IR,RED,24527,20901
IR,RED,24518,20887
IR,RED,24527,20902
IR,RED,24517,20894
IR,RED,24513,20890
IR,RED,24515,20895
IR,RED,24521,20894
IR,RED,24511,20888
IR,RED,24513,20893
IR,RED,24513,20895
IR,RED,24518,20898
IR,RED,24503,20893
IR,RED,24503,20898
IR,RED,24508,20893
IR,RED,24511,20894
IR,RED,24507,20898
IR,RED,24516,20890
IR,RED,24514,20899
IR,RED,24521,20901
IR,RED,24524,20899
IR,RED,24519,20901
IR,RED,24532,20892
IR,RED,24517,20908
IR,RED,24525,20903
IR,RED,24526,20901
IR,RED,24526,20903
IR,RED,24528,20907
IR,RED,24523,20901
IR,RED,24522,20909
IR,RED,24526,20908
IR,RED,24524,20911
IR,RED,24515,20909
IR,RED,24518,20907
IR,RED,24520,20900
IR,RED,24523,20896
IR,RED,24519,20903
IR,RED,24507,20903
IR,RED,24516,20899
IR,RED,24508,20901
IR,RED,24516,20896
IR,RED,24507,20918
IR,RED,24515,20899
IR,RED,24509,20909
IR,RED,24495,20898
IR,RED,24488,20902
IR,RED,24482,20888
IR,RED,24464,20887
IR,RED,24480,20886
IR,RED,24465,20876
IR,RED,24457,20871
IR,RED,24464,20865
IR,RED,24454,20868
IR,RED,24453,20860
IR,RED,24466,20867
IR,RED,24461,20861
IR,RED,24449,20867
IR,RED,24464,20868
IR,RED,24456,20866
IR,RED,24452,20871
IR,RED,24444,20875
IR,RED,24453,20869
IR,RED,24458,20859
IR,RED,24457,20864
IR,RED,24463,20860
IR,RED,24451,20865
IR,RED,24453,20867
IR,RED,24446,20866
IR,RED,24447,20862
IR,RED,24446,20868
IR,RED,24445,20864
IR,RED,24446,20869
IR,RED,24454,20874
IR,RED,24462,20868
IR,RED,24450,20874
IR,RED,24451,20869
IR,RED,24440,20865
IR,RED,24443,20863
IR,RED,24444,20869
IR,RED,24446,20864
IR,RED,24441,20868
IR,RED,24447,20856
IR,RED,24435,20860
IR,RED,24449,20857
IR,RED,24430,20848
IR,RED,24442,20862
IR,RED,24435,20850
IR,RED,24419,20852
IR,RED,24431,20846
IR,RED,24421,20843
IR,RED,24423,20847
IR,RED,24412,20847
IR,RED,24413,20847
IR,RED,24415,20831
IR,RED,24416,20839
IR,RED,24404,20846
IR,RED,24401,20847
IR,RED,24382,20825
IR,RED,24387,20835
IR,RED,24390,20833
IR,RED,24376,20838
IR,RED,24372,20832
IR,RED,24375,20833
IR,RED,24376,20827
IR,RED,24376,20828
IR,RED,24368,20820
IR,RED,24367,20835
IR,RED,24354,20822
IR,RED,24351,20819
IR,RED,24358,20832
IR,RED,24362,20826
IR,RED,24368,20828
IR,RED,24355,20831
IR,RED,24360,20827
IR,RED,24349,20821
IR,RED,24348,20817
IR,RED,24340,20807
IR,RED,24344,20811
IR,RED,24334,20810
IR,RED,24331,20808
IR,RED,24338,20795
IR,RED,24326,20791
IR,RED,24335,20792
IR,RED,24338,20806
IR,RED,24329,20804
IR,RED,24337,20815
IR,RED,24345,20818
IR,RED,24346,20811
IR,RED,24339,20806
IR,RED,24356,20803
IR,RED,24348,20806
IR,RED,24351,20810
IR,RED,24350,20810
IR,RED,24351,20816
IR,RED,24341,20810
IR,RED,24350,20808
IR,RED,24351,20820
IR,RED,24349,20811
IR,RED,24343,20809
IR,RED,24350,20818
IR,RED,24343,20811
IR,RED,24346,20813
IR,RED,24363,20816
IR,RED,24344,20819
IR,RED,24346,20814
IR,RED,24351,20812
IR,RED,24353,20808
IR,RED,24343,20816
IR,RED,24346,20799
IR,RED,24342,20804
IR,RED,24345,20812
IR,RED,24345,20810
IR,RED,24338,20817
IR,RED,24340,20810
IR,RED,24336,20807
IR,RED,24330,20806
IR,RED,24335,20814
IR,RED,24333,20812
IR,RED,24330,20803
IR,RED,24324,20810
IR,RED,24324,20802
IR,RED,24328,20805
IR,RED,24321,20797
IR,RED,24330,20801
IR,RED,24325,20811
IR,RED,24321,20806
IR,RED,24323,20807
IR,RED,24310,20800
IR,RED,24317,20800
IR,RED,24320,20803
IR,RED,24321,20808
IR,RED,24325,20815
IR,RED,24334,20810
IR,RED,24328,20808
IR,RED,24325,20807
IR,RED,24326,20821
IR,RED,24322,20804
IR,RED,24324,20809
IR,RED,24331,20813
IR,RED,24327,20813
IR,RED,24339,20822
IR,RED,24331,20808
IR,RED,24330,20811
IR,RED,24326,20823
IR,RED,24324,20806
IR,RED,24323,20796
IR,RED,24318,20792
IR,RED,24302,20788
IR,RED,24312,20782
IR,RED,24312,20784
IR,RED,24303,20790
IR,RED,24305,20796
IR,RED,24304,20778
IR,RED,24306,20777
IR,RED,24314,20792
IR,RED,24314,20787
IR,RED,24306,20787
IR,RED,24306,20798
IR,RED,24309,20789
IR,RED,24310,20790
IR,RED,24306,20800
IR,RED,24305,20799
IR,RED,24311,20793
IR,RED,24306,20791
IR,RED,24301,20783
IR,RED,24313,20797
IR,RED,24307,20793
IR,RED,24303,20799
IR,RED,24307,20794
IR,RED,24312,20800
IR,RED,24313,20789
IR,RED,24319,20801
IR,RED,24325,20790
IR,RED,24315,20800
IR,RED,24321,20798
IR,RED,24321,20796
IR,RED,24310,20807
IR,RED,24314,20795
IR,RED,24320,20792
IR,RED,24317,20794
IR,RED,24319,20794
IR,RED,24327,20789
IR,RED,24318,20804
IR,RED,24317,20799
IR,RED,24317,20800
IR,RED,24314,20789
IR,RED,24310,20794
IR,RED,24317,20796
IR,RED,24304,20795
IR,RED,24322,20805
IR,RED,24310,20794
IR,RED,24311,20799
IR,RED,24310,20797
IR,RED,24310,20798
IR,RED,24310,20795
IR,RED,24312,20791
IR,RED,24299,20789
IR,RED,24303,20791
IR,RED,24307,20794
IR,RED,24316,20797
IR,RED,24302,20808
IR,RED,24319,20795
IR,RED,24322,20801
IR,RED,24318,20810
IR,RED,24323,20806
IR,RED,24311,20801
IR,RED,24314,20803
IR,RED,24310,20801
IR,RED,24311,20805
IR,RED,24315,20809
IR,RED,24327,20803
IR,RED,24306,20815
IR,RED,24324,20813
IR,RED,24322,20806
IR,RED,24316,20809
IR,RED,24321,20803
IR,RED,24318,20800
IR,RED,24302,20789
IR,RED,24308,20798
IR,RED,24295,20779
IR,RED,24298,20792
IR,RED,24297,20774
IR,RED,24296,20781
IR,RED,24299,20785
IR,RED,24297,20772
IR,RED,24314,20792
IR,RED,24310,20788
IR,RED,24315,20793
IR,RED,24322,20793
IR,RED,24323,20797
IR,RED,24320,20789
IR,RED,24305,20790
IR,RED,24317,20785
IR,RED,24318,20791
IR,RED,24320,20792
IR,RED,24318,20798
IR,RED,24317,20792
IR,RED,24329,20794
IR,RED,24321,20793
IR,RED,24329,20795
IR,RED,24316,20794
IR,RED,24317,20793
IR,RED,24319,20802
IR,RED,24318,20796
IR,RED,24322,20786
IR,RED,24318,20785
IR,RED,24321,20783
IR,RED,24311,20788
IR,RED,24315,20788
IR,RED,24316,20784
IR,RED,24321,20789
IR,RED,24306,20787
IR,RED,24306,20786
IR,RED,24309,20776
IR,RED,24308,20774
IR,RED,24296,20772
IR,RED,24310,20786
IR,RED,24301,20786
IR,RED,24295,20778
IR,RED,24307,20783
IR,RED,24307,20791
IR,RED,24305,20786
IR,RED,24306,20793
IR,RED,24317,20787
IR,RED,24319,20792
IR,RED,24309,20783
IR,RED,24306,20792
IR,RED,24307,20786
IR,RED,24307,20778
IR,RED,24299,20795
IR,RED,24308,20774
IR,RED,24302,20789
IR,RED,24310,20791
IR,RED,24310,20786
IR,RED,24306,20786
IR,RED,24310,20779
IR,RED,24312,20789
IR,RED,24316,20796
IR,RED,24313,20796
IR,RED,24309,20792
IR,RED,24310,20796
IR,RED,24322,20791
IR,RED,24317,20796
IR,RED,24317,20794
IR,RED,24316,20797
IR,RED,24318,20799
IR,RED,24313,20776
IR,RED,24304,20774
IR,RED,24309,20778
IR,RED,24295,20779
IR,RED,24296,20777
IR,RED,24292,20766
IR,RED,24291,20772
IR,RED,24284,20759
IR,RED,24288,20764
IR,RED,24298,20765
IR,RED,24294,20762
IR,RED,24288,20769
IR,RED,24296,20761
IR,RED,24292,20761
IR,RED,24290,20766
IR,RED,24293,20768
IR,RED,24304,20764
IR,RED,24300,20752
IR,RED,24302,20761
IR,RED,24291,20768
IR,RED,24291,20765
IR,RED,24292,20758
IR,RED,24297,20758
IR,RED,24292,20762
IR,RED,24291,20762
IR,RED,24299,20754
IR,RED,24286,20757
IR,RED,24302,20756
IR,RED,24289,20762
IR,RED,24283,20763
IR,RED,24281,20744
IR,RED,24287,20736
IR,RED,24276,20745
IR,RED,24293,20754
IR,RED,24292,20744
IR,RED,24285,20739
IR,RED,24279,20730
IR,RED,24288,20745
IR,RED,24277,20740
IR,RED,24289,20736
IR,RED,24287,20745
IR,RED,24287,20749
IR,RED,24291,20749
IR,RED,24289,20746
IR,RED,24298,20742
IR,RED,24289,20742
IR,RED,24291,20757
IR,RED,24294,20753
IR,RED,24291,20767
IR,RED,24287,20752
IR,RED,24300,20756
IR,RED,24295,20765
IR,RED,24306,20760
IR,RED,24302,20756
IR,RED,24308,20760
IR,RED,24312,20764
IR,RED,24305,20774
IR,RED,24304,20767
IR,RED,24305,20759
IR,RED,24309,20766
IR,RED,24316,20770
IR,RED,24305,20765
IR,RED,24314,20768
IR,RED,24313,20773
IR,RED,24313,20761
IR,RED,24316,20781
IR,RED,24328,20772
IR,RED,24316,20764
IR,RED,24319,20764
IR,RED,24323,20774
IR,RED,24319,20771
IR,RED,24324,20767
IR,RED,24315,20757
IR,RED,24318,20754
IR,RED,24315,20757
IR,RED,24319,20751
IR,RED,24311,20754
IR,RED,24307,20765
IR,RED,24320,20757
IR,RED,24319,20758
IR,RED,24323,20754
IR,RED,24321,20764
IR,RED,24324,20760
IR,RED,24334,20756
IR,RED,24328,20776
IR,RED,24329,20770
IR,RED,24339,20769
IR,RED,24335,20758
IR,RED,24347,20764
IR,RED,24336,20761
IR,RED,24343,20764
IR,RED,24342,20767
IR,RED,24334,20763
IR,RED,24340,20770
IR,RED,24339,20763
IR,RED,24339,20771
IR,RED,24351,20778
IR,RED,24338,20772
IR,RED,24350,20769
IR,RED,24355,20764
IR,RED,24345,20758
IR,RED,24354,20776
IR,RED,24348,20761
IR,RED,24362,20778
IR,RED,24352,20769
IR,RED,24365,20758
IR,RED,24363,20761
IR,RED,24355,20766
IR,RED,24356,20775
IR,RED,24362,20771
IR,RED,24371,20777
IR,RED,24376,20775
IR,RED,24368,20777
IR,RED,24367,20775
IR,RED,24371,20775
IR,RED,24367,20774
IR,RED,24372,20781
IR,RED,24377,20774
IR,RED,24368,20771
IR,RED,24374,20778
IR,RED,24378,20779
IR,RED,24377,20785
IR,RED,24385,20785
IR,RED,24373,20791
IR,RED,24374,20794
IR,RED,24386,20788
IR,RED,24389,20783
IR,RED,24411,20789
IR,RED,24388,20790
IR,RED,24396,20778
IR,RED,24397,20783
IR,RED,24394,20784
IR,RED,24389,20791
IR,RED,24378,20784
IR,RED,24396,20796
IR,RED,24386,20790
IR,RED,24415,20796
IR,RED,24402,20792
IR,RED,24394,20803
IR,RED,24406,20792
IR,RED,24411,20796
IR,RED,24412,20792
IR,RED,24415,20799
IR,RED,24403,20797
IR,RED,24414,20787
IR,RED,24406,20787
IR,RED,24404,20785
IR,RED,24405,20773
IR,RED,24404,20774
IR,RED,24399,20774
IR,RED,24391,20768
IR,RED,24393,20771
IR,RED,24406,20778
IR,RED,24403,20778
IR,RED,24411,20775
IR,RED,24420,20782
IR,RED,24423,20777
IR,RED,24419,20787
IR,RED,24410,20776
IR,RED,24421,20784
IR,RED,24433,20783
IR,RED,24435,20775
IR,RED,24435,20784
IR,RED,24432,20788
IR,RED,24436,20782
IR,RED,24436,20785
IR,RED,24434,20785
IR,RED,24431,20780
IR,RED,24443,20785
IR,RED,24439,20782
IR,RED,24435,20787
IR,RED,24442,20785
IR,RED,24437,20783
IR,RED,24443,20786
IR,RED,24441,20785
IR,RED,24427,20779
IR,RED,24435,20785
IR,RED,24439,20784
IR,RED,24441,20787
IR,RED,24439,20780
IR,RED,24450,20785
IR,RED,24451,20780
IR,RED,24450,20782
IR,RED,24434,20780
IR,RED,24441,20779
IR,RED,24442,20783
IR,RED,24442,20784
IR,RED,24431,20789
IR,RED,24429,20791
IR,RED,24442,20789
IR,RED,24443,20782
IR,RED,24443,20788
IR,RED,24440,20795
IR,RED,24448,20795
IR,RED,24446,20789
IR,RED,24449,20796
IR,RED,24443,20798
IR,RED,24442,20802
IR,RED,24448,20793
IR,RED,24447,20796
IR,RED,24451,20787
IR,RED,24448,20796
IR,RED,24458,20800
IR,RED,24451,20796
IR,RED,24457,20799
IR,RED,24466,20807
IR,RED,24467,20810
IR,RED,24459,20802
IR,RED,24455,20805
IR,RED,24462,20799
IR,RED,24466,20800
IR,RED,24467,20812
IR,RED,24475,20808
IR,RED,24474,20809
IR,RED,24476,20810
IR,RED,24466,20807
IR,RED,24476,20810
IR,RED,24462,20806
IR,RED,24465,20798
IR,RED,24457,20808
IR,RED,24445,20795
IR,RED,24448,20793
IR,RED,24445,20785
IR,RED,24440,20787
IR,RED,24444,20781
IR,RED,24433,20766
IR,RED,24433,20772
IR,RED,24436,20772
IR,RED,24446,20784
IR,RED,24445,20778
IR,RED,24451,20781
IR,RED,24452,20789
IR,RED,24458,20789
IR,RED,24459,20782
IR,RED,24455,20781
IR,RED,24455,20769
IR,RED,24449,20770
IR,RED,24456,20770
IR,RED,24455,20778
IR,RED,24450,20774
IR,RED,24453,20784
IR,RED,24463,20779
IR,RED,24459,20787
IR,RED,24470,20779
IR,RED,24470,20785
IR,RED,24476,20777
IR,RED,24463,20775
IR,RED,24470,20787
IR,RED,24454,20783
IR,RED,24459,20779
IR,RED,24466,20770
IR,RED,24482,20780
IR,RED,24470,20785
IR,RED,24485,20775
IR,RED,24480,20792
IR,RED,24489,20787
IR,RED,24488,20784
IR,RED,24483,20778
IR,RED,24483,20788
IR,RED,24491,20791
IR,RED,24483,20782
IR,RED,24479,20783
IR,RED,24483,20782
IR,RED,24469,20783
IR,RED,24481,20790
IR,RED,24482,20800
IR,RED,24477,20785
IR,RED,24481,20788
IR,RED,24479,20784
IR,RED,24489,20782
IR,RED,24483,20782
IR,RED,24483,20789
IR,RED,24479,20780
IR,RED,24479,20784
IR,RED,24481,20783
IR,RED,24478,20788
IR,RED,24471,20778
IR,RED,24480,20776
IR,RED,24470,20786
IR,RED,24478,20786
IR,RED,24475,20781
IR,RED,24474,20783
IR,RED,24473,20778
IR,RED,24479,20790
IR,RED,24477,20789
IR,RED,24473,20795
IR,RED,24480,20790
IR,RED,24487,20780
IR,RED,24484,20780
IR,RED,24485,20790
IR,RED,24483,20787
IR,RED,24480,20776
IR,RED,24471,20791
IR,RED,24469,20773
IR,RED,24474,20771
IR,RED,24468,20760
IR,RED,24482,20759
IR,RED,24470,20772
IR,RED,24473,20767
IR,RED,24471,20747
IR,RED,24464,20765
IR,RED,24482,20765
IR,RED,24469,20767
IR,RED,24476,20769
IR,RED,24484,20775
IR,RED,24477,20776
IR,RED,24484,20771
IR,RED,24483,20784
IR,RED,24494,20776
IR,RED,24497,20782
IR,RED,24505,20790
IR,RED,24502,20789
IR,RED,24492,20784
IR,RED,24496,20784
IR,RED,24491,20779
IR,RED,24499,20783
IR,RED,24503,20785
IR,RED,24507,20799
IR,RED,24508,20784
IR,RED,24495,20778
IR,RED,24497,20790
IR,RED,24491,20778
IR,RED,24500,20778
IR,RED,24497,20786
IR,RED,24494,20784
IR,RED,24494,20783
IR,RED,24511,20775
IR,RED,24510,20792
IR,RED,24504,20787
IR,RED,24502,20784
IR,RED,24495,20782
IR,RED,24500,20780
IR,RED,24495,20777
IR,RED,24495,20778
IR,RED,24498,20786
IR,RED,24498,20789
IR,RED,24504,20776
IR,RED,24503,20785
IR,RED,24502,20776
IR,RED,24503,20792
IR,RED,24510,20791
IR,RED,24508,20786
IR,RED,24515,20788
IR,RED,24507,20796
IR,RED,24511,20787
IR,RED,24513,20799
IR,RED,24525,20793
IR,RED,24519,20791
IR,RED,24517,20802
IR,RED,24527,20795
IR,RED,24526,20810
IR,RED,24530,20804
IR,RED,24541,20805
IR,RED,24547,20807
IR,RED,24556,20806
IR,RED,24555,20816
IR,RED,24549,20808
IR,RED,24547,20809
IR,RED,24547,20807
IR,RED,24541,20806
IR,RED,24545,20809
IR,RED,24550,20804
IR,RED,24530,20801
IR,RED,24538,20804
IR,RED,24531,20796
IR,RED,24528,20787
IR,RED,24524,20795
IR,RED,24522,20786
IR,RED,24515,20783
IR,RED,24518,20783
IR,RED,24525,20784
IR,RED,24516,20785
IR,RED,24524,20788
IR,RED,24525,20785
IR,RED,24528,20782
IR,RED,24527,20782
IR,RED,24526,20785
IR,RED,24520,20777
IR,RED,24526,20793
IR,RED,24522,20794
IR,RED,24523,20803
IR,RED,24532,20792
IR,RED,24528,20800
IR,RED,24539,20786
IR,RED,24538,20792
IR,RED,24534,20797
IR,RED,24539,20795
IR,RED,24542,20792
IR,RED,24543,20805
IR,RED,24546,20786
IR,RED,24550,20798
IR,RED,24536,20807
IR,RED,24532,20790
IR,RED,24547,20806
IR,RED,24545,20812
IR,RED,24562,20809
IR,RED,24555,20804
IR,RED,24552,20800
IR,RED,24559,20805
IR,RED,24548,20815
IR,RED,24548,20806
IR,RED,24558,20807
IR,RED,24552,20805
IR,RED,24549,20811
IR,RED,24546,20812
IR,RED,24551,20807
IR,RED,24540,20809
IR,RED,24555,20812
IR,RED,24565,20803
IR,RED,24551,20809
IR,RED,24555,20803
IR,RED,24548,20803
IR,RED,24554,20810
IR,RED,24560,20810
IR,RED,24555,20817
IR,RED,24557,20811
IR,RED,24565,20816
IR,RED,24551,20811
IR,RED,24549,20816
IR,RED,24556,20814
IR,RED,24557,20814
IR,RED,24563,20818
IR,RED,24559,20811
IR,RED,24559,20814
IR,RED,24565,20819
IR,RED,24559,20820
IR,RED,24568,20832
IR,RED,24567,20818
IR,RED,24568,20832
IR,RED,24557,20826
IR,RED,24565,20820
IR,RED,24568,20825
IR,RED,24567,20823
IR,RED,24570,20829
IR,RED,24576,20838
IR,RED,24574,20821
IR,RED,24560,20840
IR,RED,24552,20823
IR,RED,24558,20821
IR,RED,24559,20814
IR,RED,24553,20817
IR,RED,24541,20804
IR,RED,24540,20799
IR,RED,24539,20794
IR,RED,24533,20802
IR,RED,24566,20803
IR,RED,24551,20803
IR,RED,24562,20792
IR,RED,24558,20807
IR,RED,24559,20810
IR,RED,24559,20810
IR,RED,24552,20817
IR,RED,24546,20809
IR,RED,24570,20812
IR,RED,24558,20807
IR,RED,24566,20812
IR,RED,24557,20815
IR,RED,24574,20819
IR,RED,24563,20825
IR,RED,24571,20822
IR,RED,24554,20820
IR,RED,24561,20819
IR,RED,24569,20816
IR,RED,24564,20820
IR,RED,24571,20818
IR,RED,24565,20815
IR,RED,24560,20817
IR,RED,24563,20803
IR,RED,24571,20814
IR,RED,24576,20811
IR,RED,24558,20813
IR,RED,24567,20813
IR,RED,24556,20809
IR,RED,24555,20812
IR,RED,24570,20814
IR,RED,24555,20799
IR,RED,24560,20814
IR,RED,24555,20807
IR,RED,24555,20819
IR,RED,24559,20819
IR,RED,24563,20814
IR,RED,24556,20825
IR,RED,24565,20811
IR,RED,24551,20823
IR,RED,24567,20812
IR,RED,24569,20815
IR,RED,24561,20810
IR,RED,24562,20830
IR,RED,24567,20826
IR,RED,24558,20812
IR,RED,24562,20815
IR,RED,24565,20814
IR,RED,24568,20819
IR,RED,24557,20819
IR,RED,24558,20815
IR,RED,24566,20815
IR,RED,24565,20815
IR,RED,24567,20824
IR,RED,24560,20822
IR,RED,24557,20818
IR,RED,24559,20808
IR,RED,24553,20825
IR,RED,24550,20820
IR,RED,24544,20819
IR,RED,24549,20824
IR,RED,24558,20829
IR,RED,24548,20823
IR,RED,24552,20833
IR,RED,24542,20822
IR,RED,24539,20817
IR,RED,24535,20823
IR,RED,24532,20810
IR,RED,24521,20808
IR,RED,24525,20787
IR,RED,24519,20797
IR,RED,24515,20796
IR,RED,24519,20788
IR,RED,24516,20787
IR,RED,24524,20786
IR,RED,24524,20785
IR,RED,24528,20791
IR,RED,24531,20789
IR,RED,24520,20796
IR,RED,24528,20805
IR,RED,24531,20804
IR,RED,24526,20797
IR,RED,24523,20792
IR,RED,24530,20796
IR,RED,24535,20797
IR,RED,24535,20806
IR,RED,24533,20804
IR,RED,24535,20801
IR,RED,24540,20799
IR,RED,24532,20805
IR,RED,24537,20805
IR,RED,24541,20802
IR,RED,24538,20806
IR,RED,24547,20796
IR,RED,24551,20802
IR,RED,24544,20802
IR,RED,24539,20804
IR,RED,24532,20798
IR,RED,24540,20794
IR,RED,24545,20806
IR,RED,24532,20796
IR,RED,24534,20801
IR,RED,24533,20787
IR,RED,24540,20793
IR,RED,24538,20795
IR,RED,24527,20807
IR,RED,24529,20801
IR,RED,24534,20793
IR,RED,24526,20789
IR,RED,24522,20807
IR,RED,24518,20798
IR,RED,24519,20785
IR,RED,24517,20800
IR,RED,24509,20798
IR,RED,24517,20793
IR,RED,24516,20795
IR,RED,24521,20796
IR,RED,24518,20795
IR,RED,24514,20790
IR,RED,24519,20808
IR,RED,24518,20803
IR,RED,24515,20800
IR,RED,24518,20801
IR,RED,24523,20804
IR,RED,24524,20803
IR,RED,24522,20804
IR,RED,24530,20813
IR,RED,24523,20806
IR,RED,24531,20809
IR,RED,24521,20814
IR,RED,24522,20810
IR,RED,24521,20808
IR,RED,24530,20801
IR,RED,24526,20818
IR,RED,24522,20817
IR,RED,24527,20809
IR,RED,24525,20813
IR,RED,24519,20816
IR,RED,24524,20802
IR,RED,24529,20800
IR,RED,24520,20799
IR,RED,24512,20788
IR,RED,24514,20785
IR,RED,24508,20776
IR,RED,24502,20785
IR,RED,24503,20776
IR,RED,24493,20763
IR,RED,24488,20750
IR,RED,24502,20759
IR,RED,24540,20798
IR,RED,24551,20812
IR,RED,24539,20807
IR,RED,24552,20805
IR,RED,24560,20821
IR,RED,24549,20817
IR,RED,24555,20809
IR,RED,24552,20812
IR,RED,24549,20812
IR,RED,24536,20805
IR,RED,24532,20798
IR,RED,24534,20797
IR,RED,24530,20802
IR,RED,24544,20800
IR,RED,24554,20801
IR,RED,24578,20832
IR,RED,24624,20853
IR,RED,24655,20876
IR,RED,24672,20919
IR,RED,24667,20910
IR,RED,24676,20905
IR,RED,24658,20916
IR,RED,24655,20901
IR,RED,24646,20894
IR,RED,24650,20898
IR,RED,24655,20902
IR,RED,24654,20904
IR,RED,24661,20912
IR,RED,24655,20903
IR,RED,24658,20898
IR,RED,24650,20894
IR,RED,24649,20901
IR,RED,24665,20908
IR,RED,24651,20894
IR,RED,24664,20886
IR,RED,24665,20890
IR,RED,24665,20909
IR,RED,24668,20903
IR,RED,24661,20903
IR,RED,24659,20908
IR,RED,24671,20911
IR,RED,24672,20918
IR,RED,24685,20918
IR,RED,24685,20932
IR,RED,24698,20947
IR,RED,24701,20940
IR,RED,24700,20944
IR,RED,24696,20949
IR,RED,24695,20937
IR,RED,24695,20946
IR,RED,24688,20945
IR,RED,24678,20927
IR,RED,24682,20922
IR,RED,24667,20911
IR,RED,24675,20910
IR,RED,24671,20907
IR,RED,24673,20919
IR,RED,24690,20925
IR,RED,24686,20910
IR,RED,24697,20935
IR,RED,24724,20955
IR,RED,24738,20978
IR,RED,24745,20975
IR,RED,24740,20984
IR,RED,24742,20967
IR,RED,24739,20965
IR,RED,24739,20963
IR,RED,24727,20956
IR,RED,24722,20947
IR,RED,24721,20947
IR,RED,24715,20946
IR,RED,24703,20935
IR,RED,24691,20924
IR,RED,24683,20934
IR,RED,24693,20915
IR,RED,24688,20918
IR,RED,24677,20921
IR,RED,24675,20901
IR,RED,24667,20902
IR,RED,24660,20890
IR,RED,24660,20893
IR,RED,24657,20892
IR,RED,24665,20881
IR,RED,24663,20891
IR,RED,24658,20884
IR,RED,24646,20883
IR,RED,24657,20879
IR,RED,24662,20874
IR,RED,24642,20877
IR,RED,24650,20876
IR,RED,24642,20873
IR,RED,24640,20868
IR,RED,24633,20866
IR,RED,24640,20864
IR,RED,24646,20868
IR,RED,24637,20872
IR,RED,24640,20869
IR,RED,24643,20871
IR,RED,24628,20855
IR,RED,24613,20854
IR,RED,24606,20864
IR,RED,24604,20848
IR,RED,24615,20848
IR,RED,24592,20835
IR,RED,24598,20836
IR,RED,24591,20835
IR,RED,24598,20833
IR,RED,24576,20839
IR,RED,24567,20822
IR,RED,24581,20823
IR,RED,24567,20826
IR,RED,24573,20827
IR,RED,24567,20808
IR,RED,24564,20816
IR,RED,24572,20803
IR,RED,24578,20823
IR,RED,24565,20807
IR,RED,24568,20811
IR,RED,24568,20814
IR,RED,24572,20815
IR,RED,24572,20816
IR,RED,24568,20808
IR,RED,24569,20809
IR,RED,24567,20812
IR,RED,24565,20813
IR,RED,24571,20809
IR,RED,24555,20810
IR,RED,24560,20811
IR,RED,24562,20805
IR,RED,24574,20814
IR,RED,24581,20818
IR,RED,24580,20825
IR,RED,24583,20829
IR,RED,24586,20827
IR,RED,24575,20832
IR,RED,24583,20833
IR,RED,24558,20834
IR,RED,24565,20821
IR,RED,24557,20817
IR,RED,24546,20800
IR,RED,24539,20794
IR,RED,24533,20793
IR,RED,24535,20793
IR,RED,24535,20783
IR,RED,24528,20792
IR,RED,24525,20788
IR,RED,24533,20787
IR,RED,24530,20778
IR,RED,24519,20774
IR,RED,24513,20776
IR,RED,24497,20760
IR,RED,24510,20771
IR,RED,24519,20772
IR,RED,24517,20767
IR,RED,24510,20761
IR,RED,24510,20755
IR,RED,24507,20770
IR,RED,24504,20768
IR,RED,24504,20767
IR,RED,24517,20770
IR,RED,24495,20763
IR,RED,24499,20759
IR,RED,24504,20763
IR,RED,24513,20751
IR,RED,24511,20765
IR,RED,24523,20769
IR,RED,24499,20766
IR,RED,24509,20757
IR,RED,24496,20766
IR,RED,24511,20758
IR,RED,24514,20771
IR,RED,24505,20775
IR,RED,24512,20784
IR,RED,24534,20785
IR,RED,24549,20801
IR,RED,24571,20820
IR,RED,24568,20831
IR,RED,24556,20820
IR,RED,24546,20825
IR,RED,24532,20813
IR,RED,24551,20819
IR,RED,24564,20834
IR,RED,24574,20834
IR,RED,24582,20848
IR,RED,24596,20874
IR,RED,24617,20876
IR,RED,24635,20903
IR,RED,24658,20922
IR,RED,24649,20919
IR,RED,24648,20914
IR,RED,24641,20901
IR,RED,24634,20900
IR,RED,24636,20905
IR,RED,24656,20920
IR,RED,24660,20936
IR,RED,24661,20932
IR,RED,24672,20946
IR,RED,24664,20938
IR,RED,24663,20927
IR,RED,24668,20935
IR,RED,24673,20939
IR,RED,24678,20945
IR,RED,24670,20935
IR,RED,24660,20918
IR,RED,24643,20912
IR,RED,24640,20908
IR,RED,24640,20902
IR,RED,24652,20904
IR,RED,24638,20914
IR,RED,24638,20898
IR,RED,24653,20899
IR,RED,24668,20915
IR,RED,24685,20914
IR,RED,24676,20939
IR,RED,24676,20918
IR,RED,24660,20910
IR,RED,24659,20900
IR,RED,24651,20903
IR,RED,24662,20908
IR,RED,24666,20904
IR,RED,24645,20902
IR,RED,24621,20891
IR,RED,24633,20889
IR,RED,24632,20892
IR,RED,24651,20887
IR,RED,24658,20901
IR,RED,24653,20898
IR,RED,24642,20884
IR,RED,24606,20862
IR,RED,24606,20850
IR,RED,24585,20833
IR,RED,24591,20837
IR,RED,24618,20839
IR,RED,24619,20851
IR,RED,24645,20868
IR,RED,24654,20874
IR,RED,24662,20880
IR,RED,24665,20891
IR,RED,24665,20898
IR,RED,24670,20904
IR,RED,24670,20889
IR,RED,24661,20889
IR,RED,24655,20883
IR,RED,24648,20875
IR,RED,24653,20880
IR,RED,24652,20877
IR,RED,24655,20871
IR,RED,24646,20881
IR,RED,24654,20898
IR,RED,24661,20882
IR,RED,24655,20882
IR,RED,24654,20898
IR,RED,24654,20889
IR,RED,24664,20896
IR,RED,24654,20888
IR,RED,24665,20885
IR,RED,24663,20885
IR,RED,24663,20882
IR,RED,24663,20886
IR,RED,24657,20894
IR,RED,24665,20901
IR,RED,24695,20914
IR,RED,24705,20932
IR,RED,24717,20930
IR,RED,24712,20931
IR,RED,24700,20937
IR,RED,24706,20927
IR,RED,24679,20919
IR,RED,24684,20915
IR,RED,24685,20922
IR,RED,24724,20931
IR,RED,24727,20950
IR,RED,24736,20942
IR,RED,24726,20952
IR,RED,24741,20951
IR,RED,24722,20951
IR,RED,24718,20945
IR,RED,24715,20942
IR,RED,24712,20942
IR,RED,24723,20947
IR,RED,24729,20943
IR,RED,24738,20955
IR,RED,24759,20973
IR,RED,24767,20986
IR,RED,24793,21010
IR,RED,24803,21007
IR,RED,24793,21017
IR,RED,24802,21005
IR,RED,24796,21012
IR,RED,24785,21001
IR,RED,24789,20991
IR,RED,24779,20998
IR,RED,24774,20987
IR,RED,24769,20976
IR,RED,24765,20960
IR,RED,24735,20953
IR,RED,24716,20933
IR,RED,24732,20929
IR,RED,24719,20926
IR,RED,24723,20913
IR,RED,24730,20919
IR,RED,24734,20925
IR,RED,24736,20927
IR,RED,24755,20946
IR,RED,24758,20953
IR,RED,24777,20965
IR,RED,24779,20970
IR,RED,24779,20958
IR,RED,24786,20970
IR,RED,24779,20966
IR,RED,24784,20968
IR,RED,24810,20989
IR,RED,24847,21025
IR,RED,24862,21046
IR,RED,24848,21052
IR,RED,24837,21052
IR,RED,24841,21056
IR,RED,24832,21048
IR,RED,24815,21040
IR,RED,24804,21032
IR,RED,24771,21005
IR,RED,24770,21000
IR,RED,24775,20999
IR,RED,24762,21000
IR,RED,24762,20997
IR,RED,24778,20999
IR,RED,24773,21002
IR,RED,24782,21007
IR,RED,24778,21014
IR,RED,24754,21001
IR,RED,24764,21001
IR,RED,24759,20996
IR,RED,24763,20996
IR,RED,24777,20999
IR,RED,24771,21017
IR,RED,24784,21013
IR,RED,24793,21022
IR,RED,24783,21028
IR,RED,24790,21029
IR,RED,24797,21043
IR,RED,24822,21064
IR,RED,24833,21074
IR,RED,24846,21089
IR,RED,24846,21091
IR,RED,24856,21093
IR,RED,24849,21106
IR,RED,24841,21091
IR,RED,24827,21085
IR,RED,24820,21074
IR,RED,24803,21070
IR,RED,24789,21059
IR,RED,24783,21054
IR,RED,24771,21046
IR,RED,24775,21037
IR,RED,24761,21018
IR,RED,24733,20997
IR,RED,24722,20980
IR,RED,24727,20976
IR,RED,24713,20959
IR,RED,24710,20959
IR,RED,24713,20959
IR,RED,24716,20956
IR,RED,24709,20956
IR,RED,24711,20962
IR,RED,24709,20953
IR,RED,24700,20948
IR,RED,24693,20959
IR,RED,24699,20949
IR,RED,24696,20942
IR,RED,24686,20955
IR,RED,24687,20946
IR,RED,24676,20930
IR,RED,24677,20931
IR,RED,24676,20940
IR,RED,24681,20925
IR,RED,24666,20932
IR,RED,24661,20922
IR,RED,24666,20921
IR,RED,24649,20928
IR,RED,24649,20914
IR,RED,24639,20917
IR,RED,24640,20907
IR,RED,24621,20912
IR,RED,24633,20897
IR,RED,24628,20893
IR,RED,24627,20899
IR,RED,24622,20900
IR,RED,24622,20907
IR,RED,24620,20894
IR,RED,24612,20906
IR,RED,24608,20887
IR,RED,24612,20884
IR,RED,24594,20888
IR,RED,24601,20881
IR,RED,24599,20882
IR,RED,24594,20877
IR,RED,24605,20875
IR,RED,24597,20874
IR,RED,24590,20880
IR,RED,24596,20870
IR,RED,24586,20877
IR,RED,24592,20870
IR,RED,24583,20866
IR,RED,24591,20856
IR,RED,24585,20870
IR,RED,24580,20869
IR,RED,24573,20861
IR,RED,24571,20870
IR,RED,24576,20864
IR,RED,24578,20876
IR,RED,24561,20861
IR,RED,24560,20864
IR,RED,24562,20857
IR,RED,24554,20853
IR,RED,24545,20842
IR,RED,24541,20841
IR,RED,24539,20820
IR,RED,24531,20825
IR,RED,24527,20822
IR,RED,24527,20821
IR,RED,24529,20811
IR,RED,24528,20811
IR,RED,24532,20823
IR,RED,24530,20812
IR,RED,24535,20821
IR,RED,24538,20823
IR,RED,24544,20814
IR,RED,24538,20813
IR,RED,24537,20813
IR,RED,24538,20819
IR,RED,24528,20829
IR,RED,24524,20826
IR,RED,24527,20811
IR,RED,24534,20816
IR,RED,24543,20815
IR,RED,24524,20821
IR,RED,24518,20817
IR,RED,24521,20817
IR,RED,24529,20816
IR,RED,24523,20813
IR,RED,24526,20804
IR,RED,24525,20817
IR,RED,24522,20807
IR,RED,24520,20816
IR,RED,24520,20814
IR,RED,24525,20813
IR,RED,24522,20820
IR,RED,24510,20821
IR,RED,24528,20816
IR,RED,24529,20810
IR,RED,24529,20818
IR,RED,24529,20822
IR,RED,24521,20812
IR,RED,24522,20805
IR,RED,24521,20815
IR,RED,24514,20816
IR,RED,24515,20809
IR,RED,24517,20808
IR,RED,24526,20798
IR,RED,24522,20819
IR,RED,24509,20810
IR,RED,24509,20809
IR,RED,24528,20815
IR,RED,24519,20814
IR,RED,24522,20804
IR,RED,24523,20818
IR,RED,24530,20823
IR,RED,24529,20839
IR,RED,24530,20833
IR,RED,24531,20819
IR,RED,24540,20820
IR,RED,24533,20825
IR,RED,24532,20827
IR,RED,24530,20832
IR,RED,24532,20826
IR,RED,24533,20832
IR,RED,24538,20841
IR,RED,24536,20840
IR,RED,24535,20829
IR,RED,24529,20833
IR,RED,24530,20824
IR,RED,24516,20825
IR,RED,24519,20810
IR,RED,24511,20813
IR,RED,24514,20800
IR,RED,24500,20805
IR,RED,24515,20799
IR,RED,24502,20815
IR,RED,24504,20798
IR,RED,24502,20804
IR,RED,24504,20810
IR,RED,24505,20809
IR,RED,24501,20803
IR,RED,24506,20802
IR,RED,24510,20809
IR,RED,24511,20803
IR,RED,24516,20814
IR,RED,24504,20811
IR,RED,24516,20824
IR,RED,24519,20816
IR,RED,24523,20819
IR,RED,24511,20822
IR,RED,24521,20826
IR,RED,24533,20829
IR,RED,24526,20818
IR,RED,24535,20822
IR,RED,24534,20818
IR,RED,24526,20812
IR,RED,24517,20814
IR,RED,24520,20816
IR,RED,24520,20813
IR,RED,24517,20813
IR,RED,24517,20811
IR,RED,24511,20817
IR,RED,24522,20826
IR,RED,24515,20819
IR,RED,24527,20818
IR,RED,24511,20824
IR,RED,24515,20829
IR,RED,24510,20825
IR,RED,24509,20817
IR,RED,24516,20814
IR,RED,24502,20825
IR,RED,24516,20822
IR,RED,24507,20823
IR,RED,24509,20833
IR,RED,24512,20825
IR,RED,24512,20823
IR,RED,24493,20823
IR,RED,24507,20823
IR,RED,24495,20815
IR,RED,24498,20808
IR,RED,24496,20822
IR,RED,24501,20816
IR,RED,24504,20815
IR,RED,24499,20819
IR,RED,24493,20822
IR,RED,24508,20825
IR,RED,24509,20818
IR,RED,24511,20827
IR,RED,24501,20831
IR,RED,24507,20833
IR,RED,24520,20836
IR,RED,24501,20832
IR,RED,24515,20830
IR,RED,24506,20831
IR,RED,24511,20832
IR,RED,24509,20825
IR,RED,24514,20824
IR,RED,24508,20817
IR,RED,24516,20812
IR,RED,24509,20820
IR,RED,24500,20806
IR,RED,24498,20803
IR,RED,24490,20808
IR,RED,24493,20810
IR,RED,24490,20810
IR,RED,24500,20810
IR,RED,24508,20818
IR,RED,24504,20807
IR,RED,24498,20811
IR,RED,24504,20813
IR,RED,24496,20810
IR,RED,24501,20809
IR,RED,24493,20811
IR,RED,24495,20815
IR,RED,24489,20806
IR,RED,24488,20812
IR,RED,24487,20809
IR,RED,24489,20815
IR,RED,24495,20812
IR,RED,24492,20818
IR,RED,24487,20806
IR,RED,24496,20822
IR,RED,24508,20819
IR,RED,24498,20813
IR,RED,24499,20823
IR,RED,24499,20812
IR,RED,24494,20817
IR,RED,24496,20822
IR,RED,24492,20815
IR,RED,24494,20820
IR,RED,24488,20813
IR,RED,24488,20814
IR,RED,24488,20815
IR,RED,24488,20819
IR,RED,24478,20815
IR,RED,24496,20827
IR,RED,24496,20812
IR,RED,24500,20819
IR,RED,24495,20817
IR,RED,24492,20817
IR,RED,24498,20823
IR,RED,24503,20817
IR,RED,24500,20823
IR,RED,24493,20811
IR,RED,24497,20833
IR,RED,24494,20826
IR,RED,24495,20832
IR,RED,24502,20838
IR,RED,24492,20830
IR,RED,24496,20830
IR,RED,24505,20841
IR,RED,24494,20828
IR,RED,24503,20830
IR,RED,24518,20843
IR,RED,24511,20838
IR,RED,24522,20831
IR,RED,24514,20847
IR,RED,24506,20843
IR,RED,24499,20849
IR,RED,24509,20835
IR,RED,24495,20835
IR,RED,24498,20830
IR,RED,24509,20834
IR,RED,24506,20825
IR,RED,24499,20820
IR,RED,24491,20825
IR,RED,24482,20814
IR,RED,24475,20815
IR,RED,24459,20806
IR,RED,24463,20812
IR,RED,24465,20810
IR,RED,24477,20802
IR,RED,24482,20807
IR,RED,24482,20825
IR,RED,24480,20812
IR,RED,24478,20803
IR,RED,24482,20806
IR,RED,24487,20805
IR,RED,24487,20813
IR,RED,24488,20816
IR,RED,24485,20814
IR,RED,24484,20812
IR,RED,24482,20816
IR,RED,24484,20818
IR,RED,24479,20818
IR,RED,24487,20810
IR,RED,24479,20816
IR,RED,24479,20816
IR,RED,24491,20820
IR,RED,24479,20810
IR,RED,24495,20815
IR,RED,24479,20816
IR,RED,24479,20815
IR,RED,24478,20814
IR,RED,24482,20823
IR,RED,24472,20823
IR,RED,24467,20813
IR,RED,24482,20813
IR,RED,24470,20821
IR,RED,24472,20823
IR,RED,24471,20815
IR,RED,24469,20822
IR,RED,24470,20813
IR,RED,24469,20810
IR,RED,24460,20815
IR,RED,24453,20807
IR,RED,24466,20809
IR,RED,24455,20805
IR,RED,24453,20815
IR,RED,24449,20814
IR,RED,24461,20816
IR,RED,24448,20812
IR,RED,24449,20813
IR,RED,24449,20807
IR,RED,24448,20806
IR,RED,24440,20811
IR,RED,24450,20811
IR,RED,24432,20817
IR,RED,24442,20816
IR,RED,24439,20805
IR,RED,24450,20801
IR,RED,24436,20803
IR,RED,24432,20804
IR,RED,24420,20797
IR,RED,24426,20804
IR,RED,24417,20796
IR,RED,24420,20781
IR,RED,24415,20787
IR,RED,24400,20787
IR,RED,24402,20777
IR,RED,24412,20778
IR,RED,24402,20789
IR,RED,24401,20779
IR,RED,24408,20785
IR,RED,24407,20786
IR,RED,24410,20789
IR,RED,24403,20797
IR,RED,24418,20786
IR,RED,24410,20779
IR,RED,24406,20792
IR,RED,24415,20796
IR,RED,24421,20803
IR,RED,24416,20794
IR,RED,24413,20793
IR,RED,24409,20800
IR,RED,24419,20795
IR,RED,24414,20800
IR,RED,24421,20795
IR,RED,24425,20805
IR,RED,24424,20785
IR,RED,24400,20799
IR,RED,24420,20791
IR,RED,24412,20793
IR,RED,24409,20800
IR,RED,24410,20792
IR,RED,24407,20790
IR,RED,24405,20799
IR,RED,24406,20799
IR,RED,24414,20798
IR,RED,24418,20794
IR,RED,24414,20801
IR,RED,24421,20809
IR,RED,24422,20799
IR,RED,24420,20801
IR,RED,24421,20813
IR,RED,24419,20798
IR,RED,24423,20816
IR,RED,24420,20805
IR,RED,24423,20814
IR,RED,24424,20805
IR,RED,24437,20823
IR,RED,24438,20819
IR,RED,24436,20827
IR,RED,24442,20826
IR,RED,24439,20830
IR,RED,24439,20824
IR,RED,24443,20824
IR,RED,24448,20826
IR,RED,24446,20840
IR,RED,24454,20834
IR,RED,24456,20833
IR,RED,24447,20831
IR,RED,24444,20837
IR,RED,24454,20836
IR,RED,24450,20829
IR,RED,24446,20828
IR,RED,24452,20818
IR,RED,24455,20817
IR,RED,24449,20819
IR,RED,24442,20820
IR,RED,24434,20826
IR,RED,24450,20834
IR,RED,24449,20827
IR,RED,24461,20831
IR,RED,24469,20836
IR,RED,24471,20841
IR,RED,24478,20841
IR,RED,24480,20856
IR,RED,24476,20854
IR,RED,24479,20841
IR,RED,24470,20853
IR,RED,24469,20847
IR,RED,24472,20841
IR,RED,24465,20840
IR,RED,24470,20838
IR,RED,24462,20838
IR,RED,24466,20837
IR,RED,24464,20837
IR,RED,24468,20836
IR,RED,24470,20839
IR,RED,24473,20844
IR,RED,24469,20830
IR,RED,24461,20844
IR,RED,24474,20837
IR,RED,24460,20841
IR,RED,24461,20833
IR,RED,24467,20837
IR,RED,24468,20843
IR,RED,24464,20842
IR,RED,24461,20839
IR,RED,24455,20842
IR,RED,24461,20846
IR,RED,24464,20855
IR,RED,24471,20855
IR,RED,24468,20849
IR,RED,24471,20859
IR,RED,24470,20845
IR,RED,24469,20851
IR,RED,24470,20848
IR,RED,24481,20862
IR,RED,24478,20856
IR,RED,24497,20856
IR,RED,24489,20861
IR,RED,24499,20869
IR,RED,24492,20875
IR,RED,24503,20886
IR,RED,24505,20890
IR,RED,24517,20884
IR,RED,24519,20888
IR,RED,24522,20890
IR,RED,24517,20885
IR,RED,24533,20881
IR,RED,24532,20887
IR,RED,24539,20888
IR,RED,24527,20899
IR,RED,24539,20896
IR,RED,24529,20889
IR,RED,24536,20886
IR,RED,24533,20881
IR,RED,24522,20883
IR,RED,24515,20875
IR,RED,24510,20867
IR,RED,24509,20870
IR,RED,24495,20861
IR,RED,24509,20870
IR,RED,24516,20876
IR,RED,24511,20866
IR,RED,24512,20874
IR,RED,24525,20867
IR,RED,24518,20873
IR,RED,24523,20874
IR,RED,24532,20883
IR,RED,24536,20878
IR,RED,24537,20882
IR,RED,24545,20895
IR,RED,24543,20892
IR,RED,24543,20895
IR,RED,24537,20885
IR,RED,24535,20888
IR,RED,24534,20894
IR,RED,24524,20898
IR,RED,24527,20890
IR,RED,24523,20884
IR,RED,24522,20894
IR,RED,24527,20892
IR,RED,24521,20900
IR,RED,24518,20886
IR,RED,24522,20894
IR,RED,24532,20900
IR,RED,24516,20896
IR,RED,24524,20887
IR,RED,24518,20899
IR,RED,24518,20900
IR,RED,24523,20897
IR,RED,24517,20906
IR,RED,24514,20891
IR,RED,24507,20895
IR,RED,24516,20895
IR,RED,24509,20902
IR,RED,24510,20897
IR,RED,24502,20890
IR,RED,24507,20896
IR,RED,24490,20884
IR,RED,24504,20883
IR,RED,24507,20888
IR,RED,24505,20887
IR,RED,24511,20890
IR,RED,24512,20900
IR,RED,24501,20901
IR,RED,24501,20892
IR,RED,24496,20894
IR,RED,24507,20890
IR,RED,24519,20900
IR,RED,24501,20899
IR,RED,24504,20910
IR,RED,24508,20905
IR,RED,24511,20895
IR,RED,24502,20905
IR,RED,24502,20889
IR,RED,24489,20895
IR,RED,24479,20885
IR,RED,24479,20883
IR,RED,24472,20872
IR,RED,24466,20864
IR,RED,24458,20868
IR,RED,24448,20860
IR,RED,24450,20860
IR,RED,24445,20859
IR,RED,24449,20862
IR,RED,24451,20855
IR,RED,24458,20863
IR,RED,24465,20862
IR,RED,24453,20868
IR,RED,24462,20866
IR,RED,24448,20865
IR,RED,24458,20863
IR,RED,24445,20866
IR,RED,24458,20863
IR,RED,24451,20869
IR,RED,24451,20868
IR,RED,24442,20861
IR,RED,24442,20864
IR,RED,24448,20863
IR,RED,24457,20849
IR,RED,24452,20864
IR,RED,24455,20859
IR,RED,24442,20852
IR,RED,24438,20864
IR,RED,24441,20865
IR,RED,24427,20857
IR,RED,24433,20864
IR,RED,24431,20852
IR,RED,24422,20859
IR,RED,24425,20847
IR,RED,24433,20855
IR,RED,24428,20855
IR,RED,24432,20856
IR,RED,24423,20852
IR,RED,24429,20852
IR,RED,24419,20855
IR,RED,24415,20852
IR,RED,24419,20864
IR,RED,24407,20851
IR,RED,24411,20860
IR,RED,24407,20860
IR,RED,24393,20854
IR,RED,24407,20847
IR,RED,24405,20857
IR,RED,24410,20857
IR,RED,24409,20852
IR,RED,24414,20856
IR,RED,24410,20854
IR,RED,24417,20856
IR,RED,24412,20854
IR,RED,24420,20855
IR,RED,24419,20848
IR,RED,24429,20857
IR,RED,24423,20859
IR,RED,24419,20870
IR,RED,24431,20863
IR,RED,24425,20867
IR,RED,24431,20857
IR,RED,24433,20871
IR,RED,24432,20873
IR,RED,24427,20875
IR,RED,24419,20860
IR,RED,24417,20853
IR,RED,24410,20860
IR,RED,24408,20848
IR,RED,24394,20831
IR,RED,24390,20837
IR,RED,24390,20834
IR,RED,24391,20837
IR,RED,24388,20826
IR,RED,24394,20825
IR,RED,24390,20829
IR,RED,24398,20832
IR,RED,24401,20836
IR,RED,24395,20836
IR,RED,24393,20845
IR,RED,24392,20849
IR,RED,24406,20842
IR,RED,24400,20844
IR,RED,24398,20847
IR,RED,24407,20845
IR,RED,24403,20854
IR,RED,24393,20853
IR,RED,24393,20848
IR,RED,24389,20850
IR,RED,24402,20852
IR,RED,24403,20855
IR,RED,24404,20865
IR,RED,24411,20859
IR,RED,24420,20856
IR,RED,24414,20872
IR,RED,24421,20869
IR,RED,24424,20859
IR,RED,24406,20856
IR,RED,24406,20861
IR,RED,24408,20853
IR,RED,24414,20861
IR,RED,24402,20855
IR,RED,24409,20846
IR,RED,24405,20848
IR,RED,24393,20851
IR,RED,24406,20848
IR,RED,24407,20848
IR,RED,24393,20854
IR,RED,24385,20846
IR,RED,24393,20849
IR,RED,24389,20853
IR,RED,24392,20851
IR,RED,24396,20850
IR,RED,24404,20853
IR,RED,24397,20859
IR,RED,24393,20850
IR,RED,24400,20859
IR,RED,24401,20860
IR,RED,24397,20860
IR,RED,24408,20859
IR,RED,24404,20857
IR,RED,24414,20855
IR,RED,24411,20858
IR,RED,24414,20876
IR,RED,24425,20870
IR,RED,24429,20881
IR,RED,24419,20873
IR,RED,24433,20877
IR,RED,24451,20879
IR,RED,24437,20893
IR,RED,24441,20893
IR,RED,24441,20893
IR,RED,24450,20892
IR,RED,24453,20906
IR,RED,24449,20897
IR,RED,24447,20897
IR,RED,24435,20881
IR,RED,24427,20878
IR,RED,24428,20880
IR,RED,24428,20866
IR,RED,24414,20861
IR,RED,24411,20862
IR,RED,24414,20868
IR,RED,24423,20871
IR,RED,24414,20861
IR,RED,24418,20876
IR,RED,24422,20874
IR,RED,24421,20871
IR,RED,24424,20870
IR,RED,24432,20876
IR,RED,24432,20875
IR,RED,24435,20884
IR,RED,24429,20881
IR,RED,24434,20882
IR,RED,24434,20877
IR,RED,24442,20880
IR,RED,24438,20879
IR,RED,24444,20889
IR,RED,24438,20877
IR,RED,24454,20883
IR,RED,24459,20889
IR,RED,24463,20889
IR,RED,24471,20892
IR,RED,24451,20896
IR,RED,24454,20883
IR,RED,24455,20887
IR,RED,24469,20891
IR,RED,24456,20887
IR,RED,24462,20892
IR,RED,24460,20905
IR,RED,24473,20892
IR,RED,24474,20903
IR,RED,24472,20914
IR,RED,24471,20908
IR,RED,24476,20902
IR,RED,24469,20911
IR,RED,24462,20907
IR,RED,24474,20901
IR,RED,24462,20901
IR,RED,24462,20900
IR,RED,24467,20895
IR,RED,24465,20897
IR,RED,24459,20916
IR,RED,24454,20899
IR,RED,24462,20908
IR,RED,24454,20904
IR,RED,24447,20905
IR,RED,24455,20913
IR,RED,24455,20909
IR,RED,24459,20903
IR,RED,24454,20910
IR,RED,24454,20915
IR,RED,24463,20918
IR,RED,24464,20911
IR,RED,24458,20913
IR,RED,24462,20909
IR,RED,24460,20922
IR,RED,24472,20921
IR,RED,24460,20924
IR,RED,24465,20921
IR,RED,24468,20919
IR,RED,24466,20912
IR,RED,24470,20917
IR,RED,24463,20914
IR,RED,24449,20909
IR,RED,24443,20898
IR,RED,24448,20901
IR,RED,24426,20891
IR,RED,24427,20886
IR,RED,24415,20889
IR,RED,24417,20871
IR,RED,24409,20873
IR,RED,24412,20865
IR,RED,24405,20872
IR,RED,24408,20877
IR,RED,24403,20874
IR,RED,24403,20881
IR,RED,24404,20883
IR,RED,24406,20876
IR,RED,24402,20880
IR,RED,24410,20874
IR,RED,24408,20878
IR,RED,24409,20882
IR,RED,24394,20884
IR,RED,24400,20886
IR,RED,24392,20874
IR,RED,24399,20887
IR,RED,24394,20886
IR,RED,24400,20880
IR,RED,24390,20875
IR,RED,24385,20877
IR,RED,24385,20876
IR,RED,24377,20880
IR,RED,24390,20869
IR,RED,24383,20867
IR,RED,24376,20869
IR,RED,24371,20867
IR,RED,24384,20875
IR,RED,24379,20882
IR,RED,24375,20874
IR,RED,24362,20873
IR,RED,24351,20873
IR,RED,24347,20871
IR,RED,24335,20863
IR,RED,24345,20855
IR,RED,24343,20858
IR,RED,24334,20870
IR,RED,24330,20855
IR,RED,24330,20854
IR,RED,24327,20853
IR,RED,24333,20851
IR,RED,24326,20852
IR,RED,24317,20854
IR,RED,24320,20852
IR,RED,24314,20850
IR,RED,24313,20844
IR,RED,24300,20843
IR,RED,24302,20851
IR,RED,24303,20847
IR,RED,24305,20846
IR,RED,24302,20847
IR,RED,24303,20838
IR,RED,24298,20844
IR,RED,24291,20843
IR,RED,24299,20832
IR,RED,24305,20849
IR,RED,24299,20843
IR,RED,24296,20852
IR,RED,24285,20844
IR,RED,24302,20852
IR,RED,24290,20853
IR,RED,24288,20844
IR,RED,24292,20836
IR,RED,24290,20853
IR,RED,24283,20850
IR,RED,24281,20832
IR,RED,24273,20842
IR,RED,24285,20834
IR,RED,24266,20827
IR,RED,24269,20819
IR,RED,24270,20824
IR,RED,24272,20813
IR,RED,24271,20819
IR,RED,24266,20808
IR,RED,24273,20833
IR,RED,24278,20821
IR,RED,24287,20840
IR,RED,24282,20832
IR,RED,24281,20826
IR,RED,24274,20829
IR,RED,24273,20825
IR,RED,24267,20819
IR,RED,24276,20827
IR,RED,24272,20827
IR,RED,24272,20836
IR,RED,24271,20832
IR,RED,24260,20827
IR,RED,24260,20834
IR,RED,24254,20838
IR,RED,24253,20826
IR,RED,24261,20826
IR,RED,24255,20821
IR,RED,24257,20839
IR,RED,24259,20818
IR,RED,24259,20819
IR,RED,24259,20824
IR,RED,24256,20826
IR,RED,24258,20817
IR,RED,24252,20820
IR,RED,24248,20820
IR,RED,24260,20827
IR,RED,24259,20823
IR,RED,24263,20824
IR,RED,24254,20829
IR,RED,24253,20839
IR,RED,24252,20826
IR,RED,24259,20837
IR,RED,24260,20838
IR,RED,24265,20836
IR,RED,24272,20840
IR,RED,24274,20850
IR,RED,24282,20854
IR,RED,24301,20854
IR,RED,24316,20851
IR,RED,24325,20856
IR,RED,24329,20865
IR,RED,24321,20867
IR,RED,24322,20872
IR,RED,24346,20878
IR,RED,24353,20902
IR,RED,24384,20915
IR,RED,24403,20923
IR,RED,24418,20937
IR,RED,24425,20943
IR,RED,24412,20942
IR,RED,24415,20935
IR,RED,24400,20933
IR,RED,24392,20923
IR,RED,24378,20923
IR,RED,24376,20926
IR,RED,24358,20930
IR,RED,24362,20915
IR,RED,24368,20914
IR,RED,24389,20910
IR,RED,24396,20916
IR,RED,24378,20921
IR,RED,24371,20908
IR,RED,24364,20902
IR,RED,24355,20896
IR,RED,24351,20903
IR,RED,24342,20894
IR,RED,24342,20901
IR,RED,24336,20882
IR,RED,24337,20890
IR,RED,24328,20880
IR,RED,24346,20888
IR,RED,24343,20884
IR,RED,24352,20883
IR,RED,24352,20890
IR,RED,24364,20899
IR,RED,24362,20897
IR,RED,24375,20905
IR,RED,24380,20907
IR,RED,24392,20916
IR,RED,24390,20904
IR,RED,24389,20923
IR,RED,24390,20926
IR,RED,24392,20921
IR,RED,24391,20910
IR,RED,24398,20912
IR,RED,24394,20913
IR,RED,24406,20924
IR,RED,24400,20925
IR,RED,24408,20925
IR,RED,24402,20934
IR,RED,24409,20944
IR,RED,24414,20935
IR,RED,24414,20936
IR,RED,24416,20932
IR,RED,24403,20937
IR,RED,24401,20933
IR,RED,24396,20936
IR,RED,24388,20932
IR,RED,24397,20932
IR,RED,24402,20926
IR,RED,24403,20937
IR,RED,24395,20932
IR,RED,24397,20932
IR,RED,24394,20928
IR,RED,24392,20938
IR,RED,24395,20945
IR,RED,24408,20941
IR,RED,24422,20950
IR,RED,24422,20961
IR,RED,24443,20966
IR,RED,24430,20974
IR,RED,24441,20967
IR,RED,24444,20976
IR,RED,24440,20969
IR,RED,24454,20971
IR,RED,24448,20971
IR,RED,24440,20962
IR,RED,24420,20966
IR,RED,24423,20959
IR,RED,24420,20953
IR,RED,24420,20951
IR,RED,24408,20953
IR,RED,24395,20944
IR,RED,24386,20948
IR,RED,24382,20947
IR,RED,24362,20939
IR,RED,24358,20930
IR,RED,24340,20929
IR,RED,24333,20916
IR,RED,24327,20916
IR,RED,24316,20910
IR,RED,24313,20902
IR,RED,24306,20899
IR,RED,24297,20894
IR,RED,24284,20900
IR,RED,24294,20886
IR,RED,24287,20880
IR,RED,24284,20877
IR,RED,24280,20889
IR,RED,24285,20884
IR,RED,24297,20898
IR,RED,24292,20897
IR,RED,24288,20887
IR,RED,24289,20893
IR,RED,24294,20887
IR,RED,24293,20890
IR,RED,24299,20890
IR,RED,24292,20891
IR,RED,24294,20891
IR,RED,24293,20889
IR,RED,24282,20895
IR,RED,24296,20894
IR,RED,24292,20889
IR,RED,24286,20894
IR,RED,24291,20891
IR,RED,24289,20891
IR,RED,24293,20890
IR,RED,24300,20892
IR,RED,24296,20889
IR,RED,24309,20899
IR,RED,24307,20912
IR,RED,24316,20910
IR,RED,24315,20905
IR,RED,24313,20906
IR,RED,24313,20904
IR,RED,24307,20911
IR,RED,24304,20901
IR,RED,24298,20886
IR,RED,24302,20898
IR,RED,24298,20900
IR,RED,24294,20902
IR,RED,24305,20903
IR,RED,24306,20906
IR,RED,24312,20902
IR,RED,24307,20913
IR,RED,24325,20918
IR,RED,24315,20918
IR,RED,24319,20926
IR,RED,24319,20917
IR,RED,24313,20911
IR,RED,24315,20915
IR,RED,24323,20904
IR,RED,24297,20916
IR,RED,24306,20899
IR,RED,24292,20906
IR,RED,24306,20904
IR,RED,24308,20901
IR,RED,24295,20903
IR,RED,24286,20896
IR,RED,24283,20907
IR,RED,24289,20900
IR,RED,24282,20896
IR,RED,24296,20897
IR,RED,24289,20894
IR,RED,24292,20893
IR,RED,24306,20907
IR,RED,24290,20897
IR,RED,24301,20899
IR,RED,24298,20892
IR,RED,24306,20895
IR,RED,24304,20893
IR,RED,24298,20893
IR,RED,24294,20883
IR,RED,24298,20886
IR,RED,24286,20884
IR,RED,24293,20881
IR,RED,24296,20880
IR,RED,24303,20869
IR,RED,24315,20885
IR,RED,24327,20896
IR,RED,24351,20913
IR,RED,24384,20935
IR,RED,24421,20956
IR,RED,24478,21000
IR,RED,24565,21057
IR,RED,24664,21122
IR,RED,24736,21167
IR,RED,24783,21211
IR,RED,24833,21233
IR,RED,24854,21250
IR,RED,24900,21270
IR,RED,24904,21286
IR,RED,24946,21301
IR,RED,24973,21313
IR,RED,25039,21349
IR,RED,25087,21376
IR,RED,25137,21419
IR,RED,25188,21449
IR,RED,25231,21487
IR,RED,25262,21499
IR,RED,25273,21520
IR,RED,25285,21516
IR,RED,25290,21521
IR,RED,25293,21527
IR,RED,25293,21527
IR,RED,25302,21547
IR,RED,25319,21545
IR,RED,25325,21544
IR,RED,25336,21560
IR,RED,25347,21567
IR,RED,25362,21570
IR,RED,25379,21583
IR,RED,25389,21591
IR,RED,25394,21604
IR,RED,25416,21610
IR,RED,25417,21613
IR,RED,25420,21603
IR,RED,25443,21620
IR,RED,25463,21625
IR,RED,25457,21637
IR,RED,25494,21657
IR,RED,25521,21668
IR,RED,25537,21684
IR,RED,25552,21696
IR,RED,25574,21711
IR,RED,25583,21724
IR,RED,25608,21725
IR,RED,25624,21737
IR,RED,25650,21754
IR,RED,25674,21763
IR,RED,25697,21785
IR,RED,25732,21796
IR,RED,25719,21793
IR,RED,25726,21787
IR,RED,25729,21784
IR,RED,25717,21795
IR,RED,25710,21787
IR,RED,25714,21767
IR,RED,25714,21773
IR,RED,25692,21758
IR,RED,25683,21746
IR,RED,25650,21742
IR,RED,25653,21731
IR,RED,25636,21718
IR,RED,25627,21725
IR,RED,25618,21725
IR,RED,25623,21726
IR,RED,25635,21737
IR,RED,25636,21749
IR,RED,25650,21763
IR,RED,25663,21787
IR,RED,25662,21781
IR,RED,25681,21796
IR,RED,25678,21793
IR,RED,25671,21797
IR,RED,25660,21799
IR,RED,25655,21798
IR,RED,25666,21804
IR,RED,25672,21800
IR,RED,25653,21799
IR,RED,25672,21809
IR,RED,25664,21815
IR,RED,25666,21805
IR,RED,25667,21794
IR,RED,25674,21808
IR,RED,25685,21814
IR,RED,25674,21812
IR,RED,25699,21811
IR,RED,25710,21823
IR,RED,25713,21809
IR,RED,25689,21803
IR,RED,25697,21798
IR,RED,25706,21802
IR,RED,25716,21793
IR,RED,25726,21816
IR,RED,25737,21814
IR,RED,25755,21817
IR,RED,25748,21824
IR,RED,25752,21824
IR,RED,25745,21807
IR,RED,25752,21805
IR,RED,25745,21805
IR,RED,25739,21798
IR,RED,25756,21803
IR,RED,25763,21810
IR,RED,25761,21807
IR,RED,25753,21810
IR,RED,25744,21807
IR,RED,25735,21786
IR,RED,25720,21786
IR,RED,25722,21792
IR,RED,25719,21784
IR,RED,25701,21779
IR,RED,25706,21779
IR,RED,25707,21779
IR,RED,25698,21773
IR,RED,25691,21760
IR,RED,25694,21759
IR,RED,25689,21762
IR,RED,25689,21744
IR,RED,25686,21750
IR,RED,25688,21745
IR,RED,25679,21741
IR,RED,25669,21730
IR,RED,25658,21720
IR,RED,25648,21706
IR,RED,25651,21709
IR,RED,25643,21693
IR,RED,25639,21698
IR,RED,25638,21689
IR,RED,25640,21688
IR,RED,25631,21693
IR,RED,25630,21700
IR,RED,25630,21684
IR,RED,25644,21694
IR,RED,25646,21692
IR,RED,25648,21706
IR,RED,25662,21697
IR,RED,25645,21700
IR,RED,25630,21689
IR,RED,25615,21689
IR,RED,25617,21684
IR,RED,25606,21679
IR,RED,25619,21684
IR,RED,25606,21674
IR,RED,25626,21674
IR,RED,25632,21687
IR,RED,25628,21692
IR,RED,25621,21677
IR,RED,25619,21683
IR,RED,25617,21671
IR,RED,25614,21672
IR,RED,25606,21683
IR,RED,25609,21670
IR,RED,25603,21673
IR,RED,25614,21674
IR,RED,25619,21673
IR,RED,25611,21670
IR,RED,25609,21676
IR,RED,25608,21685
IR,RED,25612,21672
IR,RED,25603,21682
IR,RED,25601,21674
IR,RED,25608,21676
IR,RED,25607,21676
IR,RED,25607,21683
IR,RED,25612,21683
IR,RED,25630,21699
IR,RED,25624,21690
IR,RED,25631,21693
IR,RED,25623,21693
IR,RED,25625,21697
IR,RED,25627,21695
IR,RED,25616,21690
IR,RED,25622,21686
IR,RED,25630,21679
IR,RED,25624,21692
IR,RED,25636,21692
IR,RED,25629,21707
IR,RED,25649,21711
IR,RED,25645,21709
IR,RED,25652,21711
IR,RED,25651,21710
IR,RED,25651,21724
IR,RED,25654,21719
IR,RED,25643,21705
IR,RED,25643,21695
IR,RED,25638,21702
IR,RED,25627,21695
IR,RED,25614,21688
IR,RED,25615,21681
IR,RED,25608,21675
IR,RED,25597,21669
IR,RED,25588,21661
IR,RED,25594,21655
IR,RED,25600,21660
IR,RED,25588,21647
IR,RED,25584,21651
IR,RED,25585,21647
IR,RED,25569,21645
IR,RED,25580,21644
IR,RED,25583,21662
IR,RED,25564,21643
IR,RED,25569,21653
IR,RED,25559,21637
IR,RED,25571,21647
IR,RED,25565,21638
IR,RED,25561,21649
IR,RED,25552,21625
IR,RED,25550,21644
IR,RED,25556,21643
IR,RED,25540,21633
IR,RED,25545,21633
IR,RED,25548,21629
IR,RED,25538,21623
IR,RED,25539,21633
IR,RED,25529,21634
IR,RED,25534,21629
IR,RED,25527,21626
IR,RED,25536,21638
IR,RED,25531,21628
IR,RED,25523,21627
IR,RED,25531,21611
IR,RED,25526,21627
IR,RED,25531,21625
IR,RED,25528,21615
IR,RED,25507,21612
IR,RED,25507,21618
IR,RED,25514,21626
IR,RED,25509,21619
IR,RED,25503,21608
IR,RED,25505,21610
IR,RED,25494,21618
IR,RED,25485,21619
IR,RED,25490,21613
IR,RED,25480,21609
IR,RED,25480,21601
IR,RED,25473,21602
IR,RED,25476,21604
IR,RED,25477,21604
IR,RED,25472,21607
IR,RED,25476,21602
IR,RED,25470,21597
IR,RED,25474,21594
IR,RED,25466,21600
IR,RED,25464,21601
IR,RED,25468,21614
IR,RED,25466,21611
IR,RED,25456,21602
IR,RED,25459,21599
IR,RED,25452,21595
IR,RED,25443,21601
IR,RED,25445,21591
IR,RED,25448,21582
IR,RED,25435,21582
IR,RED,25432,21571
IR,RED,25427,21572
IR,RED,25422,21567
IR,RED,25423,21558
IR,RED,25410,21562
IR,RED,25418,21555
IR,RED,25413,21564
IR,RED,25415,21564
IR,RED,25411,21555
IR,RED,25415,21549
IR,RED,25411,21549
IR,RED,25406,21545
IR,RED,25394,21545
IR,RED,25410,21550
IR,RED,25405,21548
IR,RED,25407,21558
IR,RED,25412,21553
IR,RED,25414,21552
IR,RED,25410,21548
IR,RED,25401,21550
IR,RED,25402,21558
IR,RED,25394,21553
IR,RED,25401,21547
IR,RED,25405,21547
IR,RED,25388,21552
IR,RED,25394,21556
IR,RED,25393,21551
IR,RED,25377,21543
IR,RED,25395,21544
IR,RED,25384,21537
IR,RED,25381,21535
IR,RED,25384,21531
IR,RED,25395,21537
IR,RED,25378,21545
IR,RED,25384,21537
IR,RED,25378,21546
IR,RED,25374,21538
IR,RED,25367,21536
IR,RED,25374,21542
IR,RED,25361,21530
IR,RED,25376,21527
IR,RED,25380,21526
IR,RED,25371,21525
IR,RED,25367,21525
IR,RED,25362,21522
IR,RED,25363,21522
IR,RED,25365,21517
IR,RED,25366,21528
IR,RED,25368,21533
IR,RED,25369,21535
IR,RED,25357,21524
IR,RED,25356,21518
IR,RED,25363,21524
IR,RED,25359,21525
IR,RED,25362,21522
IR,RED,25366,21531
IR,RED,25356,21527
IR,RED,25365,21518
IR,RED,25362,21522
IR,RED,25357,21526
IR,RED,25360,21529
IR,RED,25359,21516
IR,RED,25352,21519
IR,RED,25346,21523
IR,RED,25355,21521
IR,RED,25345,21510
IR,RED,25343,21504
IR,RED,25347,21503
IR,RED,25335,21493
IR,RED,25334,21501
IR,RED,25341,21493
IR,RED,25332,21497
IR,RED,25330,21489
IR,RED,25322,21490
IR,RED,25338,21492
IR,RED,25336,21488
IR,RED,25337,21496
IR,RED,25336,21498
IR,RED,25337,21493
IR,RED,25352,21491
IR,RED,25338,21502
IR,RED,25337,21496
IR,RED,25338,21498
IR,RED,25349,21501
IR,RED,25330,21502
IR,RED,25341,21497
IR,RED,25335,21503
IR,RED,25350,21498
IR,RED,25351,21504
IR,RED,25347,21512
IR,RED,25347,21508
IR,RED,25353,21493
IR,RED,25356,21503
IR,RED,25361,21504
IR,RED,25348,21500
IR,RED,25345,21500
IR,RED,25349,21492
IR,RED,25348,21499
IR,RED,25358,21500
IR,RED,25351,21507
IR,RED,25346,21501
IR,RED,25346,21491
IR,RED,25342,21498
IR,RED,25341,21500
IR,RED,25347,21499
IR,RED,25348,21500
IR,RED,25331,21500
IR,RED,25331,21490
IR,RED,25342,21493
IR,RED,25336,21497
IR,RED,25332,21495
IR,RED,25334,21498
IR,RED,25329,21494
IR,RED,25331,21492
IR,RED,25336,21506
IR,RED,25326,21501
IR,RED,25345,21508
IR,RED,25330,21493
IR,RED,25334,21497
IR,RED,25337,21497
IR,RED,25334,21491
IR,RED,25351,21500
IR,RED,25342,21496
IR,RED,25331,21505
IR,RED,25336,21508
IR,RED,25328,21500
IR,RED,25350,21507
IR,RED,25343,21505
IR,RED,25351,21495
IR,RED,25357,21493
IR,RED,25346,21500
IR,RED,25352,21498
IR,RED,25338,21498
IR,RED,25347,21487
IR,RED,25345,21487
IR,RED,25339,21483
IR,RED,25322,21482
IR,RED,25331,21484
IR,RED,25331,21466
IR,RED,25333,21468
IR,RED,25337,21481
IR,RED,25330,21474
IR,RED,25336,21484
IR,RED,25331,21488
IR,RED,25338,21481
IR,RED,25353,21481
IR,RED,25346,21490
IR,RED,25353,21487
IR,RED,25361,21494
IR,RED,25359,21489
IR,RED,25350,21493
IR,RED,25353,21493
IR,RED,25350,21486
IR,RED,25342,21482
IR,RED,25356,21495
IR,RED,25347,21497
IR,RED,25360,21499
IR,RED,25356,21500
IR,RED,25356,21509
IR,RED,25361,21497
IR,RED,25368,21510
IR,RED,25358,21505
IR,RED,25357,21502
IR,RED,25367,21501
IR,RED,25365,21493
IR,RED,25370,21495
IR,RED,25361,21501
IR,RED,25357,21508
IR,RED,25385,21506
IR,RED,25377,21513
IR,RED,25366,21510
IR,RED,25360,21506
IR,RED,25360,21492
IR,RED,25339,21500
IR,RED,25342,21500
IR,RED,25340,21498
IR,RED,25351,21500
IR,RED,25344,21501
IR,RED,25351,21499
IR,RED,25350,21489
IR,RED,25352,21509
IR,RED,25355,21510
IR,RED,25372,21518
IR,RED,25374,21521
IR,RED,25382,21519
IR,RED,25371,21531
IR,RED,25373,21527
IR,RED,25369,21524
IR,RED,25376,21529
IR,RED,25377,21517
IR,RED,25383,21524
IR,RED,25378,21532
IR,RED,25398,21543
IR,RED,25405,21542
IR,RED,25410,21543
IR,RED,25422,21548
IR,RED,25418,21560
IR,RED,25419,21558
IR,RED,25426,21553
IR,RED,25410,21554
IR,RED,25408,21548
IR,RED,25414,21544
IR,RED,25397,21540
IR,RED,25388,21533
IR,RED,25395,21530
IR,RED,25380,21511
IR,RED,25377,21514
IR,RED,25375,21494
IR,RED,25370,21514
IR,RED,25365,21503
IR,RED,25374,21508
IR,RED,25361,21514
IR,RED,25363,21505
IR,RED,25363,21505
IR,RED,25362,21510
IR,RED,25357,21505
IR,RED,25365,21502
IR,RED,25373,21493
IR,RED,25354,21498
IR,RED,25357,21512
IR,RED,25350,21505
IR,RED,25350,21503
IR,RED,25343,21509
IR,RED,25342,21508
IR,RED,25339,21506
IR,RED,25343,21507
IR,RED,25338,21503
IR,RED,25340,21512
IR,RED,25339,21497
IR,RED,25342,21502
IR,RED,25336,21497
IR,RED,25345,21500
IR,RED,25342,21503
IR,RED,25349,21494
IR,RED,25334,21493
IR,RED,25340,21501
IR,RED,25338,21496
IR,RED,25339,21498
IR,RED,25343,21505
IR,RED,25335,21503
IR,RED,25325,21499
IR,RED,25311,21489
IR,RED,25324,21487
IR,RED,25312,21492
IR,RED,25318,21490
IR,RED,25323,21480
IR,RED,25316,21488
IR,RED,25318,21487
IR,RED,25304,21491
IR,RED,25302,21484
IR,RED,25311,21487
IR,RED,25299,21484
IR,RED,25299,21476
IR,RED,25304,21485
IR,RED,25300,21484
IR,RED,25302,21494
IR,RED,25297,21490
IR,RED,25290,21494
IR,RED,25295,21495
IR,RED,25294,21496
IR,RED,25303,21480
IR,RED,25288,21490
IR,RED,25292,21479
IR,RED,25288,21480
IR,RED,25284,21482
IR,RED,25285,21493
IR,RED,25292,21492
IR,RED,25277,21485
IR,RED,25293,21487
IR,RED,25293,21488
IR,RED,25286,21481
IR,RED,25285,21487
IR,RED,25292,21477
IR,RED,25280,21479
IR,RED,25268,21480
IR,RED,25270,21456
IR,RED,25257,21460
IR,RED,25248,21455
IR,RED,25251,21458
IR,RED,25251,21445
IR,RED,25261,21450
IR,RED,25253,21452
IR,RED,25260,21448
IR,RED,25255,21457
IR,RED,25254,21444
IR,RED,25252,21445
IR,RED,25245,21446
IR,RED,25257,21441
IR,RED,25252,21449
IR,RED,25253,21440
IR,RED,25254,21441
IR,RED,25252,21442
IR,RED,25243,21439
IR,RED,25243,21448
IR,RED,25243,21454
IR,RED,25240,21455
IR,RED,25244,21449
IR,RED,25245,21446
IR,RED,25243,21442
IR,RED,25247,21449
IR,RED,25253,21451
IR,RED,25247,21451
IR,RED,25241,21434
IR,RED,25243,21446
IR,RED,25235,21453
IR,RED,25256,21452
IR,RED,25253,21445
IR,RED,25249,21445
IR,RED,25251,21441
IR,RED,25248,21440
IR,RED,25247,21449
IR,RED,25255,21445
IR,RED,25245,21436
IR,RED,25248,21443
IR,RED,25254,21453
IR,RED,25247,21452
IR,RED,25250,21454
IR,RED,25250,21452
IR,RED,25243,21446
IR,RED,25239,21451
IR,RED,25249,21449
IR,RED,25251,21441
IR,RED,25256,21446
IR,RED,25243,21443
IR,RED,25254,21453
IR,RED,25250,21453
IR,RED,25249,21450
IR,RED,25255,21448
IR,RED,25249,21452
IR,RED,25251,21457
IR,RED,25261,21456
IR,RED,25259,21458
IR,RED,25260,21460
IR,RED,25269,21462
IR,RED,25276,21464
IR,RED,25264,21469
IR,RED,25271,21480
IR,RED,25284,21477
IR,RED,25288,21481
IR,RED,25279,21484
IR,RED,25287,21477
IR,RED,25280,21479
IR,RED,25284,21477
IR,RED,25278,21469
IR,RED,25272,21467
IR,RED,25276,21465
IR,RED,25279,21460
IR,RED,25266,21457
IR,RED,25274,21459
IR,RED,25267,21450
IR,RED,25267,21448
IR,RED,25282,21456
IR,RED,25278,21455
IR,RED,25293,21457
IR,RED,25280,21460
IR,RED,25260,21449
IR,RED,25280,21455
IR,RED,25277,21454
IR,RED,25284,21456
IR,RED,25280,21454
IR,RED,25282,21468
IR,RED,25282,21455
IR,RED,25278,21456
IR,RED,25284,21454
IR,RED,25270,21463
IR,RED,25276,21462
IR,RED,25297,21463
IR,RED,25290,21463
IR,RED,25301,21474
IR,RED,25304,21471
IR,RED,25312,21481
IR,RED,25308,21483
IR,RED,25321,21487
IR,RED,25310,21476
IR,RED,25318,21475
IR,RED,25311,21475
IR,RED,25321,21481
IR,RED,25302,21486
IR,RED,25323,21487
IR,RED,25332,21490
IR,RED,25318,21488
IR,RED,25325,21485
IR,RED,25321,21499
IR,RED,25328,21493
IR,RED,25325,21492
IR,RED,25324,21503
IR,RED,25314,21500
IR,RED,25327,21503
IR,RED,25325,21495
IR,RED,25329,21493
IR,RED,25334,21503
IR,RED,25336,21506
IR,RED,25346,21506
IR,RED,25353,21511
IR,RED,25344,21510
IR,RED,25344,21512
IR,RED,25348,21512
IR,RED,25335,21511
IR,RED,25346,21516
IR,RED,25345,21504
IR,RED,25334,21504
IR,RED,25335,21509
IR,RED,25337,21505
IR,RED,25348,21511
IR,RED,25342,21514
IR,RED,25348,21517
IR,RED,25361,21526
IR,RED,25371,21532
IR,RED,25377,21536
IR,RED,25363,21544
IR,RED,25370,21521
IR,RED,25376,21530
IR,RED,25378,21533
IR,RED,25377,21523
IR,RED,25372,21528
IR,RED,25367,21514
IR,RED,25370,21517
IR,RED,25353,21513
IR,RED,25349,21504
IR,RED,25348,21499
IR,RED,25345,21499
IR,RED,25340,21487
IR,RED,25333,21503
IR,RED,25340,21500
IR,RED,25362,21504
IR,RED,25347,21500
IR,RED,25345,21496
IR,RED,25341,21498
IR,RED,25350,21500
IR,RED,25346,21504
IR,RED,25338,21502
IR,RED,25345,21501
IR,RED,25350,21510
IR,RED,25337,21512
IR,RED,25344,21502
IR,RED,25340,21504
IR,RED,25328,21504
IR,RED,25330,21489
IR,RED,25336,21493
IR,RED,25340,21497
IR,RED,25351,21488
IR,RED,25345,21502
IR,RED,25339,21502
IR,RED,25344,21504
IR,RED,25341,21499
IR,RED,25360,21486
IR,RED,25347,21497
IR,RED,25346,21503
IR,RED,25349,21497
IR,RED,25340,21503
IR,RED,25343,21503
IR,RED,25339,21495
IR,RED,25340,21495
IR,RED,25343,21499
IR,RED,25351,21501
IR,RED,25346,21500
IR,RED,25337,21500
IR,RED,25333,21495
IR,RED,25324,21503
IR,RED,25336,21493
IR,RED,25331,21494
IR,RED,25327,21484
IR,RED,25335,21496
IR,RED,25330,21501
IR,RED,25338,21496
IR,RED,25323,21498
IR,RED,25338,21500
IR,RED,25338,21500
IR,RED,25324,21502
IR,RED,25333,21505
IR,RED,25328,21502
IR,RED,25330,21511
IR,RED,25335,21501
IR,RED,25321,21495
IR,RED,25318,21495
IR,RED,25311,21505
IR,RED,25322,21499
IR,RED,25326,21504
IR,RED,25327,21500
IR,RED,25324,21496
IR,RED,25322,21496
IR,RED,25334,21504
IR,RED,25317,21506
IR,RED,25324,21504
IR,RED,25318,21504
IR,RED,25316,21503
IR,RED,25303,21493
IR,RED,25316,21495
IR,RED,25312,21472
IR,RED,25285,21477
IR,RED,25282,21475
IR,RED,25280,21465
IR,RED,25285,21462
IR,RED,25270,21459
IR,RED,25267,21466
IR,RED,25270,21459
IR,RED,25271,21462
IR,RED,25274,21457
IR,RED,25272,21466
IR,RED,25264,21456
IR,RED,25265,21459
IR,RED,25269,21454
IR,RED,25269,21459
IR,RED,25259,21456
IR,RED,25271,21453
IR,RED,25265,21450
IR,RED,25260,21467
IR,RED,25271,21457
IR,RED,25265,21464
IR,RED,25263,21453
IR,RED,25258,21453
IR,RED,25250,21454
IR,RED,25268,21458
IR,RED,25266,21456
IR,RED,25249,21468
IR,RED,25256,21456
IR,RED,25267,21457
IR,RED,25257,21455
IR,RED,25255,21452
IR,RED,25265,21450
IR,RED,25249,21453
IR,RED,25257,21454
IR,RED,25256,21458
IR,RED,25248,21446
IR,RED,25243,21443
IR,RED,25250,21448
IR,RED,25241,21439
IR,RED,25244,21453
IR,RED,25236,21447
IR,RED,25230,21439
IR,RED,25231,21449
IR,RED,25226,21434
IR,RED,25228,21444
IR,RED,25226,21438
IR,RED,25233,21448
IR,RED,25221,21437
IR,RED,25222,21429
IR,RED,25232,21432
IR,RED,25226,21449
IR,RED,25231,21435
IR,RED,25233,21442
IR,RED,25239,21442
IR,RED,25239,21451
IR,RED,25238,21447
IR,RED,25248,21438
IR,RED,25246,21441
IR,RED,25241,21436
IR,RED,25224,21444
IR,RED,25226,21450
IR,RED,25237,21436
IR,RED,25238,21451
IR,RED,25240,21448
IR,RED,25247,21453
IR,RED,25239,21458
IR,RED,25243,21459
IR,RED,25247,21450
IR,RED,25231,21446
IR,RED,25235,21447
IR,RED,25230,21445
IR,RED,25233,21439
IR,RED,25222,21440
IR,RED,25223,21430
IR,RED,25212,21430
IR,RED,25217,21414
IR,RED,25208,21431
IR,RED,25206,21424
IR,RED,25216,21428
IR,RED,25225,21432
IR,RED,25225,21436
IR,RED,25229,21428
IR,RED,25232,21427
IR,RED,25230,21432
IR,RED,25236,21428
IR,RED,25235,21436
IR,RED,25241,21441
IR,RED,25241,21434
IR,RED,25251,21443
IR,RED,25254,21447
IR,RED,25240,21437
IR,RED,25247,21429
IR,RED,25246,21448
IR,RED,25258,21441
IR,RED,25256,21433
IR,RED,25257,21438
IR,RED,25242,21444
IR,RED,25260,21445
IR,RED,25262,21443
IR,RED,25257,21446
IR,RED,25253,21443
IR,RED,25263,21454
IR,RED,25255,21440
IR,RED,25255,21446
IR,RED,25257,21443
IR,RED,25245,21444
IR,RED,25253,21438
IR,RED,25248,21447
IR,RED,25247,21436
IR,RED,25233,21438
IR,RED,25237,21439
IR,RED,25242,21436
IR,RED,25244,21437
IR,RED,25247,21447
IR,RED,25236,21434
IR,RED,25246,21446
IR,RED,25252,21440
IR,RED,25255,21443
IR,RED,25254,21455
IR,RED,25248,21449
IR,RED,25264,21458
IR,RED,25263,21455
IR,RED,25259,21458
IR,RED,25261,21463
IR,RED,25274,21464
IR,RED,25252,21455
IR,RED,25267,21462
IR,RED,25257,21463
IR,RED,25255,21466
IR,RED,25259,21465
IR,RED,25261,21471
IR,RED,25282,21473
IR,RED,25269,21468
IR,RED,25288,21470
IR,RED,25291,21476
IR,RED,25290,21489
IR,RED,25297,21480
IR,RED,25292,21490
IR,RED,25289,21491
IR,RED,25286,21491
IR,RED,25294,21474
IR,RED,25284,21481
IR,RED,25291,21476
IR,RED,25279,21468
IR,RED,25272,21466
IR,RED,25270,21462
IR,RED,25268,21460
IR,RED,25267,21441
IR,RED,25275,21445
IR,RED,25255,21449
IR,RED,25254,21451
IR,RED,25267,21447
IR,RED,25268,21454
IR,RED,25273,21463
IR,RED,25271,21454
IR,RED,25277,21452
IR,RED,25259,21450
IR,RED,25266,21451
IR,RED,25276,21448
IR,RED,25281,21455
IR,RED,25280,21456
IR,RED,25288,21463
IR,RED,25287,21453
IR,RED,25287,21456
IR,RED,25283,21460
IR,RED,25283,21465
IR,RED,25297,21461
IR,RED,25284,21465
IR,RED,25281,21472
IR,RED,25288,21464
IR,RED,25286,21457
IR,RED,25287,21471
IR,RED,25287,21467
IR,RED,25280,21462
IR,RED,25277,21472
IR,RED,25287,21466
IR,RED,25287,21472
IR,RED,25286,21475
IR,RED,25294,21472
IR,RED,25284,21460
IR,RED,25291,21466
IR,RED,25287,21468
IR,RED,25281,21465
IR,RED,25294,21469
IR,RED,25291,21466
IR,RED,25292,21469
IR,RED,25295,21470
IR,RED,25292,21473
IR,RED,25300,21471
IR,RED,25291,21473
IR,RED,25293,21464
IR,RED,25295,21474
IR,RED,25297,21477
IR,RED,25299,21473
IR,RED,25293,21478
IR,RED,25296,21488
IR,RED,25306,21480
IR,RED,25302,21480
IR,RED,25308,21485
IR,RED,25287,21476
IR,RED,25295,21481
IR,RED,25288,21476
IR,RED,25291,21483
IR,RED,25296,21480
IR,RED,25301,21478
IR,RED,25298,21476
IR,RED,25302,21492
IR,RED,25310,21484
IR,RED,25305,21482
IR,RED,25299,21491
IR,RED,25291,21499
IR,RED,25289,21492
IR,RED,25276,21486
IR,RED,25272,21481
IR,RED,25273,21468
IR,RED,25262,21463
IR,RED,25254,21459
IR,RED,25243,21448
IR,RED,25245,21445
IR,RED,25238,21429
IR,RED,25228,21427
IR,RED,25225,21436
IR,RED,25228,21433
IR,RED,25231,21428
IR,RED,25225,21434
IR,RED,25230,21419
IR,RED,25228,21433
IR,RED,25238,21426
IR,RED,25229,21439
IR,RED,25228,21431
IR,RED,25234,21423
IR,RED,25226,21424
IR,RED,25225,21424
IR,RED,25211,21429
IR,RED,25227,21427
IR,RED,25212,21417
IR,RED,25232,21421
IR,RED,25214,21422
IR,RED,25226,21417
IR,RED,25223,21427
IR,RED,25225,21425
IR,RED,25217,21427
IR,RED,25213,21420
IR,RED,25214,21423
IR,RED,25210,21425
IR,RED,25219,21421
IR,RED,25225,21422
IR,RED,25213,21425
IR,RED,25227,21424
IR,RED,25220,21416
IR,RED,25208,21424
IR,RED,25201,21421
IR,RED,25198,21422
IR,RED,25201,21420
IR,RED,25193,21410
IR,RED,25199,21407
IR,RED,25194,21416
IR,RED,25178,21418
IR,RED,25181,21408
IR,RED,25180,21410
IR,RED,25177,21404
IR,RED,25178,21410
IR,RED,25176,21409
IR,RED,25169,21404
IR,RED,25174,21402
IR,RED,25170,21406
IR,RED,25166,21408
IR,RED,25167,21405
IR,RED,25163,21399
IR,RED,25165,21391
IR,RED,25169,21404
IR,RED,25167,21395
IR,RED,25166,21401
IR,RED,25183,21407
IR,RED,25167,21396
IR,RED,25173,21404
IR,RED,25177,21411
IR,RED,25184,21415
IR,RED,25186,21406
IR,RED,25170,21405
IR,RED,25181,21411
IR,RED,25180,21411
IR,RED,25184,21407
IR,RED,25179,21410
IR,RED,25177,21411
IR,RED,25170,21402
IR,RED,25170,21391
IR,RED,25163,21389
IR,RED,25162,21386
IR,RED,25153,21368
IR,RED,25153,21370
IR,RED,25154,21364
IR,RED,25144,21368
IR,RED,25158,21365
IR,RED,25159,21362
IR,RED,25158,21360
IR,RED,25158,21373
IR,RED,25153,21367
IR,RED,25169,21375
IR,RED,25152,21364
IR,RED,25144,21376
IR,RED,25152,21368
IR,RED,25153,21377
IR,RED,25153,21378
IR,RED,25162,21378
IR,RED,25149,21372
IR,RED,25155,21365
IR,RED,25155,21380
IR,RED,25155,21380
IR,RED,25156,21381
IR,RED,25162,21380
IR,RED,25167,21388
IR,RED,25167,21389
IR,RED,25169,21387
IR,RED,25170,21390
IR,RED,25168,21390
IR,RED,25172,21384
IR,RED,25177,21385
IR,RED,25171,21390
IR,RED,25180,21393
IR,RED,25168,21379
IR,RED,25173,21384
IR,RED,25166,21378
IR,RED,25164,21387
IR,RED,25173,21383
IR,RED,25173,21393
IR,RED,25168,21385
IR,RED,25156,21386
IR,RED,25167,21386
IR,RED,25177,21397
IR,RED,25174,21388
IR,RED,25172,21385
IR,RED,25180,21393
IR,RED,25183,21385
IR,RED,25176,21381
IR,RED,25164,21392
IR,RED,25171,21394
IR,RED,25169,21389
IR,RED,25177,21403
IR,RED,25185,21408
IR,RED,25179,21408
IR,RED,25181,21403
IR,RED,25191,21405
IR,RED,25187,21414
IR,RED,25178,21417
IR,RED,25189,21417
IR,RED,25200,21408
IR,RED,25199,21419
IR,RED,25192,21418
IR,RED,25194,21411
IR,RED,25199,21420
IR,RED,25209,21423
IR,RED,25209,21430
IR,RED,25216,21428
IR,RED,25222,21427
IR,RED,25220,21430
IR,RED,25217,21427
IR,RED,25217,21424
IR,RED,25199,21412
IR,RED,25205,21414
IR,RED,25191,21410
IR,RED,25195,21397
IR,RED,25188,21392
IR,RED,25181,21394
IR,RED,25188,21391
IR,RED,25194,21398
IR,RED,25189,21406
IR,RED,25204,21409
IR,RED,25210,21410
IR,RED,25202,21401
IR,RED,25200,21409
IR,RED,25199,21416
IR,RED,25187,21406
IR,RED,25197,21412
IR,RED,25203,21407
IR,RED,25194,21403
IR,RED,25201,21406
IR,RED,25197,21414
IR,RED,25206,21401
IR,RED,25189,21404
IR,RED,25201,21395
IR,RED,25204,21401
IR,RED,25188,21399
IR,RED,25200,21397
IR,RED,25211,21409
IR,RED,25214,21409
IR,RED,25194,21403
IR,RED,25206,21415
IR,RED,25218,21406
IR,RED,25207,21412
IR,RED,25214,21397
IR,RED,25203,21406
IR,RED,25210,21407
IR,RED,25210,21407
IR,RED,25210,21413
IR,RED,25199,21398
IR,RED,25213,21401
IR,RED,25201,21412
IR,RED,25203,21411
IR,RED,25197,21407
IR,RED,25193,21408
IR,RED,25203,21411
IR,RED,25202,21406
IR,RED,25195,21408
IR,RED,25198,21408
IR,RED,25189,21406
IR,RED,25204,21413
IR,RED,25197,21405
IR,RED,25193,21403
IR,RED,25191,21409
IR,RED,25199,21413
IR,RED,25206,21413
IR,RED,25193,21413
IR,RED,25203,21423
IR,RED,25199,21414
IR,RED,25204,21412
IR,RED,25200,21423
IR,RED,25212,21419
IR,RED,25208,21426
IR,RED,25205,21419
IR,RED,25204,21428
IR,RED,25212,21413
IR,RED,25217,21423
IR,RED,25219,21433
IR,RED,25222,21432
IR,RED,25213,21443
IR,RED,25213,21432
IR,RED,25223,21434
IR,RED,25223,21434
IR,RED,25209,21428
IR,RED,25205,21429
IR,RED,25202,21428
IR,RED,25199,21428
IR,RED,25198,21420
IR,RED,25186,21404
IR,RED,25185,21397
IR,RED,25167,21387
IR,RED,25175,21399
IR,RED,25163,21385
IR,RED,25170,21388
IR,RED,25168,21394
IR,RED,25175,21394
IR,RED,25170,21393
IR,RED,25169,21384
IR,RED,25172,21383
IR,RED,25160,21397
IR,RED,25167,21393
IR,RED,25169,21394
IR,RED,25169,21394
IR,RED,25161,21382
IR,RED,25161,21393
IR,RED,25164,21389
IR,RED,25166,21396
IR,RED,25154,21409
IR,RED,25157,21400
IR,RED,25172,21390
IR,RED,25159,21400
IR,RED,25154,21385
IR,RED,25159,21389
IR,RED,25160,21396
IR,RED,25163,21385
IR,RED,25156,21381
IR,RED,25159,21391
IR,RED,25153,21391
IR,RED,25157,21382
IR,RED,25156,21387
IR,RED,25160,21380
IR,RED,25159,21376
IR,RED,25156,21384
IR,RED,25160,21393
IR,RED,25147,21384
IR,RED,25149,21380
IR,RED,25150,21376
IR,RED,25139,21378
IR,RED,25131,21383
IR,RED,25136,21378
IR,RED,25128,21380
IR,RED,25124,21382
IR,RED,25112,21382
IR,RED,25113,21379
IR,RED,25127,21374
IR,RED,25116,21366
IR,RED,25121,21379
IR,RED,25110,21382
IR,RED,25124,21373
IR,RED,25125,21380
IR,RED,25126,21381
IR,RED,25118,21374
IR,RED,25127,21372
IR,RED,25124,21372
IR,RED,25124,21375
IR,RED,25107,21367
IR,RED,25116,21366
IR,RED,25123,21371
IR,RED,25112,21357
IR,RED,25114,21354
IR,RED,25116,21368
IR,RED,25114,21367
IR,RED,25110,21377
IR,RED,25116,21366
IR,RED,25130,21375
IR,RED,25115,21363
IR,RED,25111,21372
IR,RED,25119,21364
IR,RED,25106,21363
IR,RED,25108,21350
IR,RED,25099,21360
IR,RED,25099,21354
IR,RED,25101,21340
IR,RED,25100,21327
IR,RED,25095,21342
IR,RED,25104,21343
IR,RED,25090,21340
IR,RED,25090,21335
IR,RED,25105,21341
IR,RED,25090,21339
IR,RED,25093,21336
IR,RED,25094,21344
IR,RED,25103,21340
IR,RED,25105,21336
IR,RED,25098,21337
IR,RED,25109,21336
IR,RED,25101,21339
IR,RED,25109,21346
IR,RED,25102,21342
IR,RED,25101,21335
IR,RED,25099,21339
IR,RED,25106,21340
IR,RED,25104,21345
IR,RED,25100,21347
IR,RED,25115,21350
IR,RED,25116,21345
IR,RED,25113,21335
IR,RED,25116,21344
IR,RED,25123,21346
IR,RED,25119,21346
IR,RED,25123,21337
IR,RED,25121,21345
IR,RED,25117,21344
IR,RED,25108,21343
IR,RED,25113,21347
IR,RED,25118,21351
IR,RED,25108,21347
IR,RED,25101,21347
IR,RED,25107,21346
IR,RED,25110,21343
IR,RED,25108,21338
IR,RED,25112,21349
IR,RED,25106,21344
IR,RED,25106,21350
IR,RED,25102,21345
IR,RED,25104,21349
IR,RED,25107,21351
IR,RED,25101,21355
IR,RED,25111,21352
IR,RED,25125,21351
IR,RED,25113,21357
IR,RED,25122,21362
IR,RED,25117,21361
IR,RED,25110,21360
IR,RED,25113,21354
IR,RED,25128,21358
IR,RED,25130,21365
IR,RED,25121,21369
IR,RED,25130,21366
IR,RED,25133,21366
IR,RED,25128,21366
IR,RED,25135,21370
IR,RED,25132,21372
IR,RED,25138,21378
IR,RED,25133,21375
IR,RED,25134,21373
IR,RED,25158,21372
IR,RED,25138,21381
IR,RED,25137,21381
IR,RED,25153,21374
IR,RED,25137,21374
IR,RED,25145,21371
IR,RED,25140,21380
IR,RED,25136,21368
IR,RED,25126,21366
IR,RED,25119,21361
IR,RED,25118,21349
IR,RED,25110,21353
IR,RED,25106,21348
IR,RED,25106,21345
IR,RED,25107,21343
IR,RED,25119,21336
IR,RED,25115,21345
IR,RED,25104,21338
IR,RED,25115,21338
IR,RED,25114,21337
IR,RED,25115,21344
IR,RED,25103,21350
IR,RED,25118,21348
IR,RED,25120,21345
IR,RED,25106,21342
IR,RED,25113,21347
IR,RED,25114,21336
IR,RED,25115,21339
IR,RED,25129,21350
IR,RED,25126,21350
IR,RED,25127,21351
IR,RED,25123,21348
IR,RED,25132,21342
IR,RED,25131,21354
IR,RED,25112,21350
IR,RED,25126,21353
IR,RED,25127,21352
IR,RED,25143,21346
IR,RED,25122,21340
IR,RED,25126,21357
IR,RED,25132,21350
IR,RED,25133,21353
IR,RED,25119,21348
IR,RED,25129,21354
IR,RED,25120,21353
IR,RED,25113,21363
IR,RED,25128,21350
IR,RED,25109,21354
IR,RED,25121,21350
IR,RED,25115,21349
IR,RED,25126,21351
IR,RED,25114,21351
IR,RED,25110,21356
IR,RED,25110,21346
IR,RED,25108,21355
IR,RED,25115,21361
IR,RED,25119,21349
IR,RED,25110,21357
IR,RED,25128,21349
IR,RED,25123,21355
IR,RED,25107,21354
IR,RED,25118,21349
IR,RED,25123,21355
IR,RED,25111,21350
IR,RED,25126,21347
IR,RED,25110,21359
IR,RED,25118,21358
IR,RED,25112,21350
IR,RED,25124,21363
IR,RED,25124,21357
IR,RED,25138,21371
IR,RED,25118,21365
IR,RED,25125,21377
IR,RED,25127,21373
IR,RED,25124,21367
IR,RED,25117,21370
IR,RED,25136,21372
IR,RED,25130,21370
IR,RED,25136,21376
IR,RED,25137,21380
IR,RED,25117,21374
IR,RED,25119,21366
IR,RED,25119,21371
IR,RED,25123,21362
IR,RED,25115,21359
IR,RED,25092,21350
IR,RED,25100,21336
IR,RED,25101,21332
IR,RED,25096,21327
IR,RED,25089,21328
IR,RED,25080,21325
IR,RED,25086,21322
IR,RED,25087,21335
IR,RED,25087,21322
IR,RED,25094,21331
IR,RED,25081,21328
IR,RED,25072,21317
IR,RED,25076,21325
IR,RED,25085,21332
IR,RED,25071,21322
IR,RED,25072,21321
IR,RED,25091,21327
IR,RED,25075,21330
IR,RED,25059,21327
IR,RED,25074,21321
IR,RED,25073,21320
IR,RED,25068,21320
IR,RED,25073,21328
IR,RED,25079,21321
IR,RED,25082,21327
IR,RED,25062,21313
IR,RED,25058,21317
IR,RED,25059,21317
IR,RED,25074,21320
IR,RED,25063,21322
IR,RED,25069,21320
IR,RED,25079,21313
IR,RED,25061,21319
IR,RED,25059,21314
IR,RED,25059,21320
IR,RED,25054,21323
IR,RED,25058,21316
IR,RED,25054,21312
IR,RED,25062,21313
IR,RED,25053,21313
IR,RED,25059,21316
IR,RED,25064,21315
IR,RED,25054,21316
IR,RED,25060,21316
IR,RED,25056,21320
IR,RED,25065,21322
IR,RED,25050,21320
IR,RED,25064,21309
IR,RED,25064,21313
IR,RED,25049,21313
IR,RED,25054,21311
IR,RED,25050,21323
IR,RED,25052,21312
IR,RED,25039,21312
IR,RED,25051,21311
IR,RED,25051,21318
IR,RED,25048,21314
IR,RED,25056,21308
IR,RED,25060,21315
IR,RED,25031,21320
IR,RED,25055,21309
IR,RED,25057,21319
IR,RED,25055,21324
IR,RED,25063,21315
IR,RED,25049,21326
IR,RED,25039,21313
IR,RED,25063,21316
IR,RED,25044,21312
IR,RED,25034,21310
IR,RED,25057,21302
IR,RED,25034,21305
IR,RED,25033,21293
IR,RED,25047,21296
IR,RED,25034,21295
IR,RED,25035,21292
IR,RED,25023,21287
IR,RED,25030,21278
IR,RED,25013,21287
IR,RED,25038,21283
IR,RED,25042,21281
IR,RED,25041,21289
IR,RED,25045,21285
IR,RED,25037,21285
IR,RED,25023,21276
IR,RED,25033,21285
IR,RED,25036,21274
IR,RED,25027,21285
IR,RED,25035,21284
IR,RED,25031,21284
IR,RED,25036,21283
IR,RED,25037,21282
IR,RED,25033,21288
IR,RED,25037,21278
IR,RED,25023,21280
IR,RED,25038,21278
IR,RED,25036,21287
IR,RED,25040,21286
IR,RED,25022,21281
IR,RED,25019,21278
IR,RED,25044,21276
IR,RED,25037,21287
IR,RED,25039,21290
IR,RED,25052,21294
IR,RED,25050,21294
IR,RED,25050,21279
IR,RED,25035,21282
IR,RED,25044,21289
IR,RED,25048,21277
IR,RED,25021,21277
IR,RED,25043,21279
IR,RED,25027,21282
IR,RED,25039,21282
IR,RED,25030,21283
IR,RED,25037,21282
IR,RED,25024,21273
IR,RED,25026,21287
IR,RED,25043,21292
IR,RED,25023,21294
IR,RED,25028,21293
IR,RED,25029,21290
IR,RED,25044,21288
IR,RED,25041,21290
IR,RED,25037,21300
IR,RED,25038,21294
IR,RED,25040,21309
IR,RED,25047,21296
IR,RED,25029,21291
IR,RED,25030,21291
IR,RED,25045,21298
IR,RED,25028,21296
IR,RED,25036,21299
IR,RED,25052,21298
IR,RED,25044,21305
IR,RED,25057,21306
IR,RED,25048,21308
IR,RED,25049,21304
IR,RED,25061,21308
IR,RED,25052,21306
IR,RED,25075,21314
IR,RED,25062,21306
IR,RED,25073,21306
IR,RED,25076,21306
IR,RED,25063,21307
IR,RED,25053,21305
IR,RED,25047,21308
IR,RED,25054,21291
IR,RED,25048,21285
IR,RED,25047,21285
IR,RED,25047,21283
IR,RED,25039,21292
IR,RED,25062,21288
IR,RED,25078,21295
IR,RED,25055,21295
IR,RED,25055,21294
IR,RED,25055,21296
IR,RED,25035,21304
IR,RED,25042,21290
IR,RED,25047,21295
IR,RED,25051,21302
IR,RED,25061,21294
IR,RED,25064,21290
IR,RED,25055,21293
IR,RED,25067,21305
IR,RED,25064,21295
IR,RED,25060,21295
IR,RED,25066,21284
IR,RED,25056,21296
IR,RED,25062,21291
IR,RED,25056,21294
IR,RED,25053,21288
IR,RED,25060,21296
IR,RED,25057,21293
IR,RED,25061,21288
IR,RED,25065,21290
IR,RED,25066,21293
IR,RED,25057,21289
IR,RED,25060,21291
IR,RED,25053,21303
IR,RED,25066,21291
IR,RED,25066,21298
IR,RED,25070,21295
IR,RED,25062,21288
IR,RED,25059,21293
IR,RED,25063,21297
IR,RED,25065,21304
IR,RED,25059,21299
IR,RED,25061,21301
IR,RED,25054,21295
IR,RED,25071,21313
IR,RED,25066,21304
IR,RED,25061,21304
IR,RED,25081,21309
IR,RED,25074,21313
IR,RED,25087,21320
IR,RED,25080,21310
IR,RED,25075,21307
IR,RED,25075,21320
IR,RED,25082,21325
IR,RED,25081,21317
IR,RED,25083,21320
IR,RED,25072,21318
IR,RED,25091,21319
IR,RED,25075,21316
IR,RED,25087,21324
IR,RED,25088,21332
IR,RED,25095,21321
IR,RED,25093,21318
IR,RED,25103,21329
IR,RED,25092,21332
IR,RED,25084,21329
IR,RED,25094,21334
IR,RED,25084,21345
IR,RED,25102,21337
IR,RED,25095,21335
IR,RED,25089,21328
IR,RED,25090,21322
IR,RED,25083,21321
IR,RED,25074,21312
IR,RED,25070,21311
IR,RED,25069,21292
IR,RED,25065,21292
IR,RED,25058,21285
IR,RED,25065,21292
IR,RED,25063,21290
IR,RED,25044,21297
IR,RED,25069,21288
IR,RED,25049,21289
IR,RED,25058,21275
IR,RED,25050,21287
IR,RED,25062,21288
IR,RED,25045,21286
IR,RED,25045,21283
IR,RED,25062,21277
IR,RED,25056,21268
IR,RED,25053,21274
IR,RED,25048,21274
IR,RED,25043,21272
IR,RED,25045,21273
IR,RED,25061,21277
IR,RED,25053,21283
IR,RED,25039,21272
IR,RED,25040,21282
IR,RED,25045,21283
IR,RED,25058,21275
IR,RED,25052,21279
IR,RED,25047,21272
IR,RED,25060,21275
IR,RED,25042,21285
IR,RED,25042,21277
IR,RED,25040,21280
IR,RED,25037,21269
IR,RED,25043,21268
IR,RED,25022,21268
IR,RED,25031,21263
IR,RED,25022,21269
IR,RED,25031,21271
IR,RED,25020,21267
IR,RED,25029,21268
IR,RED,25041,21259
IR,RED,25038,21264
IR,RED,25013,21264
IR,RED,25025,21265
IR,RED,25035,21267
IR,RED,25027,21258
IR,RED,25022,21262
IR,RED,25002,21263
IR,RED,25004,21257
IR,RED,25007,21260
IR,RED,25012,21249
IR,RED,25021,21257
IR,RED,25015,21262
IR,RED,25010,21256
IR,RED,25010,21264
IR,RED,25020,21263
IR,RED,25004,21264
IR,RED,25006,21260
IR,RED,25008,21260
IR,RED,25011,21257
IR,RED,24994,21251
IR,RED,25006,21274
IR,RED,25011,21267
IR,RED,25012,21272
IR,RED,25010,21262
IR,RED,25022,21247
IR,RED,25006,21266
IR,RED,25004,21264
IR,RED,25016,21277
IR,RED,25013,21267
IR,RED,25008,21269
IR,RED,25000,21265
IR,RED,24997,21262
IR,RED,24997,21254
IR,RED,25005,21257
IR,RED,24999,21239
IR,RED,24993,21250
IR,RED,24993,21238
IR,RED,24992,21240
IR,RED,24977,21242
IR,RED,24979,21237
IR,RED,24994,21236
IR,RED,24976,21243
IR,RED,24988,21238
IR,RED,24997,21233
IR,RED,24990,21240
IR,RED,24979,21234
IR,RED,24996,21238
IR,RED,25001,21236
IR,RED,24983,21233
IR,RED,24990,21242
IR,RED,24995,21235
IR,RED,24987,21236
IR,RED,24995,21233
IR,RED,24998,21253
IR,RED,24991,21241
IR,RED,24986,21230
IR,RED,24977,21235
IR,RED,24997,21241
IR,RED,24992,21241
IR,RED,24996,21248
IR,RED,24998,21243
IR,RED,24996,21243
IR,RED,25008,21245
IR,RED,24985,21250
IR,RED,24994,21247
IR,RED,24986,21242
IR,RED,25004,21238
IR,RED,24991,21242
IR,RED,25000,21243
IR,RED,25005,21238
IR,RED,25000,21251
IR,RED,24987,21248
IR,RED,24994,21252
IR,RED,25003,21247
IR,RED,24998,21248
IR,RED,24995,21246
IR,RED,25000,21247
IR,RED,24990,21247
IR,RED,24995,21246
IR,RED,25002,21255
IR,RED,25013,21251
IR,RED,25011,21248
IR,RED,25006,21253
IR,RED,24991,21250
IR,RED,25007,21250
IR,RED,24998,21259
IR,RED,25005,21254
IR,RED,25004,21256
IR,RED,25014,21262
IR,RED,25011,21261
IR,RED,24995,21253
IR,RED,25014,21248
IR,RED,25015,21257
IR,RED,24995,21261
IR,RED,25019,21263
IR,RED,25012,21270
IR,RED,25021,21276
IR,RED,25028,21265
IR,RED,25003,21259
IR,RED,25015,21261
IR,RED,25030,21258
IR,RED,25034,21273
IR,RED,25029,21268
IR,RED,25006,21268
IR,RED,25026,21265
IR,RED,25009,21262
IR,RED,25025,21261
IR,RED,25014,21256
IR,RED,25017,21264
IR,RED,25031,21253
IR,RED,25023,21246
IR,RED,25010,21250
IR,RED,25015,21248
IR,RED,25016,21247
IR,RED,25027,21241
IR,RED,25006,21246
IR,RED,25012,21243
IR,RED,25017,21247
IR,RED,25006,21240
IR,RED,25010,21255
IR,RED,25023,21237
IR,RED,25017,21243
IR,RED,25017,21249
IR,RED,25022,21253
IR,RED,25008,21250
IR,RED,25016,21254
IR,RED,25011,21254
IR,RED,25006,21248
IR,RED,25010,21252
IR,RED,25010,21255
IR,RED,25019,21255
IR,RED,25034,21245
IR,RED,25031,21262
IR,RED,25021,21265
IR,RED,25032,21250
IR,RED,25029,21262
IR,RED,25038,21254
IR,RED,25026,21262
IR,RED,25033,21260
IR,RED,25032,21254
IR,RED,25050,21255
IR,RED,25043,21269
IR,RED,25034,21256
IR,RED,25034,21258
IR,RED,25042,21258
IR,RED,25034,21263
IR,RED,25039,21262
IR,RED,25048,21258
IR,RED,25023,21263
IR,RED,25022,21265
IR,RED,25038,21258
IR,RED,25052,21265
IR,RED,25037,21264
IR,RED,25036,21272
IR,RED,25023,21269
IR,RED,25035,21272
IR,RED,25029,21274
IR,RED,25035,21262
IR,RED,25043,21270
IR,RED,25044,21279
IR,RED,25033,21270
IR,RED,25049,21280
IR,RED,25035,21281
IR,RED,25036,21276
IR,RED,25023,21277
IR,RED,25046,21280
IR,RED,25038,21281
IR,RED,25047,21283
IR,RED,25036,21275
IR,RED,25037,21286
IR,RED,25041,21284
IR,RED,25046,21286
IR,RED,25039,21290
IR,RED,25049,21289
IR,RED,25054,21294
IR,RED,25040,21300
IR,RED,25038,21302
IR,RED,25062,21298
IR,RED,25052,21299
IR,RED,25054,21294
IR,RED,25063,21291
IR,RED,25051,21290
IR,RED,25046,21287
IR,RED,25021,21284
IR,RED,25031,21267
IR,RED,25034,21271
IR,RED,25033,21258
IR,RED,25021,21260
IR,RED,25015,21253
IR,RED,25009,21257
IR,RED,25021,21262
IR,RED,25032,21251
IR,RED,25028,21260
IR,RED,25014,21255
IR,RED,25024,21250
IR,RED,24999,21266
IR,RED,25012,21249
IR,RED,25003,21254
IR,RED,25017,21243
IR,RED,25002,21262
IR,RED,25008,21257
IR,RED,25019,21248
IR,RED,25013,21253
IR,RED,25014,21255
IR,RED,25010,21246
IR,RED,24996,21255
IR,RED,24999,21242
IR,RED,24998,21250
IR,RED,25007,21245
IR,RED,24988,21249
IR,RED,24991,21242
IR,RED,25003,21239
IR,RED,24993,21231
IR,RED,24992,21233
IR,RED,24989,21236
IR,RED,24985,21225
IR,RED,24984,21231
IR,RED,24970,21219
IR,RED,24984,21233
IR,RED,24995,21234
IR,RED,24976,21224
IR,RED,24974,21236
IR,RED,24973,21231
IR,RED,24980,21230
IR,RED,24970,21230
IR,RED,24968,21233
IR,RED,24967,21234
IR,RED,24969,21222
IR,RED,24969,21233
IR,RED,24968,21231
IR,RED,24971,21229
IR,RED,24973,21229
IR,RED,24963,21237
IR,RED,24969,21232
IR,RED,24960,21221
IR,RED,24967,21225
IR,RED,24967,21221
IR,RED,24973,21241
IR,RED,24971,21236
IR,RED,24968,21236
IR,RED,24947,21239
IR,RED,24965,21235
IR,RED,24966,21228
IR,RED,24955,21236
IR,RED,24959,21236
IR,RED,24959,21230
IR,RED,24968,21227
IR,RED,24958,21236
IR,RED,24964,21232
IR,RED,24962,21237
IR,RED,24962,21239
IR,RED,24969,21235
IR,RED,24952,21227
IR,RED,24947,21223
IR,RED,24955,21222
IR,RED,24946,21212
IR,RED,24945,21219
IR,RED,24949,21208
IR,RED,24938,21212
IR,RED,24929,21207
IR,RED,24921,21200
IR,RED,24922,21198
IR,RED,24921,21204
IR,RED,24932,21202
IR,RED,24927,21198
IR,RED,24935,21198
IR,RED,24937,21207
IR,RED,24938,21204
IR,RED,24924,21203
IR,RED,24943,21206
IR,RED,24940,21200
IR,RED,24933,21202
IR,RED,24939,21204
IR,RED,24942,21200
IR,RED,24938,21205
IR,RED,24939,21206
IR,RED,24940,21218
IR,RED,24945,21211
IR,RED,24941,21207
IR,RED,24951,21204
IR,RED,24955,21210
IR,RED,24958,21204
IR,RED,24951,21220
IR,RED,24960,21210
IR,RED,24952,21207
IR,RED,24943,21208
IR,RED,24949,21207
IR,RED,24952,21208
IR,RED,24942,21203
IR,RED,24954,21210
IR,RED,24949,21221
IR,RED,24959,21208
IR,RED,24949,21215
IR,RED,24953,21226
IR,RED,24952,21215
IR,RED,24968,21223
IR,RED,24965,21224
IR,RED,24952,21220
IR,RED,24959,21215
IR,RED,24953,21223
IR,RED,24963,21211
IR,RED,24960,21221
IR,RED,24953,21205
IR,RED,24953,21222
IR,RED,24957,21213
IR,RED,24960,21223
IR,RED,24967,21215
IR,RED,24967,21223
IR,RED,24972,21225
IR,RED,24967,21225
IR,RED,24979,21232
IR,RED,24981,21226
IR,RED,24990,21227
IR,RED,24984,21234
IR,RED,24978,21230
IR,RED,24986,21238
IR,RED,24991,21236
IR,RED,24989,21234
IR,RED,24990,21242
IR,RED,24985,21242
IR,RED,24994,21247
IR,RED,24981,21249
IR,RED,24990,21248
IR,RED,25004,21250
IR,RED,24999,21251
IR,RED,25008,21253
IR,RED,25012,21262
IR,RED,24988,21256
IR,RED,24990,21254
IR,RED,25010,21247
IR,RED,25002,21235
IR,RED,24989,21240
IR,RED,24980,21242
IR,RED,24992,21232
IR,RED,24988,21224
IR,RED,24970,21233
IR,RED,24982,21226
IR,RED,24979,21232
IR,RED,24993,21223
IR,RED,24991,21225
IR,RED,24991,21228
IR,RED,24989,21240
IR,RED,24993,21236
IR,RED,25009,21238
IR,RED,24996,21244
IR,RED,24998,21237
IR,RED,24998,21235
IR,RED,25013,21239
IR,RED,25013,21248
IR,RED,25000,21247
IR,RED,24995,21243
IR,RED,25020,21244
IR,RED,25015,21242
IR,RED,25012,21239
IR,RED,25010,21245
IR,RED,25016,21244
IR,RED,25021,21248
IR,RED,25017,21248
IR,RED,25019,21243
IR,RED,25014,21235
IR,RED,25019,21245
IR,RED,25024,21247
IR,RED,25023,21253
IR,RED,25006,21248
IR,RED,25009,21248
IR,RED,25009,21243
IR,RED,25011,21245
IR,RED,25023,21243
IR,RED,25001,21246
IR,RED,25012,21254
IR,RED,25025,21249
IR,RED,25012,21241
IR,RED,25023,21255
IR,RED,25002,21250
IR,RED,25016,21257
IR,RED,25006,21252
IR,RED,25022,21251
IR,RED,25025,21258
IR,RED,25014,21256
IR,RED,25028,21267
IR,RED,25033,21256
IR,RED,25016,21258
IR,RED,25029,21264
IR,RED,25033,21265
IR,RED,25045,21282
IR,RED,25033,21277
IR,RED,25031,21277
IR,RED,25043,21270
IR,RED,25034,21264
IR,RED,25043,21276
IR,RED,25052,21278
IR,RED,25035,21275
IR,RED,25049,21274
IR,RED,25040,21296
IR,RED,25062,21284
IR,RED,25045,21284
IR,RED,25040,21279
IR,RED,25047,21279
IR,RED,25056,21288
IR,RED,25055,21291
IR,RED,25050,21286
IR,RED,25054,21296
IR,RED,25059,21286
IR,RED,25055,21291
IR,RED,25059,21293
IR,RED,25051,21281
IR,RED,25036,21273
IR,RED,25034,21277
IR,RED,25039,21262
IR,RED,25021,21259
IR,RED,25020,21252
IR,RED,25013,21245
IR,RED,25001,21247
IR,RED,25007,21242
IR,RED,24994,21257
IR,RED,25010,21244
IR,RED,25012,21246
IR,RED,25003,21239
IR,RED,25004,21242
IR,RED,25007,21235
IR,RED,25004,21243
IR,RED,25000,21231
IR,RED,25001,21251
IR,RED,25018,21244
IR,RED,25001,21245
IR,RED,25006,21247
IR,RED,25008,21252
IR,RED,24998,21247
IR,RED,25021,21254
IR,RED,25017,21250
IR,RED,24999,21246
IR,RED,25027,21259
IR,RED,25001,21257
IR,RED,25000,21244
IR,RED,25000,21251
IR,RED,25003,21242
IR,RED,24999,21237
IR,RED,24997,21239
IR,RED,24994,21249
IR,RED,25004,21233
IR,RED,24984,21232
IR,RED,24999,21239
IR,RED,24999,21240
IR,RED,24984,21248
IR,RED,24992,21229
IR,RED,24991,21230
IR,RED,24982,21233
IR,RED,24979,21233
IR,RED,24980,21228
IR,RED,24963,21232
IR,RED,24968,21224
IR,RED,24974,21236
IR,RED,24965,21237
IR,RED,24966,21228
IR,RED,24958,21222
IR,RED,24959,21215
IR,RED,24964,21222
IR,RED,24968,21241
IR,RED,24966,21230
IR,RED,24960,21220
IR,RED,24941,21220
IR,RED,24949,21221
IR,RED,24953,21228
IR,RED,24951,21232
IR,RED,24957,21227
IR,RED,24947,21224
IR,RED,24951,21224
IR,RED,24945,21235
IR,RED,24938,21224
IR,RED,24949,21223
IR,RED,24943,21232
IR,RED,24947,21222
IR,RED,24943,21231
IR,RED,24941,21225
IR,RED,24940,21228
IR,RED,24942,21239
IR,RED,24943,21233
IR,RED,24941,21233
IR,RED,24932,21226
IR,RED,24920,21219
IR,RED,24924,21212
IR,RED,24926,21202
IR,RED,24915,21203
IR,RED,24919,21196
IR,RED,24896,21190
IR,RED,24893,21187
IR,RED,24896,21183
IR,RED,24898,21181
IR,RED,24891,21183
IR,RED,24882,21178
IR,RED,24888,21179
IR,RED,24890,21186
IR,RED,24879,21190
IR,RED,24877,21177
IR,RED,24869,21182
IR,RED,24863,21185
IR,RED,24861,21183
IR,RED,24849,21181
IR,RED,24849,21195
IR,RED,24853,21204
IR,RED,24851,21200
IR,RED,24849,21208
IR,RED,24832,21214
IR,RED,24847,21210
IR,RED,24833,21219
IR,RED,24822,21197
IR,RED,24812,21197
IR,RED,24818,21182
IR,RED,24816,21188
IR,RED,24811,21175
IR,RED,24800,21186
IR,RED,24805,21184
IR,RED,24812,21179
IR,RED,24837,21190
IR,RED,24817,21188
IR,RED,24809,21192
IR,RED,24810,21184
IR,RED,24813,21179
IR,RED,24801,21172
IR,RED,24806,21186
IR,RED,24800,21175
IR,RED,24796,21170
IR,RED,24809,21182
IR,RED,24809,21184
IR,RED,24808,21187
IR,RED,24805,21185
IR,RED,24800,21187
IR,RED,24800,21185
IR,RED,24797,21183
IR,RED,24781,21168
IR,RED,24781,21177
IR,RED,24783,21176
IR,RED,24782,21168
IR,RED,24778,21175
IR,RED,24786,21167
IR,RED,24777,21164
IR,RED,24766,21159
IR,RED,24771,21172
IR,RED,24764,21159
IR,RED,24769,21152
IR,RED,24767,21166
IR,RED,24778,21169
IR,RED,24763,21171
IR,RED,24768,21167
IR,RED,24776,21160
IR,RED,24775,21175
IR,RED,24777,21165
IR,RED,24780,21159
IR,RED,24798,21165
IR,RED,24784,21170
IR,RED,24789,21176
IR,RED,24780,21187
IR,RED,24782,21174
IR,RED,24771,21174
IR,RED,24771,21169
IR,RED,24760,21157
IR,RED,24756,21149
IR,RED,24759,21144
IR,RED,24753,21138
IR,RED,24741,21130
IR,RED,24732,21131
IR,RED,24736,21138
IR,RED,24733,21139
IR,RED,24725,21141
IR,RED,24735,21139
IR,RED,24726,21128
IR,RED,24725,21134
IR,RED,24725,21131
IR,RED,24716,21145
IR,RED,24722,21134
IR,RED,24729,21135
IR,RED,24726,21136
IR,RED,24725,21131
IR,RED,24719,21141
IR,RED,24726,21133
IR,RED,24719,21136
IR,RED,24725,21146
IR,RED,24718,21145
IR,RED,24717,21146
IR,RED,24721,21142
IR,RED,24730,21139
IR,RED,24724,21144
IR,RED,24725,21135
IR,RED,24720,21142
IR,RED,24718,21131
IR,RED,24729,21131
IR,RED,24717,21141
IR,RED,24718,21136
IR,RED,24719,21139
IR,RED,24720,21148
IR,RED,24719,21141
IR,RED,24721,21142
IR,RED,24712,21139
IR,RED,24710,21132
IR,RED,24714,21151
IR,RED,24708,21127
IR,RED,24700,21133
IR,RED,24705,21131
IR,RED,24704,21138
IR,RED,24700,21138
IR,RED,24696,21144
IR,RED,24705,21131
IR,RED,24719,21139
IR,RED,24688,21126
IR,RED,24693,21131
IR,RED,24704,21133
IR,RED,24696,21125
IR,RED,24695,21129
IR,RED,24702,21147
IR,RED,24693,21129
IR,RED,24707,21134
IR,RED,24686,21131
IR,RED,24695,21132
IR,RED,24696,21136
IR,RED,24695,21135
IR,RED,24701,21138
IR,RED,24706,21131
IR,RED,24693,21137
IR,RED,24703,21140
IR,RED,24696,21141
IR,RED,24699,21146
IR,RED,24691,21140
IR,RED,24704,21135
IR,RED,24694,21142
IR,RED,24697,21126
IR,RED,24683,21114
IR,RED,24697,21114
IR,RED,24678,21112
IR,RED,24672,21111
IR,RED,24675,21105
IR,RED,24669,21110
IR,RED,24671,21109
IR,RED,24669,21106
IR,RED,24674,21106
IR,RED,24673,21110
IR,RED,24672,21103
IR,RED,24666,21110
IR,RED,24665,21118
IR,RED,24669,21109
IR,RED,24662,21109
IR,RED,24673,21106
IR,RED,24669,21113
IR,RED,24670,21112
IR,RED,24674,21115
IR,RED,24675,21129
IR,RED,24682,21113
IR,RED,24673,21122
IR,RED,24676,21120
IR,RED,24682,21130
IR,RED,24679,21127
IR,RED,24685,21125
IR,RED,24690,21133
IR,RED,24694,21127
IR,RED,24687,21128
IR,RED,24688,21130
IR,RED,24684,21139
IR,RED,24694,21139
IR,RED,24700,21135
IR,RED,24691,21141
IR,RED,24706,21152
IR,RED,24698,21142
IR,RED,24692,21144
IR,RED,24685,21138
IR,RED,24693,21141
IR,RED,24696,21138
IR,RED,24688,21131
IR,RED,24700,21140
IR,RED,24685,21141
IR,RED,24688,21140
IR,RED,24694,21137
IR,RED,24701,21143
IR,RED,24698,21141
IR,RED,24694,21138
IR,RED,24703,21134
IR,RED,24678,21132
IR,RED,24688,21146
IR,RED,24694,21130
IR,RED,24696,21144
IR,RED,24691,21145
IR,RED,24695,21148
IR,RED,24696,21143
IR,RED,24699,21150
IR,RED,24700,21151
IR,RED,24693,21152
IR,RED,24708,21146
IR,RED,24709,21151
IR,RED,24715,21160
IR,RED,24720,21159
IR,RED,24724,21160
IR,RED,24715,21164
IR,RED,24708,21160
IR,RED,24715,21159
IR,RED,24708,21161
IR,RED,24708,21150
IR,RED,24711,21159
IR,RED,24700,21145
IR,RED,24709,21143
IR,RED,24699,21141
IR,RED,24692,21142
IR,RED,24700,21144
IR,RED,24691,21146
IR,RED,24697,21137
IR,RED,24701,21136
IR,RED,24701,21138
IR,RED,24692,21151
IR,RED,24704,21145
IR,RED,24693,21152
IR,RED,24703,21151
IR,RED,24708,21145
IR,RED,24712,21149
IR,RED,24706,21148
IR,RED,24730,21156
IR,RED,24725,21158
IR,RED,24724,21160
IR,RED,24735,21163
IR,RED,24743,21169
IR,RED,24742,21166
IR,RED,24730,21155
IR,RED,24740,21160
IR,RED,24734,21160
IR,RED,24750,21161
IR,RED,24727,21153
IR,RED,24735,21161
IR,RED,24731,21164
IR,RED,24728,21165
IR,RED,24741,21167
IR,RED,24744,21165
IR,RED,24737,21159
IR,RED,24736,21164
IR,RED,24742,21176
IR,RED,24726,21160
IR,RED,24736,21169
IR,RED,24738,21162
IR,RED,24728,21161
IR,RED,24735,21164
IR,RED,24726,21165
IR,RED,24721,21174
IR,RED,24728,21169
IR,RED,24732,21166
IR,RED,24725,21164
IR,RED,24731,21163
IR,RED,24730,21170
IR,RED,24718,21162
IR,RED,24722,21157
IR,RED,24718,21162
IR,RED,24719,21171
IR,RED,24725,21167
IR,RED,24733,21163
IR,RED,24727,21155
IR,RED,24733,21156
IR,RED,24725,21164
IR,RED,24718,21171
IR,RED,24714,21180
IR,RED,24717,21175
IR,RED,24729,21184
IR,RED,24722,21170
IR,RED,24719,21175
IR,RED,24726,21167
IR,RED,24731,21178
IR,RED,24722,21183
IR,RED,24728,21176
IR,RED,24740,21180
IR,RED,24734,21187
IR,RED,24731,21188
IR,RED,24726,21180
IR,RED,24731,21174
IR,RED,24711,21167
IR,RED,24715,21167
IR,RED,24709,21160
IR,RED,24701,21150
IR,RED,24706,21150
IR,RED,24695,21144
IR,RED,24697,21139
IR,RED,24700,21141
IR,RED,24686,21145
IR,RED,24694,21140
IR,RED,24691,21146
IR,RED,24704,21150
IR,RED,24689,21143
IR,RED,24698,21144
IR,RED,24696,21139
IR,RED,24690,21148
IR,RED,24690,21143
IR,RED,24697,21151
IR,RED,24708,21149
IR,RED,24703,21153
IR,RED,24697,21148
IR,RED,24705,21148
IR,RED,24698,21144
IR,RED,24701,21153
IR,RED,24700,21153
IR,RED,24705,21143
IR,RED,24702,21149
IR,RED,24697,21146
IR,RED,24689,21140
IR,RED,24694,21150
IR,RED,24695,21145
IR,RED,24694,21150
IR,RED,24699,21161
IR,RED,24701,21157
IR,RED,24697,21156
IR,RED,24687,21155
IR,RED,24683,21150
IR,RED,24684,21149
IR,RED,24684,21140
IR,RED,24684,21150
IR,RED,24675,21141
IR,RED,24684,21140
IR,RED,24677,21143
IR,RED,24688,21145
IR,RED,24678,21135
IR,RED,24663,21144
IR,RED,24671,21149
IR,RED,24676,21144
IR,RED,24679,21149
IR,RED,24676,21135
IR,RED,24690,21147
IR,RED,24672,21147
IR,RED,24685,21153
IR,RED,24677,21138
IR,RED,24685,21146
IR,RED,24682,21143
IR,RED,24683,21147
IR,RED,24682,21144
IR,RED,24682,21141
IR,RED,24674,21149
IR,RED,24686,21154
IR,RED,24682,21141
IR,RED,24683,21144
IR,RED,24682,21151
IR,RED,24684,21143
IR,RED,24685,21150
IR,RED,24677,21147
IR,RED,24691,21156
IR,RED,24694,21148
IR,RED,24686,21148
IR,RED,24681,21152
IR,RED,24682,21156
IR,RED,24671,21142
IR,RED,24672,21141
IR,RED,24661,21134
IR,RED,24671,21132
IR,RED,24676,21135
IR,RED,24659,21120
IR,RED,24668,21126
IR,RED,24661,21119
IR,RED,24674,21129
IR,RED,24673,21126
IR,RED,24671,21129
IR,RED,24678,21126
IR,RED,24675,21132
IR,RED,24673,21139
IR,RED,24672,21136
IR,RED,24670,21130
IR,RED,24677,21128
IR,RED,24684,21131
IR,RED,24684,21143
IR,RED,24687,21139
IR,RED,24689,21140
IR,RED,24683,21136
IR,RED,24698,21146
IR,RED,24686,21147
IR,RED,24695,21136
IR,RED,24704,21134
IR,RED,24703,21137
IR,RED,24703,21141
IR,RED,24701,21137
IR,RED,24703,21140
IR,RED,24701,21137
IR,RED,24700,21147
IR,RED,24718,21136
IR,RED,24710,21143
IR,RED,24714,21144
IR,RED,24720,21142
IR,RED,24710,21142
IR,RED,24699,21141
IR,RED,24713,21151
IR,RED,24725,21149
IR,RED,24721,21148
IR,RED,24707,21148
IR,RED,24724,21157
IR,RED,24727,21146
IR,RED,24728,21148
IR,RED,24729,21153
IR,RED,24731,21160
IR,RED,24726,21160
IR,RED,24726,21161
IR,RED,24725,21146
IR,RED,24738,21163
IR,RED,24742,21150
IR,RED,24746,21157
IR,RED,24734,21154
IR,RED,24725,21161
IR,RED,24722,21150
IR,RED,24728,21157
IR,RED,24724,21153
IR,RED,24737,21158
IR,RED,24735,21158
IR,RED,24734,21154
IR,RED,24738,21161
IR,RED,24735,21160
IR,RED,24740,21159
IR,RED,24753,21174
IR,RED,24756,21174
IR,RED,24763,21167
IR,RED,24763,21179
IR,RED,24772,21178
IR,RED,24785,21187
IR,RED,24775,21190
IR,RED,24789,21189
IR,RED,24768,21190
IR,RED,24787,21196
IR,RED,24784,21201
IR,RED,24782,21192
IR,RED,24770,21193
IR,RED,24773,21189
IR,RED,24771,21185
IR,RED,24762,21173
IR,RED,24761,21176
IR,RED,24751,21165
IR,RED,24751,21169
IR,RED,24756,21173
IR,RED,24768,21181
IR,RED,24760,21177
IR,RED,24767,21167
IR,RED,24765,21173
IR,RED,24760,21174
IR,RED,24737,21165
IR,RED,24745,21163
IR,RED,24741,21162
IR,RED,24744,21172
IR,RED,24749,21171
IR,RED,24749,21177
IR,RED,24747,21173
IR,RED,24745,21173
IR,RED,24751,21172
IR,RED,24749,21164
IR,RED,24752,21173
IR,RED,24747,21166
IR,RED,24750,21164
IR,RED,24757,21175
IR,RED,24759,21164
IR,RED,24752,21166
IR,RED,24764,21173
IR,RED,24746,21159
IR,RED,24753,21165
IR,RED,24755,21167
IR,RED,24751,21177
IR,RED,24755,21177
IR,RED,24763,21174
IR,RED,24762,21172
IR,RED,24765,21166
IR,RED,24762,21177
IR,RED,24760,21182
IR,RED,24766,21183
IR,RED,24767,21170
IR,RED,24777,21178
IR,RED,24777,21183
IR,RED,24772,21176
IR,RED,24771,21184
IR,RED,24772,21181
IR,RED,24776,21187
IR,RED,24768,21184
IR,RED,24769,21190
IR,RED,24762,21185
IR,RED,24761,21179
IR,RED,24765,21183
IR,RED,24762,21194
IR,RED,24773,21196
IR,RED,24758,21191
IR,RED,24764,21190
IR,RED,24751,21190
IR,RED,24760,21203
IR,RED,24770,21182
IR,RED,24751,21194
IR,RED,24756,21193
IR,RED,24760,21196
IR,RED,24762,21194
IR,RED,24767,21192
IR,RED,24756,21196
IR,RED,24762,21196
IR,RED,24769,21193
IR,RED,24772,21199
IR,RED,24767,21194
IR,RED,24770,21192
IR,RED,24764,21186
IR,RED,24780,21203
IR,RED,24768,21192
IR,RED,24766,21189
IR,RED,24757,21191
IR,RED,24761,21182
IR,RED,24761,21182
IR,RED,24751,21176
IR,RED,24755,21170
IR,RED,24744,21175
IR,RED,24758,21157
IR,RED,24751,21163
IR,RED,24753,21178
IR,RED,24762,21173
IR,RED,24758,21165
IR,RED,24761,21168
IR,RED,24756,21163
IR,RED,24751,21152
IR,RED,24759,21168
IR,RED,24758,21173
IR,RED,24761,21173
IR,RED,24755,21168
IR,RED,24745,21170
IR,RED,24750,21162
IR,RED,24742,21178
IR,RED,24743,21164
IR,RED,24745,21163
IR,RED,24742,21162
IR,RED,24741,21166
IR,RED,24743,21158
IR,RED,24735,21151
IR,RED,24741,21156
IR,RED,24739,21158
IR,RED,24739,21159
IR,RED,24735,21154
IR,RED,24735,21160
IR,RED,24737,21163
IR,RED,24748,21167
IR,RED,24730,21159
IR,RED,24730,21152
IR,RED,24728,21155
IR,RED,24729,21152
IR,RED,24723,21157
IR,RED,24716,21147
IR,RED,24722,21150
IR,RED,24723,21145
IR,RED,24727,21148
IR,RED,24724,21137
IR,RED,24722,21150
IR,RED,24725,21151
IR,RED,24723,21141
IR,RED,24714,21157
IR,RED,24729,21153
IR,RED,24729,21159
IR,RED,24734,21143
IR,RED,24738,21156
IR,RED,24727,21157
IR,RED,24734,21149
IR,RED,24724,21154
IR,RED,24732,21140
IR,RED,24725,21152
IR,RED,24724,21151
IR,RED,24731,21157
IR,RED,24739,21154
IR,RED,24741,21153
IR,RED,24733,21154
IR,RED,24732,21160
IR,RED,24740,21153
IR,RED,24745,21155
IR,RED,24748,21162
IR,RED,24741,21164
IR,RED,24738,21161
IR,RED,24735,21152
IR,RED,24741,21162
IR,RED,24738,21145
IR,RED,24735,21156
IR,RED,24726,21148
IR,RED,24712,21152
IR,RED,24721,21132
IR,RED,24712,21140
IR,RED,24707,21124
IR,RED,24701,21130
IR,RED,24692,21124
IR,RED,24708,21120
IR,RED,24712,21120
IR,RED,24714,21130
IR,RED,24715,21132
IR,RED,24716,21124
IR,RED,24724,21123
IR,RED,24717,21128
IR,RED,24718,21124
IR,RED,24715,21122
IR,RED,24713,21121
IR,RED,24721,21125
IR,RED,24728,21129
IR,RED,24722,21126
IR,RED,24727,21124
IR,RED,24728,21122
IR,RED,24732,21122
IR,RED,24730,21132
IR,RED,24726,21132
IR,RED,24728,21129
IR,RED,24732,21128
IR,RED,24740,21129
IR,RED,24745,21131
IR,RED,24742,21124
IR,RED,24741,21120
IR,RED,24733,21131
IR,RED,24737,21125
IR,RED,24747,21135
IR,RED,24742,21128
IR,RED,24733,21130
IR,RED,24749,21129
IR,RED,24738,21124
IR,RED,24747,21125
IR,RED,24737,21129
IR,RED,24734,21132
IR,RED,24747,21119
IR,RED,24728,21126
IR,RED,24744,21119
IR,RED,24740,21125
IR,RED,24735,21121
IR,RED,24738,21126
IR,RED,24732,21129
IR,RED,24741,21136
IR,RED,24738,21123
IR,RED,24744,21135
IR,RED,24737,21134
IR,RED,24742,21136
IR,RED,24748,21136
IR,RED,24739,21129
IR,RED,24748,21142
IR,RED,24746,21138
IR,RED,24761,21138
IR,RED,24748,21130
IR,RED,24754,21132
IR,RED,24756,21135
IR,RED,24757,21140
IR,RED,24755,21134
IR,RED,24757,21147
IR,RED,24769,21141
IR,RED,24767,21143
IR,RED,24766,21148
IR,RED,24775,21147
IR,RED,24780,21147
IR,RED,24781,21159
IR,RED,24772,21143
IR,RED,24773,21144
IR,RED,24771,21145
IR,RED,24772,21147
IR,RED,24770,21141
IR,RED,24758,21127
IR,RED,24758,21131
IR,RED,24753,21123
IR,RED,24760,21125
IR,RED,24750,21128
IR,RED,24756,21125
IR,RED,24758,21115
IR,RED,24761,21114
IR,RED,24759,21126
IR,RED,24774,21120
IR,RED,24768,21122
IR,RED,24759,21121
IR,RED,24765,21121
IR,RED,24771,21125
IR,RED,24772,21122
IR,RED,24767,21121
IR,RED,24775,21125
IR,RED,24774,21128
IR,RED,24768,21138
IR,RED,24782,21132
IR,RED,24789,21131
IR,RED,24787,21131
IR,RED,24787,21128
IR,RED,24786,21127
IR,RED,24786,21131
IR,RED,24803,21132
IR,RED,24784,21132
IR,RED,24789,21128
IR,RED,24790,21118
IR,RED,24788,21133
IR,RED,24786,21126
IR,RED,24791,21129
IR,RED,24796,21131
IR,RED,24794,21135
IR,RED,24793,21128
IR,RED,24786,21119
IR,RED,24797,21129
IR,RED,24797,21135
IR,RED,24794,21125
IR,RED,24779,21140
IR,RED,24792,21125
IR,RED,24784,21122
IR,RED,24781,21126
IR,RED,24787,21131
IR,RED,24789,21129
IR,RED,24779,21119
IR,RED,24780,21125
IR,RED,24784,21126
IR,RED,24780,21127
IR,RED,24785,21130
IR,RED,24785,21130
IR,RED,24798,21126
IR,RED,24794,21134
IR,RED,24800,21136
IR,RED,24795,21129
IR,RED,24802,21133
IR,RED,24794,21130
IR,RED,24788,21139
IR,RED,24793,21136
IR,RED,24798,21133
IR,RED,24802,21149
IR,RED,24800,21146
IR,RED,24802,21143
IR,RED,24811,21144
IR,RED,24817,21144
IR,RED,24823,21154
IR,RED,24824,21157
IR,RED,24816,21158
IR,RED,24810,21163
IR,RED,24829,21154
IR,RED,24823,21143
IR,RED,24822,21150
IR,RED,24812,21140
IR,RED,24795,21138
IR,RED,24812,21138
IR,RED,24797,21126
IR,RED,24789,21121
IR,RED,24795,21115
IR,RED,24789,21108
IR,RED,24783,21124
IR,RED,24788,21115
IR,RED,24786,21113
IR,RED,24786,21119
IR,RED,24784,21108
IR,RED,24782,21112
IR,RED,24798,21108
IR,RED,24796,21106
IR,RED,24778,21121
IR,RED,24785,21110
IR,RED,24779,21106
IR,RED,24791,21109
IR,RED,24787,21114
IR,RED,24778,21120
IR,RED,24771,21109
IR,RED,24778,21114
IR,RED,24764,21099
IR,RED,24781,21102
IR,RED,24767,21099
IR,RED,24775,21105
IR,RED,24787,21099
IR,RED,24780,21107
IR,RED,24769,21102
IR,RED,24779,21100
IR,RED,24777,21103
IR,RED,24782,21102
IR,RED,24779,21102
IR,RED,24777,21094
IR,RED,24779,21092
IR,RED,24774,21093
IR,RED,24770,21095
IR,RED,24767,21088
IR,RED,24756,21094
IR,RED,24766,21085
IR,RED,24773,21105
IR,RED,24779,21096
IR,RED,24774,21096
IR,RED,24776,21096
IR,RED,24780,21101
IR,RED,24770,21085
IR,RED,24781,21100
IR,RED,24772,21094
IR,RED,24790,21088
IR,RED,24774,21091
IR,RED,24780,21090
IR,RED,24781,21087
IR,RED,24780,21089
IR,RED,24777,21097
IR,RED,24788,21100
IR,RED,24791,21093
IR,RED,24786,21094
IR,RED,24773,21102
IR,RED,24767,21090
IR,RED,24774,21095
IR,RED,24778,21101
IR,RED,24790,21097
IR,RED,24774,21091
IR,RED,24775,21095
IR,RED,24775,21098
IR,RED,24791,21102
IR,RED,24795,21105
IR,RED,24795,21106
IR,RED,24786,21105
IR,RED,24780,21103
IR,RED,24779,21098
IR,RED,24786,21092
IR,RED,24769,21099
IR,RED,24762,21087
IR,RED,24769,21088
IR,RED,24770,21076
IR,RED,24766,21073
IR,RED,24768,21081
IR,RED,24762,21088
IR,RED,24764,21090
IR,RED,24785,21076
IR,RED,24780,21074
IR,RED,24781,21075
IR,RED,24781,21075
IR,RED,24771,21082
IR,RED,24776,21080
IR,RED,24770,21077
IR,RED,24779,21059
IR,RED,24770,21070
IR,RED,24780,21075
IR,RED,24781,21074
IR,RED,24784,21081
IR,RED,24794,21078
IR,RED,24791,21073
IR,RED,24781,21080
IR,RED,24791,21070
IR,RED,24801,21083
IR,RED,24796,21081
IR,RED,24796,21079
IR,RED,24799,21078
IR,RED,24797,21075
IR,RED,24793,21082
IR,RED,24783,21092
IR,RED,24785,21082
IR,RED,24792,21084
IR,RED,24784,21073
IR,RED,24789,21081
IR,RED,24787,21078
IR,RED,24786,21086
IR,RED,24795,21084
IR,RED,24795,21083
IR,RED,24786,21082
IR,RED,24783,21079
IR,RED,24783,21081
IR,RED,24788,21083
IR,RED,24804,21079
IR,RED,24780,21077
IR,RED,24795,21082
IR,RED,24787,21079
IR,RED,24801,21083
IR,RED,24798,21093
IR,RED,24786,21088
IR,RED,24800,21085
IR,RED,24796,21082
IR,RED,24792,21089
IR,RED,24784,21084
IR,RED,24800,21092
IR,RED,24806,21086
IR,RED,24807,21093
IR,RED,24804,21096
IR,RED,24822,21098
IR,RED,24808,21088
IR,RED,24828,21094
IR,RED,24818,21103
IR,RED,24820,21100
IR,RED,24809,21107
IR,RED,24828,21101
IR,RED,24828,21098
IR,RED,24832,21095
IR,RED,24834,21106
IR,RED,24813,21103
IR,RED,24826,21100
IR,RED,24819,21092
IR,RED,24820,21092
IR,RED,24806,21086
IR,RED,24815,21088
IR,RED,24820,21080
IR,RED,24804,21079
IR,RED,24809,21070
IR,RED,24802,21071
IR,RED,24795,21067
IR,RED,24801,21075
IR,RED,24802,21067
IR,RED,24806,21070
IR,RED,24793,21066
IR,RED,24808,21074
IR,RED,24802,21085
IR,RED,24815,21068
IR,RED,24812,21083
IR,RED,24814,21076
IR,RED,24821,21086
IR,RED,24816,21085
IR,RED,24827,21077
IR,RED,24826,21076
IR,RED,24821,21076
IR,RED,24813,21075
IR,RED,24821,21086
IR,RED,24819,21086
IR,RED,24820,21079
IR,RED,24811,21081
IR,RED,24823,21087
IR,RED,24813,21090
IR,RED,24814,21081
IR,RED,24817,21062
IR,RED,24808,21082
IR,RED,24821,21066
IR,RED,24806,21068
IR,RED,24818,21080
IR,RED,24823,21078
IR,RED,24821,21082
IR,RED,24818,21083
IR,RED,24816,21074
IR,RED,24814,21073
IR,RED,24811,21074
IR,RED,24825,21078
IR,RED,24811,21078
IR,RED,24834,21073
IR,RED,24819,21084
IR,RED,24815,21075
IR,RED,24824,21084
IR,RED,24823,21085
IR,RED,24828,21093
IR,RED,24835,21092
IR,RED,24832,21088
IR,RED,24829,21091
IR,RED,24835,21089
IR,RED,24835,21086
IR,RED,24832,21084
IR,RED,24842,21090
IR,RED,24839,21094
IR,RED,24842,21078
IR,RED,24838,21088
IR,RED,24842,21097
IR,RED,24846,21091
IR,RED,24853,21101
IR,RED,24854,21100
IR,RED,24858,21100
IR,RED,24847,21093
IR,RED,24851,21100
IR,RED,24850,21096
IR,RED,24864,21105
IR,RED,24854,21092
IR,RED,24855,21097
IR,RED,24845,21099
IR,RED,24843,21098
IR,RED,24832,21080
IR,RED,24832,21079
IR,RED,24842,21064
IR,RED,24810,21066
IR,RED,24816,21066
IR,RED,24820,21061
IR,RED,24818,21053
IR,RED,24810,21051
IR,RED,24822,21058
IR,RED,24800,21051
IR,RED,24821,21055
IR,RED,24818,21059
IR,RED,24819,21057
IR,RED,24808,21053
IR,RED,24808,21053
IR,RED,24815,21047
IR,RED,24811,21058
IR,RED,24814,21060
IR,RED,24818,21053
IR,RED,24806,21065
IR,RED,24813,21062
IR,RED,24798,21055
IR,RED,24809,21051
IR,RED,24811,21055
IR,RED,24806,21057
IR,RED,24791,21046
IR,RED,24814,21055
IR,RED,24802,21053
IR,RED,24803,21054
IR,RED,24810,21057
IR,RED,24806,21056
IR,RED,24804,21051
IR,RED,24802,21043
IR,RED,24803,21040
IR,RED,24807,21055
IR,RED,24806,21039
IR,RED,24813,21044
IR,RED,24807,21049
IR,RED,24797,21042
IR,RED,24793,21047
IR,RED,24797,21049
IR,RED,24801,21044
IR,RED,24803,21048
IR,RED,24818,21052
IR,RED,24798,21053
IR,RED,24802,21047
IR,RED,24794,21049
IR,RED,24801,21049
IR,RED,24800,21048
IR,RED,24799,21046
IR,RED,24798,21048
IR,RED,24801,21058
IR,RED,24802,21045
IR,RED,24798,21041
IR,RED,24792,21054
IR,RED,24804,21049
IR,RED,24798,21063
IR,RED,24801,21049
IR,RED,24813,21063
IR,RED,24797,21054
IR,RED,24799,21049
IR,RED,24803,21048
IR,RED,24803,21055
IR,RED,24791,21054
IR,RED,24804,21050
IR,RED,24797,21061
IR,RED,24804,21056
IR,RED,24793,21048
IR,RED,24791,21040
IR,RED,24789,21044
IR,RED,24772,21039
IR,RED,24792,21028
IR,RED,24790,21024
IR,RED,24784,21025
IR,RED,24782,21032
IR,RED,24782,21018
IR,RED,24790,21018
IR,RED,24796,21028
IR,RED,24785,21019
IR,RED,24798,21019
IR,RED,24783,21027
IR,RED,24788,21030
IR,RED,24793,21014
IR,RED,24789,21014
IR,RED,24801,21024
IR,RED,24806,21028
IR,RED,24797,21021
IR,RED,24809,21030
IR,RED,24811,21027
IR,RED,24809,21035
IR,RED,24806,21025
IR,RED,24809,21024
IR,RED,24813,21028
IR,RED,24819,21030
IR,RED,24801,21032
IR,RED,24815,21023
IR,RED,24813,21030
IR,RED,24813,21027
IR,RED,24814,21030
IR,RED,24813,21037
IR,RED,24820,21034
IR,RED,24824,21024
IR,RED,24802,21036
IR,RED,24823,21032
IR,RED,24817,21030
IR,RED,24828,21022
IR,RED,24816,21024
IR,RED,24811,21030
IR,RED,24824,21021
IR,RED,24804,21028
IR,RED,24812,21021
IR,RED,24810,21036
IR,RED,24813,21035
IR,RED,24812,21022
IR,RED,24825,21028
IR,RED,24820,21024
IR,RED,24817,21029
IR,RED,24815,21027
IR,RED,24817,21030
IR,RED,24821,21026
IR,RED,24822,21030
IR,RED,24825,21037
IR,RED,24820,21033
IR,RED,24820,21031
IR,RED,24818,21029
IR,RED,24840,21026
IR,RED,24815,21032
IR,RED,24818,21033
IR,RED,24823,21035
IR,RED,24826,21031
IR,RED,24831,21033
IR,RED,24834,21043
IR,RED,24837,21032
IR,RED,24831,21036
IR,RED,24826,21033
IR,RED,24832,21035
IR,RED,24819,21031
IR,RED,24815,21030
IR,RED,24827,21027
IR,RED,24822,21025
IR,RED,24821,21017
IR,RED,24813,21017
IR,RED,24821,21009
IR,RED,24815,21015
IR,RED,24819,21006
IR,RED,24825,21015
IR,RED,24832,21017
IR,RED,24821,21019
IR,RED,24823,21023
IR,RED,24823,21009
IR,RED,24821,21011
IR,RED,24817,21027
IR,RED,24830,21013
IR,RED,24838,21018
IR,RED,24825,21007
IR,RED,24840,21016
IR,RED,24833,21011
IR,RED,24832,21028
IR,RED,24825,21022
IR,RED,24827,21024
IR,RED,24830,21025
IR,RED,24833,21013
IR,RED,24840,21017
IR,RED,24838,21020
IR,RED,24829,21012
IR,RED,24826,21011
IR,RED,24836,21011
IR,RED,24835,21014
IR,RED,24834,21018
IR,RED,24840,21016
IR,RED,24824,21018
IR,RED,24836,21014
IR,RED,24837,21012
IR,RED,24828,21024
IR,RED,24837,21013
IR,RED,24843,21016
IR,RED,24830,21020
IR,RED,24829,21022
IR,RED,24833,21020
IR,RED,24834,21015
IR,RED,24839,21031
IR,RED,24840,21022
IR,RED,24835,21018
IR,RED,24828,21016
IR,RED,24834,21014
IR,RED,24827,21003
IR,RED,24828,21006
IR,RED,24836,21022
IR,RED,24827,21018
IR,RED,24834,21023
IR,RED,24839,21034
IR,RED,24846,21026
IR,RED,24839,21028
IR,RED,24855,21034
IR,RED,24849,21026
IR,RED,24841,21029
IR,RED,24856,21038
IR,RED,24853,21037
IR,RED,24857,21034
IR,RED,24871,21033
IR,RED,24865,21039
IR,RED,24856,21044
IR,RED,24851,21036
IR,RED,24861,21029
IR,RED,24857,21029
IR,RED,24857,21023
IR,RED,24836,21019
IR,RED,24849,21011
IR,RED,24844,21010
IR,RED,24836,21013
IR,RED,24847,21005
IR,RED,24822,21008
IR,RED,24838,21006
IR,RED,24841,21021
IR,RED,24847,21010
IR,RED,24844,21014
IR,RED,24861,21002
IR,RED,24853,21005
IR,RED,24853,21014
IR,RED,24849,21021
IR,RED,24859,21016
IR,RED,24852,21018
IR,RED,24856,21023
IR,RED,24857,21025
IR,RED,24865,21027
IR,RED,24862,21030
IR,RED,24856,21022
IR,RED,24865,21018
IR,RED,24861,21014
IR,RED,24851,21024
IR,RED,24863,21026
IR,RED,24852,21025
IR,RED,24862,21009
IR,RED,24847,21018
IR,RED,24856,21012
IR,RED,24847,21010
IR,RED,24852,21023
IR,RED,24871,21010
IR,RED,24863,21018
IR,RED,24859,21014
IR,RED,24858,21011
IR,RED,24857,21004
IR,RED,24859,21009
IR,RED,24858,21013
IR,RED,24850,21013
IR,RED,24865,21013
IR,RED,24860,21010
IR,RED,24853,21013
IR,RED,24856,21007
IR,RED,24850,21003
IR,RED,24854,21014
IR,RED,24854,21012
IR,RED,24863,21015
IR,RED,24863,21008
IR,RED,24857,21013
IR,RED,24856,21010
IR,RED,24854,21007
IR,RED,24854,21009
IR,RED,24855,21015
IR,RED,24855,21013
IR,RED,24854,21010
IR,RED,24872,21011
IR,RED,24854,21007
IR,RED,24873,21013
IR,RED,24863,21021
IR,RED,24858,21006
IR,RED,24865,21020
IR,RED,24858,21013
IR,RED,24867,21012
IR,RED,24872,21018
IR,RED,24857,21016
IR,RED,24869,21016
IR,RED,24858,21021
IR,RED,24866,21019
IR,RED,24862,21013
IR,RED,24855,21007
IR,RED,24849,21015
IR,RED,24855,21003
IR,RED,24849,20999
IR,RED,24834,20999
IR,RED,24838,20997
IR,RED,24834,20982
IR,RED,24834,20992
IR,RED,24841,21000
IR,RED,24840,20989
IR,RED,24828,20994
IR,RED,24829,20991
IR,RED,24835,20987
IR,RED,24838,20988
IR,RED,24828,20981
IR,RED,24831,20984
IR,RED,24832,20981
IR,RED,24824,20978
IR,RED,24810,20981
IR,RED,24820,20980
IR,RED,24811,20982
IR,RED,24813,20976
IR,RED,24815,20974
IR,RED,24811,20966
IR,RED,24803,20969
IR,RED,24820,20972
IR,RED,24820,20961
IR,RED,24806,20971
IR,RED,24812,20975
IR,RED,24807,20968
IR,RED,24809,20963
IR,RED,24800,20968
IR,RED,24803,20966
IR,RED,24807,20971
IR,RED,24816,20966
IR,RED,24814,20967
IR,RED,24805,20967
IR,RED,24810,20960
IR,RED,24803,20959
IR,RED,24810,20970
IR,RED,24808,20958
IR,RED,24811,20967
IR,RED,24814,20960
IR,RED,24816,20957
IR,RED,24811,20970
IR,RED,24815,20967
IR,RED,24811,20963
IR,RED,24811,20975
IR,RED,24815,20968
IR,RED,24805,20965
IR,RED,24807,20961
IR,RED,24807,20962
IR,RED,24811,20954
IR,RED,24809,20965
IR,RED,24818,20957
IR,RED,24820,20961
IR,RED,24814,20971
IR,RED,24827,20964
IR,RED,24820,20974
IR,RED,24821,20967
IR,RED,24823,20973
IR,RED,24823,20984
IR,RED,24822,20979
IR,RED,24823,20974
IR,RED,24824,20977
IR,RED,24819,20978
IR,RED,24821,20987
IR,RED,24833,20980
IR,RED,24825,20973
IR,RED,24818,20975
IR,RED,24822,20972
IR,RED,24827,20966
IR,RED,24824,20965
IR,RED,24809,20961
IR,RED,24814,20955
IR,RED,24806,20960
IR,RED,24811,20943
IR,RED,24811,20951
IR,RED,24819,20948
IR,RED,24818,20954
IR,RED,24815,20952
IR,RED,24818,20949
IR,RED,24824,20953
IR,RED,24813,20954
IR,RED,24806,20949
IR,RED,24818,20958
IR,RED,24819,20952
IR,RED,24809,20948
IR,RED,24799,20958
IR,RED,24826,20960
IR,RED,24826,20953
IR,RED,24821,20961
IR,RED,24818,20951
IR,RED,24810,20958
IR,RED,24812,20946
IR,RED,24820,20949
IR,RED,24829,20954
IR,RED,24835,20947
IR,RED,24829,20956
IR,RED,24831,20950
IR,RED,24823,20959
IR,RED,24825,20944
IR,RED,24828,20953
IR,RED,24827,20945
IR,RED,24818,20947
IR,RED,24831,20949
IR,RED,24839,20949
IR,RED,24825,20949
IR,RED,24826,20960
IR,RED,24834,20950
IR,RED,24822,20952
IR,RED,24820,20942
IR,RED,24810,20949
IR,RED,24818,20945
IR,RED,24828,20957
IR,RED,24817,20940
IR,RED,24801,20942
IR,RED,24804,20950
IR,RED,24803,20939
IR,RED,24805,20947
IR,RED,24795,20945
IR,RED,24818,20946
IR,RED,24813,20947
IR,RED,24836,20962
IR,RED,24845,20969
IR,RED,24867,20976
IR,RED,24873,20997
IR,RED,24869,20989
IR,RED,24875,20999
IR,RED,24865,20994
IR,RED,24868,20990
IR,RED,24871,20995
IR,RED,24873,21002
IR,RED,24869,20988
IR,RED,24870,20999
IR,RED,24879,21004
IR,RED,24898,21019
IR,RED,24911,21042
IR,RED,24919,21040
IR,RED,24930,21042
IR,RED,24922,21045
IR,RED,24927,21050
IR,RED,24921,21035
IR,RED,24912,21036
IR,RED,24928,21040
IR,RED,24929,21047
IR,RED,24928,21040
IR,RED,24935,21047
IR,RED,24944,21053
IR,RED,24940,21055
IR,RED,24932,21041
IR,RED,24914,21033
IR,RED,24908,21029
IR,RED,24906,21023
IR,RED,24904,21022
IR,RED,24902,21017
IR,RED,24915,21018
IR,RED,24929,21032
IR,RED,24929,21029
IR,RED,24935,21035
IR,RED,24947,21048
IR,RED,24954,21053
IR,RED,24932,21052
IR,RED,24949,21050
IR,RED,24952,21057
IR,RED,24956,21058
IR,RED,24957,21050
IR,RED,24962,21062
IR,RED,24969,21057
IR,RED,24969,21071
IR,RED,24984,21079
IR,RED,24984,21078
IR,RED,25008,21085
IR,RED,24987,21088
IR,RED,24996,21090
IR,RED,24998,21087
IR,RED,24979,21095
IR,RED,24982,21076
IR,RED,24977,21095
IR,RED,24994,21102
IR,RED,24995,21102
IR,RED,24993,21098
IR,RED,24993,21093
IR,RED,24997,21093
IR,RED,24994,21093
IR,RED,24987,21105
IR,RED,24990,21096
IR,RED,24989,21086
IR,RED,24987,21103
IR,RED,24985,21096
IR,RED,24983,21096
IR,RED,24976,21097
IR,RED,24962,21076
IR,RED,24953,21073
IR,RED,24955,21072
IR,RED,24957,21087
IR,RED,24952,21082
IR,RED,24952,21077
IR,RED,24954,21069
IR,RED,24947,21073
IR,RED,24939,21064
IR,RED,24925,21048
IR,RED,24918,21054
IR,RED,24902,21032
IR,RED,24886,21032
IR,RED,24881,21023
IR,RED,24865,21009
IR,RED,24851,21012
IR,RED,24839,21001
IR,RED,24835,21003
IR,RED,24834,20991
IR,RED,24820,20985
IR,RED,24829,20976
IR,RED,24819,20982
IR,RED,24823,20982
IR,RED,24831,20980
IR,RED,24829,20987
IR,RED,24834,20996
IR,RED,24833,20994
IR,RED,24815,20994
IR,RED,24812,20987
IR,RED,24809,20975
IR,RED,24799,20973
IR,RED,24811,20973
IR,RED,24815,20977
IR,RED,24802,20966
IR,RED,24783,20969
IR,RED,24797,20961
IR,RED,24780,20958
IR,RED,24760,20947
IR,RED,24760,20926
IR,RED,24743,20922
IR,RED,24743,20914
IR,RED,24743,20920
IR,RED,24737,20916
IR,RED,24737,20920
IR,RED,24734,20920
IR,RED,24745,20921
IR,RED,24727,20918
IR,RED,24731,20908
IR,RED,24715,20913
IR,RED,24715,20898
IR,RED,24704,20898
IR,RED,24699,20901
IR,RED,24696,20904
IR,RED,24710,20903
IR,RED,24717,20905
IR,RED,24720,20923
IR,RED,24724,20920
IR,RED,24714,20934
IR,RED,24720,20926
IR,RED,24701,20921
IR,RED,24694,20918
IR,RED,24694,20897
IR,RED,24691,20899
IR,RED,24692,20905
IR,RED,24703,20903
IR,RED,24694,20900
IR,RED,24711,20908
IR,RED,24720,20908
IR,RED,24709,20909
IR,RED,24712,20916
IR,RED,24695,20899
IR,RED,24697,20898
IR,RED,24708,20900
IR,RED,24705,20905
IR,RED,24726,20907
IR,RED,24713,20914
IR,RED,24712,20911
IR,RED,24715,20911
IR,RED,24717,20908
IR,RED,24719,20903
IR,RED,24715,20902
IR,RED,24710,20911
IR,RED,24701,20914
IR,RED,24707,20909
IR,RED,24716,20909
IR,RED,24707,20898
IR,RED,24706,20905
IR,RED,24715,20906
IR,RED,24712,20898
IR,RED,24700,20888
IR,RED,24698,20911
IR,RED,24700,20900
IR,RED,24702,20887
IR,RED,24701,20883
IR,RED,24699,20896
IR,RED,24692,20891
IR,RED,24698,20904
IR,RED,24701,20897
IR,RED,24703,20898
IR,RED,24705,20898
IR,RED,24701,20895
IR,RED,24696,20898
IR,RED,24700,20890
IR,RED,24694,20891
IR,RED,24703,20892
IR,RED,24692,20884
IR,RED,24701,20890
IR,RED,24702,20891
IR,RED,24691,20893
IR,RED,24691,20891
IR,RED,24690,20897
IR,RED,24699,20888
IR,RED,24694,20892
IR,RED,24694,20873
IR,RED,24683,20884
IR,RED,24698,20892
IR,RED,24711,20889
IR,RED,24702,20889
IR,RED,24714,20888
IR,RED,24713,20900
IR,RED,24707,20896
IR,RED,24701,20891
IR,RED,24713,20889
IR,RED,24704,20904
IR,RED,24710,20894
IR,RED,24727,20905
IR,RED,24734,20906
IR,RED,24735,20915
IR,RED,24747,20921
IR,RED,24748,20925
IR,RED,24753,20922
IR,RED,24732,20918
IR,RED,24739,20928
IR,RED,24745,20917
IR,RED,24747,20930
IR,RED,24740,20926
IR,RED,24743,20923
IR,RED,24749,20932
IR,RED,24747,20924
IR,RED,24740,20919
IR,RED,24745,20910
IR,RED,24746,20932
IR,RED,24754,20925
IR,RED,24749,20928
IR,RED,24769,20934
IR,RED,24761,20930
IR,RED,24763,20940
IR,RED,24747,20925
IR,RED,24754,20929
IR,RED,24746,20924
IR,RED,24740,20933
IR,RED,24737,20926
IR,RED,24751,20933
IR,RED,24759,20937
IR,RED,24762,20928
IR,RED,24755,20937
IR,RED,24749,20940
IR,RED,24746,20932
IR,RED,24735,20927
IR,RED,24745,20935
IR,RED,24737,20920
IR,RED,24741,20918
IR,RED,24736,20936
IR,RED,24741,20930
IR,RED,24746,20940
IR,RED,24755,20941
IR,RED,24753,20949
IR,RED,24768,20956
IR,RED,24755,20938
IR,RED,24760,20954
IR,RED,24763,20953
IR,RED,24761,20957
IR,RED,24766,20954
IR,RED,24772,20954
IR,RED,24787,20970
IR,RED,24796,20983
IR,RED,24801,20993
IR,RED,24797,20987
IR,RED,24794,20978
IR,RED,24787,20988
IR,RED,24780,20977
IR,RED,24788,20971
IR,RED,24769,20964
IR,RED,24780,20965
IR,RED,24773,20967
IR,RED,24789,20975
IR,RED,24807,20975
IR,RED,24817,20985
IR,RED,24808,20990
IR,RED,24816,20991
IR,RED,24809,20988
IR,RED,24803,20980
IR,RED,24808,20991
IR,RED,24802,20998
IR,RED,24800,21002
IR,RED,24820,21003
IR,RED,24815,21006
IR,RED,24817,21011
IR,RED,24841,21014
IR,RED,24816,21020
IR,RED,24819,21018
IR,RED,24821,21021
IR,RED,24813,21011
IR,RED,24823,21007
IR,RED,24826,21005
IR,RED,24824,21005
IR,RED,24812,21007
IR,RED,24825,21014
IR,RED,24819,21005
IR,RED,24819,21005
IR,RED,24811,21008
IR,RED,24824,21018
IR,RED,24830,21010
IR,RED,24825,21012
IR,RED,24818,21003
IR,RED,24815,21017
IR,RED,24814,21001
IR,RED,24819,21013
IR,RED,24812,21007
IR,RED,24811,21025
IR,RED,24821,21012
IR,RED,24828,21019
IR,RED,24818,21016
IR,RED,24830,21014
IR,RED,24826,21026
IR,RED,24831,21030
IR,RED,24813,21022
IR,RED,24826,21009
IR,RED,24810,21017
IR,RED,24813,21009
IR,RED,24804,21016
IR,RED,24807,21014
IR,RED,24810,21004
IR,RED,24815,21016
IR,RED,24817,21023
IR,RED,24819,21025
IR,RED,24818,21032
IR,RED,24811,21019
IR,RED,24813,21026
IR,RED,24823,21023
IR,RED,24814,21016
IR,RED,24826,21022
IR,RED,24831,21034
IR,RED,24831,21025
IR,RED,24841,21031
IR,RED,24832,21026
IR,RED,24827,21030
IR,RED,24825,21023
IR,RED,24812,21028
IR,RED,24798,21016
IR,RED,24802,21016
IR,RED,24813,21017
IR,RED,24807,21012
IR,RED,24816,21016
IR,RED,24815,21021
IR,RED,24824,21028
IR,RED,24821,21024
IR,RED,24834,21030
IR,RED,24835,21046
IR,RED,24834,21030
IR,RED,24833,21043
IR,RED,24831,21039
IR,RED,24833,21036
IR,RED,24836,21031
IR,RED,24845,21042
IR,RED,24841,21047
IR,RED,24861,21056
IR,RED,24854,21056
IR,RED,24850,21059
IR,RED,24844,21055
IR,RED,24847,21059
IR,RED,24856,21063
IR,RED,24836,21056
IR,RED,24845,21046
IR,RED,24845,21056
IR,RED,24858,21053
IR,RED,24855,21068
IR,RED,24848,21064
IR,RED,24854,21062
IR,RED,24864,21067
IR,RED,24862,21074
IR,RED,24848,21056
IR,RED,24850,21060
IR,RED,24857,21062
IR,RED,24855,21068
IR,RED,24842,21070
IR,RED,24856,21064
IR,RED,24860,21060
IR,RED,24856,21066
IR,RED,24857,21067
IR,RED,24851,21072
IR,RED,24850,21076
IR,RED,24857,21073
IR,RED,24854,21074
IR,RED,24858,21071
IR,RED,24847,21065
IR,RED,24849,21069
IR,RED,24857,21071
IR,RED,24848,21081
IR,RED,24849,21091
IR,RED,24852,21085
IR,RED,24848,21089
IR,RED,24856,21080
IR,RED,24849,21087
IR,RED,24857,21083
IR,RED,24856,21078
IR,RED,24861,21074
IR,RED,24850,21084
IR,RED,24855,21089
IR,RED,24860,21086
IR,RED,24861,21088
IR,RED,24863,21086
IR,RED,24855,21097
IR,RED,24860,21089
IR,RED,24856,21095
IR,RED,24849,21093
IR,RED,24861,21094
IR,RED,24864,21098
IR,RED,24862,21088
IR,RED,24861,21099
IR,RED,24860,21101
IR,RED,24860,21087
IR,RED,24852,21094
IR,RED,24856,21093
IR,RED,24847,21089
IR,RED,24850,21085
IR,RED,24846,21092
IR,RED,24851,21093
IR,RED,24847,21096
IR,RED,24856,21105
IR,RED,24856,21106
IR,RED,24856,21115
IR,RED,24851,21110
IR,RED,24865,21114
IR,RED,24855,21108
IR,RED,24853,21120
IR,RED,24856,21121
IR,RED,24849,21123
IR,RED,24852,21125
IR,RED,24857,21126
IR,RED,24840,21129
IR,RED,24847,21130
IR,RED,24857,21136
IR,RED,24841,21136
IR,RED,24845,21134
IR,RED,24850,21147
IR,RED,24841,21135
IR,RED,24838,21137
IR,RED,24847,21138
IR,RED,24835,21138
IR,RED,24843,21142
IR,RED,24838,21143
IR,RED,24842,21135
IR,RED,24844,21141
IR,RED,24841,21142
IR,RED,24835,21144
IR,RED,24848,21148
IR,RED,24840,21149
IR,RED,24842,21144
IR,RED,24834,21137
IR,RED,24837,21146
IR,RED,24833,21148
IR,RED,24824,21145
IR,RED,24821,21145
IR,RED,24820,21145
IR,RED,24812,21151
IR,RED,24829,21156
IR,RED,24832,21155
IR,RED,24824,21142
IR,RED,24829,21156
IR,RED,24826,21158
IR,RED,24825,21156
IR,RED,24821,21159
IR,RED,24825,21162
IR,RED,24824,21158
IR,RED,24834,21161
IR,RED,24820,21172
IR,RED,24822,21165
IR,RED,24827,21161
IR,RED,24809,21160
IR,RED,24822,21152
IR,RED,24823,21166
IR,RED,24828,21153
IR,RED,24819,21169
IR,RED,24827,21169
IR,RED,24833,21166
IR,RED,24811,21164
IR,RED,24819,21175
IR,RED,24816,21163
IR,RED,24828,21162
IR,RED,24832,21176
IR,RED,24829,21185
IR,RED,24834,21177
IR,RED,24826,21184
IR,RED,24825,21178
IR,RED,24823,21170
IR,RED,24804,21176
IR,RED,24817,21166
IR,RED,24815,21167
IR,RED,24810,21173
IR,RED,24817,21168
IR,RED,24814,21154
IR,RED,24825,21174
IR,RED,24822,21174
IR,RED,24838,21164
IR,RED,24817,21173
IR,RED,24829,21177
IR,RED,24837,21178
IR,RED,24839,21175
IR,RED,24845,21182
IR,RED,24844,21184
IR,RED,24843,21180
IR,RED,24843,21189
IR,RED,24852,21191
IR,RED,24861,21192
IR,RED,24858,21195
IR,RED,24855,21188
IR,RED,24860,21187
IR,RED,24869,21196
IR,RED,24878,21189
IR,RED,24858,21189
IR,RED,24866,21191
IR,RED,24879,21181
IR,RED,24882,21196
IR,RED,24880,21187
IR,RED,24870,21197
IR,RED,24870,21178
IR,RED,24874,21195
IR,RED,24880,21194
IR,RED,24887,21186
IR,RED,24891,21188
IR,RED,24905,21191
IR,RED,24902,21185
IR,RED,24909,21185
IR,RED,24905,21195
IR,RED,24902,21181
IR,RED,24901,21183
IR,RED,24901,21201
IR,RED,24911,21196
IR,RED,24912,21188
IR,RED,24906,21202
IR,RED,24917,21196
IR,RED,24927,21199
IR,RED,24921,21191
IR,RED,24922,21197
IR,RED,24924,21189
IR,RED,24939,21194
IR,RED,24931,21198
IR,RED,24930,21197
IR,RED,24924,21202
IR,RED,24948,21200
IR,RED,24939,21202
IR,RED,24939,21195
IR,RED,24944,21190
IR,RED,24940,21193
IR,RED,24948,21184
IR,RED,24962,21191
IR,RED,24969,21204
IR,RED,24965,21202
IR,RED,24964,21195
IR,RED,24974,21205
IR,RED,24961,21200
IR,RED,24980,21204
IR,RED,24978,21212
IR,RED,24990,21203
IR,RED,24974,21201
IR,RED,24981,21202
IR,RED,24993,21207
IR,RED,25006,21212
IR,RED,25009,21215
IR,RED,25002,21207
IR,RED,25016,21219
IR,RED,25007,21208
IR,RED,25015,21204
IR,RED,25013,21193
IR,RED,25002,21196
IR,RED,25024,21203
IR,RED,25021,21198
IR,RED,25029,21201
IR,RED,25043,21202
IR,RED,25053,21200
IR,RED,25044,21200
IR,RED,25058,21196
IR,RED,25059,21202
IR,RED,25078,21201
IR,RED,25071,21196
IR,RED,25077,21199
IR,RED,25077,21204
IR,RED,25092,21207
IR,RED,25100,21201
IR,RED,25111,21212
IR,RED,25114,21218
IR,RED,25136,21219
IR,RED,25128,21205
IR,RED,25132,21206
IR,RED,25128,21215
IR,RED,25129,21209
IR,RED,25130,21208
IR,RED,25145,21213
IR,RED,25167,21218
IR,RED,25170,21215
IR,RED,25177,21227
IR,RED,25186,21227
IR,RED,25181,21216
IR,RED,25195,21221
IR,RED,25195,21232
IR,RED,25213,21223
IR,RED,25216,21232
IR,RED,25227,21233
IR,RED,25226,21237
IR,RED,25238,21238
IR,RED,25244,21240
IR,RED,25255,21248
IR,RED,25249,21246
IR,RED,25249,21248
IR,RED,25259,21240
IR,RED,25271,21245
IR,RED,25266,21259
IR,RED,25291,21270
IR,RED,25298,21267
IR,RED,25298,21263
IR,RED,25305,21264
IR,RED,25311,21276
IR,RED,25305,21272
IR,RED,25333,21281
IR,RED,25337,21282
IR,RED,25348,21286
IR,RED,25358,21290
IR,RED,25386,21298
IR,RED,25408,21330
IR,RED,25487,21368
IR,RED,25525,21414
IR,RED,25556,21438
IR,RED,25604,21467
IR,RED,25644,21483
IR,RED,25686,21515
IR,RED,25758,21559
IR,RED,25902,21645
IR,RED,25975,21742
IR,RED,26017,21779
IR,RED,26025,21797
IR,RED,26060,21820
IR,RED,26082,21858
IR,RED,26135,21878
IR,RED,26222,21944
IR,RED,26335,22031
IR,RED,26519,22193
IR,RED,26615,22318
IR,RED,26712,22408
IR,RED,26789,22494
IR,RED,26820,22537
IR,RED,26846,22544
IR,RED,26834,22522
IR,RED,26801,22469
IR,RED,26765,22423
IR,RED,26774,22428
IR,RED,26796,22441
IR,RED,26841,22481
IR,RED,27021,22574
IR,RED,27206,22757
IR,RED,27316,22844
IR,RED,27461,22924
IR,RED,27639,22994
IR,RED,27659,23018
IR,RED,27882,23004
IR,RED,27884,23016
IR,RED,27920,23027
IR,RED,27976,23080
IR,RED,28076,23156
IR,RED,28234,23290
IR,RED,28397,23447
IR,RED,28441,23547
IR,RED,28459,23606
IR,RED,28550,23702
IR,RED,28611,23802
IR,RED,28712,23881
IR,RED,28870,23952
IR,RED,29455,24230
IR,RED,30283,24788
IR,RED,30563,25127
IR,RED,30429,25123
IR,RED,30116,24915
IR,RED,29954,24762
IR,RED,29982,24759
IR,RED,30143,24861
IR,RED,30239,24954
IR,RED,30268,24982
IR,RED,30279,24982
IR,RED,30310,25009
IR,RED,30377,25053
IR,RED,30459,25105
IR,RED,30513,25145
IR,RED,30533,25167
IR,RED,30575,25199
IR,RED,30636,25246
IR,RED,30698,25292
IR,RED,30766,25357
IR,RED,30915,25446
IR,RED,30993,25501
IR,RED,31103,25591
IR,RED,31171,25659
IR,RED,31207,25698
IR,RED,31236,25737
IR,RED,31249,25744
IR,RED,31400,25798
IR,RED,31559,25986
IR,RED,31575,25998
IR,RED,31576,26013
IR,RED,31572,25998
IR,RED,31561,25991
IR,RED,31548,25984
IR,RED,31584,25980
IR,RED,31583,25977
IR,RED,31582,25982
IR,RED,31562,25970
IR,RED,31572,25962
IR,RED,31582,25962
IR,RED,31603,25962
IR,RED,31609,25978
IR,RED,31608,25975
IR,RED,31596,25975
IR,RED,31567,25954
IR,RED,31572,25947
IR,RED,31558,25932
IR,RED,31550,25920
IR,RED,31543,25906
IR,RED,31526,25897
IR,RED,31532,25900
IR,RED,31505,25882
IR,RED,31467,25858
IR,RED,31437,25844
IR,RED,31399,25829
IR,RED,31360,25781
IR,RED,31357,25789
IR,RED,31376,25788
IR,RED,31310,25762
IR,RED,31197,25680
IR,RED,31116,25611
IR,RED,31097,25579
IR,RED,31108,25590
IR,RED,31119,25595
IR,RED,31109,25591
IR,RED,31125,25578
IR,RED,31175,25601
IR,RED,31248,25654
IR,RED,31313,25700
IR,RED,31332,25720
IR,RED,31389,25726
IR,RED,31452,25775
IR,RED,31560,25826
IR,RED,31628,25879
IR,RED,31695,25914
IR,RED,31765,25948
IR,RED,31801,25981
IR,RED,31843,25997
IR,RED,31914,26031
IR,RED,31979,26092
IR,RED,32030,26124
IR,RED,32023,26132
IR,RED,32039,26128
IR,RED,32038,26119
IR,RED,32069,26121
IR,RED,32068,26130
IR,RED,32042,26117
IR,RED,32026,26088
IR,RED,32023,26069
IR,RED,32033,26074
IR,RED,32019,26072
IR,RED,32031,26073
IR,RED,32042,26083
IR,RED,32042,26088
IR,RED,32043,26095
IR,RED,32029,26073
IR,RED,32019,26065
IR,RED,32061,26076
IR,RED,32017,26061
IR,RED,31967,26022
IR,RED,31967,26015
IR,RED,31937,26004
IR,RED,31839,25939
IR,RED,31735,25870
IR,RED,31728,25853
IR,RED,31604,25808
IR,RED,31447,25699
IR,RED,31386,25607
IR,RED,31445,25645
IR,RED,31455,25693
IR,RED,31356,25641
IR,RED,31258,25544
IR,RED,31266,25517
IR,RED,31296,25540
IR,RED,31292,25547
IR,RED,31257,25546
IR,RED,31260,25521
IR,RED,31251,25521
IR,RED,31265,25529
IR,RED,31271,25531
IR,RED,31294,25541
IR,RED,31348,25569
IR,RED,31390,25607
IR,RED,31434,25630
IR,RED,31482,25651
IR,RED,31570,25707
IR,RED,31644,25742
IR,RED,31699,25790
IR,RED,31742,25819
IR,RED,31749,25841
IR,RED,31748,25845
IR,RED,31737,25831
IR,RED,31720,25816
IR,RED,31687,25800
IR,RED,31653,25776
IR,RED,31657,25777
IR,RED,31620,25754
IR,RED,31633,25730
IR,RED,31634,25747
IR,RED,31658,25773
IR,RED,31665,25766
IR,RED,31699,25784
IR,RED,31704,25813
IR,RED,31711,25800
IR,RED,31729,25810
IR,RED,31757,25828
IR,RED,31770,25834
IR,RED,31764,25839
IR,RED,31744,25828
IR,RED,31747,25825
IR,RED,31736,25809
IR,RED,31641,25770
IR,RED,31489,25677
IR,RED,31424,25612
IR,RED,31415,25615
IR,RED,31457,25627
IR,RED,31445,25625
IR,RED,31392,25603
IR,RED,31364,25560
IR,RED,31350,25568
IR,RED,31355,25559
IR,RED,31340,25556
IR,RED,31348,25543
IR,RED,31349,25554
IR,RED,31337,25544
IR,RED,31332,25529
IR,RED,31335,25540
IR,RED,31329,25551
IR,RED,31332,25543
IR,RED,31350,25543
IR,RED,31355,25542
IR,RED,31361,25558
IR,RED,31382,25560
IR,RED,31396,25570
IR,RED,31407,25584
IR,RED,31404,25596
IR,RED,31421,25604
IR,RED,31422,25616
IR,RED,31428,25615
IR,RED,31439,25622
IR,RED,31438,25618
IR,RED,31454,25625
IR,RED,31471,25636
IR,RED,31494,25645
IR,RED,31509,25645
IR,RED,31539,25677
IR,RED,31552,25690
IR,RED,31578,25702
IR,RED,31581,25726
IR,RED,31595,25724
IR,RED,31595,25729
IR,RED,31593,25728
IR,RED,31586,25729
IR,RED,31594,25722
IR,RED,31603,25728
IR,RED,31600,25737
IR,RED,31606,25756
IR,RED,31613,25753
IR,RED,31650,25769
IR,RED,31646,25761
IR,RED,31649,25766
IR,RED,31652,25766
IR,RED,31633,25765
IR,RED,31617,25750
IR,RED,31587,25743
IR,RED,31576,25719
IR,RED,31566,25701
IR,RED,31566,25707
IR,RED,31566,25703
IR,RED,31589,25709
IR,RED,31605,25721
IR,RED,31634,25736
IR,RED,31639,25750
IR,RED,31650,25767
IR,RED,31657,25773
IR,RED,31671,25776
IR,RED,31683,25790
IR,RED,31687,25789
IR,RED,31698,25792
IR,RED,31715,25794
IR,RED,31704,25806
IR,RED,31719,25812
IR,RED,31728,25818
IR,RED,31746,25841
IR,RED,31761,25841
IR,RED,31787,25856
IR,RED,31790,25856
IR,RED,31776,25858
IR,RED,31808,25863
IR,RED,31815,25863
IR,RED,31837,25870
IR,RED,31842,25882
IR,RED,31877,25895
IR,RED,31887,25904
IR,RED,31933,25930
IR,RED,31964,25952
IR,RED,31989,25965
IR,RED,32008,25977
IR,RED,32030,25995
IR,RED,32029,26009
IR,RED,32048,26022
IR,RED,32053,26039
IR,RED,32046,26040
IR,RED,31947,25976
IR,RED,31862,25910
IR,RED,31834,25883
IR,RED,31850,25884
IR,RED,31903,25922
IR,RED,31911,25937
IR,RED,31878,25925
IR,RED,31861,25911
IR,RED,31871,25900
IR,RED,31884,25908
IR,RED,31880,25910
IR,RED,31893,25907
IR,RED,31885,25915
IR,RED,31908,25923
IR,RED,31913,25933
IR,RED,31912,25940
IR,RED,31920,25937
IR,RED,31934,25936
IR,RED,31937,25951
IR,RED,31952,25948
IR,RED,31944,25947
IR,RED,31947,25954
IR,RED,31957,25960
IR,RED,31980,25976
IR,RED,31986,25987
IR,RED,31995,25993
IR,RED,32012,26003
IR,RED,32027,26002
IR,RED,32003,25999
IR,RED,32023,26001
IR,RED,32018,26008
IR,RED,32045,26025
IR,RED,32054,26017
IR,RED,32079,26034
IR,RED,32093,26044
IR,RED,32137,26083
IR,RED,32171,26094
IR,RED,32196,26114
IR,RED,32246,26133
IR,RED,32313,26201
IR,RED,32355,26225
IR,RED,32346,26228
IR,RED,32350,26223
IR,RED,32387,26251
IR,RED,32389,26275
IR,RED,32428,26294
IR,RED,32425,26292
IR,RED,32446,26301
IR,RED,32477,26323
IR,RED,32515,26366
IR,RED,32500,26389
IR,RED,32482,26341
IR,RED,32502,26335
IR,RED,32537,26368
IR,RED,32573,26407
IR,RED,32542,26397
IR,RED,32528,26355
IR,RED,32553,26366
IR,RED,32567,26401
IR,RED,32554,26393
IR,RED,32560,26383
IR,RED,32583,26400
IR,RED,32567,26393
IR,RED,32585,26396
IR,RED,32605,26388
IR,RED,32596,26405
IR,RED,32580,26400
IR,RED,32567,26381
IR,RED,32580,26379
IR,RED,32596,26379
IR,RED,32608,26392
IR,RED,32614,26386
IR,RED,32617,26394
IR,RED,32629,26383
IR,RED,32641,26402
IR,RED,32652,26405
IR,RED,32649,26412
IR,RED,32643,26422
IR,RED,32666,26409
IR,RED,32652,26408
IR,RED,32646,26403
IR,RED,32641,26387
IR,RED,32338,26373
IR,RED,30590,24977
IR,RED,29915,23920
IR,RED,29508,23479
IR,RED,29338,23334
IR,RED,29253,23298
IR,RED,29181,23259
IR,RED,29136,23208
IR,RED,29106,23174
IR,RED,29041,23129
IR,RED,28988,23078
IR,RED,28924,23034
IR,RED,28867,22984
IR,RED,28830,22953
IR,RED,28790,22930
IR,RED,28771,22909
IR,RED,28766,22897
IR,RED,28750,22894
IR,RED,28737,22893
IR,RED,28697,22877
IR,RED,28653,22852
IR,RED,28615,22831
IR,RED,28583,22805
IR,RED,28545,22780
IR,RED,28510,22769
IR,RED,28492,22762
IR,RED,28459,22759
IR,RED,28432,22740
IR,RED,28428,22736
IR,RED,28419,22741
IR,RED,28425,22740
IR,RED,28419,22744
IR,RED,28416,22743
IR,RED,28407,22740
IR,RED,28382,22720
IR,RED,28347,22706
IR,RED,28326,22700
IR,RED,28319,22672
IR,RED,28284,22660
IR,RED,28282,22661
IR,RED,28265,22664
IR,RED,28257,22663
IR,RED,28244,22673
IR,RED,28240,22665
IR,RED,28207,22662
IR,RED,28192,22639
IR,RED,28169,22627
IR,RED,28150,22593
IR,RED,28115,22581
IR,RED,28093,22562
IR,RED,28069,22561
IR,RED,28059,22547
IR,RED,28058,22545
IR,RED,28041,22535
IR,RED,28017,22524
IR,RED,28014,22522
IR,RED,28013,22522
IR,RED,27997,22528
IR,RED,27998,22535
IR,RED,27988,22522
IR,RED,27978,22496
IR,RED,27962,22490
IR,RED,27942,22477
IR,RED,27921,22469
IR,RED,27915,22459
IR,RED,27903,22464
IR,RED,27900,22457
IR,RED,27891,22459
IR,RED,27873,22456
IR,RED,27854,22449
IR,RED,27819,22439
IR,RED,27789,22416
IR,RED,27789,22402
IR,RED,27756,22378
IR,RED,27752,22369
IR,RED,27751,22363
IR,RED,27760,22374
IR,RED,27742,22369
IR,RED,27737,22362
IR,RED,27716,22354
IR,RED,27704,22346
IR,RED,27691,22328
IR,RED,27660,22319
IR,RED,27660,22319
IR,RED,27658,22316
IR,RED,27656,22330
IR,RED,27663,22339
IR,RED,27656,22337
IR,RED,27661,22326
IR,RED,27650,22325
IR,RED,27627,22306
IR,RED,27621,22301
IR,RED,27601,22289
IR,RED,27596,22286
IR,RED,27573,22285
IR,RED,27564,22270
IR,RED,27550,22269
IR,RED,27536,22271
IR,RED,27538,22271
IR,RED,27539,22275
IR,RED,27550,22274
IR,RED,27533,22271
IR,RED,27523,22264
IR,RED,27513,22259
IR,RED,27507,22253
IR,RED,27492,22256
IR,RED,27484,22257
IR,RED,27468,22245
IR,RED,27465,22242
IR,RED,27436,22233
IR,RED,27440,22237
IR,RED,27436,22224
IR,RED,27431,22231
IR,RED,27442,22231
IR,RED,27432,22236
IR,RED,27432,22234
IR,RED,27432,22250
IR,RED,27431,22263
IR,RED,27436,22263
IR,RED,27416,22278
IR,RED,27422,22266
IR,RED,27408,22256
IR,RED,27389,22251
IR,RED,27392,22249
IR,RED,27379,22254
IR,RED,27376,22244
IR,RED,27381,22248
IR,RED,27373,22254
IR,RED,27383,22265
IR,RED,27383,22285
IR,RED,27386,22284
IR,RED,27380,22293
IR,RED,27373,22303
IR,RED,27348,22294
IR,RED,27342,22289
IR,RED,27327,22282
IR,RED,27319,22282
IR,RED,27321,22287
IR,RED,27322,22289
IR,RED,27312,22288
IR,RED,27312,22281
IR,RED,27295,22276
IR,RED,27293,22275
IR,RED,27287,22278
IR,RED,27283,22278
IR,RED,27267,22284
IR,RED,27272,22287
IR,RED,27267,22302
IR,RED,27264,22296
IR,RED,27273,22288
IR,RED,27266,22290
IR,RED,27257,22294
IR,RED,27252,22292
IR,RED,27254,22290
IR,RED,27245,22292
IR,RED,27244,22289
IR,RED,27243,22296
IR,RED,27237,22300
IR,RED,27226,22290
IR,RED,27216,22290
IR,RED,27197,22279
IR,RED,27179,22265
IR,RED,27183,22244
IR,RED,27166,22234
IR,RED,27150,22227
IR,RED,27138,22213
IR,RED,27134,22208
IR,RED,27136,22208
IR,RED,27128,22214
IR,RED,27124,22206
IR,RED,27116,22212
IR,RED,27123,22218
IR,RED,27105,22202
IR,RED,27099,22207
IR,RED,27101,22200
IR,RED,27081,22194
IR,RED,27080,22194
IR,RED,27075,22189
IR,RED,27078,22171
IR,RED,27077,22175
IR,RED,27070,22154
IR,RED,27059,22159
IR,RED,27060,22169
IR,RED,27059,22167
IR,RED,27053,22166
IR,RED,27043,22146
IR,RED,27031,22141
IR,RED,27026,22135
IR,RED,27016,22122
IR,RED,27020,22117
IR,RED,27025,22116
IR,RED,27010,22101
IR,RED,27010,22109
IR,RED,27004,22103
IR,RED,27008,22082
IR,RED,27006,22092
IR,RED,26997,22084
IR,RED,26995,22084
IR,RED,27002,22093
IR,RED,27003,22094
IR,RED,26991,22077
IR,RED,26980,22073
IR,RED,26984,22068
IR,RED,26975,22064
IR,RED,26973,22060
IR,RED,26958,22053
IR,RED,26959,22050
IR,RED,26961,22050
IR,RED,26966,22048
IR,RED,26972,22050
IR,RED,26961,22058
IR,RED,26972,22061
IR,RED,26964,22053
IR,RED,26947,22040
IR,RED,26947,22031
IR,RED,26921,22025
IR,RED,26930,22008
IR,RED,26919,22008
IR,RED,26911,22001
IR,RED,26898,22006
IR,RED,26902,22000
IR,RED,26899,22000
IR,RED,26901,21991
IR,RED,26894,21992
IR,RED,26887,21981
IR,RED,26863,21979
IR,RED,26886,21978
IR,RED,26846,21954
IR,RED,26843,21949
IR,RED,26843,21956
IR,RED,26843,21935
IR,RED,26844,21930
IR,RED,26850,21930
IR,RED,26839,21936
IR,RED,26842,21927
IR,RED,26841,21926
IR,RED,26843,21923
IR,RED,26817,21915
IR,RED,26817,21903
IR,RED,26812,21903
IR,RED,26796,21893
IR,RED,26797,21883
IR,RED,26794,21889
IR,RED,26804,21892
IR,RED,26803,21881
IR,RED,26789,21884
IR,RED,26804,21878
IR,RED,26787,21881
IR,RED,26779,21881
IR,RED,26768,21873
IR,RED,26757,21872
IR,RED,26749,21857
IR,RED,26744,21853
IR,RED,26734,21850
IR,RED,26744,21858
IR,RED,26737,21854
IR,RED,26734,21876
IR,RED,26720,21877
IR,RED,26734,21889
IR,RED,26736,21889
IR,RED,26731,21902
IR,RED,26725,21917
IR,RED,26736,21918
IR,RED,26748,21930
IR,RED,26743,21929
IR,RED,26744,21936
IR,RED,26748,21934
IR,RED,26751,21936
IR,RED,26742,21945
IR,RED,26744,21942
IR,RED,26748,21941
IR,RED,26741,21932
IR,RED,26730,21941
IR,RED,26732,21931
IR,RED,26730,21931
IR,RED,26724,21926
IR,RED,26727,21924
IR,RED,26726,21927
IR,RED,26724,21918
IR,RED,26714,21904
IR,RED,26707,21909
IR,RED,26695,21912
IR,RED,26704,21920
IR,RED,26696,21912
IR,RED,26692,21911
IR,RED,26687,21911
IR,RED,26670,21898
IR,RED,26685,21907
IR,RED,26690,21889
IR,RED,26682,21885
IR,RED,26673,21888
IR,RED,26683,21882
IR,RED,26656,21872
IR,RED,26647,21862
IR,RED,26651,21853
IR,RED,26628,21835
IR,RED,26629,21842
IR,RED,26632,21831
IR,RED,26620,21833
IR,RED,26613,21825
IR,RED,26598,21815
IR,RED,26590,21809
IR,RED,26581,21811
IR,RED,26582,21806
IR,RED,26576,21793
IR,RED,26576,21789
IR,RED,26566,21788
IR,RED,26585,21784
IR,RED,26566,21787
IR,RED,26581,21779
IR,RED,26558,21786
IR,RED,26555,21782
IR,RED,26555,21787
IR,RED,26562,21791
IR,RED,26551,21792
IR,RED,26568,21800
IR,RED,26568,21803
IR,RED,26556,21811
IR,RED,26564,21817
IR,RED,26566,21799
IR,RED,26552,21801
IR,RED,26541,21814
IR,RED,26546,21798
IR,RED,26558,21803
IR,RED,26543,21792
IR,RED,26537,21793
IR,RED,26535,21804
IR,RED,26538,21807
IR,RED,26534,21819
IR,RED,26557,21827
IR,RED,26573,21850
IR,RED,26574,21881
IR,RED,26571,21872
IR,RED,26583,21872
IR,RED,26586,21876
IR,RED,26585,21871
IR,RED,26583,21867
IR,RED,26571,21877
IR,RED,26573,21877
IR,RED,26569,21874
IR,RED,26576,21874
IR,RED,26565,21869
IR,RED,26543,21867
IR,RED,26543,21870
IR,RED,26558,21869
IR,RED,26575,21883
IR,RED,26577,21900
IR,RED,26584,21910
IR,RED,26587,21915
IR,RED,26577,21918
IR,RED,26587,21923
IR,RED,26570,21933
IR,RED,26592,21936
IR,RED,26590,21945
IR,RED,26594,21948
IR,RED,26594,21975
IR,RED,26598,21960
IR,RED,26597,21984
IR,RED,26596,21970
IR,RED,26589,21979
IR,RED,26587,21969
IR,RED,26597,21979
IR,RED,26604,21989
IR,RED,26603,22003
IR,RED,26617,22000
IR,RED,26604,21998
IR,RED,26588,22001
IR,RED,26581,21994
IR,RED,26561,21971
IR,RED,26560,21949
IR,RED,26540,21939
IR,RED,26551,21935
IR,RED,26539,21935
IR,RED,26531,21935
IR,RED,26537,21935
IR,RED,26529,21938
IR,RED,26538,21935
IR,RED,26525,21947
IR,RED,26527,21937
IR,RED,26521,21931
IR,RED,26511,21930
IR,RED,26506,21928
IR,RED,26511,21934
IR,RED,26517,21935
IR,RED,26509,21928
IR,RED,26509,21931
IR,RED,26509,21935
IR,RED,26499,21941
IR,RED,26503,21921
IR,RED,26502,21935
IR,RED,26499,21941
IR,RED,26505,21927
IR,RED,26496,21936
IR,RED,26486,21931
IR,RED,26479,21934
IR,RED,26471,21927
IR,RED,26473,21926
IR,RED,26478,21931
IR,RED,26471,21931
IR,RED,26469,21934
IR,RED,26472,21929
IR,RED,26472,21935
IR,RED,26471,21939
IR,RED,26482,21935
IR,RED,26464,21934
IR,RED,26464,21941
IR,RED,26466,21943
IR,RED,26469,21935
IR,RED,26463,21937
IR,RED,26463,21943
IR,RED,26473,21936
IR,RED,26472,21946
IR,RED,26475,21950
IR,RED,26463,21937
IR,RED,26471,21931
IR,RED,26458,21934
IR,RED,26455,21934
IR,RED,26447,21923
IR,RED,26448,21933
IR,RED,26433,21920
IR,RED,26429,21920
IR,RED,26440,21923
IR,RED,26441,21930
IR,RED,26428,21915
IR,RED,26441,21929
IR,RED,26437,21935
IR,RED,26445,21932
IR,RED,26435,21937
IR,RED,26439,21928
IR,RED,26437,21925
IR,RED,26432,21916
IR,RED,26417,21913
IR,RED,26416,21901
IR,RED,26408,21894
IR,RED,26407,21885
IR,RED,26391,21884
IR,RED,26395,21878
IR,RED,26387,21869
IR,RED,26382,21861
IR,RED,26371,21853
IR,RED,26374,21841
IR,RED,26362,21847
IR,RED,26366,21837
IR,RED,26349,21827
IR,RED,26355,21830
IR,RED,26340,21820
IR,RED,26344,21817
IR,RED,26354,21823
IR,RED,26355,21826
IR,RED,26355,21825
IR,RED,26338,21829
IR,RED,26347,21821
IR,RED,26336,21822
IR,RED,26331,21815
IR,RED,26334,21818
IR,RED,26332,21807
IR,RED,26319,21819
IR,RED,26320,21805
IR,RED,26322,21805
IR,RED,26314,21797
IR,RED,26307,21797
IR,RED,26307,21797
IR,RED,26318,21799
IR,RED,26316,21790
IR,RED,26315,21788
IR,RED,26310,21789
IR,RED,26305,21793
IR,RED,26303,21783
IR,RED,26308,21790
IR,RED,26317,21789
IR,RED,26303,21787
IR,RED,26303,21787
IR,RED,26321,21795
IR,RED,26308,21805
IR,RED,26317,21810
IR,RED,26313,21806
IR,RED,26300,21805
IR,RED,26313,21807
IR,RED,26305,21801
IR,RED,26305,21798
IR,RED,26313,21803
IR,RED,26294,21800
IR,RED,26300,21806
IR,RED,26305,21813
IR,RED,26315,21826
IR,RED,26310,21843
IR,RED,26319,21825
IR,RED,26312,21820
IR,RED,26314,21823
IR,RED,26312,21821
IR,RED,26305,21819
IR,RED,26305,21822
IR,RED,26299,21812
IR,RED,26291,21822
IR,RED,26308,21818
IR,RED,26304,21831
IR,RED,26300,21824
IR,RED,26317,21836
IR,RED,26321,21838
IR,RED,26328,21838
IR,RED,26315,21843
IR,RED,26304,21834
IR,RED,26312,21831
IR,RED,26297,21829
IR,RED,26301,21818
IR,RED,26278,21809
IR,RED,26279,21809
IR,RED,26268,21803
IR,RED,26268,21789
IR,RED,26264,21778
IR,RED,26258,21779
IR,RED,26256,21777
IR,RED,26245,21765
IR,RED,26243,21760
IR,RED,26229,21759
IR,RED,26232,21761
IR,RED,26230,21753
IR,RED,26221,21733
IR,RED,26226,21735
IR,RED,26207,21724
IR,RED,26204,21716
IR,RED,26202,21708
IR,RED,26206,21708
IR,RED,26194,21708
IR,RED,26185,21712
IR,RED,26176,21706
IR,RED,26185,21702
IR,RED,26197,21702
IR,RED,26189,21687
IR,RED,26182,21691
IR,RED,26193,21694
IR,RED,26191,21696
IR,RED,26174,21686
IR,RED,26169,21683
IR,RED,26168,21686
IR,RED,26173,21681
IR,RED,26163,21687
IR,RED,26163,21700
IR,RED,26170,21689
IR,RED,26187,21694
IR,RED,26171,21698
IR,RED,26168,21692
IR,RED,26171,21698
IR,RED,26192,21712
IR,RED,26186,21715
IR,RED,26182,21717
IR,RED,26196,21729
IR,RED,26199,21731
IR,RED,26204,21733
IR,RED,26192,21737
IR,RED,26200,21741
IR,RED,26196,21747
IR,RED,26215,21756
IR,RED,26205,21766
IR,RED,26207,21763
IR,RED,26213,21762
IR,RED,26209,21767
IR,RED,26220,21759
IR,RED,26225,21767
IR,RED,26230,21766
IR,RED,26221,21763
IR,RED,26209,21764
IR,RED,26211,21759
IR,RED,26210,21763
IR,RED,26206,21755
IR,RED,26210,21756
IR,RED,26211,21745
IR,RED,26204,21763
IR,RED,26207,21760
IR,RED,26203,21769
IR,RED,26203,21765
IR,RED,26209,21782
IR,RED,26204,21787
IR,RED,26221,21790
IR,RED,26218,21784
IR,RED,26220,21790
IR,RED,26215,21783
IR,RED,26221,21789
IR,RED,26223,21785
IR,RED,26223,21784
IR,RED,26219,21786
IR,RED,26219,21781
IR,RED,26207,21772
IR,RED,26199,21761
IR,RED,26190,21754
IR,RED,26193,21748
IR,RED,26180,21742
IR,RED,26182,21733
IR,RED,26170,21732
IR,RED,26162,21723
IR,RED,26152,21723
IR,RED,26156,21710
IR,RED,26151,21707
IR,RED,26155,21701
IR,RED,26149,21702
IR,RED,26138,21695
IR,RED,26136,21705
IR,RED,26135,21693
IR,RED,26130,21682
IR,RED,26134,21691
IR,RED,26132,21695
IR,RED,26150,21698
IR,RED,26161,21716
IR,RED,26168,21722
IR,RED,26175,21730
IR,RED,26181,21740
IR,RED,26191,21735
IR,RED,26178,21735
IR,RED,26175,21741
IR,RED,26166,21730
IR,RED,26173,21727
IR,RED,26166,21733
IR,RED,26163,21736
IR,RED,26171,21740
IR,RED,26159,21742
IR,RED,26164,21743
IR,RED,26160,21756
IR,RED,26175,21750
IR,RED,26174,21755
IR,RED,26159,21755
IR,RED,26165,21758
IR,RED,26165,21757
IR,RED,26152,21763
IR,RED,26159,21771
IR,RED,26168,21768
IR,RED,26163,21773
IR,RED,26175,21773
IR,RED,26174,21777
IR,RED,26171,21779
IR,RED,26165,21764
IR,RED,26156,21768
IR,RED,26149,21765
IR,RED,26147,21752
IR,RED,26149,21740
IR,RED,26145,21752
IR,RED,26141,21744
IR,RED,26145,21739
IR,RED,26132,21741
IR,RED,26138,21746
IR,RED,26143,21730
IR,RED,26131,21738
IR,RED,26127,21744
IR,RED,26132,21749
IR,RED,26119,21741
IR,RED,26127,21736
IR,RED,26120,21729
IR,RED,26130,21734
IR,RED,26121,21731
IR,RED,26127,21737
IR,RED,26132,21738
IR,RED,26133,21737
IR,RED,26143,21750
IR,RED,26138,21757
IR,RED,26145,21751
IR,RED,26132,21765
IR,RED,26126,21764
IR,RED,26127,21749
IR,RED,26127,21746
IR,RED,26129,21731
IR,RED,26124,21739
IR,RED,26114,21724
IR,RED,26120,21711
IR,RED,26106,21720
IR,RED,26101,21723
IR,RED,26086,21721
IR,RED,26089,21717
IR,RED,26083,21710
IR,RED,26075,21694
IR,RED,26063,21696
IR,RED,26064,21686
IR,RED,26064,21685
IR,RED,26047,21693
IR,RED,26069,21695
IR,RED,26057,21693
IR,RED,26057,21699
IR,RED,26059,21692
IR,RED,26043,21698
IR,RED,26044,21685
IR,RED,26049,21691
IR,RED,26054,21697
IR,RED,26054,21703
IR,RED,26050,21698
IR,RED,26059,21700
IR,RED,26074,21692
IR,RED,26057,21704
IR,RED,26065,21699
IR,RED,26064,21704
IR,RED,26084,21719
IR,RED,26073,21712
IR,RED,26061,21714
IR,RED,26060,21710
IR,RED,26059,21717
IR,RED,26076,21734
IR,RED,26070,21725
IR,RED,26072,21720
IR,RED,26073,21727
IR,RED,26067,21723
IR,RED,26070,21730
IR,RED,26062,21729
IR,RED,26065,21728
IR,RED,26061,21730
IR,RED,26065,21727
IR,RED,26068,21734
IR,RED,26075,21744
IR,RED,26065,21736
IR,RED,26078,21747
IR,RED,26073,21732
IR,RED,26076,21738
IR,RED,26074,21750
IR,RED,26082,21738
IR,RED,26078,21751
IR,RED,26080,21750
IR,RED,26077,21749
IR,RED,26076,21745
IR,RED,26061,21744
IR,RED,26064,21741
IR,RED,26064,21732
IR,RED,26057,21740
IR,RED,26062,21749
IR,RED,26061,21744
IR,RED,26058,21743
IR,RED,26064,21752
IR,RED,26062,21742
IR,RED,26064,21746
IR,RED,26063,21769
IR,RED,26069,21767
IR,RED,26064,21760
IR,RED,26070,21755
IR,RED,26058,21758
IR,RED,26058,21756
IR,RED,26074,21769
IR,RED,26070,21760
IR,RED,26067,21759
IR,RED,26080,21758
IR,RED,26080,21777
IR,RED,26082,21774
IR,RED,26068,21769
IR,RED,26063,21755
IR,RED,26046,21743
IR,RED,26057,21732
IR,RED,26035,21730
IR,RED,26025,21718
IR,RED,26017,21707
IR,RED,26018,21696
IR,RED,26014,21700
IR,RED,26006,21699
IR,RED,25998,21687
IR,RED,25992,21683
IR,RED,25988,21689
IR,RED,25990,21677
IR,RED,25980,21677
IR,RED,25987,21678
IR,RED,25976,21668
IR,RED,25980,21666
IR,RED,25970,21672
IR,RED,25978,21673
IR,RED,25987,21666
IR,RED,25973,21676
IR,RED,25975,21665
IR,RED,25964,21666
IR,RED,25969,21656
IR,RED,25966,21660
IR,RED,25968,21650
IR,RED,25951,21657
IR,RED,25951,21649
IR,RED,25943,21659
IR,RED,25959,21658
IR,RED,25953,21661
IR,RED,25954,21662
IR,RED,25961,21664
IR,RED,25967,21662
IR,RED,25964,21658
IR,RED,25952,21654
IR,RED,25952,21659
IR,RED,25953,21660
IR,RED,25959,21659
IR,RED,25969,21668
IR,RED,25957,21674
IR,RED,25966,21676
IR,RED,25972,21685
IR,RED,25969,21684
IR,RED,25980,21690
IR,RED,25988,21689
IR,RED,25988,21694
IR,RED,25987,21703
IR,RED,25994,21714
IR,RED,25989,21714
IR,RED,25986,21717
IR,RED,25990,21723
IR,RED,25986,21713
IR,RED,25987,21717
IR,RED,25976,21702
IR,RED,25971,21714
IR,RED,25968,21700
IR,RED,25977,21708
IR,RED,25980,21712
IR,RED,25969,21713
IR,RED,25972,21705
IR,RED,25973,21705
IR,RED,25966,21706
IR,RED,25960,21701
IR,RED,25958,21705
IR,RED,25955,21695
IR,RED,25956,21686
IR,RED,25946,21699
IR,RED,25950,21703
IR,RED,25958,21700
IR,RED,25970,21702
IR,RED,25963,21705
IR,RED,25948,21717
IR,RED,25972,21714
IR,RED,25971,21721
IR,RED,25964,21717
IR,RED,25970,21716
IR,RED,25965,21715
IR,RED,25960,21711
IR,RED,25952,21699
IR,RED,25944,21695
IR,RED,25934,21681
IR,RED,25928,21677
IR,RED,25918,21670
IR,RED,25914,21664
IR,RED,25920,21654
IR,RED,25910,21656
IR,RED,25908,21657
IR,RED,25903,21653
IR,RED,25908,21662
IR,RED,25909,21651
IR,RED,25911,21649
IR,RED,25909,21642
IR,RED,25898,21651
IR,RED,25895,21651
IR,RED,25892,21640
IR,RED,25890,21652
IR,RED,25897,21651
IR,RED,25900,21653
IR,RED,25900,21657
IR,RED,25878,21658
IR,RED,25890,21651
IR,RED,25890,21643
IR,RED,25881,21639
IR,RED,25875,21632
IR,RED,25870,21641
IR,RED,25872,21625
IR,RED,25873,21626
IR,RED,25862,21632
IR,RED,25867,21630
IR,RED,25867,21625
IR,RED,25877,21636
IR,RED,25874,21645
IR,RED,25873,21639
IR,RED,25877,21648
IR,RED,25878,21651
IR,RED,25868,21658
IR,RED,25888,21663
IR,RED,25889,21657
IR,RED,25890,21660
IR,RED,25892,21663
IR,RED,25910,21670
IR,RED,25899,21667
IR,RED,25886,21663
IR,RED,25891,21685
IR,RED,25907,21690
IR,RED,25892,21680
IR,RED,25896,21698
IR,RED,25896,21698
IR,RED,25913,21704
IR,RED,25910,21701
IR,RED,25904,21703
IR,RED,25901,21696
IR,RED,25911,21702
IR,RED,25900,21703
IR,RED,25909,21709
IR,RED,25910,21701
IR,RED,25902,21701
IR,RED,25903,21700
IR,RED,25897,21686
IR,RED,25885,21678
IR,RED,25878,21688
IR,RED,25870,21683
IR,RED,25872,21675
IR,RED,25885,21678
IR,RED,25896,21685
IR,RED,25879,21679
IR,RED,25882,21680
IR,RED,25873,21682
IR,RED,25876,21695
IR,RED,25884,21694
IR,RED,25881,21683
IR,RED,25874,21684
IR,RED,25880,21680
IR,RED,25868,21688
IR,RED,25867,21674
IR,RED,25872,21674
IR,RED,25854,21673
IR,RED,25863,21666
IR,RED,25835,21661
IR,RED,25830,21651
IR,RED,25827,21642
IR,RED,25823,21644
IR,RED,25818,21626
IR,RED,25815,21626
IR,RED,25805,21626
IR,RED,25789,21624
IR,RED,25793,21616
IR,RED,25794,21616
IR,RED,25802,21618
IR,RED,25795,21610
IR,RED,25786,21617
IR,RED,25788,21612
IR,RED,25781,21605
IR,RED,25793,21620
IR,RED,25786,21626
IR,RED,25774,21621
IR,RED,25787,21616
IR,RED,25783,21619
IR,RED,25790,21615
IR,RED,25778,21614
IR,RED,25790,21614
IR,RED,25775,21613
IR,RED,25766,21610
IR,RED,25767,21600
IR,RED,25779,21612
IR,RED,25773,21607
IR,RED,25779,21606
IR,RED,25764,21612
IR,RED,25759,21604
IR,RED,25768,21614
IR,RED,25764,21603
IR,RED,25759,21615
IR,RED,25762,21625
IR,RED,25775,21629
IR,RED,25769,21625
IR,RED,25770,21627
IR,RED,25767,21616
IR,RED,25767,21625
IR,RED,25769,21623
IR,RED,25776,21625
IR,RED,25766,21630
IR,RED,25760,21628
IR,RED,25759,21621
IR,RED,25785,21628
IR,RED,25768,21639
IR,RED,25760,21626
IR,RED,25770,21629
IR,RED,25768,21646
IR,RED,25773,21645
IR,RED,25774,21650
IR,RED,25763,21646
IR,RED,25751,21648
IR,RED,25759,21643
IR,RED,25761,21645
IR,RED,25759,21643
IR,RED,25759,21638
IR,RED,25758,21624
IR,RED,25743,21629
IR,RED,25757,21635
IR,RED,25767,21641
IR,RED,25759,21656
IR,RED,25773,21664
IR,RED,25773,21672
IR,RED,25772,21670
IR,RED,25771,21670
IR,RED,25773,21667
IR,RED,25773,21661
IR,RED,25776,21661
IR,RED,25773,21671
IR,RED,25775,21669
IR,RED,25778,21673
IR,RED,25758,21676
IR,RED,25766,21667
IR,RED,25755,21666
IR,RED,25746,21658
IR,RED,25746,21643
IR,RED,25742,21637
IR,RED,25735,21629
IR,RED,25727,21622
IR,RED,25714,21625
IR,RED,25726,21607
IR,RED,25712,21613
IR,RED,25697,21600
IR,RED,25707,21601
IR,RED,25698,21602
IR,RED,25698,21601
IR,RED,25697,21605
IR,RED,25699,21594
IR,RED,25695,21596
IR,RED,25692,21595
IR,RED,25692,21596
IR,RED,25689,21600
IR,RED,25686,21591
IR,RED,25689,21600
IR,RED,25682,21595
IR,RED,25691,21601
IR,RED,25681,21585
IR,RED,25686,21605
IR,RED,25681,21587
IR,RED,25675,21571
IR,RED,25680,21568
IR,RED,25670,21580
IR,RED,25669,21576
IR,RED,25660,21575
IR,RED,25663,21589
IR,RED,25662,21585
IR,RED,25668,21587
IR,RED,25668,21579
IR,RED,25672,21580
IR,RED,25658,21580
IR,RED,25658,21575
IR,RED,25654,21568
IR,RED,25662,21574
IR,RED,25663,21571
IR,RED,25653,21589
IR,RED,25668,21598
IR,RED,25665,21602
IR,RED,25677,21607
IR,RED,25680,21628
IR,RED,25689,21628
IR,RED,25694,21634
IR,RED,25681,21643
IR,RED,25682,21632
IR,RED,25698,21634
IR,RED,25686,21635
IR,RED,25688,21644
IR,RED,25698,21657
IR,RED,25697,21666
IR,RED,25716,21669
IR,RED,25723,21671
IR,RED,25715,21678
IR,RED,25724,21689
IR,RED,25720,21684
IR,RED,25714,21688
IR,RED,25718,21697
IR,RED,25719,21706
IR,RED,25726,21718
IR,RED,25724,21714
IR,RED,25731,21725
IR,RED,25742,21725
IR,RED,25745,21726
IR,RED,25747,21716
IR,RED,25726,21717
IR,RED,25734,21706
IR,RED,25724,21713
IR,RED,25733,21712
IR,RED,25743,21704
IR,RED,25728,21703
IR,RED,25705,21702
IR,RED,25704,21698
IR,RED,25696,21691
IR,RED,25694,21682
IR,RED,25674,21657
IR,RED,25661,21643
IR,RED,25656,21636
IR,RED,25652,21622
IR,RED,25639,21610
IR,RED,25632,21611
IR,RED,25624,21598
IR,RED,25604,21590
IR,RED,25619,21581
IR,RED,25606,21583
IR,RED,25616,21587
IR,RED,25608,21587
IR,RED,25607,21589
IR,RED,25600,21589
IR,RED,25606,21586
IR,RED,25607,21591
IR,RED,25601,21588
IR,RED,25595,21590
IR,RED,25381,21590
IR,RED,25384,21598
IR,RED,25394,21600
IR,RED,25386,21587
IR,RED,25390,21598
IR,RED,25382,21602
IR,RED,25392,21615
IR,RED,25382,21601
IR,RED,25382,21596
IR,RED,25384,21594
IR,RED,25360,21589
IR,RED,25358,21588
IR,RED,25379,21591
IR,RED,25367,21592
IR,RED,25371,21583
IR,RED,25375,21597
IR,RED,25373,21602
IR,RED,25384,21616
IR,RED,25383,21609
IR,RED,25383,21615
IR,RED,25387,21619
IR,RED,25386,21611
IR,RED,25379,21608
IR,RED,25370,21607
IR,RED,25372,21605
IR,RED,25380,21612
IR,RED,25381,21607
IR,RED,25380,21623
IR,RED,25373,21619
IR,RED,25373,21636
IR,RED,25374,21627
IR,RED,25383,21625
IR,RED,25369,21619
IR,RED,25386,21621
IR,RED,25372,21627
IR,RED,25364,21620
IR,RED,25360,21625
IR,RED,25365,21621
IR,RED,25366,21621
IR,RED,25368,21621
IR,RED,25366,21630
IR,RED,25367,21636
IR,RED,25365,21642
IR,RED,25360,21648
IR,RED,25370,21657
IR,RED,25377,21655
IR,RED,25377,21652
IR,RED,25384,21654
IR,RED,25387,21669
IR,RED,25385,21656
IR,RED,25374,21660
IR,RED,25371,21643
IR,RED,25355,21639
IR,RED,25344,21634
IR,RED,25353,21634
IR,RED,25341,21636
IR,RED,25351,21642
IR,RED,25340,21616
IR,RED,25330,21623
IR,RED,25315,21618
IR,RED,25330,21618
IR,RED,25321,21614
IR,RED,25318,21610
IR,RED,25310,21605
IR,RED,25304,21604
IR,RED,25311,21604
IR,RED,25300,21599
IR,RED,25304,21602
IR,RED,25295,21607
IR,RED,25304,21599
IR,RED,25289,21609
IR,RED,25293,21613
IR,RED,25316,21612
IR,RED,25314,21603
IR,RED,25307,21600
IR,RED,25297,21598
IR,RED,25294,21595
IR,RED,25283,21599
IR,RED,25294,21581
IR,RED,25286,21576
IR,RED,25278,21579
IR,RED,25263,21576
IR,RED,25276,21571
IR,RED,25279,21581
IR,RED,25278,21580
IR,RED,25268,21587
IR,RED,25275,21583
IR,RED,25287,21583
IR,RED,25265,21596
IR,RED,25274,21588
IR,RED,25257,21583
IR,RED,25266,21587
IR,RED,25258,21584
IR,RED,25265,21589
IR,RED,25257,21586
IR,RED,25244,21591
IR,RED,25262,21594
IR,RED,25265,21596
IR,RED,25270,21606
IR,RED,25256,21604
IR,RED,25263,21609
IR,RED,25278,21614
IR,RED,25267,21614
IR,RED,25270,21625
IR,RED,25273,21623
IR,RED,25267,21627
IR,RED,25264,21621
IR,RED,25270,21627
IR,RED,25264,21632
IR,RED,25270,21627
IR,RED,25258,21630
IR,RED,25263,21622
IR,RED,25265,21634
IR,RED,25274,21638
IR,RED,25276,21636
IR,RED,25276,21642
IR,RED,25274,21656
IR,RED,25281,21658
IR,RED,25273,21662
IR,RED,25280,21653
IR,RED,25281,21650
IR,RED,25271,21655
IR,RED,25271,21639
IR,RED,25275,21650
IR,RED,25258,21638
IR,RED,25261,21619
IR,RED,25244,21612
IR,RED,25234,21600
IR,RED,25234,21603
IR,RED,25230,21602
IR,RED,25224,21582
IR,RED,25213,21581
IR,RED,25216,21570
IR,RED,25199,21566
IR,RED,25199,21568
IR,RED,25185,21557
IR,RED,25194,21555
IR,RED,25174,21553
IR,RED,25191,21554
IR,RED,25187,21546
IR,RED,25195,21556
IR,RED,25189,21563
IR,RED,25174,21561
IR,RED,25178,21555
IR,RED,25182,21560
IR,RED,25178,21551
IR,RED,25171,21545
IR,RED,25174,21545
IR,RED,25186,21560
IR,RED,25170,21551
IR,RED,25172,21556
IR,RED,25171,21554
IR,RED,25166,21563
IR,RED,25178,21563
IR,RED,25170,21570
IR,RED,25157,21571
IR,RED,25163,21567
IR,RED,25158,21562
IR,RED,25170,21561
IR,RED,25160,21567
IR,RED,25167,21566
IR,RED,25156,21558
IR,RED,25159,21575
IR,RED,25160,21573
IR,RED,25173,21584
IR,RED,25164,21580
IR,RED,25158,21594
IR,RED,25166,21588
IR,RED,25181,21595
IR,RED,25185,21584
IR,RED,25177,21586
IR,RED,25185,21603
IR,RED,25188,21605
IR,RED,25178,21617
IR,RED,25189,21616
IR,RED,25190,21625
IR,RED,25193,21618
IR,RED,25193,21629
IR,RED,25185,21616
IR,RED,25185,21610
IR,RED,25178,21606
IR,RED,25175,21607
IR,RED,25175,21615
IR,RED,25172,21624
IR,RED,25182,21626
IR,RED,25177,21627
IR,RED,25188,21631
IR,RED,25186,21647
IR,RED,25182,21636
IR,RED,25186,21638
IR,RED,25178,21628
IR,RED,25179,21636
IR,RED,25167,21617
IR,RED,25167,21617
IR,RED,25162,21595
IR,RED,25142,21601
IR,RED,25142,21593
IR,RED,25138,21584
IR,RED,25135,21580
IR,RED,25124,21573
IR,RED,25115,21558
IR,RED,25113,21554
IR,RED,25102,21546
IR,RED,25102,21546
IR,RED,25083,21539
IR,RED,25089,21532
IR,RED,25077,21530
IR,RED,25068,21523
IR,RED,25081,21526
IR,RED,25089,21527
IR,RED,25083,21525
IR,RED,25078,21533
IR,RED,25080,21532
IR,RED,25082,21534
IR,RED,25096,21543
IR,RED,25089,21545
IR,RED,25094,21549
IR,RED,25087,21537
IR,RED,25085,21534
IR,RED,25089,21543
IR,RED,25085,21547
IR,RED,25080,21549
IR,RED,25082,21540
IR,RED,25099,21549
IR,RED,25080,21540
IR,RED,25076,21541
IR,RED,25078,21536
IR,RED,25084,21533
IR,RED,25076,21542
IR,RED,25075,21538
IR,RED,25079,21529
IR,RED,25083,21553
IR,RED,25084,21540
IR,RED,25080,21544
IR,RED,25083,21558
IR,RED,25073,21553
IR,RED,25091,21566
IR,RED,25073,21556
IR,RED,25078,21563
IR,RED,25082,21563
IR,RED,25065,21568
IR,RED,25062,21557
IR,RED,25060,21554
IR,RED,25068,21548
IR,RED,25082,21550
IR,RED,25048,21544
IR,RED,25073,21550
IR,RED,25071,21560
IR,RED,25074,21568
IR,RED,25071,21559
IR,RED,25064,21565
IR,RED,25066,21559
IR,RED,25072,21565
IR,RED,25060,21555
IR,RED,25053,21554
IR,RED,25070,21563
IR,RED,25070,21566
IR,RED,25076,21577
IR,RED,25057,21574
IR,RED,25061,21581
IR,RED,25071,21577
IR,RED,25066,21571
IR,RED,25061,21570
IR,RED,25071,21570
IR,RED,25062,21574
IR,RED,25063,21575
IR,RED,25067,21573
IR,RED,25058,21562
IR,RED,25055,21569
IR,RED,25029,21554
IR,RED,25046,21547
IR,RED,25028,21545
IR,RED,25026,21535
IR,RED,25014,21523
IR,RED,25006,21507
IR,RED,25007,21524
IR,RED,25006,21512
IR,RED,25003,21506
IR,RED,24986,21527
IR,RED,25009,21510
IR,RED,25003,21509
IR,RED,25011,21494
IR,RED,24982,21511
IR,RED,25002,21514
IR,RED,24994,21509
IR,RED,24988,21503
IR,RED,24994,21520
IR,RED,24999,21517
IR,RED,24996,21518
IR,RED,24998,21522
IR,RED,25003,21508
IR,RED,24984,21528
IR,RED,24995,21524
IR,RED,24997,21530
IR,RED,25000,21521
IR,RED,24993,21526
IR,RED,24983,21513
IR,RED,24974,21517
IR,RED,24974,21508
IR,RED,24977,21516
IR,RED,24968,21508
IR,RED,24974,21519
IR,RED,24980,21530
IR,RED,24990,21531
IR,RED,24991,21533
IR,RED,24989,21553
IR,RED,24988,21555
IR,RED,24982,21552
IR,RED,24999,21553
IR,RED,25000,21564
IR,RED,24990,21562
IR,RED,25005,21565
IR,RED,24998,21568
IR,RED,25012,21574
IR,RED,25003,21595
IR,RED,25008,21593
IR,RED,25008,21609
IR,RED,25014,21611
IR,RED,25009,21605
IR,RED,25016,21614
IR,RED,25012,21604
IR,RED,24990,21594
IR,RED,25003,21593
IR,RED,24983,21598
IR,RED,24980,21591
IR,RED,24992,21588
IR,RED,25001,21590
IR,RED,25007,21602
IR,RED,25000,21608
IR,RED,25011,21606
IR,RED,25002,21611
IR,RED,25002,21609
IR,RED,24997,21605
IR,RED,24990,21607
IR,RED,24991,21585
IR,RED,24991,21582
IR,RED,24989,21583
IR,RED,24985,21572
IR,RED,24977,21567
IR,RED,24969,21560
IR,RED,24953,21552
IR,RED,24942,21544
IR,RED,24933,21530
IR,RED,24929,21519
IR,RED,24919,21507
IR,RED,24907,21499
IR,RED,24905,21491
IR,RED,24904,21485
IR,RED,24896,21473
IR,RED,24889,21470
IR,RED,24891,21481
IR,RED,24879,21472
IR,RED,24882,21475
IR,RED,24883,21469
IR,RED,24876,21478
IR,RED,24881,21476
IR,RED,24894,21478
IR,RED,24893,21486
IR,RED,24892,21487
IR,RED,24889,21484
IR,RED,24879,21482
IR,RED,24876,21486
IR,RED,24882,21486
IR,RED,24886,21488
IR,RED,24881,21505
IR,RED,24875,21506
IR,RED,24885,21518
IR,RED,24902,21518
IR,RED,24905,21534
IR,RED,24909,21544
IR,RED,24913,21549
IR,RED,24911,21543
IR,RED,24905,21547
IR,RED,24913,21553
IR,RED,24902,21547
IR,RED,24908,21546
IR,RED,24911,21559
IR,RED,24924,21568
IR,RED,24923,21566
IR,RED,24926,21571
IR,RED,24917,21567
IR,RED,24906,21565
IR,RED,24910,21559
IR,RED,24908,21564
IR,RED,24893,21555
IR,RED,24907,21555
IR,RED,24904,21554
IR,RED,24899,21558
IR,RED,24889,21553
IR,RED,24891,21549
IR,RED,24888,21551
IR,RED,24895,21548
IR,RED,24877,21542
IR,RED,24866,21527
IR,RED,24869,21529
IR,RED,24867,21525
IR,RED,24867,21526
IR,RED,24856,21529
IR,RED,24865,21537
IR,RED,24865,21541
IR,RED,24865,21533
IR,RED,24878,21531
IR,RED,24867,21530
IR,RED,24872,21527
IR,RED,24859,21531
IR,RED,24850,21528
IR,RED,24852,21513
IR,RED,24854,21511
IR,RED,24854,21519
IR,RED,24847,21519
IR,RED,24850,21519
IR,RED,24842,21516
IR,RED,24844,21504
IR,RED,24828,21509
IR,RED,24832,21487
IR,RED,24824,21493
IR,RED,24807,21486
IR,RED,24806,21476
IR,RED,24802,21468
IR,RED,24797,21463
IR,RED,24801,21467
IR,RED,24796,21464
IR,RED,24801,21470
IR,RED,24804,21470
IR,RED,24798,21480
IR,RED,24799,21475
IR,RED,24794,21471
IR,RED,24791,21465
IR,RED,24788,21467
IR,RED,24789,21465
IR,RED,24785,21465
IR,RED,24798,21471
IR,RED,24793,21466
IR,RED,24787,21474
IR,RED,24798,21465
IR,RED,24794,21479
IR,RED,24784,21481
IR,RED,24795,21473
IR,RED,24792,21464
IR,RED,24786,21466
IR,RED,24773,21456
IR,RED,24768,21452
IR,RED,24768,21444
IR,RED,24757,21448
IR,RED,24757,21452
IR,RED,24764,21462
IR,RED,24773,21465
IR,RED,24760,21455
IR,RED,24760,21457
IR,RED,24767,21443
IR,RED,24751,21451
IR,RED,24750,21436
IR,RED,24750,21447
IR,RED,24749,21431
IR,RED,24759,21445
IR,RED,24765,21442
IR,RED,24758,21448
IR,RED,24766,21462
IR,RED,24764,21463
IR,RED,24755,21459
IR,RED,24764,21462
IR,RED,24759,21466
IR,RED,24764,21462
IR,RED,24756,21461
IR,RED,24755,21452
IR,RED,24745,21463
IR,RED,24747,21460
IR,RED,24744,21467
IR,RED,24762,21472
IR,RED,24756,21471
IR,RED,24749,21465
IR,RED,24765,21464
IR,RED,24752,21482
IR,RED,24758,21473
IR,RED,24763,21477
IR,RED,24754,21485
IR,RED,24754,21485
IR,RED,24767,21500
IR,RED,24772,21486
IR,RED,24768,21492
IR,RED,24775,21496
IR,RED,24764,21505
IR,RED,24779,21500
IR,RED,24766,21509
IR,RED,24782,21495
IR,RED,24766,21491
IR,RED,24765,21484
IR,RED,24753,21458
IR,RED,24741,21461
IR,RED,24736,21457
IR,RED,24722,21446
IR,RED,24718,21442
IR,RED,24707,21418
IR,RED,24697,21425
IR,RED,24710,21421
IR,RED,24693,21419
IR,RED,24692,21410
IR,RED,24696,21414
IR,RED,24682,21412
IR,RED,24686,21400
IR,RED,24686,21400
IR,RED,24679,21400
IR,RED,24678,21389
IR,RED,24673,21385
IR,RED,24671,21387
IR,RED,24671,21396
IR,RED,24669,21392
IR,RED,24669,21393
IR,RED,24663,21394
IR,RED,24676,21398
IR,RED,24681,21391
IR,RED,24669,21393
IR,RED,24664,21386
IR,RED,24653,21374
IR,RED,24646,21369
IR,RED,24649,21373
IR,RED,24636,21373
IR,RED,24653,21378
IR,RED,24649,21376
IR,RED,24649,21388
IR,RED,24653,21384
IR,RED,24652,21385
IR,RED,24663,21390
IR,RED,24665,21395
IR,RED,24665,21397
IR,RED,24664,21403
IR,RED,24669,21409
IR,RED,24672,21414
IR,RED,24676,21409
IR,RED,24670,21422
IR,RED,24667,21421
IR,RED,24685,21434
IR,RED,24673,21430
IR,RED,24694,21430
IR,RED,24693,21437
IR,RED,24681,21438
IR,RED,24686,21435
IR,RED,24688,21435
IR,RED,24683,21444
IR,RED,24693,21442
IR,RED,24680,21435
IR,RED,24675,21435
IR,RED,24681,21433
IR,RED,24677,21436
IR,RED,24690,21447
IR,RED,24689,21439
IR,RED,24687,21447
IR,RED,24681,21456
IR,RED,24694,21454
IR,RED,24675,21441
IR,RED,24690,21444
IR,RED,24681,21442
IR,RED,24679,21438
IR,RED,24682,21448
IR,RED,24682,21452
IR,RED,24691,21452
IR,RED,24696,21461
IR,RED,24681,21465
IR,RED,24690,21456
IR,RED,24693,21472
IR,RED,24705,21477
IR,RED,24694,21471
IR,RED,24687,21463
IR,RED,24684,21456
IR,RED,24682,21454
IR,RED,24676,21449
IR,RED,24664,21431
IR,RED,24654,21436
IR,RED,24651,21425
IR,RED,24657,21431
IR,RED,24643,21419
IR,RED,24641,21422
IR,RED,24645,21416
IR,RED,24641,21409
IR,RED,24636,21415
IR,RED,24630,21409
IR,RED,24630,21410
IR,RED,24631,21402
IR,RED,24620,21408
IR,RED,24627,21398
IR,RED,24617,21395
IR,RED,24615,21401
IR,RED,24617,21403
IR,RED,24631,21412
IR,RED,24640,21430
IR,RED,24632,21430
IR,RED,24630,21420
IR,RED,24637,21419
IR,RED,24637,21421
IR,RED,24624,21403
IR,RED,24621,21403
IR,RED,24612,21406
IR,RED,24612,21397
IR,RED,24612,21388
IR,RED,24607,21392
IR,RED,24607,21394
IR,RED,24611,21402
IR,RED,24615,21401
IR,RED,24615,21410
IR,RED,24618,21415
IR,RED,24624,21418
IR,RED,24615,21411
IR,RED,24600,21407
IR,RED,24612,21407
IR,RED,24614,21401
IR,RED,24613,21398
IR,RED,24614,21409
IR,RED,24604,21399
IR,RED,24611,21413
IR,RED,24602,21403
IR,RED,24611,21409
IR,RED,24622,21404
IR,RED,24630,21420
IR,RED,24624,21425
IR,RED,24634,21435
IR,RED,24631,21428
IR,RED,24634,21439
IR,RED,24622,21434
IR,RED,24629,21436
IR,RED,24621,21430
IR,RED,24632,21430
IR,RED,24622,21419
IR,RED,24623,21423
IR,RED,24610,21419
IR,RED,24609,21418
IR,RED,24597,21419
IR,RED,24613,21426
IR,RED,24609,21433
IR,RED,24611,21436
IR,RED,24608,21444
IR,RED,24619,21441
IR,RED,24622,21452
IR,RED,24624,21453
IR,RED,24619,21454
IR,RED,24621,21446
IR,RED,24635,21444
IR,RED,24641,21447
IR,RED,24632,21448
IR,RED,24627,21441
IR,RED,24628,21444
IR,RED,24621,21442
IR,RED,24607,21442
IR,RED,24627,21425
IR,RED,24615,21436
IR,RED,24611,21419
IR,RED,24591,21414
IR,RED,24591,21396
IR,RED,24581,21387
IR,RED,24569,21388
IR,RED,24561,21381
IR,RED,24565,21378
IR,RED,24562,21385
IR,RED,24556,21389
IR,RED,24565,21378
IR,RED,24555,21376
IR,RED,24555,21374
IR,RED,24551,21370
IR,RED,24544,21359
IR,RED,24547,21363
IR,RED,24549,21362
IR,RED,24547,21366
IR,RED,24546,21366
IR,RED,24551,21364
IR,RED,24567,21364
IR,RED,24563,21367
IR,RED,24566,21364
IR,RED,24566,21373
IR,RED,24560,21361
IR,RED,24547,21372
IR,RED,24549,21367
IR,RED,24549,21359
IR,RED,24544,21372
IR,RED,24553,21355
IR,RED,24547,21365
IR,RED,24548,21371
IR,RED,24558,21377
IR,RED,24555,21363
IR,RED,24551,21374
IR,RED,24557,21373
IR,RED,24560,21380
IR,RED,24562,21376
IR,RED,24549,21371
IR,RED,24559,21379
IR,RED,24556,21381
IR,RED,24550,21369
IR,RED,24551,21374
IR,RED,24570,21385
IR,RED,24563,21373
IR,RED,24572,21378
IR,RED,24566,21390
IR,RED,24567,21381
IR,RED,24566,21388
IR,RED,24557,21393
IR,RED,24575,21405
IR,RED,24571,21399
IR,RED,24562,21396
IR,RED,24569,21391
IR,RED,24557,21393
IR,RED,24566,21379
IR,RED,24568,21391
IR,RED,24560,21391
IR,RED,24570,21392
IR,RED,24567,21393
IR,RED,24565,21395
IR,RED,24566,21401
IR,RED,24566,21391
IR,RED,24558,21399
IR,RED,24549,21377
IR,RED,24552,21388
IR,RED,24548,21386
IR,RED,24565,21397
IR,RED,24566,21399
IR,RED,24579,21404
IR,RED,24578,21407
IR,RED,24580,21410
IR,RED,24581,21408
IR,RED,24586,21410
IR,RED,24587,21400
IR,RED,24586,21414
IR,RED,24584,21413
IR,RED,24586,21409
IR,RED,24573,21404
IR,RED,24582,21399
IR,RED,24563,21391
IR,RED,24560,21400
IR,RED,24544,21388
IR,RED,24545,21371
IR,RED,24549,21366
IR,RED,24535,21362
IR,RED,24540,21371
IR,RED,24528,21357
IR,RED,24532,21354
IR,RED,24522,21350
IR,RED,24510,21345
IR,RED,24510,21340
IR,RED,24513,21333
IR,RED,24498,21337
IR,RED,24510,21325
IR,RED,24518,21331
IR,RED,24510,21331
IR,RED,24519,21333
IR,RED,24506,21326
IR,RED,24503,21330
IR,RED,24505,21334
IR,RED,24505,21321
IR,RED,24496,21318
IR,RED,24494,21311
IR,RED,24504,21319
IR,RED,24489,21302
IR,RED,24482,21295
IR,RED,24480,21305
IR,RED,24477,21298
IR,RED,24484,21309
IR,RED,24485,21305
IR,RED,24479,21299
IR,RED,24472,21298
IR,RED,24481,21302
IR,RED,24485,21313
IR,RED,24483,21305
IR,RED,24487,21301
IR,RED,24480,21312
IR,RED,24489,21308
IR,RED,24474,21314
IR,RED,24482,21305
IR,RED,24492,21311
IR,RED,24489,21320
IR,RED,24496,21333
IR,RED,24495,21325
IR,RED,24498,21322
IR,RED,24507,21332
IR,RED,24504,21334
IR,RED,24502,21342
IR,RED,24502,21331
IR,RED,24512,21332
IR,RED,24514,21333
IR,RED,24517,21334
IR,RED,24509,21339
IR,RED,24521,21342
IR,RED,24524,21351
IR,RED,24518,21349
IR,RED,24519,21345
IR,RED,24511,21361
IR,RED,24524,21353
IR,RED,24530,21350
IR,RED,24538,21366
IR,RED,24551,21371
IR,RED,24565,21383
IR,RED,24570,21395
IR,RED,24569,21396
IR,RED,24563,21409
IR,RED,24566,21399
IR,RED,24571,21405
IR,RED,24578,21409
IR,RED,24586,21422
IR,RED,24597,21416
IR,RED,24602,21420
IR,RED,24596,21420
IR,RED,24578,21417
IR,RED,24575,21404
IR,RED,24575,21390
IR,RED,24559,21398
IR,RED,24548,21386
IR,RED,24539,21375
IR,RED,24530,21365
IR,RED,24525,21358
IR,RED,24518,21359
IR,RED,24524,21345
IR,RED,24529,21347
IR,RED,24517,21338
IR,RED,24501,21326
IR,RED,24500,21329
IR,RED,24492,21326
IR,RED,24484,21321
IR,RED,24490,21314
IR,RED,24482,21315
IR,RED,24496,21317
IR,RED,24499,21318
IR,RED,24496,21319
IR,RED,24498,21323
IR,RED,24510,21324
IR,RED,24492,21322
IR,RED,24494,21314
IR,RED,24497,21318
IR,RED,24501,21312
IR,RED,24503,21324
IR,RED,24501,21324
IR,RED,24499,21322
IR,RED,24491,21336
IR,RED,24488,21325
IR,RED,24495,21332
IR,RED,24494,21329
IR,RED,24499,21327
IR,RED,24521,21325
IR,RED,24509,21337
IR,RED,24528,21352
IR,RED,24527,21353
IR,RED,24530,21364
IR,RED,24529,21365
IR,RED,24536,21360
IR,RED,24531,21383
IR,RED,24537,21372
IR,RED,24538,21384
IR,RED,24551,21377
IR,RED,24544,21376
IR,RED,24559,21383
IR,RED,24568,21397
IR,RED,24560,21403
IR,RED,24574,21408
IR,RED,24568,21413
IR,RED,24580,21411
IR,RED,24569,21414
IR,RED,24568,21410
IR,RED,24563,21401
IR,RED,24577,21395
IR,RED,24569,21394
IR,RED,24554,21382
IR,RED,24547,21378
IR,RED,24553,21387
IR,RED,24556,21380
IR,RED,24542,21399
IR,RED,24550,21389
IR,RED,24556,21401
IR,RED,24563,21389
IR,RED,24556,21397
IR,RED,24558,21405
IR,RED,24545,21395
IR,RED,24548,21399
IR,RED,24554,21394
IR,RED,24555,21390
IR,RED,24558,21391
IR,RED,24548,21395
IR,RED,24548,21369
IR,RED,24544,21384
IR,RED,24552,21365
IR,RED,24543,21362
IR,RED,24548,21372
IR,RED,24542,21364
IR,RED,24533,21349
IR,RED,24523,21353
IR,RED,24515,21344
IR,RED,24506,21339
IR,RED,24499,21327
IR,RED,24502,21322
IR,RED,24483,21314
IR,RED,24487,21310
IR,RED,24487,21309
IR,RED,24488,21314
IR,RED,24492,21312
IR,RED,24487,21320
IR,RED,24488,21324
IR,RED,24483,21313
IR,RED,24478,21313
IR,RED,24488,21316
IR,RED,24497,21300
IR,RED,24497,21319
IR,RED,24497,21324
IR,RED,24487,21321
IR,RED,24492,21314
IR,RED,24485,21311
IR,RED,24487,21314
IR,RED,24476,21305
IR,RED,24478,21286
IR,RED,24465,21297
IR,RED,24483,21291
IR,RED,24478,21300
IR,RED,24492,21298
IR,RED,24484,21298
IR,RED,24485,21310
IR,RED,24481,21301
IR,RED,24477,21309
IR,RED,24485,21306
IR,RED,24461,21305
IR,RED,24467,21298
IR,RED,24469,21296
IR,RED,24468,21305
IR,RED,24468,21305
IR,RED,24481,21306
IR,RED,24488,21301
IR,RED,24485,21302
IR,RED,24475,21301
IR,RED,24477,21314
IR,RED,24483,21305
IR,RED,24482,21302
IR,RED,24485,21303
IR,RED,24479,21301
IR,RED,24497,21300
IR,RED,24487,21304
IR,RED,24485,21308
IR,RED,24486,21311
IR,RED,24477,21305
IR,RED,24490,21299
IR,RED,24476,21298
IR,RED,24478,21299
IR,RED,24468,21297
IR,RED,24481,21301
IR,RED,24484,21299
IR,RED,24482,21299
IR,RED,24486,21307
IR,RED,24492,21319
IR,RED,24492,21315
IR,RED,24495,21309
IR,RED,24497,21316
IR,RED,24501,21320
IR,RED,24495,21317
IR,RED,24497,21318
IR,RED,24500,21324
IR,RED,24494,21319
IR,RED,24501,21319
IR,RED,24501,21320
IR,RED,24494,21310
IR,RED,24492,21315
IR,RED,24495,21309
IR,RED,24486,21299
IR,RED,24477,21294
IR,RED,24463,21293
IR,RED,24462,21276
IR,RED,24452,21275
IR,RED,24449,21264
IR,RED,24430,21264
IR,RED,24432,21260
IR,RED,24433,21243
IR,RED,24433,21243
IR,RED,24426,21236
IR,RED,24427,21239
IR,RED,24426,21239
IR,RED,24414,21240
IR,RED,24424,21248
IR,RED,24423,21250
IR,RED,24427,21249
IR,RED,24428,21242
IR,RED,24415,21245
IR,RED,24419,21239
IR,RED,24421,21230
IR,RED,24422,21229
IR,RED,24425,21227
IR,RED,24433,21224
IR,RED,24432,21227
IR,RED,24437,21235
IR,RED,24427,21232
IR,RED,24428,21224
IR,RED,24432,21222
IR,RED,24426,21233
IR,RED,24418,21221
IR,RED,24419,21234
IR,RED,24435,21227
IR,RED,24425,21221
IR,RED,24434,21235
IR,RED,24449,21244
IR,RED,24446,21255
IR,RED,24459,21263
IR,RED,24472,21261
IR,RED,24466,21266
IR,RED,24477,21272
IR,RED,24472,21273
IR,RED,24472,21283
IR,RED,24464,21278
IR,RED,24469,21282
IR,RED,24481,21286
IR,RED,24479,21271
IR,RED,24467,21274
IR,RED,24470,21271
IR,RED,24481,21275
IR,RED,24485,21283
IR,RED,24503,21292
IR,RED,24498,21296
IR,RED,24497,21292
IR,RED,24488,21286
IR,RED,24494,21287
IR,RED,24492,21289
IR,RED,24478,21280
IR,RED,24474,21280
IR,RED,24489,21289
IR,RED,24486,21283
IR,RED,24482,21288
IR,RED,24488,21298
IR,RED,24505,21308
IR,RED,24509,21315
IR,RED,24516,21327
IR,RED,24527,21318
IR,RED,24524,21328
IR,RED,24532,21330
IR,RED,24530,21318
IR,RED,24526,21323
IR,RED,24522,21305
IR,RED,24528,21326
IR,RED,24515,21316
IR,RED,24513,21311
IR,RED,24505,21306
IR,RED,24515,21313
IR,RED,24500,21301
IR,RED,24496,21294
IR,RED,24483,21295
IR,RED,24486,21286
IR,RED,24472,21273
IR,RED,24467,21273
IR,RED,24468,21268
IR,RED,24459,21261
IR,RED,24452,21252
IR,RED,24461,21254
IR,RED,24454,21242
IR,RED,24455,21254
IR,RED,24444,21243
IR,RED,24456,21256
IR,RED,24441,21258
IR,RED,24445,21260
IR,RED,24458,21252
IR,RED,24457,21254
IR,RED,24460,21262
IR,RED,24458,21258
IR,RED,24449,21256
IR,RED,24458,21253
IR,RED,24445,21252
IR,RED,24453,21251
IR,RED,24440,21247
IR,RED,24444,21248
IR,RED,24451,21255
IR,RED,24446,21249
IR,RED,24448,21251
IR,RED,24457,21257
IR,RED,24461,21263
IR,RED,24454,21254
IR,RED,24450,21266
IR,RED,24454,21264
IR,RED,24460,21264
IR,RED,24459,21250
IR,RED,24449,21250
IR,RED,24448,21259
IR,RED,24448,21268
IR,RED,24461,21275
IR,RED,24455,21270
IR,RED,24460,21275
IR,RED,24470,21282
IR,RED,24478,21283
IR,RED,24479,21282
IR,RED,24474,21278
IR,RED,24471,21289
IR,RED,24473,21280
IR,RED,24476,21287
IR,RED,24476,21282
IR,RED,24477,21282
IR,RED,24478,21284
IR,RED,24479,21281
IR,RED,24468,21288
IR,RED,24474,21278
IR,RED,24480,21284
IR,RED,24481,21292
IR,RED,24476,21294
IR,RED,24475,21292
IR,RED,24481,21300
IR,RED,24487,21306
IR,RED,24488,21311
IR,RED,24484,21310
IR,RED,24480,21303
IR,RED,24482,21297
IR,RED,24486,21287
IR,RED,24483,21298
IR,RED,24498,21313
IR,RED,24516,21307
IR,RED,24502,21310
IR,RED,24508,21313
IR,RED,24506,21316
IR,RED,24491,21310
IR,RED,24493,21304
IR,RED,24488,21295
IR,RED,24472,21284
IR,RED,24466,21267
IR,RED,24460,21270
IR,RED,24443,21263
IR,RED,24453,21259
IR,RED,24441,21257
IR,RED,24447,21248
IR,RED,24443,21258
IR,RED,24445,21248
IR,RED,24451,21239
IR,RED,24445,21247
IR,RED,24437,21258
IR,RED,24441,21238
IR,RED,24447,21236
IR,RED,24449,21244
IR,RED,24442,21243
IR,RED,24447,21256
IR,RED,24447,21249
IR,RED,24451,21250
IR,RED,24449,21255
IR,RED,24445,21248
IR,RED,24447,21240
IR,RED,24444,21240
IR,RED,24443,21247
IR,RED,24441,21245
IR,RED,24427,21236
IR,RED,24441,21226
IR,RED,24432,21238
IR,RED,24429,21234
IR,RED,24448,21248
IR,RED,24433,21237
IR,RED,24439,21235
IR,RED,24438,21242
IR,RED,24436,21244
IR,RED,24443,21248
IR,RED,24454,21259
IR,RED,24442,21257
IR,RED,24448,21256
IR,RED,24451,21243
IR,RED,24441,21264
IR,RED,24451,21261
IR,RED,24472,21264
IR,RED,24465,21256
IR,RED,24472,21266
IR,RED,24474,21266
IR,RED,24464,21269
IR,RED,24458,21270
IR,RED,24466,21274
IR,RED,24468,21281
IR,RED,24474,21272
IR,RED,24466,21280
IR,RED,24478,21272
IR,RED,24466,21280
IR,RED,24470,21270
IR,RED,24472,21286
IR,RED,24479,21286
IR,RED,24493,21296
IR,RED,24492,21308
IR,RED,24492,21299
IR,RED,24498,21303
IR,RED,24492,21294
IR,RED,24491,21289
IR,RED,24473,21293
IR,RED,24482,21283
IR,RED,24477,21281
IR,RED,24471,21269
IR,RED,24465,21267
IR,RED,24453,21262
IR,RED,24456,21261
IR,RED,24448,21243
IR,RED,24448,21238
IR,RED,24437,21235
IR,RED,24431,21224
IR,RED,24418,21229
IR,RED,24405,21213
IR,RED,24402,21208
IR,RED,24400,21196
IR,RED,24406,21200
IR,RED,24412,21200
IR,RED,24405,21190
IR,RED,24410,21193
IR,RED,24397,21200
IR,RED,24390,21191
IR,RED,24405,21201
IR,RED,24392,21200
IR,RED,24409,21209
IR,RED,24413,21218
IR,RED,24417,21208
IR,RED,24422,21214
IR,RED,24414,21216
IR,RED,24413,21213
IR,RED,24417,21210
IR,RED,24418,21213
IR,RED,24419,21212
IR,RED,24421,21210
IR,RED,24406,21215
IR,RED,24411,21204
IR,RED,24415,21209
IR,RED,24406,21207
IR,RED,24417,21207
IR,RED,24421,21214
IR,RED,24414,21207
IR,RED,24419,21223
IR,RED,24416,21213
IR,RED,24415,21219
IR,RED,24422,21220
IR,RED,24429,21225
IR,RED,24429,21233
IR,RED,24432,21234
IR,RED,24442,21238
IR,RED,24428,21232
IR,RED,24443,21241
IR,RED,24435,21245
IR,RED,24431,21234
IR,RED,24447,21236
IR,RED,24435,21240
IR,RED,24440,21246
IR,RED,24449,21244
IR,RED,24443,21230
IR,RED,24442,21228
IR,RED,24440,21230
IR,RED,24432,21234
IR,RED,24429,21230
IR,RED,24423,21224
IR,RED,24425,21229
IR,RED,24426,21233
IR,RED,24448,21236
IR,RED,24437,21238
IR,RED,24459,21255
IR,RED,24438,21243
IR,RED,24450,21245
IR,RED,24441,21249
IR,RED,24450,21243
IR,RED,24442,21234
IR,RED,24442,21235
IR,RED,24434,21228
IR,RED,24433,21215
IR,RED,24434,21228
IR,RED,24421,21225
IR,RED,24426,21215
IR,RED,24417,21218
IR,RED,24401,21202
IR,RED,24407,21215
IR,RED,24399,21197
IR,RED,24396,21189
IR,RED,24390,21188
IR,RED,24377,21184
IR,RED,24374,21174
IR,RED,24367,21185
IR,RED,24373,21181
IR,RED,24372,21182
IR,RED,24367,21195
IR,RED,24377,21192
IR,RED,24395,21179
IR,RED,24381,21189
IR,RED,24394,21198
IR,RED,24405,21203
IR,RED,24399,21208
IR,RED,24402,21207
IR,RED,24402,21205
IR,RED,24397,21206
IR,RED,24404,21202
IR,RED,24402,21211
IR,RED,24400,21218
IR,RED,24399,21208
IR,RED,24400,21217
IR,RED,24422,21217
IR,RED,24409,21219
IR,RED,24418,21210
IR,RED,24406,21211
IR,RED,24416,21217
IR,RED,24411,21208
IR,RED,24402,21202
IR,RED,24400,21221
IR,RED,24408,21219
IR,RED,24404,21221
IR,RED,24413,21220
IR,RED,24411,21236
IR,RED,24412,21225
IR,RED,24423,21240
IR,RED,24424,21235
IR,RED,24417,21232
IR,RED,24416,21237
IR,RED,24416,21226
IR,RED,24413,21231
IR,RED,24412,21240
IR,RED,24426,21241
IR,RED,24416,21235
IR,RED,24422,21244
IR,RED,24417,21239
IR,RED,24427,21248
IR,RED,24436,21250
IR,RED,24430,21254
IR,RED,24423,21239
IR,RED,24430,21243
IR,RED,24414,21227
IR,RED,24408,21233
IR,RED,24411,21233
IR,RED,24405,21236
IR,RED,24425,21241
IR,RED,24427,21251
IR,RED,24429,21254
IR,RED,24447,21264
IR,RED,24447,21265
IR,RED,24437,21262
IR,RED,24443,21261
IR,RED,24444,21257
IR,RED,24441,21247
IR,RED,24432,21250
IR,RED,24424,21242
IR,RED,24415,21239
IR,RED,24416,21235
IR,RED,24415,21227
IR,RED,24405,21217
IR,RED,24394,21224
IR,RED,24387,21212
IR,RED,24395,21204
IR,RED,24376,21202
IR,RED,24368,21190
IR,RED,24367,21183
IR,RED,24365,21179
IR,RED,24359,21182
IR,RED,24346,21183
IR,RED,24348,21174
IR,RED,24355,21163
IR,RED,24344,21166
IR,RED,24350,21170
IR,RED,24351,21169
IR,RED,24358,21169
IR,RED,24358,21179
IR,RED,24339,21183
IR,RED,24353,21195
IR,RED,24364,21187
IR,RED,24359,21190
IR,RED,24362,21183
IR,RED,24359,21183
IR,RED,24356,21178
IR,RED,24350,21185
IR,RED,24357,21178
IR,RED,24355,21175
IR,RED,24359,21170
IR,RED,24355,21179
IR,RED,24348,21173
IR,RED,24346,21163
IR,RED,24342,21174
IR,RED,24346,21168
IR,RED,24354,21165
IR,RED,24353,21182
IR,RED,24348,21176
IR,RED,24346,21180
IR,RED,24352,21184
IR,RED,24352,21175
IR,RED,24357,21175
IR,RED,24353,21175
IR,RED,24345,21186
IR,RED,24352,21189
IR,RED,24351,21190
IR,RED,24362,21198
IR,RED,24352,21197
IR,RED,24364,21198
IR,RED,24375,21212
IR,RED,24373,21206
IR,RED,24358,21209
IR,RED,24371,21192
IR,RED,24360,21189
IR,RED,24359,21193
IR,RED,24353,21188
IR,RED,24358,21182
IR,RED,24353,21184
IR,RED,24356,21193
IR,RED,24359,21196
IR,RED,24363,21202
IR,RED,24370,21212
IR,RED,24360,21225
IR,RED,24363,21214
IR,RED,24365,21220
IR,RED,24365,21219
IR,RED,24369,21214
IR,RED,24359,21221
IR,RED,24376,21229
IR,RED,24376,21217
IR,RED,24370,21224
IR,RED,24367,21221
IR,RED,24369,21220
IR,RED,24370,21220
IR,RED,24360,21218
IR,RED,24357,21206
IR,RED,24350,21198
IR,RED,24327,21188
IR,RED,24327,21182
IR,RED,24314,21173
IR,RED,24318,21165
IR,RED,24310,21160
IR,RED,24308,21161
IR,RED,24310,21163
IR,RED,24309,21168
IR,RED,24309,21167
IR,RED,24300,21154
IR,RED,24309,21151
IR,RED,24302,21157
IR,RED,24299,21151
IR,RED,24308,21159
IR,RED,24299,21145
IR,RED,24315,21156
IR,RED,24314,21162
IR,RED,24313,21168
IR,RED,24307,21158
IR,RED,24312,21168
IR,RED,24301,21163
IR,RED,24305,21150
IR,RED,24293,21158
IR,RED,24295,21153
IR,RED,24300,21166
IR,RED,24290,21153
IR,RED,24287,21155
IR,RED,24287,21145
IR,RED,24309,21153
IR,RED,24303,21155
IR,RED,24304,21167
IR,RED,24306,21171
IR,RED,24305,21177
IR,RED,24304,21172
IR,RED,24303,21179
IR,RED,24309,21178
IR,RED,24306,21184
IR,RED,24324,21183
IR,RED,24325,21192
IR,RED,24334,21198
IR,RED,24340,21218
IR,RED,24344,21213
IR,RED,24344,21211
IR,RED,24344,21215
IR,RED,24348,21213
IR,RED,24342,21204
IR,RED,24352,21225
IR,RED,24352,21215
IR,RED,24338,21218
IR,RED,24338,21211
IR,RED,24332,21215
IR,RED,24328,21218
IR,RED,24339,21209
IR,RED,24335,21214
IR,RED,24326,21211
IR,RED,24321,21209
IR,RED,24333,21213
IR,RED,24322,21212
IR,RED,24312,21209
IR,RED,24325,21209
IR,RED,24324,21207
IR,RED,24323,21223
IR,RED,24328,21217
IR,RED,24329,21225
IR,RED,24327,21227
IR,RED,24333,21216
IR,RED,24326,21218
IR,RED,24324,21219
IR,RED,24332,21215
IR,RED,24316,21216
IR,RED,24318,21211
IR,RED,24320,21202
IR,RED,24308,21200
IR,RED,24307,21197
IR,RED,24297,21185
IR,RED,24300,21182
IR,RED,24295,21180
IR,RED,24279,21171
IR,RED,24278,21161
IR,RED,24258,21163
IR,RED,24273,21162
IR,RED,24254,21161
IR,RED,24263,21145
IR,RED,24262,21152
IR,RED,24247,21137
IR,RED,24235,21141
IR,RED,24236,21131
IR,RED,24228,21120
IR,RED,24233,21130
IR,RED,24246,21128
IR,RED,24249,21142
IR,RED,24241,21145
IR,RED,24252,21155
IR,RED,24251,21166
IR,RED,24260,21154
IR,RED,24264,21164
IR,RED,24257,21161
IR,RED,24253,21158
IR,RED,24251,21156
IR,RED,24248,21162
IR,RED,24247,21160
IR,RED,24251,21161
IR,RED,24247,21168
IR,RED,24248,21172
IR,RED,24248,21171
IR,RED,24249,21164
IR,RED,24255,21171
IR,RED,24250,21168
IR,RED,24252,21176
IR,RED,24243,21174
IR,RED,24258,21172
IR,RED,24254,21172
IR,RED,24241,21163
IR,RED,24250,21169
IR,RED,24260,21188
IR,RED,24258,21179
IR,RED,24259,21187
IR,RED,24270,21204
IR,RED,24257,21198
IR,RED,24261,21204
IR,RED,24264,21204
IR,RED,24255,21200
IR,RED,24259,21210
IR,RED,24264,21208
IR,RED,24255,21205
IR,RED,24266,21209
IR,RED,24260,21219
IR,RED,24261,21220
IR,RED,24265,21219
IR,RED,24276,21211
IR,RED,24271,21222
IR,RED,24268,21211
IR,RED,24263,21220
IR,RED,24263,21206
IR,RED,24252,21208
IR,RED,24259,21215
IR,RED,24254,21221
IR,RED,24251,21224
IR,RED,24266,21224
IR,RED,24262,21229
IR,RED,24275,21237
IR,RED,24270,21241
IR,RED,24268,21250
IR,RED,24278,21244
IR,RED,24275,21251
IR,RED,24282,21255
IR,RED,24291,21253
IR,RED,24275,21246
IR,RED,24278,21246
IR,RED,24280,21239
IR,RED,24284,21240
IR,RED,24267,21241
IR,RED,24264,21239
IR,RED,24252,21239
IR,RED,24253,21227
IR,RED,24255,21224
IR,RED,24237,21221
IR,RED,24231,21215
IR,RED,24227,21208
IR,RED,24227,21196
IR,RED,24231,21211
IR,RED,24223,21203
IR,RED,24212,21205
IR,RED,24223,21202
IR,RED,24223,21206
IR,RED,24223,21206
IR,RED,24220,21198
IR,RED,24231,21209
IR,RED,24223,21199
IR,RED,24235,21214
IR,RED,24228,21207
IR,RED,24240,21223
IR,RED,24215,21215
IR,RED,24216,21211
IR,RED,24223,21226
IR,RED,24215,21212
IR,RED,24207,21217
IR,RED,24217,21209
IR,RED,24202,21198
IR,RED,24209,21218
IR,RED,24203,21205
IR,RED,24212,21209
IR,RED,24204,21210
IR,RED,24212,21210
IR,RED,24201,21215
IR,RED,24210,21215
IR,RED,24213,21214
IR,RED,24209,21218
IR,RED,24207,21218
IR,RED,24210,21213
IR,RED,24193,21206
IR,RED,24210,21209
IR,RED,24197,21213
IR,RED,24195,21220
IR,RED,24211,21221
IR,RED,24205,21218
IR,RED,24208,21213
IR,RED,24210,21227
IR,RED,24206,21227
IR,RED,24216,21224
IR,RED,24221,21234
IR,RED,24215,21243
IR,RED,24208,21229
IR,RED,24204,21238
IR,RED,24206,21233
IR,RED,24211,21234
IR,RED,24204,21229
IR,RED,24199,21231
IR,RED,24206,21244
IR,RED,24201,21235
IR,RED,24204,21229
IR,RED,24201,21223
IR,RED,24196,21216
IR,RED,24207,21221
IR,RED,24196,21229
IR,RED,24211,21240
IR,RED,24209,21235
IR,RED,24216,21247
IR,RED,24220,21252
IR,RED,24222,21252
IR,RED,24217,21256
IR,RED,24222,21266
IR,RED,24212,21247
IR,RED,24217,21244
IR,RED,24208,21248
IR,RED,24205,21234
IR,RED,24216,21234
IR,RED,24217,21234
IR,RED,24213,21238
IR,RED,24206,21230
IR,RED,24189,21230
IR,RED,24187,21214
IR,RED,24167,21200
IR,RED,24169,21200
IR,RED,24166,21195
IR,RED,24164,21193
IR,RED,24155,21190
IR,RED,24157,21193
IR,RED,24156,21190
IR,RED,24159,21197
IR,RED,24160,21189
IR,RED,24153,21197
IR,RED,24159,21183
IR,RED,24148,21191
IR,RED,24144,21181
IR,RED,24138,21182
IR,RED,24150,21188
IR,RED,24147,21190
IR,RED,24152,21201
IR,RED,24151,21196
IR,RED,24143,21198
IR,RED,24144,21193
IR,RED,24144,21195
IR,RED,24135,21192
IR,RED,24141,21180
IR,RED,24127,21187
IR,RED,24124,21181
IR,RED,24119,21171
IR,RED,24115,21175
IR,RED,24120,21172
IR,RED,24109,21163
IR,RED,24112,21170
IR,RED,24118,21169
IR,RED,24119,21178
IR,RED,24121,21175
IR,RED,24118,21170
IR,RED,24105,21166
IR,RED,24112,21167
IR,RED,24105,21169
IR,RED,24113,21179
IR,RED,24116,21164
IR,RED,24116,21168
IR,RED,24106,21159
IR,RED,24100,21172
IR,RED,24110,21166
IR,RED,24094,21153
IR,RED,24093,21154
IR,RED,24085,21160
IR,RED,24098,21163
IR,RED,24093,21166
IR,RED,24097,21155
IR,RED,24091,21161
IR,RED,24094,21167
IR,RED,24090,21162
IR,RED,24084,21161
IR,RED,24090,21162
IR,RED,24084,21157
IR,RED,24094,21165
IR,RED,24099,21167
IR,RED,24097,21168
IR,RED,24097,21170
IR,RED,24098,21185
IR,RED,24105,21188
IR,RED,24127,21187
IR,RED,24119,21201
IR,RED,24122,21202
IR,RED,24121,21233
IR,RED,24137,21219
IR,RED,24141,21239
IR,RED,24144,21230
IR,RED,24155,21230
IR,RED,24157,21238
IR,RED,24146,21233
IR,RED,24148,21236
IR,RED,24140,21237
IR,RED,24139,21228
IR,RED,24132,21230
IR,RED,24122,21221
IR,RED,24113,21210
IR,RED,24108,21199
IR,RED,24102,21198
IR,RED,24095,21179
IR,RED,24089,21184
IR,RED,24089,21185
IR,RED,24079,21178
IR,RED,24083,21184
IR,RED,24082,21177
IR,RED,24075,21166
IR,RED,24078,21168
IR,RED,24075,21162
IR,RED,24066,21152
IR,RED,24060,21156
IR,RED,24063,21155
IR,RED,24063,21158
IR,RED,24064,21165
IR,RED,24065,21151
IR,RED,24070,21157
IR,RED,24072,21154
IR,RED,24057,21150
IR,RED,24058,21145
IR,RED,24041,21146
IR,RED,24056,21144
IR,RED,24050,21148
IR,RED,24055,21147
IR,RED,24046,21143
IR,RED,24046,21151
IR,RED,24055,21148
IR,RED,24040,21153
IR,RED,24054,21164
IR,RED,24050,21167
IR,RED,24058,21160
IR,RED,24044,21154
IR,RED,24051,21160
IR,RED,24055,21164
IR,RED,24045,21171
IR,RED,24055,21176
IR,RED,24057,21176
IR,RED,24064,21186
IR,RED,24056,21187
IR,RED,24068,21188
IR,RED,24060,21186
IR,RED,24063,21197
IR,RED,24074,21199
IR,RED,24072,21195
IR,RED,24072,21204
IR,RED,24080,21201
IR,RED,24081,21211
IR,RED,24084,21206
IR,RED,24081,21203
IR,RED,24080,21209
IR,RED,24072,21203
IR,RED,24080,21215
IR,RED,24073,21206
IR,RED,24071,21204
IR,RED,24070,21195
IR,RED,24070,21200
IR,RED,24051,21203
IR,RED,24057,21197
IR,RED,24057,21197
IR,RED,24057,21208
IR,RED,24067,21201
IR,RED,24064,21207
IR,RED,24066,21210
IR,RED,24079,21211
IR,RED,24068,21217
IR,RED,24064,21223
IR,RED,24054,21212
IR,RED,24072,21213
IR,RED,24066,21201
IR,RED,24064,21197
IR,RED,24065,21201
IR,RED,24069,21198
IR,RED,24070,21204
IR,RED,24059,21199
IR,RED,24058,21197
IR,RED,24047,21195
IR,RED,24033,21193
IR,RED,24032,21177
IR,RED,24022,21171
IR,RED,24014,21177
IR,RED,24007,21158
IR,RED,24010,21167
IR,RED,24004,21163
IR,RED,24014,21170
IR,RED,24010,21173
IR,RED,24011,21166
IR,RED,24010,21164
IR,RED,24002,21167
IR,RED,24004,21174
IR,RED,24013,21163
IR,RED,24008,21167
IR,RED,24011,21170
IR,RED,24014,21177
IR,RED,24021,21171
IR,RED,24010,21170
IR,RED,24003,21168
IR,RED,24009,21171
IR,RED,24004,21167
IR,RED,24015,21168
IR,RED,24016,21176
IR,RED,24020,21177
IR,RED,24011,21173
IR,RED,24015,21171
IR,RED,24013,21175
IR,RED,24017,21165
IR,RED,23994,21167
IR,RED,24003,21157
IR,RED,23994,21160
IR,RED,23997,21165
IR,RED,23983,21158
IR,RED,23983,21148
IR,RED,23991,21164
IR,RED,24002,21160
IR,RED,23994,21175
IR,RED,24005,21167
IR,RED,23998,21171
IR,RED,23998,21168
IR,RED,23987,21171
IR,RED,23994,21170
IR,RED,23996,21164
IR,RED,23992,21165
IR,RED,23995,21166
IR,RED,23998,21171
IR,RED,23992,21185
IR,RED,23989,21173
IR,RED,23987,21169
IR,RED,23989,21182
IR,RED,23995,21175
IR,RED,23991,21174
IR,RED,23986,21169
IR,RED,23990,21173
IR,RED,23987,21162
IR,RED,23977,21167
IR,RED,23973,21163
IR,RED,23988,21165
IR,RED,23990,21170
IR,RED,23991,21178
IR,RED,24005,21190
IR,RED,24009,21187
IR,RED,24000,21200
IR,RED,24005,21193
IR,RED,24020,21196
IR,RED,24004,21201
IR,RED,24002,21196
IR,RED,24024,21205
IR,RED,24013,21194
IR,RED,24011,21192
IR,RED,24006,21193
IR,RED,24000,21178
IR,RED,23984,21177
IR,RED,23978,21171
IR,RED,23980,21165
IR,RED,23958,21151
IR,RED,23968,21150
IR,RED,23936,21141
IR,RED,23946,21128
IR,RED,23938,21117
IR,RED,23915,21111
IR,RED,23928,21116
IR,RED,23925,21113
IR,RED,23919,21111
IR,RED,23928,21110
IR,RED,23916,21110
IR,RED,23928,21105
IR,RED,23910,21108
IR,RED,23930,21113
IR,RED,23924,21120
IR,RED,23924,21123
IR,RED,23925,21129
IR,RED,23929,21125
IR,RED,23922,21123
IR,RED,23928,21115
IR,RED,23923,21124
IR,RED,23933,21120
IR,RED,23922,21113
IR,RED,23922,21126
IR,RED,23922,21128
IR,RED,23911,21110
IR,RED,23910,21123
IR,RED,23909,21117
IR,RED,23920,21116
IR,RED,23921,21129
IR,RED,23924,21141
IR,RED,23922,21127
IR,RED,23934,21135
IR,RED,23932,21135
IR,RED,23950,21138
IR,RED,23936,21143
IR,RED,23940,21158
IR,RED,23941,21139
IR,RED,23937,21153
IR,RED,23945,21161
IR,RED,23943,21161
IR,RED,23949,21168
IR,RED,23941,21156
IR,RED,23937,21158
IR,RED,23956,21160
IR,RED,23955,21163
IR,RED,23962,21166
IR,RED,23953,21163
IR,RED,23948,21174
IR,RED,23948,21163
IR,RED,23940,21171
IR,RED,23933,21159
IR,RED,23931,21163
IR,RED,23919,21160
IR,RED,23925,21151
IR,RED,23927,21139
IR,RED,23926,21154
IR,RED,23924,21146
IR,RED,23936,21156
IR,RED,23936,21154
IR,RED,23932,21164
IR,RED,23926,21155
IR,RED,23933,21156
IR,RED,23937,21172
IR,RED,23938,21160
IR,RED,23931,21151
IR,RED,23940,21156
IR,RED,23935,21154
IR,RED,23940,21156
IR,RED,23939,21161
IR,RED,23949,21171
IR,RED,23941,21166
IR,RED,23945,21163
IR,RED,23949,21166
IR,RED,23947,21157
IR,RED,23932,21150
IR,RED,23924,21143
IR,RED,23917,21136
IR,RED,23905,21130
IR,RED,23898,21116
IR,RED,23895,21112
IR,RED,23900,21116
IR,RED,23895,21119
IR,RED,23905,21114
IR,RED,23896,21116
IR,RED,23906,21118
IR,RED,23901,21114
IR,RED,23904,21119
IR,RED,23888,21121
IR,RED,23893,21108
IR,RED,23899,21120
IR,RED,23889,21113
IR,RED,23901,21116
IR,RED,23899,21120
IR,RED,23888,21127
IR,RED,23901,21119
IR,RED,23896,21109
IR,RED,23877,21098
IR,RED,23875,21106
IR,RED,23872,21098
IR,RED,23871,21106
IR,RED,23869,21096
IR,RED,23864,21099
IR,RED,23861,21090
IR,RED,23875,21098
IR,RED,23873,21091
IR,RED,23872,21090
IR,RED,23876,21096
IR,RED,23878,21091
IR,RED,23872,21087
IR,RED,23863,21084
IR,RED,23871,21091
IR,RED,23876,21093
IR,RED,23862,21093
IR,RED,23866,21100
IR,RED,23875,21105
IR,RED,23882,21102
IR,RED,23893,21112
IR,RED,23889,21115
IR,RED,23902,21121
IR,RED,23897,21125
IR,RED,23887,21127
IR,RED,23882,21116
IR,RED,23891,21120
IR,RED,23885,21124
IR,RED,23906,21143
IR,RED,23905,21140
IR,RED,23904,21139
IR,RED,23917,21158
IR,RED,23908,21142
IR,RED,23910,21140
IR,RED,23904,21149
IR,RED,23905,21144
IR,RED,23908,21132
IR,RED,23911,21143
IR,RED,23917,21152
IR,RED,23912,21158
IR,RED,23916,21147
IR,RED,23917,21163
IR,RED,23927,21155
IR,RED,23917,21171
IR,RED,23919,21164
IR,RED,23924,21162
IR,RED,23922,21163
IR,RED,23908,21160
IR,RED,23935,21153
IR,RED,23926,21159
IR,RED,23933,21156
IR,RED,23913,21139
IR,RED,23902,21135
IR,RED,23904,21128
IR,RED,23891,21123
IR,RED,23890,21121
IR,RED,23869,21113
IR,RED,23863,21105
IR,RED,23862,21102
IR,RED,23861,21088
IR,RED,23848,21086
IR,RED,23844,21076
IR,RED,23848,21081
IR,RED,23835,21068
IR,RED,23839,21069
IR,RED,23835,21066
IR,RED,23841,21062
IR,RED,23831,21064
IR,RED,23844,21076
IR,RED,23839,21074
IR,RED,23840,21077
IR,RED,23835,21069
IR,RED,23843,21087
IR,RED,23836,21075
IR,RED,23847,21078
IR,RED,23835,21071
IR,RED,23845,21086
IR,RED,23838,21079
IR,RED,23853,21092
IR,RED,23846,21091
IR,RED,23853,21088
IR,RED,23851,21084
IR,RED,23839,21087
IR,RED,23840,21091
IR,RED,23833,21094
IR,RED,23835,21084
IR,RED,23832,21086
IR,RED,23851,21097
IR,RED,23854,21108
IR,RED,23859,21101
IR,RED,23858,21114
IR,RED,23865,21113
IR,RED,23869,21108
IR,RED,23856,21104
IR,RED,23855,21105
IR,RED,23856,21102
IR,RED,23851,21105
IR,RED,23849,21102
IR,RED,23855,21108
IR,RED,23862,21100
IR,RED,23859,21117
IR,RED,23868,21121
IR,RED,23864,21130
IR,RED,23860,21125
IR,RED,23865,21118
IR,RED,23854,21110
IR,RED,23853,21116
IR,RED,23848,21110
IR,RED,23846,21110
IR,RED,23839,21107
IR,RED,23843,21112
IR,RED,23852,21103
IR,RED,23851,21103
IR,RED,23862,21114
IR,RED,23856,21117
IR,RED,23866,21119
IR,RED,23881,21116
IR,RED,23866,21128
IR,RED,23866,21129
IR,RED,23868,21118
IR,RED,23866,21118
IR,RED,23864,21112
IR,RED,23864,21111
IR,RED,23873,21113
IR,RED,23863,21096
IR,RED,23853,21096
IR,RED,23860,21096
IR,RED,23841,21089
IR,RED,23832,21085
IR,RED,23828,21078
IR,RED,23824,21075
IR,RED,23808,21081
IR,RED,23810,21070
IR,RED,23819,21069
IR,RED,23799,21067
IR,RED,23811,21063
IR,RED,23814,21076
IR,RED,23813,21062
IR,RED,23800,21054
IR,RED,23805,21059
IR,RED,23799,21063
IR,RED,23798,21063
IR,RED,23804,21060
IR,RED,23803,21069
IR,RED,23802,21062
IR,RED,23821,21078
IR,RED,23811,21079
IR,RED,23821,21076
IR,RED,23816,21073
IR,RED,23818,21078
IR,RED,23803,21063
IR,RED,23796,21055
IR,RED,23798,21065
IR,RED,23806,21051
IR,RED,23810,21064
IR,RED,23801,21059
IR,RED,23796,21062
IR,RED,23811,21071
IR,RED,23799,21077
IR,RED,23808,21078
IR,RED,23811,21077
IR,RED,23815,21084
IR,RED,23824,21081
IR,RED,23820,21079
IR,RED,23805,21078
IR,RED,23822,21082
IR,RED,23824,21086
IR,RED,23815,21087
IR,RED,23814,21085
IR,RED,23830,21095
IR,RED,23836,21098
IR,RED,23848,21111
IR,RED,23851,21122
IR,RED,23850,21120
IR,RED,23850,21116
IR,RED,23848,21116
IR,RED,23848,21115
IR,RED,23840,21110
IR,RED,23838,21107
IR,RED,23844,21115
IR,RED,23839,21112
IR,RED,23842,21114
IR,RED,23854,21105
IR,RED,23856,21118
IR,RED,23863,21120
IR,RED,23861,21141
IR,RED,23860,21134
IR,RED,23856,21131
IR,RED,23857,21135
IR,RED,23853,21129
IR,RED,23851,21119
IR,RED,23861,21131
IR,RED,23865,21123
IR,RED,23871,21127
IR,RED,23861,21129
IR,RED,23866,21130
IR,RED,23845,21115
IR,RED,23847,21108
IR,RED,23837,21102
IR,RED,23827,21095
IR,RED,23816,21083
IR,RED,23806,21087
IR,RED,23804,21086
IR,RED,23810,21067
IR,RED,23800,21057
IR,RED,23805,21069
IR,RED,23805,21062
IR,RED,23802,21061
IR,RED,23794,21059
IR,RED,23794,21054
IR,RED,23791,21060
IR,RED,23789,21051
IR,RED,23781,21050
IR,RED,23791,21046
IR,RED,23796,21051
IR,RED,23801,21064
IR,RED,23809,21065
IR,RED,23819,21069
IR,RED,23811,21072
IR,RED,23812,21083
IR,RED,23812,21066
IR,RED,23806,21070
IR,RED,23798,21074
IR,RED,23802,21066
IR,RED,23796,21064
IR,RED,23794,21055
IR,RED,23804,21063
IR,RED,23804,21064
IR,RED,23809,21065
IR,RED,23814,21070
IR,RED,23814,21075
IR,RED,23808,21072
IR,RED,23819,21076
IR,RED,23813,21078
IR,RED,23817,21080
IR,RED,23817,21092
IR,RED,23820,21094
IR,RED,23827,21101
IR,RED,23827,21094
IR,RED,23827,21094
IR,RED,23825,21098
IR,RED,23821,21083
IR,RED,23818,21084
IR,RED,23820,21099
IR,RED,23827,21094
IR,RED,23821,21097
IR,RED,23817,21104
IR,RED,23820,21107
IR,RED,23834,21108
IR,RED,23826,21106
IR,RED,23828,21118
IR,RED,23817,21106
IR,RED,23822,21102
IR,RED,23814,21102
IR,RED,23824,21110
IR,RED,23837,21122
IR,RED,23831,21122
IR,RED,23841,21125
IR,RED,23838,21121
IR,RED,23845,21123
IR,RED,23847,21126
IR,RED,23837,21129
IR,RED,23849,21124
IR,RED,23841,21123
IR,RED,23846,21126
IR,RED,23849,21124
IR,RED,23849,21121
IR,RED,23838,21116
IR,RED,23830,21119
IR,RED,23837,21108
IR,RED,23830,21101
IR,RED,23820,21098
IR,RED,23823,21105
IR,RED,23816,21092
IR,RED,23818,21085
IR,RED,23805,21084
IR,RED,23804,21074
IR,RED,23791,21070
IR,RED,23803,21067
IR,RED,23796,21071
IR,RED,23813,21087
IR,RED,23800,21083
IR,RED,23803,21082
IR,RED,23800,21074
IR,RED,23817,21081
IR,RED,23820,21086
IR,RED,23811,21088
IR,RED,23814,21080
IR,RED,23813,21083
IR,RED,23803,21077
IR,RED,23802,21080
IR,RED,23804,21073
IR,RED,23809,21076
IR,RED,23811,21067
IR,RED,23799,21074
IR,RED,23796,21066
IR,RED,23803,21073
IR,RED,23790,21066
IR,RED,23789,21065
IR,RED,23792,21049
IR,RED,23789,21065
IR,RED,23786,21057
IR,RED,23787,21068
IR,RED,23790,21067
IR,RED,23787,21063
IR,RED,23787,21078
IR,RED,23787,21065
IR,RED,23781,21069
IR,RED,23801,21069
IR,RED,23787,21071
IR,RED,23800,21070
IR,RED,23784,21063
IR,RED,23787,21075
IR,RED,23800,21078
IR,RED,23791,21073
IR,RED,23789,21076
IR,RED,23799,21069
IR,RED,23797,21080
IR,RED,23785,21080
IR,RED,23805,21078
IR,RED,23792,21077
IR,RED,23792,21096
IR,RED,23791,21086
IR,RED,23793,21080
IR,RED,23804,21076
IR,RED,23802,21096
IR,RED,23810,21097
IR,RED,23801,21098
IR,RED,23810,21097
IR,RED,23812,21109
IR,RED,23810,21108
IR,RED,23816,21111
IR,RED,23797,21101
IR,RED,23808,21100
IR,RED,23811,21089
IR,RED,23819,21099
IR,RED,23806,21096
IR,RED,23818,21086
IR,RED,23804,21088
IR,RED,23794,21077
IR,RED,23789,21084
IR,RED,23778,21075
IR,RED,23778,21067
IR,RED,23767,21051
IR,RED,23766,21047
IR,RED,23748,21047
IR,RED,23758,21045
IR,RED,23759,21041
IR,RED,23747,21042
IR,RED,23755,21040
IR,RED,23747,21038
IR,RED,23750,21052
IR,RED,23750,21046
IR,RED,23752,21040
IR,RED,23748,21046
IR,RED,23756,21044
IR,RED,23752,21048
IR,RED,23759,21049
IR,RED,23768,21053
IR,RED,23769,21050
IR,RED,23758,21061
IR,RED,23763,21054
IR,RED,23760,21058
IR,RED,23759,21049
IR,RED,23749,21052
IR,RED,23756,21038
IR,RED,23754,21046
IR,RED,23762,21050
IR,RED,23749,21048
IR,RED,23763,21047
IR,RED,23769,21046
IR,RED,23763,21047
IR,RED,23764,21049
IR,RED,23761,21052
IR,RED,23760,21042
IR,RED,23764,21037
IR,RED,23756,21041
IR,RED,23756,21045
IR,RED,23761,21060
IR,RED,23763,21053
IR,RED,23771,21066
IR,RED,23791,21075
IR,RED,23787,21082
IR,RED,23793,21081
IR,RED,23787,21085
IR,RED,23786,21090
IR,RED,23788,21079
IR,RED,23783,21078
IR,RED,23787,21073
IR,RED,23768,21084
IR,RED,23788,21088
IR,RED,23806,21096
IR,RED,23803,21101
IR,RED,23820,21108
IR,RED,23812,21115
IR,RED,23814,21117
IR,RED,23815,21120
IR,RED,23810,21120
IR,RED,23802,21117
IR,RED,23810,21097
IR,RED,23806,21115
IR,RED,23812,21108
IR,RED,23814,21106
IR,RED,23809,21107
IR,RED,23803,21104
IR,RED,23808,21099
IR,RED,23800,21087
IR,RED,23795,21088
IR,RED,23782,21077
IR,RED,23774,21067
IR,RED,23756,21057
IR,RED,23758,21055
IR,RED,23752,21047
IR,RED,23744,21041
IR,RED,23754,21042
IR,RED,23755,21042
IR,RED,23749,21035
IR,RED,23731,21037
IR,RED,23749,21041
IR,RED,23731,21036
IR,RED,23743,21046
IR,RED,23750,21031
IR,RED,23752,21044
IR,RED,23747,21061
IR,RED,23764,21057
IR,RED,23766,21074
IR,RED,23770,21076
IR,RED,23772,21070
IR,RED,23767,21073
IR,RED,23772,21078
IR,RED,23786,21074
IR,RED,23791,21094
IR,RED,23807,21096
IR,RED,23799,21099
IR,RED,23805,21110
IR,RED,23798,21105
IR,RED,23804,21121
IR,RED,23807,21107
IR,RED,23812,21111
IR,RED,23823,21101
IR,RED,23806,21098
IR,RED,23819,21110
IR,RED,23803,21111
IR,RED,23816,21111
IR,RED,23804,21112
IR,RED,23808,21108
IR,RED,23815,21115
IR,RED,23805,21109
IR,RED,23806,21113
IR,RED,23807,21120
IR,RED,23810,21117
IR,RED,23805,21115
IR,RED,23811,21108
IR,RED,23816,21112
IR,RED,23812,21126
IR,RED,23813,21125
IR,RED,23817,21124
IR,RED,23814,21120
IR,RED,23820,21123
IR,RED,23818,21114
IR,RED,23823,21130
IR,RED,23830,21136
IR,RED,23830,21125
IR,RED,23833,21146
IR,RED,23849,21134
IR,RED,23829,21133
IR,RED,23830,21129
IR,RED,23810,21118
IR,RED,23823,21114
IR,RED,23809,21115
IR,RED,23819,21113
IR,RED,23808,21108
IR,RED,23808,21100
IR,RED,23794,21089
IR,RED,23786,21075
IR,RED,23781,21066
IR,RED,23767,21065
IR,RED,23759,21065
IR,RED,23764,21063
IR,RED,23768,21053
IR,RED,23756,21051
IR,RED,23754,21048
IR,RED,23748,21052
IR,RED,23743,21040
IR,RED,23741,21031
IR,RED,23740,21034
IR,RED,23742,21033
IR,RED,23746,21032
IR,RED,23746,21041
IR,RED,23754,21044
IR,RED,23750,21044
IR,RED,23740,21044
IR,RED,23746,21038
IR,RED,23743,21039
IR,RED,23732,21038
IR,RED,23738,21018
IR,RED,23739,21029
IR,RED,23740,21029
IR,RED,23740,21037
IR,RED,23736,21023
IR,RED,23742,21032
IR,RED,23736,21030
IR,RED,23750,21031
IR,RED,23754,21033
IR,RED,23744,21031
IR,RED,23751,21032
IR,RED,23739,21030
IR,RED,23739,21033
IR,RED,23746,21035
IR,RED,23749,21030
IR,RED,23759,21041
IR,RED,23756,21041
IR,RED,23773,21042
IR,RED,23759,21041
IR,RED,23764,21052
IR,RED,23783,21057
IR,RED,23774,21054
IR,RED,23784,21063
IR,RED,23777,21067
IR,RED,23790,21071
IR,RED,23783,21080
IR,RED,23803,21082
IR,RED,23800,21097
IR,RED,23810,21088
IR,RED,23808,21108
IR,RED,23826,21096
IR,RED,23821,21114
IR,RED,23816,21109
IR,RED,23820,21109
IR,RED,23823,21110
IR,RED,23813,21114
IR,RED,23819,21110
IR,RED,23805,21113
IR,RED,23806,21097
IR,RED,23799,21091
IR,RED,23800,21073
IR,RED,23785,21083
IR,RED,23788,21070
IR,RED,23778,21070
IR,RED,23783,21053
IR,RED,23775,21059
IR,RED,23770,21059
IR,RED,23767,21052
IR,RED,23765,21051
IR,RED,23761,21049
IR,RED,23765,21046
IR,RED,23767,21053
IR,RED,23775,21046
IR,RED,23766,21049
IR,RED,23768,21054
IR,RED,23764,21049
IR,RED,23773,21050
IR,RED,23778,21049
IR,RED,23773,21056
IR,RED,23778,21051
IR,RED,23779,21052
IR,RED,23775,21061
IR,RED,23781,21057
IR,RED,23780,21049
IR,RED,23783,21057
IR,RED,23788,21064
IR,RED,23774,21056
IR,RED,23775,21057
IR,RED,23779,21060
IR,RED,23771,21059
IR,RED,23785,21059
IR,RED,23770,21053
IR,RED,23780,21060
IR,RED,23785,21065
IR,RED,23787,21079
IR,RED,23777,21068
IR,RED,23781,21055
IR,RED,23772,21065
IR,RED,23777,21070
IR,RED,23773,21059
IR,RED,23779,21065
IR,RED,23772,21055
IR,RED,23781,21059
IR,RED,23769,21051
IR,RED,23773,21065
IR,RED,23774,21061
IR,RED,23772,21060
IR,RED,23772,21055
IR,RED,23777,21062
IR,RED,23786,21063
IR,RED,23778,21067
IR,RED,23783,21072
IR,RED,23786,21067
IR,RED,23778,21083
IR,RED,23792,21075
IR,RED,23781,21069
IR,RED,23782,21069
IR,RED,23788,21070
IR,RED,23792,21063
IR,RED,23792,21056
IR,RED,23780,21061
IR,RED,23789,21052
IR,RED,23773,21046
IR,RED,23782,21045
IR,RED,23766,21047
IR,RED,23761,21028
IR,RED,23755,21031
IR,RED,23742,21022
IR,RED,23745,21010
IR,RED,23737,21003
IR,RED,23736,21015
IR,RED,23718,21003
IR,RED,23736,21004
IR,RED,23726,20995
IR,RED,23726,21005
IR,RED,23726,20987
IR,RED,23727,21006
IR,RED,23724,20999
IR,RED,23726,21006
IR,RED,23722,21001
IR,RED,23736,21008
IR,RED,23721,21005
IR,RED,23741,21010
IR,RED,23726,21017
IR,RED,23739,21012
IR,RED,23730,21008
IR,RED,23742,21011
IR,RED,23735,21023
IR,RED,23754,21022
IR,RED,23755,21027
IR,RED,23750,21025
IR,RED,23756,21035
IR,RED,23762,21047
IR,RED,23765,21034
IR,RED,23760,21032
IR,RED,23766,21040
IR,RED,23774,21055
IR,RED,23779,21058
IR,RED,23778,21056
IR,RED,23776,21062
IR,RED,23789,21063
IR,RED,23789,21074
IR,RED,23786,21074
IR,RED,23795,21083
IR,RED,23795,21088
IR,RED,23803,21093
IR,RED,23798,21100
IR,RED,23797,21091
IR,RED,23805,21101
IR,RED,23792,21106
IR,RED,23819,21107
IR,RED,23813,21107
IR,RED,23815,21113
IR,RED,23816,21113
IR,RED,23814,21107
IR,RED,23813,21102
IR,RED,23810,21107
IR,RED,23822,21117
IR,RED,23812,21123
IR,RED,23832,21112
IR,RED,23827,21120
IR,RED,23828,21117
IR,RED,23831,21121
IR,RED,23830,21118
IR,RED,23834,21123
IR,RED,23829,21122
IR,RED,23827,21110
IR,RED,23814,21109
IR,RED,23823,21098
IR,RED,23815,21099
IR,RED,23799,21085
IR,RED,23788,21079
IR,RED,23789,21068
IR,RED,23781,21070
IR,RED,23768,21056
IR,RED,23765,21050
IR,RED,23772,21035
IR,RED,23769,21050
IR,RED,23767,21055
IR,RED,23778,21041
IR,RED,23768,21037
IR,RED,23772,21046
IR,RED,23762,21045
IR,RED,23756,21054
IR,RED,23760,21044
IR,RED,23760,21039
IR,RED,23747,21038
IR,RED,23761,21046
IR,RED,23750,21050
IR,RED,23742,21040
IR,RED,23755,21048
IR,RED,23752,21052
IR,RED,23762,21049
IR,RED,23763,21051
IR,RED,23768,21059
IR,RED,23770,21053
IR,RED,23752,21058
IR,RED,23758,21046
IR,RED,23767,21054
IR,RED,23761,21042
IR,RED,23773,21055
IR,RED,23771,21053
IR,RED,23769,21049
IR,RED,23786,21061
IR,RED,23785,21072
IR,RED,23791,21076
IR,RED,23792,21080
IR,RED,23796,21075
IR,RED,23800,21076
IR,RED,23796,21076
IR,RED,23803,21086
IR,RED,23794,21085
IR,RED,23806,21086
IR,RED,23795,21084
IR,RED,23802,21084
IR,RED,23799,21094
IR,RED,23809,21084
IR,RED,23800,21079
IR,RED,23803,21072
IR,RED,23796,21079
IR,RED,23790,21070
IR,RED,23794,21076
IR,RED,23789,21072
IR,RED,23786,21072
IR,RED,23795,21077
IR,RED,23803,21086
IR,RED,23806,21084
IR,RED,23811,21080
IR,RED,23798,21080
IR,RED,23806,21082
IR,RED,23802,21084
IR,RED,23804,21084
IR,RED,23791,21058
IR,RED,23785,21059
IR,RED,23797,21063
IR,RED,23786,21063
IR,RED,23774,21049
IR,RED,23776,21053
IR,RED,23772,21053
IR,RED,23755,21042
IR,RED,23756,21038
IR,RED,23748,21020
IR,RED,23751,21030
IR,RED,23754,21027
IR,RED,23744,21025
IR,RED,23757,21022
IR,RED,23748,21033
IR,RED,23751,21027
IR,RED,23745,21024
IR,RED,23749,21040
IR,RED,23741,21025
IR,RED,23753,21025
IR,RED,23745,21029
IR,RED,23752,21033
IR,RED,23763,21042
IR,RED,23767,21043
IR,RED,23783,21050
IR,RED,23776,21054
IR,RED,23780,21038
IR,RED,23773,21039
IR,RED,23790,21050
IR,RED,23767,21034
IR,RED,23776,21042
IR,RED,23763,21037
IR,RED,23773,21034
IR,RED,23763,21035
IR,RED,23762,21030
IR,RED,23776,21039
IR,RED,23782,21047
IR,RED,23778,21062
IR,RED,23779,21047
IR,RED,23768,21047
IR,RED,23765,21034
IR,RED,23769,21040
IR,RED,23760,21048
IR,RED,23764,21040
IR,RED,23772,21039
IR,RED,23777,21049
IR,RED,23772,21048
IR,RED,23769,21044
IR,RED,23759,21048
IR,RED,23765,21053
IR,RED,23770,21043
IR,RED,23770,21049
IR,RED,23768,21042
IR,RED,23761,21047
IR,RED,23763,21044
IR,RED,23764,21051
IR,RED,23772,21056
IR,RED,23774,21050
IR,RED,23780,21050
IR,RED,23768,21054
IR,RED,23789,21055
IR,RED,23777,21065
IR,RED,23787,21076
IR,RED,23798,21070
IR,RED,23794,21078
IR,RED,23801,21076
IR,RED,23808,21082
IR,RED,23819,21075
IR,RED,23824,21095
IR,RED,23826,21095
IR,RED,23822,21087
IR,RED,23813,21078
IR,RED,23810,21069
IR,RED,23797,21063
IR,RED,23792,21062
IR,RED,23787,21050
IR,RED,23789,21059
IR,RED,23782,21045
IR,RED,23778,21043
IR,RED,23784,21034
IR,RED,23783,21037
IR,RED,23780,21037
IR,RED,23762,21029
IR,RED,23764,21024
IR,RED,23758,21010
IR,RED,23766,21016
IR,RED,23764,21025
IR,RED,23766,21013
IR,RED,23759,21027
IR,RED,23752,21016
IR,RED,23755,21004
IR,RED,23752,21017
IR,RED,23753,21014
IR,RED,23750,21013
IR,RED,23746,21020
IR,RED,23748,21016
IR,RED,23748,21005
IR,RED,23741,21020
IR,RED,23738,21022
IR,RED,23746,21019
IR,RED,23741,21014
IR,RED,23740,21002
IR,RED,23743,21008
IR,RED,23742,21008
IR,RED,23738,21006
IR,RED,23744,21012
IR,RED,23741,21012
IR,RED,23749,21017
IR,RED,23746,21020
IR,RED,23754,21019
IR,RED,23765,21039
IR,RED,23758,21029
IR,RED,23750,21029
IR,RED,23760,21025
IR,RED,23764,21021
IR,RED,23777,21046
IR,RED,23785,21049
IR,RED,23787,21059
IR,RED,23797,21065
IR,RED,23796,21064
IR,RED,23808,21073
IR,RED,23793,21080
IR,RED,23799,21078
IR,RED,23802,21080
IR,RED,23807,21087
IR,RED,23807,21088
IR,RED,23802,21087
IR,RED,23812,21088
IR,RED,23806,21092
IR,RED,23817,21095
IR,RED,23819,21089
IR,RED,23801,21085
IR,RED,23804,21095
IR,RED,23808,21096
IR,RED,23820,21094
IR,RED,23809,21089
IR,RED,23817,21092
IR,RED,23805,21087
IR,RED,23796,21081
IR,RED,23796,21066
IR,RED,23803,21064
IR,RED,23804,21073
IR,RED,23808,21062
IR,RED,23793,21065
IR,RED,23800,21057
IR,RED,23793,21063
IR,RED,23795,21052
IR,RED,23772,21051
IR,RED,23760,21036
IR,RED,23766,21022
IR,RED,23744,21020
IR,RED,23741,21007
IR,RED,23725,21000
IR,RED,23723,20994
IR,RED,23728,20985
IR,RED,23708,20984
IR,RED,23710,20991
IR,RED,23714,20985
IR,RED,23702,20977
IR,RED,23694,20972
IR,RED,23697,20966
IR,RED,23698,20979
IR,RED,23681,20975
IR,RED,23695,20973
IR,RED,23676,20962
IR,RED,23683,20959
IR,RED,23675,20955
IR,RED,23693,20958
IR,RED,23688,20962
IR,RED,23687,20967
IR,RED,23688,20965
IR,RED,23688,20961
IR,RED,23678,20962
IR,RED,23675,20957
IR,RED,23689,20957
IR,RED,23695,20951
IR,RED,23678,20950
IR,RED,23671,20955
IR,RED,23679,20949
IR,RED,23681,20945
IR,RED,23675,20962
IR,RED,23677,20952
IR,RED,23682,20966
IR,RED,23681,20963
IR,RED,23689,20958
IR,RED,23692,20969
IR,RED,23683,20967
IR,RED,23693,20973
IR,RED,23691,20966
IR,RED,23675,20963
IR,RED,23680,20958
IR,RED,23674,20957
IR,RED,23672,20954
IR,RED,23664,20958
IR,RED,23666,20938
IR,RED,23656,20943
IR,RED,23653,20932
IR,RED,23643,20923
IR,RED,23655,20929
IR,RED,23643,20929
IR,RED,23648,20921
IR,RED,23654,20926
IR,RED,23648,20924
IR,RED,23651,20926
IR,RED,23654,20932
IR,RED,23648,20928
IR,RED,23644,20934
IR,RED,23639,20936
IR,RED,23662,20932
IR,RED,23641,20917
IR,RED,23648,20917
IR,RED,23646,20911
IR,RED,23648,20909
IR,RED,23652,20906
IR,RED,23644,20923
IR,RED,23641,20919
IR,RED,23651,20916
IR,RED,23627,20912
IR,RED,23627,20906
IR,RED,23617,20877
IR,RED,23610,20884
IR,RED,23598,20882
IR,RED,23588,20854
IR,RED,23587,20853
IR,RED,23579,20860
IR,RED,23570,20842
IR,RED,23571,20837
IR,RED,23563,20833
IR,RED,23548,20821
IR,RED,23553,20815
IR,RED,23563,20820
IR,RED,23565,20834
IR,RED,23565,20838
IR,RED,23560,20830
IR,RED,23577,20834
IR,RED,23569,20839
IR,RED,23580,20850
IR,RED,23591,20854
IR,RED,23589,20845
IR,RED,23573,20847
IR,RED,23573,20834
IR,RED,23544,20813
IR,RED,23528,20785
IR,RED,23501,20769
IR,RED,23495,20763
IR,RED,23490,20754
IR,RED,23487,20746
IR,RED,23488,20751
IR,RED,23492,20745
IR,RED,23494,20755
IR,RED,23477,20749
IR,RED,23475,20738
IR,RED,23467,20731
IR,RED,23462,20734
IR,RED,23467,20741
IR,RED,23480,20742
IR,RED,23497,20756
IR,RED,23518,20772
IR,RED,23528,20786
IR,RED,23534,20794
IR,RED,23536,20803
IR,RED,23539,20811
IR,RED,23556,20810
IR,RED,23549,20823
IR,RED,23566,20826
IR,RED,23570,20841
IR,RED,23568,20847
IR,RED,23577,20837
IR,RED,23578,20845
IR,RED,23575,20833
IR,RED,23589,20844
IR,RED,23589,20838
IR,RED,23602,20848
IR,RED,23603,20850
IR,RED,23603,20855
IR,RED,23593,20865
IR,RED,23601,20863
IR,RED,23582,20845
IR,RED,23587,20834
IR,RED,23580,20830
IR,RED,23573,20838
IR,RED,23592,20842
IR,RED,23591,20843
IR,RED,23581,20841
IR,RED,23570,20837
IR,RED,23560,20817
IR,RED,23551,20817
IR,RED,23551,20820
IR,RED,23540,20814
IR,RED,23539,20818
IR,RED,23529,20801
IR,RED,23525,20800
IR,RED,23525,20786
IR,RED,23529,20787
IR,RED,23518,20790
IR,RED,23526,20795
IR,RED,23516,20798
IR,RED,23516,20798
IR,RED,23528,20805
IR,RED,23540,20818
IR,RED,23548,20820
IR,RED,23549,20820
IR,RED,23541,20811
IR,RED,23546,20808
IR,RED,23541,20810
IR,RED,23550,20808
IR,RED,23552,20814
IR,RED,23553,20819
IR,RED,23549,20813
IR,RED,23547,20821
IR,RED,23565,20838
IR,RED,23593,20852
IR,RED,23597,20859
IR,RED,23600,20865
IR,RED,23597,20869
IR,RED,23600,20882
IR,RED,23611,20868
IR,RED,23606,20874
IR,RED,23603,20868
IR,RED,23602,20861
IR,RED,23600,20851
IR,RED,23610,20854
IR,RED,23596,20861
IR,RED,23617,20877
IR,RED,23637,20893
IR,RED,23651,20912
IR,RED,23676,20937
IR,RED,23667,20931
IR,RED,23669,20942
IR,RED,23677,20940
IR,RED,23680,20939
IR,RED,23691,20936
IR,RED,23700,20950
IR,RED,23703,20946
IR,RED,23700,20953
IR,RED,23707,20952
IR,RED,23702,20962
IR,RED,23710,20952
IR,RED,23714,20958
IR,RED,23730,20968
IR,RED,23713,20981
IR,RED,23740,20980
IR,RED,23751,20985
IR,RED,23766,21002
IR,RED,23766,21006
IR,RED,23780,21015
IR,RED,23779,21025
IR,RED,23782,21023
IR,RED,23780,21021
IR,RED,23780,21025
IR,RED,23783,21023
IR,RED,23771,21022
IR,RED,23785,21031
IR,RED,23790,21039
IR,RED,23812,21044
IR,RED,23812,21060
IR,RED,23825,21066
IR,RED,23825,21074
IR,RED,23825,21072
IR,RED,23816,21068
IR,RED,23828,21054
IR,RED,23797,21043
IR,RED,23787,21027
IR,RED,23780,21019
IR,RED,23779,21012
IR,RED,23776,21013
IR,RED,23760,21003
IR,RED,23757,20999
IR,RED,23741,20991
IR,RED,23737,20981
IR,RED,23741,20977
IR,RED,23739,20971
IR,RED,23707,20961
IR,RED,23713,20952
IR,RED,23705,20950
IR,RED,23701,20938
IR,RED,23698,20933
IR,RED,23702,20942
IR,RED,23683,20943
IR,RED,23684,20933
IR,RED,23679,20926
IR,RED,23678,20943
IR,RED,23672,20942
IR,RED,23685,20965
IR,RED,23716,20972
IR,RED,23731,21001
IR,RED,23737,21002
IR,RED,23752,21021
IR,RED,23768,21009
IR,RED,23757,21000
IR,RED,23740,20979
IR,RED,23726,20973
IR,RED,23732,20961
IR,RED,23733,20961
IR,RED,23736,20959
IR,RED,23738,20960
IR,RED,23756,20969
IR,RED,23766,20968
IR,RED,23768,20978
IR,RED,23771,20994
IR,RED,23781,20996
IR,RED,23790,20997
IR,RED,23802,21013
IR,RED,23804,21018
IR,RED,23825,21028
IR,RED,23839,21058
IR,RED,23854,21073
IR,RED,23871,21080
IR,RED,23898,21100
IR,RED,23912,21127
IR,RED,23934,21136
IR,RED,23949,21162
IR,RED,23988,21188
IR,RED,23998,21207
IR,RED,24021,21224
IR,RED,24042,21245
IR,RED,24056,21253
IR,RED,24056,21272
IR,RED,24078,21273
IR,RED,24072,21283
IR,RED,24086,21288
IR,RED,24077,21285
IR,RED,24086,21291
IR,RED,24087,21301
IR,RED,24088,21287
IR,RED,24099,21289
IR,RED,24086,21290
IR,RED,24076,21287
IR,RED,24087,21281
IR,RED,24081,21272
IR,RED,24064,21271
IR,RED,24056,21261
IR,RED,24046,21246
IR,RED,24044,21247
IR,RED,24031,21247
IR,RED,24028,21225
IR,RED,24009,21222
IR,RED,24013,21226
IR,RED,24011,21209
IR,RED,23999,21200
IR,RED,23985,21200
IR,RED,23981,21187
IR,RED,23980,21180
IR,RED,23971,21174
IR,RED,23973,21171
IR,RED,23988,21185
IR,RED,23976,21182
IR,RED,23971,21184
IR,RED,23977,21175
IR,RED,23976,21169
IR,RED,23979,21170
IR,RED,23970,21168
IR,RED,23968,21158
IR,RED,23967,21155
IR,RED,23961,21131
IR,RED,23957,21135
IR,RED,23938,21129
IR,RED,23926,21114
IR,RED,23912,21112
IR,RED,23900,21099
IR,RED,23903,21095
IR,RED,23901,21087
IR,RED,23904,21085
IR,RED,23899,21086
IR,RED,23894,21087
IR,RED,23885,21083
IR,RED,23884,21082
IR,RED,23889,21083
IR,RED,23874,21087
IR,RED,23891,21097
IR,RED,23892,21091
IR,RED,23903,21100
IR,RED,23894,21102
IR,RED,23894,21108
IR,RED,23895,21111
IR,RED,23887,21103
IR,RED,23896,21106
IR,RED,23881,21098
IR,RED,23891,21092
IR,RED,23893,21093
IR,RED,23882,21093
IR,RED,23889,21099
IR,RED,23892,21102
IR,RED,23874,21094
IR,RED,23889,21116
IR,RED,23882,21115
IR,RED,23896,21106
IR,RED,23893,21105
IR,RED,23902,21105
IR,RED,23892,21104
IR,RED,23872,21101
IR,RED,23874,21093
IR,RED,23869,21097
IR,RED,23859,21096
IR,RED,23877,21097
IR,RED,23869,21096
IR,RED,23884,21107
IR,RED,23872,21110
IR,RED,23888,21123
IR,RED,23886,21121
IR,RED,23884,21127
IR,RED,23890,21133
IR,RED,23890,21136
IR,RED,23905,21135
IR,RED,23882,21139
IR,RED,23886,21134
IR,RED,23888,21131
IR,RED,23883,21127
IR,RED,23890,21131
IR,RED,23881,21132
IR,RED,23896,21127
IR,RED,23881,21127
IR,RED,23879,21133
IR,RED,23876,21116
IR,RED,23864,21110
IR,RED,23860,21095
IR,RED,23845,21094
IR,RED,23833,21085
IR,RED,23835,21090
IR,RED,23832,21075
IR,RED,23838,21073
IR,RED,23836,21071
IR,RED,23826,21071
IR,RED,23828,21077
IR,RED,23836,21073
IR,RED,23822,21082
IR,RED,23822,21087
IR,RED,23827,21088
IR,RED,23825,21081
IR,RED,23824,21092
IR,RED,23829,21097
IR,RED,23836,21116
IR,RED,23845,21122
IR,RED,23867,21134
IR,RED,23863,21142
IR,RED,23866,21141
IR,RED,23863,21129
IR,RED,23848,21117
IR,RED,23853,21123
IR,RED,23837,21116
IR,RED,23840,21105
IR,RED,23826,21103
IR,RED,23826,21112
IR,RED,23841,21108
IR,RED,23847,21128
IR,RED,23869,21140
IR,RED,23866,21140
IR,RED,23866,21148
IR,RED,23865,21151
IR,RED,23853,21134
IR,RED,23835,21120
IR,RED,23819,21101
IR,RED,23818,21081
IR,RED,23800,21085
IR,RED,23795,21068
IR,RED,23790,21069
IR,RED,23795,21080
IR,RED,23801,21086
IR,RED,23824,21101
IR,RED,23845,21123
IR,RED,23863,21141
IR,RED,23865,21151
IR,RED,23874,21166
IR,RED,23869,21164
IR,RED,23850,21144
IR,RED,23835,21125
IR,RED,23835,21115
IR,RED,23829,21110
IR,RED,23819,21104
IR,RED,23816,21100
IR,RED,23829,21115
IR,RED,23842,21121
IR,RED,23844,21131
IR,RED,23856,21129
IR,RED,23869,21145
IR,RED,23874,21151
IR,RED,23881,21153
IR,RED,23869,21147
IR,RED,23852,21138
IR,RED,23844,21126
IR,RED,23826,21099
IR,RED,23819,21093
IR,RED,23802,21078
IR,RED,23793,21085
IR,RED,23798,21080
IR,RED,23796,21086
IR,RED,23799,21085
IR,RED,23806,21090
IR,RED,23816,21118
IR,RED,23841,21116
IR,RED,23840,21123
IR,RED,23841,21126
IR,RED,23833,21109
IR,RED,23812,21100
IR,RED,23808,21090
IR,RED,23798,21081
IR,RED,23800,21077
IR,RED,23788,21067
IR,RED,23793,21069
IR,RED,23788,21072
IR,RED,23795,21060
IR,RED,23805,21086
IR,RED,23806,21093
IR,RED,23813,21095
IR,RED,23821,21104
IR,RED,23815,21108
IR,RED,23810,21106
IR,RED,23810,21085
IR,RED,23796,21083
IR,RED,23782,21050
IR,RED,23768,21053
IR,RED,23775,21054
IR,RED,23779,21060
IR,RED,23778,21058
IR,RED,23791,21066
IR,RED,23805,21094
IR,RED,23820,21100
IR,RED,23849,21133
IR,RED,23860,21155
IR,RED,23877,21169
IR,RED,23890,21172
IR,RED,23878,21175
IR,RED,23877,21159
IR,RED,23857,21150
IR,RED,23843,21147
IR,RED,23837,21141
IR,RED,23830,21134
IR,RED,23834,21138
IR,RED,23839,21146
IR,RED,23850,21158
IR,RED,23854,21165
IR,RED,23886,21174
IR,RED,23900,21183
IR,RED,23913,21205
IR,RED,23937,21225
IR,RED,23940,21231
IR,RED,23939,21231
IR,RED,23917,21213
IR,RED,23890,21189
IR,RED,23875,21168
IR,RED,23862,21154
IR,RED,23848,21154
IR,RED,23854,21156
IR,RED,23853,21156
IR,RED,23868,21156
IR,RED,23873,21165
IR,RED,23885,21181
IR,RED,23899,21200
IR,RED,23921,21212
IR,RED,23917,21217
IR,RED,23920,21217
IR,RED,23895,21201
IR,RED,23880,21180
IR,RED,23856,21162
IR,RED,23848,21142
IR,RED,23831,21133
IR,RED,23827,21134
IR,RED,23816,21119
IR,RED,23829,21135
IR,RED,23837,21136
IR,RED,23865,21153
IR,RED,23878,21169
IR,RED,23896,21181
IR,RED,23903,21206
IR,RED,23922,21210
IR,RED,23901,21204
IR,RED,23892,21187
IR,RED,23859,21164
IR,RED,23845,21135
IR,RED,23829,21138
IR,RED,23824,21126
IR,RED,23829,21129
IR,RED,23824,21114
IR,RED,23824,21127
IR,RED,23844,21143
IR,RED,23848,21158
IR,RED,23879,21177
IR,RED,23906,21198
IR,RED,23908,21211
IR,RED,23913,21206
IR,RED,23898,21196
IR,RED,23874,21185
IR,RED,23861,21164
IR,RED,23832,21146
IR,RED,23834,21131
IR,RED,23826,21134
IR,RED,23829,21133
IR,RED,23836,21147
IR,RED,23857,21165
IR,RED,23880,21189
IR,RED,23917,21223
IR,RED,23957,21253
IR,RED,23976,21273
IR,RED,23990,21291
IR,RED,23998,21289
IR,RED,23983,21278
IR,RED,23953,21252
IR,RED,23923,21219
IR,RED,23902,21199
IR,RED,23882,21179
IR,RED,23874,21173
IR,RED,23865,21177
IR,RED,23867,21172
IR,RED,23869,21169
IR,RED,23883,21176
IR,RED,23904,21207
IR,RED,23938,21221
IR,RED,23949,21239
IR,RED,23945,21247
IR,RED,23957,21250
IR,RED,23938,21234
IR,RED,23925,21242
IR,RED,23915,21218
IR,RED,23891,21195
IR,RED,23890,21192
IR,RED,23884,21187
IR,RED,23874,21176
IR,RED,23884,21180
IR,RED,23877,21185
IR,RED,23883,21181
IR,RED,23906,21199
IR,RED,23909,21211
IR,RED,23926,21231
IR,RED,23927,21229
IR,RED,23934,21227
IR,RED,23919,21230
IR,RED,23899,21215
IR,RED,23880,21183
IR,RED,23865,21172
IR,RED,23871,21155
IR,RED,23869,21152
IR,RED,23864,21151
IR,RED,23862,21156
IR,RED,23874,21167
IR,RED,23874,21183
IR,RED,23886,21185
IR,RED,23899,21203
IR,RED,23903,21206
IR,RED,23910,21204
IR,RED,23909,21201
IR,RED,23896,21210
IR,RED,23881,21184
IR,RED,23871,21172
IR,RED,23855,21163
IR,RED,23836,21152
IR,RED,23848,21149
IR,RED,23860,21163
IR,RED,23867,21166
IR,RED,23868,21184
IR,RED,23893,21198
IR,RED,23918,21223
IR,RED,23920,21232
IR,RED,23928,21229
IR,RED,23934,21237
IR,RED,23934,21235
IR,RED,23911,21221
IR,RED,23900,21207
IR,RED,23889,21189
IR,RED,23874,21167
IR,RED,23863,21157
IR,RED,23861,21161
IR,RED,23855,21149
IR,RED,23850,21151
IR,RED,23854,21154
IR,RED,23871,21164
IR,RED,23869,21173
IR,RED,23881,21175
IR,RED,23873,21182
IR,RED,23875,21182
IR,RED,23885,21189
IR,RED,23869,21178
IR,RED,23868,21180
IR,RED,23860,21155
IR,RED,23852,21157
IR,RED,23849,21144
IR,RED,23847,21155
IR,RED,23837,21154
IR,RED,23844,21155
IR,RED,23843,21151
IR,RED,23839,21152
IR,RED,23853,21158
IR,RED,23854,21162
IR,RED,23869,21169
IR,RED,23867,21174
IR,RED,23863,21165
IR,RED,23866,21175
IR,RED,23859,21170
IR,RED,23852,21165
IR,RED,23847,21146
IR,RED,23841,21147
IR,RED,23829,21129
IR,RED,23831,21124
IR,RED,23826,21124
IR,RED,23821,21120
IR,RED,23820,21119
IR,RED,23835,21133
IR,RED,23836,21139
IR,RED,23845,21148
IR,RED,23852,21156
IR,RED,23886,21181
IR,RED,23886,21192
IR,RED,23896,21198
IR,RED,23896,21203
IR,RED,23889,21204
IR,RED,23908,21219
IR,RED,23909,21224
IR,RED,23905,21222
IR,RED,23893,21213
IR,RED,23909,21227
IR,RED,23918,21230
IR,RED,23919,21229
IR,RED,23922,21244
IR,RED,23928,21242
IR,RED,23927,21245
IR,RED,23925,21239
IR,RED,23933,21233
IR,RED,23938,21236
IR,RED,23947,21243
IR,RED,23955,21250
IR,RED,23954,21254
IR,RED,23953,21253
IR,RED,23948,21254
IR,RED,23948,21250
IR,RED,23942,21243
IR,RED,23930,21238
IR,RED,23919,21212
IR,RED,23915,21209
IR,RED,23913,21210
IR,RED,23911,21198
IR,RED,23891,21203
IR,RED,23905,21197
IR,RED,23883,21203
IR,RED,23875,21184
IR,RED,23874,21181
IR,RED,23872,21167
IR,RED,23865,21160
IR,RED,23860,21152
IR,RED,23852,21162
IR,RED,23852,21145
IR,RED,23840,21144
IR,RED,23838,21134
IR,RED,23825,21144
IR,RED,23825,21128
IR,RED,23818,21123
IR,RED,23818,21121
IR,RED,23832,21126
IR,RED,23826,21134
IR,RED,23837,21129
IR,RED,23829,21128
IR,RED,23823,21127
IR,RED,23819,21122
IR,RED,23822,21115
IR,RED,23825,21110
IR,RED,23826,21117
IR,RED,23817,21103
IR,RED,23829,21115
IR,RED,23833,21117
IR,RED,23837,21134
IR,RED,23848,21145
IR,RED,23846,21147
IR,RED,23857,21146
IR,RED,23867,21154
IR,RED,23859,21159
IR,RED,23862,21166
IR,RED,23870,21167
IR,RED,23863,21174
IR,RED,23881,21177
IR,RED,23888,21179
IR,RED,23883,21185
IR,RED,23888,21204
IR,RED,23901,21205
IR,RED,23909,21208
IR,RED,23920,21218
IR,RED,23933,21238
IR,RED,23943,21245
IR,RED,23956,21252
IR,RED,23965,21260
IR,RED,23965,21263
IR,RED,23967,21268
IR,RED,23969,21264
IR,RED,23961,21262
IR,RED,23957,21262
IR,RED,23955,21264
IR,RED,23964,21244
IR,RED,23954,21247
IR,RED,23958,21255
IR,RED,23971,21254
IR,RED,23960,21256
IR,RED,23951,21245
IR,RED,23953,21256
IR,RED,23949,21256
IR,RED,23956,21254
IR,RED,23946,21252
IR,RED,23953,21248
IR,RED,23948,21254
IR,RED,23940,21253
IR,RED,23938,21253
IR,RED,23952,21256
IR,RED,23953,21251
IR,RED,23948,21261
IR,RED,23960,21263
IR,RED,23950,21269
IR,RED,23945,21257
IR,RED,23940,21256
IR,RED,23933,21249
IR,RED,23936,21245
IR,RED,23946,21250
IR,RED,23934,21242
IR,RED,23928,21236
IR,RED,23938,21237
IR,RED,23933,21243
IR,RED,23932,21238
IR,RED,23932,21235
IR,RED,23924,21240
IR,RED,23926,21246
IR,RED,23930,21239
IR,RED,23929,21229
IR,RED,23939,21239
IR,RED,23929,21244
IR,RED,23950,21247
IR,RED,23929,21241
IR,RED,23921,21239
IR,RED,23933,21245
IR,RED,23942,21244
IR,RED,23936,21243
IR,RED,23936,21248
IR,RED,23950,21239
IR,RED,23942,21260
IR,RED,23950,21262
IR,RED,23952,21265
IR,RED,23950,21254
IR,RED,23950,21257
IR,RED,23949,21257
IR,RED,23943,21261
IR,RED,23947,21261
IR,RED,23950,21272
IR,RED,23943,21263
IR,RED,23953,21267
IR,RED,23961,21276
IR,RED,23944,21274
IR,RED,23947,21275
IR,RED,23951,21268
IR,RED,23960,21266
IR,RED,23955,21270
IR,RED,23953,21267
IR,RED,23949,21260
IR,RED,23935,21255
IR,RED,23930,21244
IR,RED,23921,21237
IR,RED,23925,21223
IR,RED,23910,21218
IR,RED,23914,21219
IR,RED,23906,21215
IR,RED,23905,21216
IR,RED,23905,21207
IR,RED,23905,21215
IR,RED,23890,21206
IR,RED,23896,21204
IR,RED,23903,21205
IR,RED,23905,21202
IR,RED,23905,21220
IR,RED,23903,21215
IR,RED,23896,21211
IR,RED,23910,21215
IR,RED,23903,21218
IR,RED,23909,21224
IR,RED,23904,21214
IR,RED,23901,21219
IR,RED,23897,21207
IR,RED,23913,21227
IR,RED,23901,21222
IR,RED,23910,21229
IR,RED,23910,21226
IR,RED,23915,21221
IR,RED,23917,21238
IR,RED,23916,21242
IR,RED,23925,21244
IR,RED,23922,21247
IR,RED,23935,21251
IR,RED,23936,21250
IR,RED,23946,21250
IR,RED,23932,21264
IR,RED,23941,21264
IR,RED,23934,21266
IR,RED,23938,21260
IR,RED,23935,21264
IR,RED,23941,21261
IR,RED,23945,21260
IR,RED,23923,21258
IR,RED,23925,21244
IR,RED,23925,21240
IR,RED,23920,21251
IR,RED,23930,21251
IR,RED,23930,21245
IR,RED,23924,21258
IR,RED,23916,21252
IR,RED,23925,21248
IR,RED,23917,21249
IR,RED,23917,21257
IR,RED,23915,21248
IR,RED,23916,21256
IR,RED,23917,21256
IR,RED,23928,21248
IR,RED,23937,21260
IR,RED,23927,21258
IR,RED,23936,21271
IR,RED,23948,21273
IR,RED,23947,21271
IR,RED,23952,21261
IR,RED,23940,21268
IR,RED,23942,21265
IR,RED,23947,21266
IR,RED,23935,21259
IR,RED,23936,21262
IR,RED,23940,21266
IR,RED,23939,21254
IR,RED,23932,21253
IR,RED,23934,21250
IR,RED,23926,21242
IR,RED,23928,21246
IR,RED,23920,21241
IR,RED,23930,21243
IR,RED,23921,21252
IR,RED,23904,21237
IR,RED,23922,21239
IR,RED,23918,21245
IR,RED,23910,21244
IR,RED,23914,21239
IR,RED,23910,21234
IR,RED,23915,21238
IR,RED,23920,21242
IR,RED,23907,21240
IR,RED,23921,21239
IR,RED,23915,21251
IR,RED,23907,21238
IR,RED,23914,21236
IR,RED,23914,21238
IR,RED,23913,21225
IR,RED,23910,21241
IR,RED,23909,21236
IR,RED,23902,21234
IR,RED,23903,21227
IR,RED,23915,21231
IR,RED,23908,21241
IR,RED,23919,21238
IR,RED,23927,21240
IR,RED,23912,21243
IR,RED,23914,21248
IR,RED,23917,21249
IR,RED,23921,21251
IR,RED,23919,21255
IR,RED,23921,21259
IR,RED,23931,21264
IR,RED,23945,21270
IR,RED,23937,21284
IR,RED,23949,21282
IR,RED,23950,21287
IR,RED,23943,21276
IR,RED,23946,21285
IR,RED,23940,21277
IR,RED,23955,21283
IR,RED,23959,21289
IR,RED,23970,21298
IR,RED,23973,21295
IR,RED,23973,21313
IR,RED,23988,21310
IR,RED,23983,21307
IR,RED,23988,21307
IR,RED,23995,21301
IR,RED,24001,21302
IR,RED,23992,21307
IR,RED,23996,21303
IR,RED,23986,21306
IR,RED,23973,21293
IR,RED,23975,21283
IR,RED,23975,21282
IR,RED,23972,21268
IR,RED,23968,21282
IR,RED,23975,21273
IR,RED,23978,21283
IR,RED,23981,21282
IR,RED,23984,21282
IR,RED,23998,21296
IR,RED,24002,21296
IR,RED,23997,21304
IR,RED,23993,21288
IR,RED,23987,21287
IR,RED,23989,21293
IR,RED,23993,21301
IR,RED,23987,21298
IR,RED,23988,21295
IR,RED,23993,21295
IR,RED,23992,21304
IR,RED,24003,21295
IR,RED,24007,21301
IR,RED,23993,21291
IR,RED,23997,21299
IR,RED,23995,21299
IR,RED,24004,21306
IR,RED,23998,21311
IR,RED,24005,21312
IR,RED,23996,21307
IR,RED,24014,21311
IR,RED,24003,21314
IR,RED,24001,21314
IR,RED,24001,21319
IR,RED,24006,21310
IR,RED,23997,21316
IR,RED,24010,21311
IR,RED,24011,21317
IR,RED,24002,21315
IR,RED,23996,21315
IR,RED,24008,21333
IR,RED,24000,21337
IR,RED,24020,21326
IR,RED,24024,21325
IR,RED,24024,21318
IR,RED,24010,21333
IR,RED,24015,21336
IR,RED,24017,21331
IR,RED,24024,21336
IR,RED,24019,21328
IR,RED,24031,21339
IR,RED,24039,21343
IR,RED,24053,21354
IR,RED,24053,21363
IR,RED,24044,21366
IR,RED,24047,21366
IR,RED,24054,21358
IR,RED,24050,21363
IR,RED,24053,21356
IR,RED,24052,21369
IR,RED,24057,21365
IR,RED,24048,21346
IR,RED,24046,21351
IR,RED,24047,21344
IR,RED,24041,21343
IR,RED,24032,21338
IR,RED,24038,21331
IR,RED,24029,21339
IR,RED,24031,21345
IR,RED,24024,21335
IR,RED,24027,21332
IR,RED,24040,21345
IR,RED,24035,21335
IR,RED,24044,21345
IR,RED,24037,21341
IR,RED,24037,21327
IR,RED,24037,21326
IR,RED,24034,21323
IR,RED,24025,21314
IR,RED,24011,21317
IR,RED,24011,21305
IR,RED,24013,21317
IR,RED,24010,21312
IR,RED,23999,21320
IR,RED,24002,21312
IR,RED,24005,21314
IR,RED,24005,21311
IR,RED,24010,21318
IR,RED,24016,21316
IR,RED,24013,21302
IR,RED,24015,21317
IR,RED,24011,21314
IR,RED,24013,21326
IR,RED,24014,21315
IR,RED,24020,21326
IR,RED,24022,21316
IR,RED,24025,21320
IR,RED,24023,21327
IR,RED,24013,21327
IR,RED,24025,21324
IR,RED,24024,21330
IR,RED,24022,21330
IR,RED,24012,21322
IR,RED,24014,21325
IR,RED,24014,21325
IR,RED,24016,21323
IR,RED,24018,21340
IR,RED,24013,21339
IR,RED,24020,21337
IR,RED,24024,21334
IR,RED,24023,21330
IR,RED,24021,21319
IR,RED,24020,21326
IR,RED,24018,21329
IR,RED,24019,21329
IR,RED,24028,21343
IR,RED,24028,21342
IR,RED,24040,21357
IR,RED,24031,21354
IR,RED,24037,21350
IR,RED,24033,21358
IR,RED,24032,21342
IR,RED,24029,21338
IR,RED,24035,21332
IR,RED,24035,21330
IR,RED,24028,21334
IR,RED,24031,21327
IR,RED,24029,21322
IR,RED,24012,21317
IR,RED,24015,21306
IR,RED,24016,21313
IR,RED,24005,21311
IR,RED,24002,21305
IR,RED,24007,21323
IR,RED,24003,21311
IR,RED,23994,21317
IR,RED,23987,21304
IR,RED,23986,21304
IR,RED,23981,21300
IR,RED,23979,21297
IR,RED,23982,21296
IR,RED,23987,21302
IR,RED,23986,21314
IR,RED,23988,21311
IR,RED,23988,21306
IR,RED,24000,21308
IR,RED,23987,21305
IR,RED,23982,21312
IR,RED,23983,21304
IR,RED,23995,21299
IR,RED,23975,21307
IR,RED,23989,21311
IR,RED,23978,21315
IR,RED,23995,21316
IR,RED,23988,21318
IR,RED,23998,21310
IR,RED,23987,21318
IR,RED,23988,21325
IR,RED,23994,21316
IR,RED,23990,21322
IR,RED,23995,21322
IR,RED,23988,21326
IR,RED,23990,21325
IR,RED,23996,21314
IR,RED,23990,21328
IR,RED,23990,21322
IR,RED,23988,21326
IR,RED,23994,21325
IR,RED,23992,21332
IR,RED,23994,21334
IR,RED,23998,21328
IR,RED,24017,21340
IR,RED,24008,21345
IR,RED,24009,21345
IR,RED,23994,21343
IR,RED,24000,21337
IR,RED,23994,21334
IR,RED,24006,21339
IR,RED,24001,21338
IR,RED,23992,21341
IR,RED,23996,21342
IR,RED,23995,21346
IR,RED,24014,21343
IR,RED,24005,21351
IR,RED,24018,21357
IR,RED,24025,21370
IR,RED,24014,21359
IR,RED,24014,21371
IR,RED,24023,21361
IR,RED,24019,21370
IR,RED,24021,21359
IR,RED,24016,21354
IR,RED,24027,21353
IR,RED,24016,21351
IR,RED,24014,21336
IR,RED,24004,21333
IR,RED,24004,21340
IR,RED,23998,21335
IR,RED,24000,21333
IR,RED,23997,21329
IR,RED,24000,21346
IR,RED,24005,21347
IR,RED,24002,21347
IR,RED,24012,21360
IR,RED,24010,21361
IR,RED,23993,21344
IR,RED,23997,21327
IR,RED,24002,21331
IR,RED,23998,21324
IR,RED,23995,21323
IR,RED,23985,21325
IR,RED,23993,21326
IR,RED,23990,21311
IR,RED,23994,21320
IR,RED,23991,21318
IR,RED,23991,21321
IR,RED,23988,21322
IR,RED,23988,21320
IR,RED,23989,21323
IR,RED,24000,21321
IR,RED,23987,21321
IR,RED,23999,21315
IR,RED,23988,21312
IR,RED,23995,21315
IR,RED,23987,21306
IR,RED,24005,21315
IR,RED,23999,21313
IR,RED,23994,21305
IR,RED,23994,21309
IR,RED,23994,21296
IR,RED,23989,21301
IR,RED,23990,21302
IR,RED,23990,21290
IR,RED,23985,21299
IR,RED,23985,21307
IR,RED,23989,21303
IR,RED,24002,21313
IR,RED,24005,21310
IR,RED,24014,21310
IR,RED,24005,21302
IR,RED,24015,21317
IR,RED,24013,21318
IR,RED,24014,21316
IR,RED,24006,21331
IR,RED,24022,21332
IR,RED,24011,21329
IR,RED,24026,21340
IR,RED,24034,21339
IR,RED,24026,21336
IR,RED,24034,21332
IR,RED,24033,21345
IR,RED,24040,21342
IR,RED,24052,21352
IR,RED,24066,21353
IR,RED,24063,21352
IR,RED,24063,21353
IR,RED,24066,21344
IR,RED,24053,21331
IR,RED,24045,21330
IR,RED,24042,21324
IR,RED,24038,21323
IR,RED,24043,21312
IR,RED,24041,21322
IR,RED,24035,21318
IR,RED,24045,21310
IR,RED,24046,21315
IR,RED,24057,21323
IR,RED,24039,21320
IR,RED,24046,21324
IR,RED,24043,21320
IR,RED,24031,21314
IR,RED,24030,21313
IR,RED,24023,21298
IR,RED,24024,21297
IR,RED,24022,21290
IR,RED,24022,21297
IR,RED,24022,21297
IR,RED,24017,21297
IR,RED,24009,21310
IR,RED,24026,21304
IR,RED,24021,21310
IR,RED,24033,21312
IR,RED,24029,21307
IR,RED,24024,21299
IR,RED,24008,21300
IR,RED,24024,21297
IR,RED,24021,21302
IR,RED,24024,21300
IR,RED,24025,21303
IR,RED,24010,21306
IR,RED,24023,21313
IR,RED,24024,21311
IR,RED,24020,21310
IR,RED,24025,21309
IR,RED,24031,21317
IR,RED,24034,21325
IR,RED,24038,21327
IR,RED,24039,21320
IR,RED,24034,21327
IR,RED,24039,21329
IR,RED,24040,21323
IR,RED,24031,21329
IR,RED,24024,21329
IR,RED,24029,21333
IR,RED,24034,21329
IR,RED,24032,21335
IR,RED,24045,21332
IR,RED,24044,21327
IR,RED,24041,21334
IR,RED,24039,21333
IR,RED,24038,21329
IR,RED,24037,21335
IR,RED,24035,21335
IR,RED,24039,21340
IR,RED,24043,21342
IR,RED,24038,21335
IR,RED,24048,21345
IR,RED,24050,21337
IR,RED,24046,21333
IR,RED,24052,21337
IR,RED,24035,21328
IR,RED,24034,21333
IR,RED,24029,21336
IR,RED,24024,21325
IR,RED,24027,21318
IR,RED,24008,21318
IR,RED,24019,21319
IR,RED,24007,21307
IR,RED,24001,21314
IR,RED,24013,21310
IR,RED,23997,21316
IR,RED,23998,21313
IR,RED,23995,21317
IR,RED,24000,21313
IR,RED,24002,21316
IR,RED,23994,21306
IR,RED,24000,21312
IR,RED,23992,21310
IR,RED,23984,21303
IR,RED,23980,21305
IR,RED,23975,21302
IR,RED,23970,21302
IR,RED,23982,21297
IR,RED,23963,21288
IR,RED,23973,21294
IR,RED,23978,21299
IR,RED,23973,21297
IR,RED,23977,21297
IR,RED,23965,21293
IR,RED,23986,21302
IR,RED,23976,21303
IR,RED,23974,21303
IR,RED,23968,21301
IR,RED,23967,21300
IR,RED,23966,21308
IR,RED,23976,21303
IR,RED,23980,21314
IR,RED,23983,21308
IR,RED,23981,21315
IR,RED,23970,21320
IR,RED,23972,21316
IR,RED,23966,21309
IR,RED,23974,21308
IR,RED,23969,21304
IR,RED,23962,21303
IR,RED,23972,21313
IR,RED,23973,21311
IR,RED,23978,21319
IR,RED,23977,21310
IR,RED,23968,21313
IR,RED,23977,21331
IR,RED,23970,21325
IR,RED,23978,21306
IR,RED,23968,21310
IR,RED,23966,21313
IR,RED,23969,21308
IR,RED,23954,21309
IR,RED,23969,21323
IR,RED,23973,21316
IR,RED,23979,21315
IR,RED,23968,21319
IR,RED,23962,21308
IR,RED,23968,21303
IR,RED,23954,21299
IR,RED,23954,21289
IR,RED,23948,21289
IR,RED,23947,21281
IR,RED,23942,21275
IR,RED,23949,21271
IR,RED,23949,21264
IR,RED,23938,21267
IR,RED,23932,21257
IR,RED,23926,21247
IR,RED,23926,21258
IR,RED,23927,21257
IR,RED,23940,21260
IR,RED,23927,21263
IR,RED,23943,21259
IR,RED,23939,21277
IR,RED,23935,21264
IR,RED,23944,21263
IR,RED,23933,21268
IR,RED,23932,21250
IR,RED,23941,21261
IR,RED,23945,21265
IR,RED,23937,21261
IR,RED,23929,21261
IR,RED,23936,21256
IR,RED,23937,21266
IR,RED,23926,21252
IR,RED,23928,21254
IR,RED,23928,21257
IR,RED,23944,21260
IR,RED,23935,21252
IR,RED,23926,21258
IR,RED,23945,21257
IR,RED,23929,21265
IR,RED,23943,21269
IR,RED,23942,21266
IR,RED,23950,21260
IR,RED,23947,21259
IR,RED,23948,21270
IR,RED,23953,21262
IR,RED,23941,21266
IR,RED,23966,21263
IR,RED,23952,21277
IR,RED,23961,21273
IR,RED,23953,21274
IR,RED,23964,21282
IR,RED,23968,21278
IR,RED,23967,21284
IR,RED,23963,21279
IR,RED,23967,21286
IR,RED,23963,21276
IR,RED,23965,21283
IR,RED,23969,21280
IR,RED,23964,21281
IR,RED,23976,21279
IR,RED,23968,21276
IR,RED,23976,21280
IR,RED,23974,21287
IR,RED,23989,21302
IR,RED,24009,21306
IR,RED,24012,21308
IR,RED,24022,21313
IR,RED,24025,21323
IR,RED,24022,21326
IR,RED,24033,21325
IR,RED,24027,21325
IR,RED,24023,21324
IR,RED,24022,21311
IR,RED,24032,21317
IR,RED,24019,21308
IR,RED,24016,21301
IR,RED,24033,21312
IR,RED,24021,21306
IR,RED,24030,21306
IR,RED,24034,21307
IR,RED,24033,21300
IR,RED,24029,21296
IR,RED,24030,21306
IR,RED,24023,21290
IR,RED,24035,21298
IR,RED,24027,21293
IR,RED,24033,21290
IR,RED,24030,21295
IR,RED,24036,21286
IR,RED,24030,21290
IR,RED,24035,21289
IR,RED,24043,21303
IR,RED,24055,21287
IR,RED,24055,21290
IR,RED,24051,21290
IR,RED,24053,21286
IR,RED,24058,21285
IR,RED,24045,21273
IR,RED,24047,21271
IR,RED,24056,21278
IR,RED,24059,21274
IR,RED,24055,21269
IR,RED,24064,21284
IR,RED,24067,21293
IR,RED,24085,21293
IR,RED,24080,21298
IR,RED,24083,21300
IR,RED,24082,21293
IR,RED,24081,21302
IR,RED,24081,21292
IR,RED,24095,21299
IR,RED,24100,21295
IR,RED,24099,21295
IR,RED,24105,21297
IR,RED,24102,21293
IR,RED,24103,21303
IR,RED,24113,21313
IR,RED,24126,21324
IR,RED,24128,21329
IR,RED,24133,21322
IR,RED,24146,21323
IR,RED,24128,21317
IR,RED,24139,21328
IR,RED,24135,21326
IR,RED,24128,21321
IR,RED,24144,21322
IR,RED,24145,21318
IR,RED,24145,21324
IR,RED,24159,21328
IR,RED,24157,21337
IR,RED,24165,21343
IR,RED,24167,21343
IR,RED,24171,21348
IR,RED,24164,21340
IR,RED,24170,21325
IR,RED,24168,21334
IR,RED,24180,21318
IR,RED,24175,21321
IR,RED,24173,21321
IR,RED,24183,21316
IR,RED,24165,21311
IR,RED,24172,21304
IR,RED,24174,21290
IR,RED,24174,21298
IR,RED,24163,21296
IR,RED,24178,21296
IR,RED,24165,21304
IR,RED,24181,21287
IR,RED,24185,21302
IR,RED,24175,21306
IR,RED,24182,21298
IR,RED,24196,21289
IR,RED,24184,21301
IR,RED,24184,21293
IR,RED,24185,21296
IR,RED,24181,21292
IR,RED,24188,21297
IR,RED,24189,21296
IR,RED,24189,21289
IR,RED,24203,21284
IR,RED,24198,21293
IR,RED,24196,21296
IR,RED,24194,21303
IR,RED,24201,21301
IR,RED,24195,21287
IR,RED,24196,21293
IR,RED,24201,21289
IR,RED,24199,21297
IR,RED,24213,21303
IR,RED,24205,21302
IR,RED,24221,21317
IR,RED,24233,21305
IR,RED,24221,21317
IR,RED,24221,21311
IR,RED,24222,21312
IR,RED,24242,21312
IR,RED,24227,21314
IR,RED,24240,21326
IR,RED,24245,21332
IR,RED,24253,21330
IR,RED,24246,21332
IR,RED,24256,21336
IR,RED,24253,21340
IR,RED,24260,21341
IR,RED,24259,21335
IR,RED,24253,21326
IR,RED,24263,21332
IR,RED,24274,21339
IR,RED,24270,21324
IR,RED,24281,21343
IR,RED,24269,21350
IR,RED,24272,21348
IR,RED,24274,21336
IR,RED,24282,21335
IR,RED,24273,21330
IR,RED,24269,21335
IR,RED,24274,21339
IR,RED,24274,21333
IR,RED,24270,21341
IR,RED,24275,21341
IR,RED,24282,21339
IR,RED,24295,21336
IR,RED,24284,21327
IR,RED,24288,21339
IR,RED,24290,21334
IR,RED,24283,21332
IR,RED,24294,21322
IR,RED,24287,21321
IR,RED,24279,21320
IR,RED,24275,21313
IR,RED,24276,21313
IR,RED,24270,21296
IR,RED,24294,21302
IR,RED,24280,21300
IR,RED,24269,21291
IR,RED,24270,21298
IR,RED,24279,21284
IR,RED,24261,21285
IR,RED,24267,21289
IR,RED,24276,21281
IR,RED,24277,21278
IR,RED,24268,21286
IR,RED,24266,21285
IR,RED,24263,21281
IR,RED,24273,21273
IR,RED,24265,21284
IR,RED,24261,21270
IR,RED,24265,21260
IR,RED,24269,21270
IR,RED,24267,21269
IR,RED,24272,21256
IR,RED,24280,21272
IR,RED,24290,21275
IR,RED,24288,21265
IR,RED,24286,21273
IR,RED,24291,21257
IR,RED,24296,21256
IR,RED,24294,21271
IR,RED,24302,21251
IR,RED,24300,21256
IR,RED,24300,21257
IR,RED,24298,21260
IR,RED,24310,21266
IR,RED,24304,21265
IR,RED,24319,21270
IR,RED,24312,21271
IR,RED,24325,21268
IR,RED,24319,21268
IR,RED,24312,21267
IR,RED,24318,21262
IR,RED,24307,21256
IR,RED,24320,21251
IR,RED,24303,21249
IR,RED,24311,21260
IR,RED,24323,21253
IR,RED,24329,21263
IR,RED,24324,21266
IR,RED,24326,21249
IR,RED,24317,21250
IR,RED,24320,21248
IR,RED,24309,21242
IR,RED,24306,21240
IR,RED,24313,21238
IR,RED,24302,21238
IR,RED,24298,21231
IR,RED,24302,21233
IR,RED,24307,21234
IR,RED,24304,21230
IR,RED,24292,21229
IR,RED,24301,21232
IR,RED,24305,21221
IR,RED,24304,21225
IR,RED,24302,21227
IR,RED,24317,21231
IR,RED,24323,21229
IR,RED,24324,21225
IR,RED,24314,21234
IR,RED,24315,21227
IR,RED,24306,21213
IR,RED,24319,21215
IR,RED,24312,21198
IR,RED,24309,21207
IR,RED,24307,21210
IR,RED,24328,21221
IR,RED,24322,21220
IR,RED,24329,21217
IR,RED,24334,21218
IR,RED,24344,21229
IR,RED,24360,21227
IR,RED,24337,21234
IR,RED,24349,21230
IR,RED,24345,21228
IR,RED,24331,21224
IR,RED,24329,21225
IR,RED,24315,21210
IR,RED,24318,21210
IR,RED,24314,21205
IR,RED,24316,21200
IR,RED,24321,21195
IR,RED,24321,21198
IR,RED,24320,21197
IR,RED,24321,21203
IR,RED,24332,21195
IR,RED,24329,21201
IR,RED,24331,21206
IR,RED,24342,21206
IR,RED,24332,21199
IR,RED,24340,21193
IR,RED,24328,21191
IR,RED,24309,21193
IR,RED,24333,21181
IR,RED,24318,21192
IR,RED,24325,21192
IR,RED,24322,21189
IR,RED,24333,21191
IR,RED,24331,21185
IR,RED,24321,21183
IR,RED,24333,21185
IR,RED,24325,21180
IR,RED,24330,21185
IR,RED,24332,21180
IR,RED,24315,21181
IR,RED,24329,21176
IR,RED,24323,21181
IR,RED,24327,21189
IR,RED,24345,21177
IR,RED,24340,21189
IR,RED,24339,21194
IR,RED,24339,21201
IR,RED,24348,21188
IR,RED,24338,21190
IR,RED,24344,21196
IR,RED,24351,21189
IR,RED,24345,21189
IR,RED,24345,21196
IR,RED,24353,21195
IR,RED,24352,21188
IR,RED,24350,21183
IR,RED,24344,21188
IR,RED,24352,21188
IR,RED,24353,21191
IR,RED,24344,21192
IR,RED,24343,21178
IR,RED,24359,21187
IR,RED,24353,21191
IR,RED,24353,21192
IR,RED,24343,21179
IR,RED,24350,21173
IR,RED,24344,21170
IR,RED,24343,21156
IR,RED,24332,21153
IR,RED,24330,21142
IR,RED,24339,21144
IR,RED,24333,21133
IR,RED,24323,21139
IR,RED,24320,21132
IR,RED,24312,21120
IR,RED,24329,21124
IR,RED,24328,21116
IR,RED,24321,21127
IR,RED,24323,21115
IR,RED,24315,21101
IR,RED,24293,21106
IR,RED,24309,21098
IR,RED,24308,21099
IR,RED,24305,21104
IR,RED,24302,21093
IR,RED,24305,21108
IR,RED,24300,21093
IR,RED,24308,21081
IR,RED,24300,21093
IR,RED,24301,21090
IR,RED,24291,21078
IR,RED,24306,21078
IR,RED,24308,21075
IR,RED,24309,21090
IR,RED,24308,21079
IR,RED,24329,21091
IR,RED,24318,21089
IR,RED,24320,21098
IR,RED,24322,21090
IR,RED,24315,21078
IR,RED,24334,21097
IR,RED,24329,21091
IR,RED,24334,21095
IR,RED,24331,21095
IR,RED,24337,21099
IR,RED,24343,21091
IR,RED,24344,21087
IR,RED,24345,21094
IR,RED,24352,21093
IR,RED,24346,21096
IR,RED,24356,21092
IR,RED,24352,21094
IR,RED,24349,21087
IR,RED,24361,21099
IR,RED,24361,21085
IR,RED,24359,21096
IR,RED,24359,21085
IR,RED,24363,21090
IR,RED,24366,21081
IR,RED,24370,21088
IR,RED,24388,21096
IR,RED,24386,21092
IR,RED,24382,21096
IR,RED,24406,21101
IR,RED,24404,21102
IR,RED,24412,21101
IR,RED,24411,21109
IR,RED,24408,21103
IR,RED,24399,21098
IR,RED,24404,21089
IR,RED,24394,21077
IR,RED,24385,21063
IR,RED,24395,21061
IR,RED,24387,21054
IR,RED,24382,21058
IR,RED,24400,21045
IR,RED,24384,21052
IR,RED,24394,21061
IR,RED,24389,21049
IR,RED,24396,21049
IR,RED,24399,21048
IR,RED,24410,21041
IR,RED,24408,21038
IR,RED,24403,21040
IR,RED,24413,21040
IR,RED,24415,21043
IR,RED,24401,21026
IR,RED,24412,21032
IR,RED,24408,21027
IR,RED,24401,21021
IR,RED,24406,21016
IR,RED,24402,21015
IR,RED,24396,21007
IR,RED,24395,21019
IR,RED,24410,21004
IR,RED,24406,21013
IR,RED,24400,21009
IR,RED,24397,21013
IR,RED,24418,21018
IR,RED,24413,21031
IR,RED,24412,21010
IR,RED,24418,21016
IR,RED,24414,21025
IR,RED,24406,21020
IR,RED,24408,21025
IR,RED,24416,21024
IR,RED,24437,21040
IR,RED,24440,21041
IR,RED,24449,21042
IR,RED,24456,21036
IR,RED,24463,21042
IR,RED,24456,21055
IR,RED,24460,21055
IR,RED,24463,21044
IR,RED,24455,21052
IR,RED,24463,21056
IR,RED,24475,21064
IR,RED,24467,21065
IR,RED,24473,21058
IR,RED,24477,21069
IR,RED,24484,21067
IR,RED,24478,21070
IR,RED,24489,21079
IR,RED,24495,21074
IR,RED,24495,21084
IR,RED,24504,21087
IR,RED,24505,21091
IR,RED,24522,21095
IR,RED,24512,21095
IR,RED,24505,21094
IR,RED,24515,21098
IR,RED,24507,21084
IR,RED,24509,21083
IR,RED,24504,21076
IR,RED,24502,21076
IR,RED,24493,21066
IR,RED,24496,21061
IR,RED,24505,21069
IR,RED,24497,21071
IR,RED,24501,21073
IR,RED,24507,21072
IR,RED,24514,21077
IR,RED,24514,21090
IR,RED,24511,21093
IR,RED,24510,21088
IR,RED,24510,21086
IR,RED,24514,21083
IR,RED,24513,21084
IR,RED,24523,21086
IR,RED,24510,21081
IR,RED,24519,21085
IR,RED,24511,21099
IR,RED,24516,21091
IR,RED,24503,21087
IR,RED,24513,21091
IR,RED,24507,21082
IR,RED,24513,21090
IR,RED,24515,21084
IR,RED,24507,21084
IR,RED,24492,21073
IR,RED,24510,21071
IR,RED,24508,21085
IR,RED,24511,21080
IR,RED,24512,21078
IR,RED,24508,21087
IR,RED,24494,21073
IR,RED,24509,21059
IR,RED,24512,21067
IR,RED,24516,21061
IR,RED,24503,21067
IR,RED,24508,21077
IR,RED,24524,21062
IR,RED,24513,21071
IR,RED,24515,21065
IR,RED,24517,21068
IR,RED,24524,21076
IR,RED,24524,21063
IR,RED,24534,21062
IR,RED,24534,21078
IR,RED,24534,21076
IR,RED,24538,21079
IR,RED,24540,21086
IR,RED,24551,21076
IR,RED,24557,21083
IR,RED,24560,21079
IR,RED,24554,21077
IR,RED,24553,21079
IR,RED,24559,21083
IR,RED,24568,21095
IR,RED,24566,21088
IR,RED,24581,21095
IR,RED,24580,21093
IR,RED,24580,21091
IR,RED,24594,21088
IR,RED,24590,21088
IR,RED,24600,21081
IR,RED,24586,21085
IR,RED,24597,21078
IR,RED,24592,21069
IR,RED,24598,21078
IR,RED,24601,21072
IR,RED,24605,21078
IR,RED,24608,21080
IR,RED,24627,21076
IR,RED,24618,21078
IR,RED,24620,21078
IR,RED,24621,21077
IR,RED,24614,21075
IR,RED,24623,21067
IR,RED,24617,21061
IR,RED,24612,21065
IR,RED,24611,21069
IR,RED,24618,21057
IR,RED,24622,21074
IR,RED,24624,21064
IR,RED,24629,21075
IR,RED,24617,21069
IR,RED,24616,21066
IR,RED,24635,21065
IR,RED,24626,21073
IR,RED,24630,21077
IR,RED,24633,21088
IR,RED,24634,21080
IR,RED,24641,21073
IR,RED,24624,21073
IR,RED,24631,21074
IR,RED,24633,21069
IR,RED,24636,21073
IR,RED,24648,21083
IR,RED,24651,21090
IR,RED,24657,21106
IR,RED,24665,21110
IR,RED,24678,21129
IR,RED,24681,21119
IR,RED,24676,21124
IR,RED,24687,21120
IR,RED,24689,21131
IR,RED,24706,21136
IR,RED,24696,21151
IR,RED,24693,21136
IR,RED,24696,21135
IR,RED,24697,21127
IR,RED,24682,21123
IR,RED,24681,21135
IR,RED,24668,21118
IR,RED,24671,21115
IR,RED,24661,21106
IR,RED,24658,21102
IR,RED,24650,21099
IR,RED,24642,21076
IR,RED,24641,21069
IR,RED,24639,21059
IR,RED,24632,21064
IR,RED,24643,21065
IR,RED,24634,21065
IR,RED,24652,21077
IR,RED,24661,21086
IR,RED,24677,21091
IR,RED,24662,21094
IR,RED,24670,21093
IR,RED,24688,21090
IR,RED,24688,21086
IR,RED,24679,21090
IR,RED,24691,21092
IR,RED,24705,21101
IR,RED,24705,21099
IR,RED,24710,21105
IR,RED,24709,21104
IR,RED,24713,21100
IR,RED,24712,21097
IR,RED,24706,21090
IR,RED,24700,21084
IR,RED,24710,21073
IR,RED,24702,21077
IR,RED,24707,21078
IR,RED,24712,21078
IR,RED,24708,21082
IR,RED,24705,21081
IR,RED,24709,21075
IR,RED,24692,21079
IR,RED,24677,21067
IR,RED,24678,21049
IR,RED,24669,21049
IR,RED,24661,21047
IR,RED,24661,21041
IR,RED,24660,21047
IR,RED,24665,21050
IR,RED,24667,21057
IR,RED,24663,21055
IR,RED,24660,21047
IR,RED,24661,21048
IR,RED,24645,21048
IR,RED,24664,21047
IR,RED,24668,21057
IR,RED,24673,21060
IR,RED,24687,21070
IR,RED,24703,21091
IR,RED,24725,21110
IR,RED,24709,21106
IR,RED,24733,21126
IR,RED,24729,21123
IR,RED,24727,21122
IR,RED,24735,21130
IR,RED,24733,21129
IR,RED,24732,21118
IR,RED,24732,21125
IR,RED,24739,21130
IR,RED,24739,21133
IR,RED,24753,21134
IR,RED,24752,21142
IR,RED,24736,21148
IR,RED,24741,21154
IR,RED,24745,21151
IR,RED,24741,21146
IR,RED,24740,21144
IR,RED,24725,21138
IR,RED,24738,21132
IR,RED,24738,21131
IR,RED,24737,21135
IR,RED,24717,21140
IR,RED,24734,21136
IR,RED,24728,21132
IR,RED,24731,21124
IR,RED,24725,21130
IR,RED,24725,21132
IR,RED,24724,21130
IR,RED,24719,21115
IR,RED,24712,21119
IR,RED,24713,21112
IR,RED,24712,21103
IR,RED,24699,21098
IR,RED,24697,21093
IR,RED,24691,21081
IR,RED,24683,21067
IR,RED,24682,21070
IR,RED,24682,21072
IR,RED,24666,21072
IR,RED,24684,21075
IR,RED,24686,21065
IR,RED,24690,21069
IR,RED,24683,21066
IR,RED,24696,21064
IR,RED,24683,21076
IR,RED,24686,21059
IR,RED,24682,21062
IR,RED,24672,21050
IR,RED,24672,21047
IR,RED,24678,21044
IR,RED,24678,21045
IR,RED,24665,21038
IR,RED,24673,21035
IR,RED,24672,21034
IR,RED,24678,21042
IR,RED,24671,21038
IR,RED,24668,21030
IR,RED,24670,21028
IR,RED,24675,21034
IR,RED,24665,21035
IR,RED,24661,21035
IR,RED,24670,21031
IR,RED,24670,21020
IR,RED,24667,21029
IR,RED,24681,21033
IR,RED,24678,21026
IR,RED,24675,21031
IR,RED,24678,21031
IR,RED,24682,21040
IR,RED,24683,21042
IR,RED,24687,21046
IR,RED,24688,21048
IR,RED,24687,21050
IR,RED,24685,21037
IR,RED,24695,21053
IR,RED,24688,21065
IR,RED,24715,21065
IR,RED,24709,21075
IR,RED,24718,21077
IR,RED,24721,21071
IR,RED,24718,21086
IR,RED,24727,21083
IR,RED,24732,21095
IR,RED,24731,21096
IR,RED,24739,21095
IR,RED,24733,21094
IR,RED,24724,21088
IR,RED,24722,21093
IR,RED,24714,21083
IR,RED,24721,21085
IR,RED,24718,21086
IR,RED,24717,21080
IR,RED,24722,21080
IR,RED,24729,21086
IR,RED,24720,21089
IR,RED,24746,21097
IR,RED,24739,21096
IR,RED,24737,21096
IR,RED,24733,21086
IR,RED,24732,21102
IR,RED,24729,21091
IR,RED,24736,21099
IR,RED,24736,21089
IR,RED,24746,21083
IR,RED,24738,21090
IR,RED,24734,21083
IR,RED,24752,21086
IR,RED,24753,21084
IR,RED,24738,21104
IR,RED,24753,21095
IR,RED,24756,21103
IR,RED,24765,21103
IR,RED,24774,21113
IR,RED,24771,21103
IR,RED,24770,21099
IR,RED,24769,21099
IR,RED,24770,21098
IR,RED,24766,21083
IR,RED,24759,21083
IR,RED,24753,21088
IR,RED,24750,21083
IR,RED,24749,21086
IR,RED,24759,21078
IR,RED,24753,21078
IR,RED,24759,21085
IR,RED,24770,21079
IR,RED,24769,21089
IR,RED,24766,21074
IR,RED,24762,21077
IR,RED,24755,21072
IR,RED,24766,21065
IR,RED,24759,21058
IR,RED,24759,21062
IR,RED,24761,21062
IR,RED,24745,21056
IR,RED,24748,21053
IR,RED,24756,21061
IR,RED,24769,21062
IR,RED,24763,21071
IR,RED,24767,21068
IR,RED,24765,21069
IR,RED,24771,21058
IR,RED,24780,21073
IR,RED,24771,21070
IR,RED,24766,21065
IR,RED,24772,21064
IR,RED,24774,21066
IR,RED,24771,21067
IR,RED,24767,21073
IR,RED,24776,21062
IR,RED,24758,21059
IR,RED,24773,21069
IR,RED,24774,21065
IR,RED,24781,21076
IR,RED,24784,21081
IR,RED,24795,21092
IR,RED,24795,21103
IR,RED,24787,21103
IR,RED,24795,21099
IR,RED,24798,21094
IR,RED,24798,21096
IR,RED,24797,21101
IR,RED,24792,21098
IR,RED,24789,21107
IR,RED,24794,21103
IR,RED,24804,21113
IR,RED,24798,21107
IR,RED,24802,21109
IR,RED,24803,21105
IR,RED,24799,21106
IR,RED,24793,21102
IR,RED,24796,21105
IR,RED,24775,21091
IR,RED,24784,21087
IR,RED,24794,21096
IR,RED,24793,21081
IR,RED,24779,21087
IR,RED,24791,21084
IR,RED,24783,21098
IR,RED,24791,21092
IR,RED,24785,21089
IR,RED,24784,21082
IR,RED,24778,21081
IR,RED,24785,21083
IR,RED,24783,21088
IR,RED,24782,21090
IR,RED,24768,21085
IR,RED,24768,21072
IR,RED,24772,21079
IR,RED,24761,21083
IR,RED,24764,21084
IR,RED,24757,21075
IR,RED,24766,21085
IR,RED,24757,21082
IR,RED,24756,21088
IR,RED,24761,21091
IR,RED,24759,21088
IR,RED,24761,21087
IR,RED,24763,21083
IR,RED,24766,21089
IR,RED,24762,21086
IR,RED,24768,21082
IR,RED,24757,21084
IR,RED,24766,21085
IR,RED,24755,21079
IR,RED,24762,21094
IR,RED,24752,21080
IR,RED,24745,21075
IR,RED,24752,21084
IR,RED,24766,21092
IR,RED,24755,21090
IR,RED,24762,21093
IR,RED,24767,21098
IR,RED,24764,21100
IR,RED,24761,21098
IR,RED,24765,21106
IR,RED,24773,21102
IR,RED,24767,21121
IR,RED,24785,21120
IR,RED,24763,21105
IR,RED,24778,21123
IR,RED,24774,21120
IR,RED,24777,21130
IR,RED,24772,21134
IR,RED,24770,21130
IR,RED,24772,21122
IR,RED,24773,21125
IR,RED,24775,21120
IR,RED,24774,21134
IR,RED,24786,21130
IR,RED,24792,21138
IR,RED,24801,21133
IR,RED,24792,21141
IR,RED,24800,21146
IR,RED,24800,21146
IR,RED,24810,21154
IR,RED,24802,21156
IR,RED,24815,21159
IR,RED,24806,21144
IR,RED,24818,21149
IR,RED,24822,21154
IR,RED,24814,21152
IR,RED,24826,21151
IR,RED,24817,21152
IR,RED,24820,21147
IR,RED,24821,21151
IR,RED,24807,21138
IR,RED,24812,21126
IR,RED,24809,21139
IR,RED,24807,21125
IR,RED,24796,21119
IR,RED,24810,21119
IR,RED,24800,21119
IR,RED,24796,21115
IR,RED,24801,21115
IR,RED,24801,21115
IR,RED,24794,21108
IR,RED,24791,21120
IR,RED,24791,21094
IR,RED,24783,21100
IR,RED,24775,21088
IR,RED,24772,21085
IR,RED,24783,21085
IR,RED,24782,21085
IR,RED,24785,21077
IR,RED,24776,21079
IR,RED,24772,21087
IR,RED,24772,21081
IR,RED,24778,21083
IR,RED,24772,21068
IR,RED,24770,21066
IR,RED,24765,21069
IR,RED,24758,21065
IR,RED,24763,21066
IR,RED,24769,21062
IR,RED,24767,21061
IR,RED,24776,21064
IR,RED,24769,21052
IR,RED,24751,21049
IR,RED,24741,21051
IR,RED,24745,21047
IR,RED,24741,21031
IR,RED,24735,21031
IR,RED,24726,21029
IR,RED,24725,21030
IR,RED,24717,21024
IR,RED,24711,21014
IR,RED,24715,21002
IR,RED,24695,20998
IR,RED,24690,20984
IR,RED,24678,20968
IR,RED,24673,20967
IR,RED,24662,20944
IR,RED,24657,20927
IR,RED,24635,20903
IR,RED,24625,20879
IR,RED,24588,20849
IR,RED,24567,20826
IR,RED,24536,20789
IR,RED,24516,20754
IR,RED,24487,20730
IR,RED,24481,20705
IR,RED,24450,20683
IR,RED,24429,20648
IR,RED,24439,20654
IR,RED,24449,20664
IR,RED,24438,20649
IR,RED,24428,20616
IR,RED,24403,20591
IR,RED,24394,20564
IR,RED,24360,20514
IR,RED,24340,20462
IR,RED,24300,20413
IR,RED,24266,20344
IR,RED,24241,20287
IR,RED,24206,20211
IR,RED,24175,20160
IR,RED,24176,20102
IR,RED,24162,20061
IR,RED,24171,20022
IR,RED,24197,19993
IR,RED,24240,19983
IR,RED,24298,19997
IR,RED,24342,20009
IR,RED,24402,20056
IR,RED,24446,20086
IR,RED,24489,20097
IR,RED,24524,20128
IR,RED,24556,20150
IR,RED,24601,20167
IR,RED,24633,20204
IR,RED,24677,20232
IR,RED,24722,20254
IR,RED,24769,20281
IR,RED,24809,20330
IR,RED,24878,20357
IR,RED,24931,20397
IR,RED,24993,20435
IR,RED,25054,20482
IR,RED,25138,20523
IR,RED,25259,20601
IR,RED,25273,20631
IR,RED,25229,20585
IR,RED,25252,20568
IR,RED,25307,20592
IR,RED,25313,20591
IR,RED,25325,20598
IR,RED,25321,20591
IR,RED,25307,20573
IR,RED,25330,20567
IR,RED,25358,20576
IR,RED,25360,20586
IR,RED,25362,20590
IR,RED,25381,20586
IR,RED,25382,20591
IR,RED,25403,20595
IR,RED,25409,20595
IR,RED,25409,20592
IR,RED,25409,20582
IR,RED,25411,20586
IR,RED,25416,20575
IR,RED,25427,20571
IR,RED,25421,20570
IR,RED,25442,20578
IR,RED,25454,20580
IR,RED,25462,20583
IR,RED,25460,20574
IR,RED,25466,20579
IR,RED,25495,20589
IR,RED,25495,20582
IR,RED,25492,20589
IR,RED,25490,20588
IR,RED,25500,20581
IR,RED,25505,20569
IR,RED,25493,20590
IR,RED,25494,20576
IR,RED,25502,20582
IR,RED,25483,20565
IR,RED,25492,20551
IR,RED,25497,20560
IR,RED,25491,20545
IR,RED,25487,20549
IR,RED,25480,20532
IR,RED,25486,20529
IR,RED,25487,20520
IR,RED,25494,20521
IR,RED,25491,20516
IR,RED,25517,20518
IR,RED,25523,20521
IR,RED,25543,20527
IR,RED,25557,20539
IR,RED,25579,20537
IR,RED,25582,20545
IR,RED,25594,20548
IR,RED,25595,20545
IR,RED,25599,20544
IR,RED,25607,20539
IR,RED,25589,20538
IR,RED,25590,20526
IR,RED,25596,20535
IR,RED,25602,20540
IR,RED,25616,20550
IR,RED,25620,20552
IR,RED,25631,20558
IR,RED,25646,20565
IR,RED,25650,20576
IR,RED,25661,20570
IR,RED,25660,20568
IR,RED,25681,20566
IR,RED,25684,20577
IR,RED,25693,20572
IR,RED,25684,20580
IR,RED,25702,20576
IR,RED,25699,20589
IR,RED,25707,20578
IR,RED,25712,20581
IR,RED,25711,20579
IR,RED,25702,20576
IR,RED,25702,20562
IR,RED,25699,20577
IR,RED,25698,20558
IR,RED,25696,20573
IR,RED,25698,20574
IR,RED,25708,20568
IR,RED,25711,20566
IR,RED,25720,20571
IR,RED,25713,20561
IR,RED,25719,20577
IR,RED,25714,20566
IR,RED,25713,20579
IR,RED,25710,20563
IR,RED,25707,20553
IR,RED,25712,20553
IR,RED,25713,20554
IR,RED,25708,20559
IR,RED,25706,20557
IR,RED,25706,20551
IR,RED,25707,20545
IR,RED,25711,20548
IR,RED,25713,20548
IR,RED,25702,20544
IR,RED,25709,20548
IR,RED,25711,20544
IR,RED,25718,20541
IR,RED,25723,20543
IR,RED,25713,20560
IR,RED,25707,20539
IR,RED,25705,20532
IR,RED,25697,20531
IR,RED,25704,20536
IR,RED,25699,20530
IR,RED,25688,20524
IR,RED,25678,20515
IR,RED,25686,20519
IR,RED,25679,20500
IR,RED,25675,20492
IR,RED,25669,20488
IR,RED,25663,20476
IR,RED,25673,20471
IR,RED,25669,20481
IR,RED,25679,20492
IR,RED,25693,20491
IR,RED,25708,20503
IR,RED,25706,20506
IR,RED,25726,20502
IR,RED,25728,20526
IR,RED,25721,20526
IR,RED,25724,20517
IR,RED,25720,20530
IR,RED,25724,20520
IR,RED,25718,20518
IR,RED,25717,20511
IR,RED,25714,20509
IR,RED,25708,20519
IR,RED,25721,20517
IR,RED,25709,20521
IR,RED,25712,20518
IR,RED,25709,20509
IR,RED,25719,20518
IR,RED,25703,20497
IR,RED,25700,20498
IR,RED,25716,20511
IR,RED,25717,20511
IR,RED,25706,20516
IR,RED,25727,20510
IR,RED,25725,20520
IR,RED,25721,20516
IR,RED,25713,20515
IR,RED,25713,20515
IR,RED,25718,20514
IR,RED,25721,20519
IR,RED,25713,20529
IR,RED,25717,20519
IR,RED,25721,20527
IR,RED,25710,20518
IR,RED,25710,20510
IR,RED,25706,20501
IR,RED,25699,20512
IR,RED,25694,20509
IR,RED,25698,20514
IR,RED,25696,20496
IR,RED,25691,20514
IR,RED,25681,20501
IR,RED,25703,20499
IR,RED,25686,20495
IR,RED,25674,20499
IR,RED,25679,20507
IR,RED,25679,20500
IR,RED,25672,20493
IR,RED,25668,20495
IR,RED,25682,20485
IR,RED,25675,20494
IR,RED,25670,20507
IR,RED,25678,20498
IR,RED,25664,20504
IR,RED,25664,20499
IR,RED,25661,20506
IR,RED,25658,20486
IR,RED,25653,20502
IR,RED,25653,20503
IR,RED,25663,20515
IR,RED,25668,20500
IR,RED,25660,20509
IR,RED,25649,20503
IR,RED,25648,20501
IR,RED,25650,20492
IR,RED,25635,20492
IR,RED,25649,20491
IR,RED,25652,20501
IR,RED,25657,20500
IR,RED,25655,20511
IR,RED,25675,20513
IR,RED,25679,20534
IR,RED,25687,20545
IR,RED,25696,20552
IR,RED,25686,20539
IR,RED,25686,20553
IR,RED,25685,20554
IR,RED,25696,20557
