IR,RED,24867,26994
IR,RED,24856,26995
IR,RED,24866,26985
IR,RED,24861,26989
IR,RED,24858,26987
IR,RED,24853,26975
IR,RED,24863,26968
IR,RED,24849,26971
IR,RED,24844,26975
IR,RED,24862,26980
IR,RED,24854,26978
IR,RED,24872,26974
IR,RED,24865,26981
IR,RED,24862,26982
IR,RED,24851,26979
IR,RED,24861,27007
IR,RED,24870,26999
IR,RED,24878,27002
IR,RED,24875,26989
IR,RED,24874,26994
IR,RED,24874,26992
IR,RED,24870,26996
IR,RED,24861,26990
IR,RED,24857,26987
IR,RED,24857,26993
IR,RED,24875,26992
IR,RED,24868,26986
IR,RED,24880,27008
IR,RED,24850,26977
IR,RED,24849,26978
IR,RED,24840,26973
IR,RED,24841,26978
IR,RED,24838,26978
IR,RED,24835,26981
IR,RED,24838,26989
IR,RED,24839,26977
IR,RED,24844,26976
IR,RED,24846,26981
IR,RED,24847,26975
IR,RED,24846,26980
IR,RED,24841,26976
IR,RED,24839,26972
IR,RED,24851,26981
IR,RED,24833,26986
IR,RED,24844,26974
IR,RED,24845,26978
IR,RED,24834,26972
IR,RED,24831,26976
IR,RED,24838,26974
IR,RED,24834,26978
IR,RED,24841,26981
IR,RED,24841,26979
IR,RED,24836,26980
IR,RED,24834,26987
IR,RED,24838,26979
IR,RED,24834,26984
IR,RED,24836,26968
IR,RED,24814,26974
IR,RED,24829,26972
IR,RED,24826,26968
IR,RED,24817,26958
IR,RED,24819,26965
IR,RED,24820,26959
IR,RED,24817,26958
IR,RED,24816,26951
IR,RED,24808,26959
IR,RED,24822,26964
IR,RED,24833,26967
IR,RED,24821,26953
IR,RED,24829,26982
IR,RED,24836,26985
IR,RED,24840,26979
IR,RED,24850,26981
IR,RED,24829,26974
IR,RED,24834,26986
IR,RED,24835,26976
IR,RED,24852,26983
IR,RED,24842,26997
IR,RED,24852,26997
IR,RED,24837,26996
IR,RED,24846,26995
IR,RED,24848,27012
IR,RED,24852,27012
IR,RED,24845,27020
IR,RED,24851,27021
IR,RED,24855,27001
IR,RED,24840,27001
IR,RED,24845,27009
IR,RED,24838,26998
IR,RED,24849,27003
IR,RED,24841,27003
IR,RED,24840,27011
IR,RED,24837,27013
IR,RED,24839,27006
IR,RED,24854,27019
IR,RED,24842,27000
IR,RED,24836,26999
IR,RED,24841,27002
IR,RED,24858,27017
IR,RED,24865,27020
IR,RED,24870,27034
IR,RED,24857,27029
IR,RED,24862,27034
IR,RED,24850,27029
IR,RED,24851,27027
IR,RED,24854,27028
IR,RED,24846,27040
IR,RED,24841,27039
IR,RED,24849,27032
IR,RED,24855,27036
IR,RED,24844,27031
IR,RED,24847,27037
IR,RED,24849,27031
IR,RED,24843,27027
IR,RED,24858,27029
IR,RED,24845,27037
IR,RED,24836,27037
IR,RED,24818,27027
IR,RED,24812,27014
IR,RED,24803,27002
IR,RED,24789,26991
IR,RED,24792,26979
IR,RED,24795,26968
IR,RED,24792,26973
IR,RED,24802,26974
IR,RED,24803,26974
IR,RED,24797,26974
IR,RED,24783,26973
IR,RED,24786,26963
IR,RED,24780,26962
IR,RED,24783,26965
IR,RED,24796,26961
IR,RED,24789,26970
IR,RED,24775,26957
IR,RED,24788,26958
IR,RED,24789,26972
IR,RED,24783,26963
IR,RED,24782,26957
IR,RED,24793,26963
IR,RED,24798,26955
IR,RED,24794,26975
IR,RED,24781,26962
IR,RED,24785,26940
IR,RED,24801,26948
IR,RED,24805,26948
IR,RED,24808,26946
IR,RED,24807,26945
IR,RED,24822,26945
IR,RED,24821,26936
IR,RED,24802,26914
IR,RED,24792,26927
IR,RED,24798,26920
IR,RED,24786,26910
IR,RED,24791,26907
IR,RED,24812,26910
IR,RED,24835,26935
IR,RED,24861,26933
IR,RED,24870,26932
IR,RED,24884,26939
IR,RED,24866,26931
IR,RED,24876,26939
IR,RED,24862,26931
IR,RED,24870,26935
IR,RED,24863,26934
IR,RED,24870,26928
IR,RED,24877,26934
IR,RED,24883,26938
IR,RED,24906,26936
IR,RED,24916,26954
IR,RED,24932,26947
IR,RED,24925,26968
IR,RED,24942,26956
IR,RED,24941,26976
IR,RED,24934,26965
IR,RED,24941,26963
IR,RED,24937,26969
IR,RED,24946,26973
IR,RED,24967,26984
IR,RED,24981,26987
IR,RED,24969,26986
IR,RED,24947,26980
IR,RED,24954,26961
IR,RED,24967,26955
IR,RED,24959,26974
IR,RED,24988,26974
IR,RED,25012,26988
IR,RED,25000,26979
IR,RED,24991,26984
IR,RED,24977,26977
IR,RED,24970,26958
IR,RED,24951,26935
IR,RED,24945,26943
IR,RED,24949,26934
IR,RED,24942,26933
IR,RED,24959,26938
IR,RED,24952,26945
IR,RED,24945,26935
IR,RED,24942,26955
IR,RED,24942,26959
IR,RED,24950,26961
IR,RED,24953,26999
IR,RED,24980,27036
IR,RED,25033,27096
IR,RED,25062,27162
IR,RED,25091,27198
IR,RED,25103,27223
IR,RED,25102,27222
IR,RED,25083,27238
IR,RED,25095,27240
IR,RED,25118,27256
IR,RED,25125,27269
IR,RED,25163,27279
IR,RED,25172,27322
IR,RED,25179,27322
IR,RED,25184,27338
IR,RED,25182,27332
IR,RED,25178,27328
IR,RED,25171,27329
IR,RED,25170,27329
IR,RED,25168,27327
IR,RED,25187,27343
IR,RED,25182,27346
IR,RED,25193,27346
IR,RED,25189,27335
IR,RED,25199,27356
IR,RED,25204,27357
IR,RED,25196,27349
IR,RED,25190,27347
IR,RED,25176,27333
IR,RED,25153,27327
IR,RED,25161,27309
IR,RED,25160,27318
IR,RED,25165,27309
IR,RED,25179,27315
IR,RED,25173,27315
IR,RED,25176,27309
IR,RED,25164,27305
IR,RED,25152,27303
IR,RED,25153,27292
IR,RED,25159,27285
IR,RED,25152,27285
IR,RED,25155,27285
IR,RED,25157,27287
IR,RED,25171,27267
IR,RED,25167,27293
IR,RED,25168,27302
IR,RED,25168,27303
IR,RED,25172,27292
IR,RED,25154,27306
IR,RED,25162,27281
IR,RED,25144,27268
IR,RED,25131,27261
IR,RED,25128,27264
IR,RED,25134,27259
IR,RED,25111,27243
IR,RED,25100,27237
IR,RED,25095,27226
IR,RED,25083,27226
IR,RED,25064,27221
IR,RED,25068,27214
IR,RED,25048,27199
IR,RED,25041,27187
IR,RED,25033,27173
IR,RED,25021,27172
IR,RED,25009,27158
IR,RED,24987,27136
IR,RED,24993,27127
IR,RED,24975,27113
IR,RED,24954,27106
IR,RED,24955,27093
IR,RED,24940,27085
IR,RED,24926,27066
IR,RED,24910,27064
IR,RED,24924,27061
IR,RED,24904,27037
IR,RED,24894,27025
IR,RED,24869,27011
IR,RED,24852,26985
IR,RED,24840,26980
IR,RED,24816,26964
IR,RED,24808,26951
IR,RED,24800,26946
IR,RED,24804,26943
IR,RED,24783,26938
IR,RED,24772,26912
IR,RED,24760,26916
IR,RED,24736,26901
IR,RED,24718,26889
IR,RED,24715,26862
IR,RED,24704,26859
IR,RED,24685,26858
IR,RED,24689,26848
IR,RED,24675,26836
IR,RED,24681,26835
IR,RED,24667,26847
IR,RED,24652,26831
IR,RED,24640,26813
IR,RED,24634,26805
IR,RED,24630,26796
IR,RED,24628,26790
IR,RED,24611,26784
IR,RED,24611,26775
IR,RED,24599,26779
IR,RED,24588,26772
IR,RED,24587,26763
IR,RED,24580,26753
IR,RED,24576,26762
IR,RED,24569,26750
IR,RED,24568,26750
IR,RED,24552,26746
IR,RED,24544,26741
IR,RED,24549,26731
IR,RED,24533,26707
IR,RED,24513,26706
IR,RED,24516,26704
IR,RED,24521,26705
IR,RED,24495,26693
IR,RED,24492,26693
IR,RED,24494,26672
IR,RED,24494,26677
IR,RED,24487,26675
IR,RED,24486,26658
IR,RED,24477,26661
IR,RED,24470,26660
IR,RED,24459,26648
IR,RED,24453,26648
IR,RED,24444,26638
IR,RED,24434,26630
IR,RED,24432,26624
IR,RED,24443,26615
IR,RED,24430,26623
IR,RED,24444,26626
IR,RED,24438,26617
IR,RED,24437,26627
IR,RED,24425,26620
IR,RED,24430,26610
IR,RED,24419,26616
IR,RED,24411,26603
IR,RED,24404,26591
IR,RED,24395,26585
IR,RED,24402,26589
IR,RED,24396,26577
IR,RED,24382,26576
IR,RED,24379,26575
IR,RED,24393,26583
IR,RED,24385,26592
IR,RED,24377,26572
IR,RED,24377,26578
IR,RED,24382,26566
IR,RED,24377,26575
IR,RED,24370,26567
IR,RED,24378,26555
IR,RED,24363,26575
IR,RED,24371,26560
IR,RED,24373,26567
IR,RED,24372,26569
IR,RED,24383,26575
IR,RED,24366,26559
IR,RED,24358,26567
IR,RED,24343,26548
IR,RED,24349,26538
IR,RED,24329,26537
IR,RED,24340,26536
IR,RED,24339,26519
IR,RED,24333,26520
IR,RED,24332,26527
IR,RED,24328,26523
IR,RED,24320,26513
IR,RED,24321,26512
IR,RED,24316,26517
IR,RED,24324,26514
IR,RED,24316,26510
IR,RED,24301,26503
IR,RED,24304,26506
IR,RED,24304,26510
IR,RED,24309,26502
IR,RED,24304,26501
IR,RED,24313,26508
IR,RED,24304,26489
IR,RED,24303,26492
IR,RED,24297,26486
IR,RED,24289,26480
IR,RED,24284,26481
IR,RED,24288,26474
IR,RED,24281,26477
IR,RED,24273,26482
IR,RED,24271,26470
IR,RED,24258,26472
IR,RED,24276,26473
IR,RED,24278,26466
IR,RED,24265,26467
IR,RED,24266,26476
IR,RED,24257,26462
IR,RED,24243,26453
IR,RED,24244,26464
IR,RED,24253,26443
IR,RED,24251,26451
IR,RED,24246,26450
IR,RED,24242,26438
IR,RED,24240,26445
IR,RED,24231,26433
IR,RED,24224,26422
IR,RED,24221,26432
IR,RED,24229,26424
IR,RED,24220,26409
IR,RED,24221,26417
IR,RED,24231,26434
IR,RED,24224,26421
IR,RED,24219,26435
IR,RED,24212,26425
IR,RED,24213,26418
IR,RED,24215,26417
IR,RED,24210,26418
IR,RED,24207,26407
IR,RED,24205,26408
IR,RED,24214,26413
IR,RED,24196,26414
IR,RED,24200,26417
IR,RED,24210,26417
IR,RED,24199,26418
IR,RED,24202,26409
IR,RED,24205,26422
IR,RED,24216,26411
IR,RED,24210,26414
IR,RED,24207,26419
IR,RED,24202,26409
IR,RED,24199,26404
IR,RED,24196,26400
IR,RED,24200,26397
IR,RED,24199,26404
IR,RED,24189,26405
IR,RED,24193,26397
IR,RED,24200,26396
IR,RED,24211,26406
IR,RED,24198,26398
IR,RED,24200,26397
IR,RED,24203,26391
IR,RED,24207,26405
IR,RED,24200,26403
IR,RED,24198,26397
IR,RED,24198,26389
IR,RED,24198,26392
IR,RED,24189,26398
IR,RED,24188,26393
IR,RED,24177,26387
IR,RED,24178,26373
IR,RED,24183,26376
IR,RED,24166,26376
IR,RED,24162,26366
IR,RED,24173,26378
IR,RED,24164,26368
IR,RED,24169,26370
IR,RED,24163,26379
IR,RED,24170,26360
IR,RED,24165,26361
IR,RED,24172,26364
IR,RED,24162,26361
IR,RED,24158,26364
IR,RED,24166,26361
IR,RED,24158,26365
IR,RED,24163,26363
IR,RED,24140,26350
IR,RED,24150,26352
IR,RED,24150,26340
IR,RED,24138,26350
IR,RED,24152,26353
IR,RED,24139,26346
IR,RED,24149,26351
IR,RED,24153,26350
IR,RED,24139,26336
IR,RED,24145,26344
IR,RED,24143,26338
IR,RED,24138,26341
IR,RED,24140,26347
IR,RED,24145,26350
IR,RED,24151,26340
IR,RED,24155,26346
IR,RED,24152,26339
IR,RED,24151,26343
IR,RED,24142,26323
IR,RED,24146,26336
IR,RED,24150,26344
IR,RED,24136,26337
IR,RED,24138,26355
IR,RED,24155,26329
IR,RED,24145,26328
IR,RED,24147,26341
IR,RED,24154,26347
IR,RED,24154,26350
IR,RED,24152,26350
IR,RED,24153,26355
IR,RED,24144,26350
IR,RED,24156,26356
IR,RED,24150,26345
IR,RED,24163,26347
IR,RED,24150,26345
IR,RED,24153,26354
IR,RED,24150,26336
IR,RED,24141,26342
IR,RED,24137,26347
IR,RED,24147,26333
IR,RED,24136,26345
IR,RED,24143,26335
IR,RED,24142,26343
IR,RED,24148,26337
IR,RED,24147,26345
IR,RED,24153,26332
IR,RED,24158,26341
IR,RED,24162,26332
IR,RED,24158,26330
IR,RED,24155,26330
IR,RED,24161,26341
IR,RED,24158,26335
IR,RED,24158,26339
IR,RED,24160,26342
IR,RED,24155,26342
IR,RED,24152,26331
IR,RED,24156,26331
IR,RED,24167,26333
IR,RED,24162,26354
IR,RED,24163,26350
IR,RED,24176,26351
IR,RED,24168,26354
IR,RED,24175,26352
IR,RED,24158,26350
IR,RED,24174,26350
IR,RED,24165,26344
IR,RED,24156,26351
IR,RED,24170,26331
IR,RED,24158,26329
IR,RED,24167,26351
IR,RED,24172,26337
IR,RED,24170,26335
IR,RED,24155,26331
IR,RED,24148,26332
IR,RED,24151,26328
IR,RED,24157,26330
IR,RED,24154,26326
IR,RED,24155,26336
IR,RED,24155,26335
IR,RED,24165,26332
IR,RED,24170,26345
IR,RED,24177,26352
IR,RED,24172,26348
IR,RED,24180,26339
IR,RED,24157,26339
IR,RED,24167,26332
IR,RED,24161,26344
IR,RED,24164,26341
IR,RED,24163,26333
IR,RED,24167,26333
IR,RED,24159,26328
IR,RED,24156,26334
IR,RED,24146,26317
IR,RED,24155,26334
IR,RED,24157,26342
IR,RED,24157,26331
IR,RED,24171,26328
IR,RED,24168,26337
IR,RED,24154,26347
IR,RED,24157,26347
IR,RED,24146,26330
IR,RED,24152,26332
IR,RED,24153,26331
IR,RED,24148,26325
IR,RED,24155,26327
IR,RED,24153,26337
IR,RED,24157,26323
IR,RED,24145,26325
IR,RED,24154,26330
IR,RED,24142,26324
IR,RED,24140,26318
IR,RED,24140,26323
IR,RED,24143,26323
IR,RED,24133,26316
IR,RED,24131,26310
IR,RED,24135,26302
IR,RED,24127,26307
IR,RED,24138,26299
IR,RED,24119,26295
IR,RED,24123,26295
IR,RED,24125,26295
IR,RED,24121,26291
IR,RED,24124,26296
IR,RED,24123,26295
IR,RED,24119,26290
IR,RED,24119,26288
IR,RED,24117,26286
IR,RED,24117,26285
IR,RED,24108,26275
IR,RED,24117,26279
IR,RED,24109,26281
IR,RED,24110,26271
IR,RED,24109,26291
IR,RED,24111,26286
IR,RED,24127,26291
IR,RED,24118,26272
IR,RED,24113,26283
IR,RED,24116,26272
IR,RED,24111,26278
IR,RED,24115,26281
IR,RED,24105,26279
IR,RED,24104,26273
IR,RED,24098,26269
IR,RED,24101,26276
IR,RED,24101,26254
IR,RED,24096,26269
IR,RED,24110,26263
IR,RED,24103,26271
IR,RED,24102,26259
IR,RED,24093,26266
IR,RED,24103,26272
IR,RED,24109,26276
IR,RED,24100,26268
IR,RED,24103,26265
IR,RED,24104,26274
IR,RED,24106,26267
IR,RED,24098,26265
IR,RED,24080,26263
IR,RED,24082,26258
IR,RED,24079,26259
IR,RED,24067,26245
IR,RED,24073,26242
IR,RED,24063,26244
IR,RED,24073,26238
IR,RED,24056,26229
IR,RED,24060,26235
IR,RED,24052,26233
IR,RED,24076,26235
IR,RED,24051,26224
IR,RED,24059,26231
IR,RED,24052,26221
IR,RED,24046,26216
IR,RED,24051,26207
IR,RED,24047,26205
IR,RED,24042,26211
IR,RED,24031,26212
IR,RED,24038,26201
IR,RED,24024,26207
IR,RED,24035,26205
IR,RED,24032,26197
IR,RED,24038,26204
IR,RED,24034,26197
IR,RED,24023,26184
IR,RED,24020,26192
IR,RED,24029,26200
IR,RED,24025,26188
IR,RED,24034,26201
IR,RED,24029,26197
IR,RED,24021,26197
IR,RED,24007,26189
IR,RED,24013,26187
IR,RED,23992,26177
IR,RED,24004,26174
IR,RED,23995,26165
IR,RED,24001,26166
IR,RED,23996,26166
IR,RED,23981,26170
IR,RED,23986,26155
IR,RED,23989,26166
IR,RED,23983,26162
IR,RED,23977,26164
IR,RED,23973,26155
IR,RED,23977,26158
IR,RED,23983,26153
IR,RED,23983,26173
IR,RED,23993,26142
IR,RED,23985,26161
IR,RED,23996,26133
IR,RED,23983,26141
IR,RED,23971,26149
IR,RED,23969,26138
IR,RED,23972,26132
IR,RED,23970,26139
IR,RED,23977,26147
IR,RED,23967,26140
IR,RED,23965,26128
IR,RED,23959,26127
IR,RED,23958,26132
IR,RED,23956,26139
IR,RED,23951,26132
IR,RED,23948,26128
IR,RED,23946,26138
IR,RED,23946,26112
IR,RED,23944,26122
IR,RED,23947,26113
IR,RED,23948,26124
IR,RED,23948,26129
IR,RED,23937,26133
IR,RED,23937,26116
IR,RED,23936,26108
IR,RED,23928,26115
IR,RED,23935,26115
IR,RED,23933,26112
IR,RED,23929,26114
IR,RED,23926,26105
IR,RED,23927,26105
IR,RED,23927,26100
IR,RED,23923,26091
IR,RED,23923,26094
IR,RED,23928,26099
IR,RED,23929,26094
IR,RED,23922,26096
IR,RED,23920,26089
IR,RED,23930,26089
IR,RED,23914,26075
IR,RED,23915,26089
IR,RED,23917,26096
IR,RED,23913,26092
IR,RED,23924,26100
IR,RED,23922,26081
IR,RED,23919,26077
IR,RED,23939,26078
IR,RED,23918,26089
IR,RED,23926,26088
IR,RED,23932,26098
IR,RED,23934,26089
IR,RED,23940,26097
IR,RED,23933,26093
IR,RED,23925,26096
IR,RED,23934,26091
IR,RED,23924,26084
IR,RED,23921,26087
IR,RED,23934,26086
IR,RED,23931,26086
IR,RED,23939,26089
IR,RED,23933,26076
IR,RED,23936,26081
IR,RED,23938,26093
IR,RED,23944,26099
IR,RED,23946,26099
IR,RED,23950,26102
IR,RED,23944,26109
IR,RED,23942,26102
IR,RED,23925,26111
IR,RED,23936,26109
IR,RED,23944,26097
IR,RED,23931,26104
IR,RED,23947,26107
IR,RED,23948,26100
IR,RED,23943,26103
IR,RED,23954,26102
IR,RED,23941,26104
IR,RED,23938,26107
IR,RED,23940,26099
IR,RED,23938,26104
IR,RED,23938,26097
IR,RED,23933,26098
IR,RED,23944,26092
IR,RED,23940,26106
IR,RED,23930,26108
IR,RED,23950,26103
IR,RED,23942,26117
IR,RED,23943,26095
IR,RED,23925,26114
IR,RED,23951,26118
IR,RED,23929,26109
IR,RED,23930,26097
IR,RED,23936,26099
IR,RED,23927,26097
IR,RED,23924,26106
IR,RED,23919,26095
IR,RED,23923,26094
IR,RED,23921,26093
IR,RED,23925,26103
IR,RED,23914,26097
IR,RED,23913,26092
IR,RED,23918,26100
IR,RED,23920,26097
IR,RED,23927,26090
IR,RED,23907,26072
IR,RED,23901,26083
IR,RED,23910,26078
IR,RED,23904,26082
IR,RED,23901,26077
IR,RED,23906,26077
IR,RED,23914,26082
IR,RED,23911,26088
IR,RED,23914,26080
IR,RED,23917,26073
IR,RED,23904,26075
IR,RED,23900,26097
IR,RED,23905,26091
IR,RED,23909,26092
IR,RED,23904,26086
IR,RED,23913,26081
IR,RED,23899,26077
IR,RED,23906,26093
IR,RED,23903,26075
IR,RED,23897,26078
IR,RED,23901,26083
IR,RED,23899,26084
IR,RED,23895,26060
IR,RED,23900,26078
IR,RED,23905,26068
IR,RED,23896,26071
IR,RED,23897,26069
IR,RED,23885,26072
IR,RED,23882,26075
IR,RED,23881,26077
IR,RED,23891,26064
IR,RED,23884,26066
IR,RED,23884,26065
IR,RED,23888,26066
IR,RED,23882,26051
IR,RED,23883,26070
IR,RED,23887,26064
IR,RED,23886,26060
IR,RED,23881,26052
IR,RED,23883,26060
IR,RED,23886,26059
IR,RED,23880,26058
IR,RED,23877,26053
IR,RED,23875,26053
IR,RED,23880,26058
IR,RED,23873,26052
IR,RED,23875,26053
IR,RED,23875,26057
IR,RED,23876,26056
IR,RED,23871,26047
IR,RED,23876,26048
IR,RED,23865,26049
IR,RED,23871,26041
IR,RED,23875,26041
IR,RED,23874,26043
IR,RED,23865,26039
IR,RED,23875,26040
IR,RED,23860,26041
IR,RED,23869,26036
IR,RED,23866,26041
IR,RED,23872,26031
IR,RED,23854,26033
IR,RED,23861,26027
IR,RED,23840,26033
IR,RED,23866,26025
IR,RED,23850,26018
IR,RED,23863,26032
IR,RED,23868,26018
IR,RED,23865,26026
IR,RED,23853,26030
IR,RED,23861,26016
IR,RED,23857,26019
IR,RED,23853,26023
IR,RED,23846,26022
IR,RED,23851,26023
IR,RED,23846,26016
IR,RED,23851,26006
IR,RED,23843,26009
IR,RED,23843,26008
IR,RED,23845,26018
IR,RED,23848,26018
IR,RED,23850,26022
IR,RED,23844,26008
IR,RED,23841,26011
IR,RED,23834,26016
IR,RED,23837,26018
IR,RED,23835,26011
IR,RED,23829,26008
IR,RED,23845,26016
IR,RED,23839,26004
IR,RED,23840,26020
IR,RED,23831,26009
IR,RED,23831,26015
IR,RED,23826,26008
IR,RED,23826,26007
IR,RED,23827,26009
IR,RED,23831,26008
IR,RED,23831,26016
IR,RED,23830,25998
IR,RED,23821,26002
IR,RED,23833,25998
IR,RED,23821,26002
IR,RED,23829,26007
IR,RED,23831,26009
IR,RED,23835,26003
IR,RED,23826,25996
IR,RED,23832,26006
IR,RED,23825,26000
IR,RED,23827,26004
IR,RED,23823,25999
IR,RED,23833,26005
IR,RED,23817,26004
IR,RED,23818,25997
IR,RED,23831,26000
IR,RED,23822,25993
IR,RED,23815,25988
IR,RED,23808,25976
IR,RED,23815,25980
IR,RED,23800,25972
IR,RED,23806,25970
IR,RED,23805,25986
IR,RED,23806,25960
IR,RED,23797,25976
IR,RED,23796,25984
IR,RED,23803,25969
IR,RED,23797,25976
IR,RED,23800,25969
IR,RED,23795,25974
IR,RED,23799,25976
IR,RED,23791,25968
IR,RED,23784,25975
IR,RED,23799,25963
IR,RED,23795,25966
IR,RED,23786,25967
IR,RED,23782,25965
IR,RED,23787,25968
IR,RED,23788,25965
IR,RED,23778,25972
IR,RED,23786,25972
IR,RED,23783,25965
IR,RED,23785,25977
IR,RED,23786,25965
IR,RED,23780,25965
IR,RED,23777,25952
IR,RED,23778,25957
IR,RED,23779,25961
IR,RED,23783,25946
IR,RED,23766,25959
IR,RED,23776,25942
IR,RED,23774,25961
IR,RED,23776,25964
IR,RED,23772,25956
IR,RED,23772,25956
IR,RED,23773,25956
IR,RED,23764,25949
IR,RED,23766,25954
IR,RED,23767,25948
IR,RED,23777,25937
IR,RED,23768,25951
IR,RED,23768,25947
IR,RED,23769,25956
IR,RED,23756,25942
IR,RED,23767,25936
IR,RED,23758,25946
IR,RED,23774,25949
IR,RED,23766,25941
IR,RED,23758,25944
IR,RED,23764,25944
IR,RED,23757,25955
IR,RED,23766,25950
IR,RED,23764,25953
IR,RED,23755,25964
IR,RED,23754,25955
IR,RED,23755,25951
IR,RED,23756,25935
IR,RED,23753,25945
IR,RED,23751,25944
IR,RED,23749,25935
IR,RED,23756,25943
IR,RED,23749,25927
IR,RED,23743,25934
IR,RED,23751,25945
IR,RED,23752,25932
IR,RED,23753,25933
IR,RED,23744,25939
IR,RED,23748,25931
IR,RED,23747,25936
IR,RED,23739,25935
IR,RED,23744,25928
IR,RED,23740,25931
IR,RED,23740,25926
IR,RED,23753,25927
IR,RED,23735,25927
IR,RED,23740,25923
IR,RED,23745,25920
IR,RED,23735,25924
IR,RED,23733,25918
IR,RED,23724,25911
IR,RED,23731,25916
IR,RED,23734,25927
IR,RED,23735,25910
IR,RED,23733,25920
IR,RED,23724,25909
IR,RED,23733,25913
IR,RED,23733,25887
IR,RED,23732,25919
IR,RED,23733,25904
IR,RED,23718,25911
IR,RED,23730,25897
IR,RED,23726,25913
IR,RED,23728,25904
IR,RED,23721,25916
IR,RED,23728,25904
IR,RED,23727,25907
IR,RED,23731,25897
IR,RED,23724,25911
IR,RED,23716,25907
IR,RED,23721,25903
IR,RED,23722,25912
IR,RED,23723,25918
IR,RED,23715,25911
IR,RED,23718,25915
IR,RED,23710,25911
IR,RED,23713,25903
IR,RED,23718,25898
IR,RED,23707,25910
IR,RED,23703,25900
IR,RED,23703,25901
IR,RED,23712,25910
IR,RED,23707,25897
IR,RED,23708,25890
IR,RED,23716,25907
IR,RED,23703,25892
IR,RED,23702,25888
IR,RED,23689,25876
IR,RED,23705,25888
IR,RED,23692,25898
IR,RED,23695,25893
IR,RED,23698,25891
IR,RED,23703,25893
IR,RED,23693,25893
IR,RED,23676,25886
IR,RED,23694,25884
IR,RED,23681,25875
IR,RED,23681,25880
IR,RED,23680,25886
IR,RED,23692,25877
IR,RED,23685,25866
IR,RED,23684,25871
IR,RED,23687,25863
IR,RED,23688,25877
IR,RED,23687,25875
IR,RED,23692,25885
IR,RED,23689,25881
IR,RED,23676,25888
IR,RED,23675,25876
IR,RED,23681,25870
IR,RED,23671,25864
IR,RED,23681,25870
IR,RED,23688,25878
IR,RED,23681,25870
IR,RED,23667,25874
IR,RED,23679,25879
IR,RED,23679,25872
IR,RED,23676,25874
IR,RED,23686,25861
IR,RED,23672,25860
IR,RED,23668,25872
IR,RED,23681,25865
IR,RED,23676,25852
IR,RED,23677,25869
IR,RED,23668,25871
IR,RED,23676,25867
IR,RED,23676,25865
IR,RED,23667,25869
IR,RED,23667,25866
IR,RED,23665,25868
IR,RED,23663,25873
IR,RED,23667,25864
IR,RED,23662,25865
IR,RED,23662,25858
IR,RED,23663,25859
IR,RED,23675,25867
IR,RED,23662,25871
IR,RED,23667,25870
IR,RED,23662,25855
IR,RED,23663,25851
IR,RED,23659,25850
IR,RED,23655,25858
IR,RED,23657,25857
IR,RED,23662,25852
IR,RED,23653,25844
IR,RED,23654,25854
IR,RED,23657,25858
IR,RED,23662,25839
IR,RED,23643,25847
IR,RED,23655,25857
IR,RED,23645,25852
IR,RED,23660,25847
IR,RED,23647,25852
IR,RED,23650,25846
IR,RED,23643,25838
IR,RED,23644,25835
IR,RED,23632,25836
IR,RED,23646,25842
IR,RED,23646,25837
IR,RED,23641,25846
IR,RED,23638,25837
IR,RED,23632,25819
IR,RED,23639,25838
IR,RED,23635,25825
IR,RED,23631,25826
IR,RED,23625,25833
IR,RED,23621,25828
IR,RED,23625,25826
IR,RED,23625,25825
IR,RED,23625,25818
IR,RED,23631,25819
IR,RED,23624,25818
IR,RED,23629,25818
IR,RED,23623,25817
IR,RED,23617,25806
IR,RED,23625,25820
IR,RED,23629,25809
IR,RED,23625,25809
IR,RED,23625,25810
IR,RED,23631,25815
IR,RED,23619,25817
IR,RED,23612,25817
IR,RED,23619,25811
IR,RED,23614,25808
IR,RED,23615,25809
IR,RED,23624,25802
IR,RED,23615,25812
IR,RED,23609,25809
IR,RED,23603,25803
IR,RED,23609,25804
IR,RED,23621,25800
IR,RED,23615,25807
IR,RED,23609,25805
IR,RED,23616,25811
IR,RED,23607,25799
IR,RED,23601,25795
IR,RED,23608,25805
IR,RED,23601,25802
IR,RED,23608,25814
IR,RED,23612,25802
IR,RED,23609,25807
IR,RED,23609,25799
IR,RED,23602,25789
IR,RED,23606,25799
IR,RED,23600,25785
IR,RED,23595,25797
IR,RED,23590,25787
IR,RED,23594,25782
IR,RED,23600,25787
IR,RED,23597,25765
IR,RED,23588,25786
IR,RED,23584,25787
IR,RED,23598,25779
IR,RED,23584,25782
IR,RED,23589,25781
IR,RED,23594,25780
IR,RED,23586,25777
IR,RED,23583,25774
IR,RED,23588,25773
IR,RED,23598,25770
IR,RED,23588,25781
IR,RED,23590,25782
IR,RED,23589,25785
IR,RED,23592,25791
IR,RED,23603,25783
IR,RED,23608,25780
IR,RED,23596,25784
IR,RED,23606,25781
IR,RED,23590,25783
IR,RED,23595,25767
IR,RED,23596,25790
IR,RED,23596,25780
IR,RED,23592,25774
IR,RED,23590,25775
IR,RED,23585,25786
IR,RED,23580,25777
IR,RED,23593,25784
IR,RED,23593,25771
IR,RED,23594,25784
IR,RED,23593,25778
IR,RED,23585,25780
IR,RED,23592,25780
IR,RED,23584,25777
IR,RED,23586,25772
IR,RED,23585,25783
IR,RED,23589,25780
IR,RED,23584,25774
IR,RED,23580,25775
IR,RED,23581,25780
IR,RED,23581,25769
IR,RED,23583,25777
IR,RED,23574,25766
IR,RED,23584,25765
IR,RED,23583,25777
IR,RED,23585,25775
IR,RED,23586,25789
IR,RED,23591,25781
IR,RED,23593,25765
IR,RED,23580,25764
IR,RED,23566,25764
IR,RED,23577,25749
IR,RED,23583,25766
IR,RED,23575,25765
IR,RED,23575,25768
IR,RED,23578,25772
IR,RED,23578,25763
IR,RED,23584,25769
IR,RED,23580,25758
IR,RED,23575,25766
IR,RED,23560,25763
IR,RED,23583,25762
IR,RED,23573,25764
IR,RED,23570,25765
IR,RED,23574,25751
IR,RED,23570,25760
IR,RED,23579,25755
IR,RED,23580,25770
IR,RED,23568,25757
IR,RED,23576,25755
IR,RED,23568,25747
IR,RED,23574,25749
IR,RED,23568,25753
IR,RED,23566,25744
IR,RED,23557,25748
IR,RED,23552,25738
IR,RED,23555,25746
IR,RED,23547,25738
IR,RED,23559,25746
IR,RED,23561,25744
IR,RED,23564,25736
IR,RED,23558,25748
IR,RED,23550,25720
IR,RED,23551,25740
IR,RED,23551,25725
IR,RED,23544,25728
IR,RED,23532,25717
IR,RED,23548,25727
IR,RED,23530,25710
IR,RED,23538,25738
IR,RED,23538,25719
IR,RED,23535,25729
IR,RED,23558,25732
IR,RED,23545,25731
IR,RED,23544,25719
IR,RED,23532,25715
IR,RED,23525,25719
IR,RED,23530,25713
IR,RED,23524,25714
IR,RED,23527,25714
IR,RED,23527,25718
IR,RED,23524,25715
IR,RED,23522,25710
IR,RED,23527,25713
IR,RED,23528,25715
IR,RED,23528,25717
IR,RED,23523,25701
IR,RED,23518,25699
IR,RED,23508,25709
IR,RED,23524,25710
IR,RED,23512,25701
IR,RED,23520,25707
IR,RED,23520,25711
IR,RED,23518,25712
IR,RED,23507,25710
IR,RED,23511,25710
IR,RED,23513,25702
IR,RED,23504,25700
IR,RED,23509,25698
IR,RED,23498,25689
IR,RED,23499,25695
IR,RED,23512,25695
IR,RED,23505,25700
IR,RED,23512,25686
IR,RED,23503,25692
IR,RED,23506,25697
IR,RED,23519,25690
IR,RED,23511,25685
IR,RED,23510,25689
IR,RED,23503,25686
IR,RED,23510,25699
IR,RED,23515,25701
IR,RED,23512,25708
IR,RED,23505,25699
IR,RED,23503,25689
IR,RED,23509,25694
IR,RED,23500,25689
IR,RED,23503,25696
IR,RED,23497,25689
IR,RED,23509,25690
IR,RED,23507,25693
IR,RED,23503,25683
IR,RED,23497,25689
IR,RED,23507,25682
IR,RED,23496,25690
IR,RED,23490,25681
IR,RED,23486,25677
IR,RED,23475,25673
IR,RED,23492,25666
IR,RED,23482,25671
IR,RED,23489,25669
IR,RED,23490,25673
IR,RED,23489,25660
IR,RED,23474,25670
IR,RED,23483,25668
IR,RED,23477,25682
IR,RED,23489,25671
IR,RED,23487,25665
IR,RED,23474,25666
IR,RED,23475,25659
IR,RED,23487,25670
IR,RED,23475,25664
IR,RED,23472,25673
IR,RED,23473,25662
IR,RED,23474,25656
IR,RED,23471,25662
IR,RED,23460,25657
IR,RED,23461,25663
IR,RED,23481,25652
IR,RED,23458,25663
IR,RED,23463,25645
IR,RED,23460,25646
IR,RED,23463,25650
IR,RED,23460,25646
IR,RED,23462,25638
IR,RED,23467,25641
IR,RED,23464,25645
IR,RED,23475,25649
IR,RED,23474,25648
IR,RED,23475,25653
IR,RED,23469,25645
IR,RED,23473,25644
IR,RED,23471,25650
IR,RED,23467,25651
IR,RED,23466,25639
IR,RED,23469,25657
IR,RED,23468,25642
IR,RED,23467,25649
IR,RED,23462,25646
IR,RED,23472,25651
IR,RED,23463,25656
IR,RED,23462,25642
IR,RED,23470,25654
IR,RED,23457,25653
IR,RED,23465,25642
IR,RED,23464,25638
IR,RED,23471,25648
IR,RED,23462,25642
IR,RED,23467,25653
IR,RED,23460,25635
IR,RED,23469,25645
IR,RED,23462,25645
IR,RED,23465,25645
IR,RED,23467,25634
IR,RED,23467,25637
IR,RED,23458,25627
IR,RED,23453,25631
IR,RED,23458,25634
IR,RED,23446,25629
IR,RED,23454,25637
IR,RED,23459,25652
IR,RED,23460,25633
IR,RED,23452,25627
IR,RED,23455,25629
IR,RED,23447,25633
IR,RED,23460,25627
IR,RED,23450,25635
IR,RED,23444,25633
IR,RED,23459,25625
IR,RED,23452,25628
IR,RED,23454,25622
IR,RED,23442,25627
IR,RED,23446,25632
IR,RED,23434,25627
IR,RED,23438,25624
IR,RED,23444,25616
IR,RED,23441,25607
IR,RED,23442,25627
IR,RED,23440,25611
IR,RED,23438,25615
IR,RED,23444,25613
IR,RED,23446,25619
IR,RED,23441,25609
IR,RED,23441,25613
IR,RED,23423,25612
IR,RED,23427,25610
IR,RED,23428,25614
IR,RED,23430,25601
IR,RED,23430,25604
IR,RED,23422,25600
IR,RED,23431,25602
IR,RED,23436,25608
IR,RED,23428,25611
IR,RED,23428,25602
IR,RED,23444,25605
IR,RED,23436,25605
IR,RED,23430,25610
IR,RED,23431,25606
IR,RED,23433,25611
IR,RED,23428,25612
IR,RED,23423,25601
IR,RED,23428,25603
IR,RED,23434,25608
IR,RED,23417,25603
IR,RED,23425,25594
IR,RED,23427,25380
IR,RED,23418,25381
IR,RED,23419,25379
IR,RED,23424,25377
IR,RED,23423,25383
IR,RED,23411,25369
IR,RED,23416,25368
IR,RED,23410,25370
IR,RED,23420,25379
IR,RED,23415,25391
IR,RED,23409,25383
IR,RED,23423,25383
IR,RED,23418,25373
IR,RED,23410,25370
IR,RED,23403,25369
IR,RED,23399,25364
IR,RED,23415,25377
IR,RED,23401,25360
IR,RED,23411,25373
IR,RED,23394,25377
IR,RED,23395,25374
IR,RED,23400,25361
IR,RED,23399,25361
IR,RED,23396,25368
IR,RED,23402,25357
IR,RED,23389,25361
IR,RED,23392,25352
IR,RED,23389,25356
IR,RED,23388,25350
IR,RED,23382,25349
IR,RED,23385,25353
IR,RED,23395,25352
IR,RED,23383,25344
IR,RED,23381,25341
IR,RED,23389,25351
IR,RED,23392,25360
IR,RED,23382,25359
IR,RED,23379,25339
IR,RED,23369,25337
IR,RED,23383,25353
IR,RED,23377,25345
IR,RED,23381,25345
IR,RED,23381,25346
IR,RED,23383,25343
IR,RED,23386,25340
IR,RED,23379,25349
IR,RED,23378,25334
IR,RED,23380,25351
IR,RED,23370,25341
IR,RED,23373,25331
IR,RED,23370,25334
IR,RED,23375,25339
IR,RED,23368,25330
IR,RED,23369,25327
IR,RED,23365,25329
IR,RED,23372,25315
IR,RED,23363,25338
IR,RED,23373,25323
IR,RED,23369,25337
IR,RED,23368,25332
IR,RED,23378,25341
IR,RED,23361,25328
IR,RED,23359,25340
IR,RED,23366,25331
IR,RED,23364,25333
IR,RED,23362,25332
IR,RED,23367,25343
IR,RED,23369,25322
IR,RED,23365,25331
IR,RED,23371,25328
IR,RED,23370,25331
IR,RED,23367,25327
IR,RED,23358,25333
IR,RED,23365,25327
IR,RED,23369,25319
IR,RED,23351,25324
IR,RED,23353,25324
IR,RED,23353,25331
IR,RED,23354,25306
IR,RED,23358,25307
IR,RED,23351,25322
IR,RED,23345,25325
IR,RED,23346,25316
IR,RED,23341,25326
IR,RED,23346,25314
IR,RED,23343,25314
IR,RED,23342,25304
IR,RED,23345,25309
IR,RED,23342,25312
IR,RED,23340,25319
IR,RED,23345,25307
IR,RED,23341,25307
IR,RED,23335,25297
IR,RED,23341,25302
IR,RED,23343,25300
IR,RED,23336,25302
IR,RED,23341,25296
IR,RED,23329,25298
IR,RED,23332,25295
IR,RED,23335,25300
IR,RED,23333,25295
IR,RED,23332,25290
IR,RED,23341,25301
IR,RED,23338,25304
IR,RED,23327,25290
IR,RED,23325,25286
IR,RED,23321,25289
IR,RED,23324,25288
IR,RED,23314,25281
IR,RED,23310,25278
IR,RED,23324,25292
IR,RED,23328,25286
IR,RED,23318,25279
IR,RED,23320,25296
IR,RED,23324,25284
IR,RED,23322,25283
IR,RED,23317,25282
IR,RED,23316,25266
IR,RED,23316,25281
IR,RED,23317,25269
IR,RED,23326,25283
IR,RED,23317,25283
IR,RED,23315,25283
IR,RED,23318,25281
IR,RED,23313,25280
IR,RED,23305,25257
IR,RED,23320,25270
IR,RED,23322,25278
IR,RED,23309,25280
IR,RED,23326,25278
IR,RED,23312,25277
IR,RED,23316,25259
IR,RED,23303,25267
IR,RED,23309,25277
IR,RED,23313,25277
IR,RED,23311,25280
IR,RED,23315,25268
IR,RED,23310,25276
IR,RED,23313,25270
IR,RED,23310,25269
IR,RED,23308,25274
IR,RED,23304,25268
IR,RED,23304,25278
IR,RED,23293,25259
IR,RED,23298,25267
IR,RED,23291,25247
IR,RED,23297,25252
IR,RED,23292,25258
IR,RED,23293,25261
IR,RED,23292,25251
IR,RED,23295,25259
IR,RED,23288,25259
IR,RED,23293,25270
IR,RED,23281,25259
IR,RED,23282,25250
IR,RED,23282,25255
IR,RED,23284,25260
IR,RED,23284,25256
IR,RED,23275,25252
IR,RED,23272,25245
IR,RED,23278,25245
IR,RED,23277,25244
IR,RED,23283,25240
IR,RED,23279,25239
IR,RED,23272,25238
IR,RED,23274,25227
IR,RED,23266,25242
IR,RED,23276,25239
IR,RED,23271,25241
IR,RED,23278,25250
IR,RED,23268,25249
IR,RED,23268,25241
IR,RED,23269,25234
IR,RED,23274,25233
IR,RED,23270,25227
IR,RED,23259,25233
IR,RED,23268,25228
IR,RED,23263,25228
IR,RED,23261,25221
IR,RED,23256,25222
IR,RED,23261,25217
IR,RED,23252,25220
IR,RED,23253,25212
IR,RED,23261,25210
IR,RED,23272,25219
IR,RED,23257,25209
IR,RED,23254,25217
IR,RED,23247,25224
IR,RED,23245,25207
IR,RED,23257,25219
IR,RED,23247,25212
IR,RED,23255,25227
IR,RED,23242,25215
IR,RED,23251,25205
IR,RED,23252,25202
IR,RED,23256,25204
IR,RED,23246,25210
IR,RED,23251,25207
IR,RED,23245,25212
IR,RED,23235,25205
IR,RED,23250,25215
IR,RED,23244,25209
IR,RED,23242,25207
IR,RED,23232,25208
IR,RED,23230,25205
IR,RED,23235,25210
IR,RED,23247,25200
IR,RED,23235,25191
IR,RED,23244,25206
IR,RED,23251,25197
IR,RED,23236,25207
IR,RED,23238,25203
IR,RED,23231,25211
IR,RED,23225,25209
IR,RED,23224,25212
IR,RED,23228,25192
IR,RED,23226,25199
IR,RED,23222,25184
IR,RED,23232,25188
IR,RED,23227,25200
IR,RED,23232,25194
IR,RED,23218,25195
IR,RED,23228,25190
IR,RED,23214,25185
IR,RED,23227,25187
IR,RED,23223,25182
IR,RED,23218,25187
IR,RED,23221,25174
IR,RED,23210,25198
IR,RED,23215,25174
IR,RED,23212,25184
IR,RED,23219,25187
IR,RED,23220,25167
IR,RED,23215,25182
IR,RED,23208,25181
IR,RED,23209,25163
IR,RED,23207,25166
IR,RED,23205,25176
IR,RED,23217,25170
IR,RED,23203,25161
IR,RED,23198,25161
IR,RED,23198,25176
IR,RED,23193,25161
IR,RED,23199,25157
IR,RED,23199,25172
IR,RED,23197,25166
IR,RED,23197,25166
IR,RED,23198,25160
IR,RED,23202,25156
IR,RED,23188,25157
IR,RED,23190,25158
IR,RED,23185,25156
IR,RED,23185,25153
IR,RED,23185,25155
IR,RED,23177,25151
IR,RED,23183,25153
IR,RED,23197,25154
IR,RED,23181,25151
IR,RED,23188,25154
IR,RED,23180,25149
IR,RED,23183,25142
IR,RED,23186,25151
IR,RED,23192,25152
IR,RED,23188,25146
IR,RED,23188,25142
IR,RED,23192,25148
IR,RED,23186,25145
IR,RED,23196,25147
IR,RED,23185,25147
IR,RED,23180,25150
IR,RED,23190,25153
IR,RED,23178,25155
IR,RED,23180,25141
IR,RED,23184,25142
IR,RED,23180,25149
IR,RED,23170,25144
IR,RED,23170,25145
IR,RED,23167,25144
IR,RED,23180,25147
IR,RED,23177,25147
IR,RED,23170,25149
IR,RED,23181,25144
IR,RED,23174,25145
IR,RED,23173,25146
IR,RED,23171,25141
IR,RED,23171,25140
IR,RED,23177,25141
IR,RED,23178,25124
IR,RED,23180,25140
IR,RED,23178,25134
IR,RED,23166,25136
IR,RED,23175,25134
IR,RED,23175,25147
IR,RED,23172,25124
IR,RED,23159,25140
IR,RED,23165,25129
IR,RED,23170,25132
IR,RED,23164,25132
IR,RED,23163,25124
IR,RED,23163,25127
IR,RED,23157,25113
IR,RED,23161,25122
IR,RED,23160,25128
IR,RED,23160,25125
IR,RED,23161,25128
IR,RED,23159,25123
IR,RED,23156,25120
IR,RED,23148,25113
IR,RED,23143,25112
IR,RED,23135,25104
IR,RED,23143,25106
IR,RED,23147,25112
IR,RED,23138,25111
IR,RED,23138,25118
IR,RED,23134,25100
IR,RED,23137,25104
IR,RED,23134,25079
IR,RED,23136,25110
IR,RED,23127,25083
IR,RED,23127,25096
IR,RED,23131,25097
IR,RED,23128,25098
IR,RED,23117,25093
IR,RED,23126,25102
IR,RED,23127,25092
IR,RED,23122,25104
IR,RED,23114,25089
IR,RED,23128,25096
IR,RED,23109,25090
IR,RED,23124,25087
IR,RED,23111,25094
IR,RED,23121,25087
IR,RED,23117,25090
IR,RED,23120,25093
IR,RED,23128,25089
IR,RED,23120,25078
IR,RED,23110,25104
IR,RED,23119,25086
IR,RED,23119,25085
IR,RED,23104,25089
IR,RED,23121,25084
IR,RED,23116,25076
IR,RED,23112,25094
IR,RED,23124,25084
IR,RED,23123,25079
IR,RED,23114,25080
IR,RED,23107,25070
IR,RED,23112,25074
IR,RED,23120,25075
IR,RED,23111,25089
IR,RED,23115,25082
IR,RED,23114,25079
IR,RED,23120,25084
IR,RED,23118,25075
IR,RED,23129,25088
IR,RED,23105,25080
IR,RED,23115,25083
IR,RED,23115,25072
IR,RED,23106,25089
IR,RED,23115,25086
IR,RED,23100,25088
IR,RED,23114,25080
IR,RED,23109,25074
IR,RED,23111,25087
IR,RED,23103,25071
IR,RED,23104,25076
IR,RED,23087,25060
IR,RED,23100,25070
IR,RED,23089,25062
IR,RED,23098,25062
IR,RED,23089,25057
IR,RED,23091,25063
IR,RED,23087,25046
IR,RED,23095,25059
IR,RED,23089,25052
IR,RED,23080,25048
IR,RED,23071,25057
IR,RED,23090,25058
IR,RED,23085,25060
IR,RED,23087,25056
IR,RED,23077,25059
IR,RED,23077,25050
IR,RED,23081,25042
IR,RED,23070,25051
IR,RED,23077,25045
IR,RED,23074,25041
IR,RED,23076,25043
IR,RED,23086,25045
IR,RED,23077,25041
IR,RED,23076,25038
IR,RED,23069,25057
IR,RED,23075,25040
IR,RED,23069,25042
IR,RED,23063,25046
IR,RED,23077,25036
IR,RED,23075,25027
IR,RED,23073,25033
IR,RED,23083,25049
IR,RED,23069,25030
IR,RED,23073,25048
IR,RED,23070,25036
IR,RED,23068,25038
IR,RED,23066,25027
IR,RED,23066,25038
IR,RED,23072,25032
IR,RED,23072,25031
IR,RED,23067,25034
IR,RED,23081,25042
IR,RED,23072,25035
IR,RED,23062,25035
IR,RED,23068,25034
IR,RED,23073,25034
IR,RED,23074,25028
IR,RED,23067,25034
IR,RED,23075,25033
IR,RED,23059,25022
IR,RED,23071,25029
IR,RED,23075,25023
IR,RED,23060,25023
IR,RED,23058,25033
IR,RED,23055,25028
IR,RED,23052,25031
IR,RED,23066,25024
IR,RED,23063,25028
IR,RED,23064,25029
IR,RED,23071,25023
IR,RED,23062,25027
IR,RED,23062,25031
IR,RED,23063,25019
IR,RED,23066,25034
IR,RED,23067,25018
IR,RED,23062,25027
IR,RED,23054,25028
IR,RED,23065,25016
IR,RED,23053,25034
IR,RED,23063,25025
IR,RED,23066,25025
IR,RED,23065,25011
IR,RED,23059,25027
IR,RED,23048,25015
IR,RED,23058,25007
IR,RED,23050,25020
IR,RED,23054,25016
IR,RED,23047,25013
IR,RED,23046,25014
IR,RED,23034,25009
IR,RED,23044,25013
IR,RED,23041,25024
IR,RED,23026,25007
IR,RED,23034,25008
IR,RED,23041,25008
IR,RED,23035,25016
IR,RED,23038,24993
IR,RED,23035,25002
IR,RED,23044,25006
IR,RED,23038,25000
IR,RED,23035,25009
IR,RED,23026,24995
IR,RED,23032,24985
IR,RED,23039,25011
IR,RED,23034,25001
IR,RED,23033,24994
IR,RED,23039,24994
IR,RED,23034,24995
IR,RED,23036,24991
IR,RED,23022,24997
IR,RED,23030,25001
IR,RED,23025,25003
IR,RED,23043,24996
IR,RED,23018,25000
IR,RED,23026,24994
IR,RED,23030,25007
IR,RED,23023,24997
IR,RED,23017,24994
IR,RED,23019,24987
IR,RED,23021,24988
IR,RED,23031,24999
IR,RED,23022,24994
IR,RED,23030,25002
IR,RED,23027,24986
IR,RED,23029,24987
IR,RED,23013,24989
IR,RED,23023,24980
IR,RED,23017,24984
IR,RED,23023,24987
IR,RED,23031,24991
IR,RED,23021,24990
IR,RED,23022,24992
IR,RED,23017,24988
IR,RED,23023,24988
IR,RED,23015,24978
IR,RED,23018,24983
IR,RED,23019,24996
IR,RED,23032,24994
IR,RED,23026,24987
IR,RED,23028,24995
IR,RED,23030,24995
IR,RED,23017,25001
IR,RED,23015,24991
IR,RED,23027,24987
IR,RED,23023,24983
IR,RED,23007,24987
IR,RED,23023,24993
IR,RED,23022,24987
IR,RED,23021,24978
IR,RED,23008,24984
IR,RED,23012,24991
IR,RED,23012,24982
IR,RED,23008,24993
IR,RED,23015,24979
IR,RED,23004,24995
IR,RED,23010,24976
IR,RED,23006,24988
IR,RED,23007,24977
IR,RED,22994,24979
IR,RED,23001,24974
IR,RED,23001,24971
IR,RED,22999,24982
IR,RED,23000,24977
IR,RED,23003,24968
IR,RED,22997,24974
IR,RED,23009,24978
IR,RED,23005,24983
IR,RED,23006,24974
IR,RED,23006,24978
IR,RED,23005,24971
IR,RED,23008,24963
IR,RED,23008,24969
IR,RED,23003,24965
IR,RED,22999,24961
IR,RED,23005,24961
IR,RED,23007,24973
IR,RED,22997,24958
IR,RED,22982,24962
IR,RED,22987,24975
IR,RED,22996,24961
IR,RED,22992,24970
IR,RED,22988,24954
IR,RED,22975,24954
IR,RED,22985,24953
IR,RED,22995,24966
IR,RED,22976,24957
IR,RED,22988,24954
IR,RED,22983,24950
IR,RED,22983,24955
IR,RED,22994,24960
IR,RED,22981,24946
IR,RED,22974,24955
IR,RED,22981,24946
IR,RED,22971,24943
IR,RED,22967,24949
IR,RED,22966,24937
IR,RED,22967,24946
IR,RED,22970,24936
IR,RED,22971,24940
IR,RED,22970,24934
IR,RED,22973,24944
IR,RED,22970,24921
IR,RED,22972,24929
IR,RED,22971,24935
IR,RED,22982,24934
IR,RED,22974,24934
IR,RED,22971,24936
IR,RED,22971,24940
IR,RED,22962,24928
IR,RED,22969,24933
IR,RED,22961,24931
IR,RED,22964,24929
IR,RED,22958,24925
IR,RED,22948,24932
IR,RED,22961,24927
IR,RED,22965,24918
IR,RED,22955,24921
IR,RED,22956,24930
IR,RED,22962,24927
IR,RED,22965,24914
IR,RED,22951,24922
IR,RED,22950,24926
IR,RED,22955,24919
IR,RED,22959,24925
IR,RED,22951,24939
IR,RED,22965,24919
IR,RED,22947,24936
IR,RED,22952,24911
IR,RED,22941,24917
IR,RED,22946,24918
IR,RED,22935,24912
IR,RED,22934,24908
IR,RED,22934,24900
IR,RED,22934,24916
IR,RED,22938,24909
IR,RED,22945,24906
IR,RED,22944,24911
IR,RED,22938,24915
IR,RED,22940,24905
IR,RED,22931,24906
IR,RED,22926,24918
IR,RED,22942,24909
IR,RED,22928,24906
IR,RED,22941,24905
IR,RED,22930,24895
IR,RED,22936,24908
IR,RED,22929,24904
IR,RED,22935,24904
IR,RED,22934,24898
IR,RED,22934,24901
IR,RED,22932,24897
IR,RED,22938,24896
IR,RED,22924,24898
IR,RED,22932,24902
IR,RED,22928,24902
IR,RED,22934,24903
IR,RED,22933,24902
IR,RED,22925,24891
IR,RED,22920,24886
IR,RED,22916,24896
IR,RED,22925,24885
IR,RED,22933,24895
IR,RED,22921,24887
IR,RED,22914,24891
IR,RED,22912,24884
IR,RED,22911,24870
IR,RED,22907,24878
IR,RED,22914,24881
IR,RED,22907,24880
IR,RED,22907,24878
IR,RED,22910,24880
IR,RED,22913,24884
IR,RED,22911,24872
IR,RED,22906,24885
IR,RED,22900,24878
IR,RED,22906,24884
IR,RED,22907,24872
IR,RED,22905,24881
IR,RED,22906,24876
IR,RED,22891,24865
IR,RED,22900,24870
IR,RED,22896,24863
IR,RED,22903,24876
IR,RED,22898,24872
IR,RED,22902,24873
IR,RED,22906,24874
IR,RED,22897,24869
IR,RED,22893,24857
IR,RED,22901,24866
IR,RED,22899,24881
IR,RED,22899,24860
IR,RED,22900,24858
IR,RED,22898,24868
IR,RED,22886,24864
IR,RED,22891,24867
IR,RED,22897,24870
IR,RED,22899,24867
IR,RED,22884,24859
IR,RED,22890,24856
IR,RED,22889,24863
IR,RED,22890,24858
IR,RED,22889,24861
IR,RED,22892,24869
IR,RED,22879,24859
IR,RED,22883,24857
IR,RED,22889,24859
IR,RED,22879,24851
IR,RED,22882,24853
IR,RED,22875,24851
IR,RED,22885,24876
IR,RED,22882,24854
IR,RED,22885,24859
IR,RED,22884,24852
IR,RED,22884,24858
IR,RED,22890,24847
IR,RED,22878,24848
IR,RED,22876,24841
IR,RED,22882,24849
IR,RED,22874,24840
IR,RED,22878,24844
IR,RED,22876,24852
IR,RED,22883,24852
IR,RED,22886,24847
IR,RED,22894,24848
IR,RED,22887,24840
IR,RED,22886,24848
IR,RED,22884,24842
IR,RED,22882,24849
IR,RED,22879,24832
IR,RED,22872,24842
IR,RED,22873,24845
IR,RED,22866,24829
IR,RED,22875,24827
IR,RED,22873,24841
IR,RED,22874,24852
IR,RED,22868,24837
IR,RED,22873,24842
IR,RED,22875,24836
IR,RED,22873,24840
IR,RED,22863,24837
IR,RED,22866,24850
IR,RED,22864,24838
IR,RED,22863,24837
IR,RED,22873,24840
IR,RED,22857,24838
IR,RED,22873,24832
IR,RED,22863,24828
IR,RED,22860,24831
IR,RED,22857,24823
IR,RED,22856,24824
IR,RED,22860,24828
IR,RED,22851,24820
IR,RED,22845,24819
IR,RED,22858,24827
IR,RED,22861,24830
IR,RED,22859,24823
IR,RED,22855,24813
IR,RED,22840,24819
IR,RED,22851,24828
IR,RED,22840,24821
IR,RED,22842,24822
IR,RED,22841,24811
IR,RED,22850,24807
IR,RED,22839,24820
IR,RED,22840,24815
IR,RED,22848,24816
IR,RED,22852,24802
IR,RED,22836,24811
IR,RED,22838,24816
IR,RED,22829,24819
IR,RED,22842,24817
IR,RED,22845,24815
IR,RED,22831,24810
IR,RED,22837,24803
IR,RED,22826,24797
IR,RED,22841,24808
IR,RED,22838,24802
IR,RED,22838,24800
IR,RED,22832,24806
IR,RED,22829,24799
IR,RED,22834,24803
IR,RED,22834,24791
IR,RED,22829,24796
IR,RED,22833,24791
IR,RED,22824,24793
IR,RED,22824,24801
IR,RED,22830,24792
IR,RED,22823,24796
IR,RED,22831,24793
IR,RED,22819,24777
IR,RED,22814,24776
IR,RED,22829,24768
IR,RED,22835,24776
IR,RED,22825,24771
IR,RED,22815,24774
IR,RED,22815,24769
IR,RED,22830,24780
IR,RED,22813,24775
IR,RED,22823,24791
IR,RED,22819,24769
IR,RED,22818,24773
IR,RED,22818,24781
IR,RED,22816,24772
IR,RED,22831,24779
IR,RED,22829,24788
IR,RED,22827,24767
IR,RED,22807,24778
IR,RED,22806,24774
IR,RED,22817,24764
IR,RED,22809,24755
IR,RED,22809,24761
IR,RED,22812,24759
IR,RED,22810,24758
IR,RED,22818,24764
IR,RED,22811,24765
IR,RED,22799,24758
IR,RED,22824,24773
IR,RED,22814,24758
IR,RED,22813,24759
IR,RED,22812,24757
IR,RED,22811,24759
IR,RED,22799,24770
IR,RED,22814,24766
IR,RED,22810,24770
IR,RED,22802,24775
IR,RED,22807,24763
IR,RED,22803,24754
IR,RED,22807,24758
IR,RED,22808,24757
IR,RED,22807,24770
IR,RED,22807,24764
IR,RED,22800,24770
IR,RED,22808,24768
IR,RED,22806,24754
IR,RED,22808,24760
IR,RED,22804,24759
IR,RED,22813,24754
IR,RED,22815,24768
IR,RED,22816,24761
IR,RED,22801,24759
IR,RED,22810,24759
IR,RED,22803,24755
IR,RED,22799,24759
IR,RED,22798,24763
IR,RED,22808,24752
IR,RED,22799,24754
IR,RED,22797,24753
IR,RED,22798,24753
IR,RED,22802,24755
IR,RED,22809,24752
IR,RED,22799,24763
IR,RED,22811,24751
IR,RED,22801,24761
IR,RED,22796,24746
IR,RED,22800,24750
IR,RED,22792,24741
IR,RED,22794,24739
IR,RED,22796,24739
IR,RED,22800,24745
IR,RED,22797,24745
IR,RED,22790,24740
IR,RED,22791,24745
IR,RED,22782,24741
IR,RED,22783,24746
IR,RED,22788,24736
IR,RED,22784,24741
IR,RED,22781,24740
IR,RED,22792,24740
IR,RED,22783,24741
IR,RED,22790,24737
IR,RED,22772,24745
IR,RED,22790,24738
IR,RED,22790,24746
IR,RED,22786,24742
IR,RED,22789,24739
IR,RED,22786,24741
IR,RED,22780,24741
IR,RED,22789,24743
IR,RED,22780,24747
IR,RED,22784,24737
IR,RED,22786,24748
IR,RED,22785,24740
IR,RED,22775,24736
IR,RED,22777,24731
IR,RED,22780,24733
IR,RED,22776,24736
IR,RED,22774,24728
IR,RED,22770,24736
IR,RED,22781,24737
IR,RED,22772,24735
IR,RED,22781,24727
IR,RED,22766,24740
IR,RED,22768,24732
IR,RED,22764,24726
IR,RED,22768,24733
IR,RED,22778,24729
IR,RED,22776,24726
IR,RED,22774,24719
IR,RED,22776,24721
IR,RED,22774,24724
IR,RED,22777,24728
IR,RED,22768,24740
IR,RED,22764,24724
IR,RED,22772,24724
IR,RED,22772,24726
IR,RED,22772,24727
IR,RED,22765,24714
IR,RED,22761,24724
IR,RED,22763,24726
IR,RED,22773,24729
IR,RED,22775,24721
IR,RED,22766,24722
IR,RED,22766,24726
IR,RED,22771,24737
IR,RED,22772,24733
IR,RED,22780,24736
IR,RED,22772,24748
IR,RED,22770,24733
IR,RED,22766,24719
IR,RED,22762,24729
IR,RED,22768,24733
IR,RED,22756,24724
IR,RED,22764,24721
IR,RED,22773,24716
IR,RED,22767,24709
IR,RED,22760,24727
IR,RED,22766,24718
IR,RED,22755,24718
IR,RED,22753,24711
IR,RED,22764,24715
IR,RED,22754,24707
IR,RED,22760,24714
IR,RED,22749,24709
IR,RED,22761,24707
IR,RED,22751,24709
IR,RED,22755,24697
IR,RED,22753,24706
IR,RED,22757,24708
IR,RED,22750,24706
IR,RED,22758,24695
IR,RED,22744,24690
IR,RED,22750,24701
IR,RED,22746,24700
IR,RED,22746,24694
IR,RED,22749,24693
IR,RED,22750,24709
IR,RED,22745,24704
IR,RED,22738,24698
IR,RED,22740,24696
IR,RED,22741,24702
IR,RED,22733,24700
IR,RED,22743,24700
IR,RED,22738,24714
IR,RED,22738,24694
IR,RED,22727,24701
IR,RED,22734,24702
IR,RED,22735,24699
IR,RED,22733,24686
IR,RED,22741,24693
IR,RED,22725,24687
IR,RED,22721,24693
IR,RED,22723,24690
IR,RED,22730,24696
IR,RED,22726,24678
IR,RED,22737,24696
IR,RED,22733,24688
IR,RED,22717,24683
IR,RED,22728,24678
IR,RED,22724,24686
IR,RED,22733,24691
IR,RED,22732,24699
IR,RED,22741,24695
IR,RED,22731,24684
IR,RED,22717,24686
IR,RED,22724,24685
IR,RED,22727,24687
IR,RED,22723,24691
IR,RED,22725,24673
IR,RED,22727,24689
IR,RED,22728,24677
IR,RED,22719,24677
IR,RED,22716,24691
IR,RED,22724,24686
IR,RED,22722,24687
IR,RED,22716,24680
IR,RED,22719,24677
IR,RED,22713,24674
IR,RED,22716,24676
IR,RED,22719,24681
IR,RED,22717,24682
IR,RED,22720,24679
IR,RED,22719,24675
IR,RED,22726,24676
IR,RED,22712,24677
IR,RED,22726,24679
IR,RED,22716,24676
IR,RED,22711,24676
IR,RED,22725,24683
IR,RED,22724,24675
IR,RED,22719,24672
IR,RED,22715,24677
IR,RED,22717,24671
IR,RED,22718,24672
IR,RED,22718,24670
IR,RED,22716,24669
IR,RED,22712,24667
IR,RED,22717,24660
IR,RED,22712,24667
IR,RED,22709,24661
IR,RED,22716,24652
IR,RED,22704,24650
IR,RED,22702,24654
IR,RED,22701,24662
IR,RED,22703,24659
IR,RED,22711,24649
IR,RED,22712,24658
IR,RED,22694,24648
IR,RED,22713,24667
IR,RED,22700,24669
IR,RED,22702,24656
IR,RED,22705,24664
IR,RED,22706,24647
IR,RED,22707,24656
IR,RED,22696,24657
IR,RED,22694,24671
IR,RED,22703,24653
IR,RED,22696,24655
IR,RED,22693,24650
IR,RED,22695,24644
IR,RED,22680,24657
IR,RED,22688,24647
IR,RED,22677,24646
IR,RED,22681,24645
IR,RED,22685,24646
IR,RED,22689,24643
IR,RED,22683,24654
IR,RED,22692,24632
IR,RED,22699,24642
IR,RED,22686,24657
IR,RED,22692,24648
IR,RED,22682,24649
IR,RED,22685,24646
IR,RED,22679,24646
IR,RED,22689,24652
IR,RED,22689,24649
IR,RED,22686,24650
IR,RED,22688,24648
IR,RED,22681,24654
IR,RED,22678,24646
IR,RED,22684,24643
IR,RED,22678,24646
IR,RED,22675,24633
IR,RED,22677,24641
IR,RED,22677,24646
IR,RED,22681,24637
IR,RED,22672,24643
IR,RED,22676,24642
IR,RED,22680,24638
IR,RED,22681,24639
IR,RED,22678,24644
IR,RED,22674,24631
IR,RED,22678,24635
IR,RED,22674,24639
IR,RED,22674,24634
IR,RED,22683,24638
IR,RED,22677,24632
IR,RED,22666,24635
IR,RED,22663,24639
IR,RED,22669,24624
IR,RED,22666,24627
IR,RED,22671,24634
IR,RED,22663,24637
IR,RED,22667,24629
IR,RED,22667,24632
IR,RED,22663,24621
IR,RED,22658,24619
IR,RED,22651,24631
IR,RED,22660,24618
IR,RED,22657,24623
IR,RED,22659,24622
IR,RED,22649,24615
IR,RED,22646,24620
IR,RED,22662,24616
IR,RED,22661,24616
IR,RED,22653,24613
IR,RED,22662,24611
IR,RED,22666,24627
IR,RED,22662,24624
IR,RED,22651,24618
IR,RED,22662,24612
IR,RED,22667,24617
IR,RED,22654,24627
IR,RED,22651,24618
IR,RED,22656,24614
IR,RED,22640,24610
IR,RED,22651,24607
IR,RED,22643,24607
IR,RED,22661,24612
IR,RED,22647,24609
IR,RED,22658,24602
IR,RED,22645,24606
IR,RED,22648,24600
IR,RED,22640,24601
IR,RED,22643,24588
IR,RED,22638,24589
IR,RED,22633,24583
IR,RED,22653,24601
IR,RED,22644,24604
IR,RED,22634,24604
IR,RED,22641,24604
IR,RED,22656,24587
IR,RED,22639,24596
IR,RED,22639,24588
IR,RED,22650,24592
IR,RED,22653,24591
IR,RED,22641,24603
IR,RED,22643,24603
IR,RED,22641,24606
IR,RED,22635,24609
IR,RED,22631,24599
IR,RED,22633,24594
IR,RED,22635,24591
IR,RED,22634,24584
IR,RED,22633,24586
IR,RED,22647,24591
IR,RED,22642,24594
IR,RED,22629,24591
IR,RED,22640,24605
IR,RED,22646,24600
IR,RED,22634,24607
IR,RED,22639,24590
IR,RED,22640,24586
IR,RED,22639,24580
IR,RED,22631,24600
IR,RED,22626,24582
IR,RED,22631,24598
IR,RED,22623,24582
IR,RED,22635,24585
IR,RED,22624,24587
IR,RED,22640,24589
IR,RED,22633,24586
IR,RED,22634,24575
IR,RED,22614,24580
IR,RED,22611,24578
IR,RED,22623,24573
IR,RED,22613,24575
IR,RED,22625,24568
IR,RED,22627,24571
IR,RED,22612,24577
IR,RED,22609,24571
IR,RED,22612,24574
IR,RED,22606,24567
IR,RED,22620,24562
IR,RED,22597,24561
IR,RED,22607,24567
IR,RED,22611,24561
IR,RED,22605,24567
IR,RED,22605,24550
IR,RED,22614,24559
IR,RED,22603,24559
IR,RED,22609,24551
IR,RED,22608,24565
IR,RED,22600,24553
IR,RED,22603,24558
IR,RED,22602,24558
IR,RED,22603,24554
IR,RED,22599,24558
IR,RED,22609,24557
IR,RED,22603,24556
IR,RED,22600,24554
IR,RED,22594,24553
IR,RED,22591,24555
IR,RED,22593,24552
IR,RED,22594,24562
IR,RED,22597,24559
IR,RED,22602,24559
IR,RED,22586,24544
IR,RED,22594,24549
IR,RED,22581,24553
IR,RED,22588,24546
IR,RED,22589,24546
IR,RED,22587,24538
IR,RED,22593,24534
IR,RED,22606,24543
IR,RED,22598,24536
IR,RED,22584,24538
IR,RED,22584,24551
IR,RED,22588,24531
IR,RED,22586,24549
IR,RED,22571,24540
IR,RED,22576,24539
IR,RED,22580,24536
IR,RED,22580,24540
IR,RED,22591,24542
IR,RED,22578,24537
IR,RED,22584,24543
IR,RED,22590,24539
IR,RED,22577,24530
IR,RED,22577,24534
IR,RED,22576,24534
IR,RED,22570,24537
IR,RED,22576,24530
IR,RED,22583,24548
IR,RED,22579,24538
IR,RED,22579,24537
IR,RED,22580,24536
IR,RED,22583,24537
IR,RED,22579,24534
IR,RED,22574,24534
IR,RED,22570,24537
IR,RED,22577,24529
IR,RED,22568,24516
IR,RED,22576,24517
IR,RED,22578,24526
IR,RED,22569,24533
IR,RED,22573,24523
IR,RED,22579,24528
IR,RED,22563,24518
IR,RED,22567,24516
IR,RED,22570,24515
IR,RED,22566,24510
IR,RED,22552,24504
IR,RED,22563,24504
IR,RED,22567,24490
IR,RED,22568,24503
IR,RED,22561,24504
IR,RED,22567,24509
IR,RED,22564,24498
IR,RED,22563,24509
IR,RED,22562,24504
IR,RED,22562,24500
IR,RED,22559,24502
IR,RED,22553,24506
IR,RED,22552,24502
IR,RED,22560,24506
IR,RED,22551,24500
IR,RED,22545,24501
IR,RED,22548,24496
IR,RED,22551,24506
IR,RED,22560,24502
IR,RED,22543,24489
IR,RED,22543,24489
IR,RED,22547,24488
IR,RED,22544,24488
IR,RED,22552,24492
IR,RED,22543,24494
IR,RED,22536,24489
IR,RED,22551,24488
IR,RED,22542,24497
IR,RED,22543,24482
IR,RED,22549,24489
IR,RED,22549,24482
IR,RED,22549,24490
IR,RED,22550,24493
IR,RED,22541,24493
IR,RED,22552,24491
IR,RED,22544,24488
IR,RED,22539,24482
IR,RED,22548,24490
IR,RED,22535,24481
IR,RED,22524,24484
IR,RED,22532,24481
IR,RED,22535,24472
IR,RED,22536,24484
IR,RED,22537,24489
IR,RED,22534,24488
IR,RED,22525,24494
IR,RED,22528,24487
IR,RED,22527,24488
IR,RED,22522,24493
IR,RED,22534,24480
IR,RED,22526,24482
IR,RED,22534,24479
IR,RED,22531,24487
IR,RED,22521,24472
IR,RED,22535,24467
IR,RED,22525,24484
IR,RED,22528,24472
IR,RED,22535,24478
IR,RED,22540,24476
IR,RED,22526,24482
IR,RED,22530,24463
IR,RED,22526,24462
IR,RED,22525,24471
IR,RED,22518,24465
IR,RED,22525,24454
IR,RED,22532,24452
IR,RED,22523,24454
IR,RED,22505,24446
IR,RED,22521,24451
IR,RED,22521,24443
IR,RED,22532,24453
IR,RED,22514,24460
IR,RED,22515,24457
IR,RED,22526,24461
IR,RED,22515,24449
IR,RED,22523,24455
IR,RED,22515,24451
IR,RED,22510,24452
IR,RED,22513,24446
IR,RED,22510,24453
IR,RED,22509,24445
IR,RED,22509,24435
IR,RED,22513,24444
IR,RED,22510,24429
IR,RED,22505,24437
IR,RED,22504,24447
IR,RED,22498,24453
IR,RED,22507,24439
IR,RED,22497,24442
IR,RED,22502,24433
IR,RED,22492,24429
IR,RED,22501,24427
IR,RED,22511,24435
IR,RED,22502,24430
IR,RED,22497,24427
IR,RED,22508,24440
IR,RED,22491,24425
IR,RED,22500,24417
IR,RED,22490,24430
IR,RED,22503,24431
IR,RED,22493,24440
IR,RED,22485,24430
IR,RED,22490,24433
IR,RED,22491,24430
IR,RED,22497,24437
IR,RED,22503,24437
IR,RED,22496,24431
IR,RED,22490,24427
IR,RED,22490,24423
IR,RED,22481,24434
IR,RED,22480,24429
IR,RED,22484,24432
IR,RED,22485,24430
IR,RED,22484,24427
IR,RED,22494,24429
IR,RED,22485,24422
IR,RED,22489,24421
IR,RED,22488,24417
IR,RED,22490,24425
IR,RED,22487,24417
IR,RED,22480,24418
IR,RED,22485,24431
IR,RED,22489,24429
IR,RED,22492,24428
IR,RED,22497,24416
IR,RED,22489,24421
IR,RED,22484,24414
IR,RED,22484,24420
IR,RED,22490,24423
IR,RED,22475,24416
IR,RED,22478,24413
IR,RED,22480,24409
IR,RED,22486,24415
IR,RED,22490,24417
IR,RED,22473,24413
IR,RED,22476,24392
IR,RED,22475,24415
IR,RED,22473,24404
IR,RED,22473,24408
IR,RED,22469,24398
IR,RED,22473,24394
IR,RED,22479,24396
IR,RED,22469,24408
IR,RED,22468,24393
IR,RED,22465,24406
IR,RED,22462,24396
IR,RED,22472,24402
IR,RED,22468,24402
IR,RED,22465,24402
IR,RED,22466,24390
IR,RED,22466,24407
IR,RED,22466,24389
IR,RED,22468,24398
IR,RED,22463,24398
IR,RED,22465,24393
IR,RED,22470,24384
IR,RED,22456,24390
IR,RED,22466,24380
IR,RED,22463,24381
IR,RED,22463,24382
IR,RED,22466,24378
IR,RED,22446,24385
IR,RED,22454,24373
IR,RED,22454,24376
IR,RED,22455,24381
IR,RED,22450,24387
IR,RED,22466,24395
IR,RED,22463,24381
IR,RED,22457,24378
IR,RED,22466,24392
IR,RED,22453,24395
IR,RED,22457,24386
IR,RED,22453,24383
IR,RED,22451,24376
IR,RED,22460,24380
IR,RED,22457,24388
IR,RED,22444,24382
IR,RED,22458,24382
IR,RED,22443,24382
IR,RED,22450,24389
IR,RED,22452,24367
IR,RED,22441,24372
IR,RED,22448,24374
IR,RED,22439,24369
IR,RED,22455,24380
IR,RED,22439,24382
IR,RED,22444,24375
IR,RED,22443,24380
IR,RED,22437,24358
IR,RED,22435,24371
IR,RED,22442,24378
IR,RED,22432,24364
IR,RED,22436,24368
IR,RED,22433,24365
IR,RED,22430,24368
IR,RED,22431,24379
IR,RED,22435,24375
IR,RED,22436,24375
IR,RED,22429,24370
IR,RED,22427,24369
IR,RED,22433,24356
IR,RED,22427,24358
IR,RED,22427,24351
IR,RED,22419,24354
IR,RED,22434,24353
IR,RED,22428,24347
IR,RED,22430,24353
IR,RED,22424,24340
IR,RED,22422,24345
IR,RED,22428,24355
IR,RED,22422,24346
IR,RED,22420,24349
IR,RED,22414,24356
IR,RED,22425,24349
IR,RED,22425,24344
IR,RED,22416,24339
IR,RED,22427,24329
IR,RED,22419,24345
IR,RED,22421,24332
IR,RED,22420,24343
IR,RED,22412,24334
IR,RED,22428,24334
IR,RED,22426,24331
IR,RED,22414,24335
IR,RED,22409,24336
IR,RED,22405,24332
IR,RED,22422,24329
IR,RED,22407,24327
IR,RED,22405,24325
IR,RED,22402,24334
IR,RED,22412,24332
IR,RED,22411,24328
IR,RED,22412,24322
IR,RED,22421,24326
IR,RED,22404,24329
IR,RED,22412,24330
IR,RED,22404,24313
IR,RED,22404,24320
IR,RED,22400,24333
IR,RED,22412,24326
IR,RED,22410,24325
IR,RED,22405,24326
IR,RED,22407,24332
IR,RED,22411,24322
IR,RED,22416,24331
IR,RED,22396,24335
IR,RED,22397,24320
IR,RED,22401,24323
IR,RED,22411,24337
IR,RED,22402,24329
IR,RED,22399,24326
IR,RED,22406,24333
IR,RED,22399,24323
IR,RED,22402,24329
IR,RED,22401,24320
IR,RED,22400,24318
IR,RED,22394,24321
IR,RED,22401,24322
IR,RED,22397,24322
IR,RED,22395,24325
IR,RED,22393,24319
IR,RED,22382,24324
IR,RED,22389,24320
IR,RED,22383,24313
IR,RED,22390,24320
IR,RED,22382,24318
IR,RED,22391,24313
IR,RED,22383,24296
IR,RED,22390,24311
IR,RED,22382,24307
IR,RED,22383,24307
IR,RED,22375,24304
IR,RED,22384,24294
IR,RED,22384,24303
IR,RED,22385,24295
IR,RED,22372,24298
IR,RED,22377,24292
IR,RED,22382,24289
IR,RED,22368,24283
IR,RED,22373,24289
IR,RED,22364,24279
IR,RED,22370,24291
IR,RED,22375,24282
IR,RED,22377,24283
IR,RED,22379,24277
IR,RED,22372,24273
IR,RED,22364,24275
IR,RED,22372,24283
IR,RED,22365,24271
IR,RED,22381,24285
IR,RED,22378,24283
IR,RED,22372,24272
IR,RED,22372,24281
IR,RED,22370,24281
IR,RED,22380,24273
IR,RED,22376,24282
IR,RED,22374,24269
IR,RED,22361,24271
IR,RED,22373,24270
IR,RED,22370,24265
IR,RED,22371,24271
IR,RED,22362,24269
IR,RED,22372,24268
IR,RED,22367,24265
IR,RED,22359,24279
IR,RED,22366,24272
IR,RED,22363,24279
IR,RED,22368,24278
IR,RED,22366,24279
IR,RED,22352,24265
IR,RED,22360,24268
IR,RED,22349,24260
IR,RED,22348,24264
IR,RED,22351,24260
IR,RED,22352,24272
IR,RED,22355,24272
IR,RED,22355,24268
IR,RED,22353,24269
IR,RED,22345,24257
IR,RED,22352,24258
IR,RED,22354,24263
IR,RED,22347,24269
IR,RED,22352,24265
IR,RED,22349,24257
IR,RED,22345,24261
IR,RED,22356,24273
IR,RED,22359,24266
IR,RED,22356,24259
IR,RED,22349,24257
IR,RED,22346,24264
IR,RED,22352,24256
IR,RED,22342,24260
IR,RED,22346,24258
IR,RED,22337,24262
IR,RED,22346,24257
IR,RED,22349,24254
IR,RED,22344,24274
IR,RED,22335,24248
IR,RED,22340,24258
IR,RED,22341,24255
IR,RED,22346,24263
IR,RED,22337,24262
IR,RED,22342,24259
IR,RED,22343,24261
IR,RED,22337,24251
IR,RED,22344,24256
IR,RED,22345,24237
IR,RED,22324,24238
IR,RED,22333,24246
IR,RED,22329,24237
IR,RED,22327,24233
IR,RED,22329,24235
IR,RED,22336,24243
IR,RED,22325,24240
IR,RED,22328,24236
IR,RED,22332,24242
IR,RED,22332,24246
IR,RED,22331,24241
IR,RED,22336,24235
IR,RED,22343,24231
IR,RED,22326,24233
IR,RED,22326,24225
IR,RED,22332,24237
IR,RED,22330,24233
IR,RED,22322,24239
IR,RED,22315,24231
IR,RED,22328,24217
IR,RED,22329,24224
IR,RED,22332,24239
IR,RED,22323,24217
IR,RED,22329,24223
IR,RED,22321,24225
IR,RED,22327,24226
IR,RED,22313,24224
IR,RED,22324,24228
IR,RED,22319,24221
IR,RED,22311,24221
IR,RED,22314,24221
IR,RED,22312,24210
IR,RED,22311,24220
IR,RED,22322,24220
IR,RED,22317,24224
IR,RED,22317,24234
IR,RED,22315,24216
IR,RED,22316,24220
IR,RED,22320,24221
IR,RED,22318,24220
IR,RED,22314,24220
IR,RED,22318,24228
IR,RED,22306,24230
IR,RED,22312,24226
IR,RED,22311,24219
IR,RED,22301,24219
IR,RED,22310,24231
IR,RED,22308,24226
IR,RED,22317,24213
IR,RED,22310,24224
IR,RED,22329,24229
IR,RED,22311,24233
IR,RED,22313,24220
IR,RED,22314,24229
IR,RED,22302,24214
IR,RED,22305,24220
IR,RED,22299,24214
IR,RED,22306,24223
IR,RED,22297,24222
IR,RED,22301,24221
IR,RED,22303,24216
IR,RED,22301,24217
IR,RED,22297,24220
IR,RED,22302,24220
IR,RED,22294,24213
IR,RED,22304,24203
IR,RED,22295,24221
IR,RED,22300,24206
IR,RED,22295,24216
IR,RED,22291,24216
IR,RED,22292,24220
IR,RED,22295,24212
IR,RED,22290,24202
IR,RED,22298,24199
IR,RED,22303,24193
IR,RED,22289,24197
IR,RED,22288,24196
IR,RED,22300,24200
IR,RED,22292,24195
IR,RED,22292,24194
IR,RED,22290,24205
IR,RED,22285,24207
IR,RED,22286,24202
IR,RED,22284,24194
IR,RED,22286,24207
IR,RED,22283,24207
IR,RED,22284,24189
IR,RED,22282,24198
IR,RED,22288,24189
IR,RED,22283,24192
IR,RED,22282,24189
IR,RED,22290,24177
IR,RED,22271,24187
IR,RED,22274,24185
IR,RED,22279,24179
IR,RED,22269,24179
IR,RED,22266,24168
IR,RED,22278,24176
IR,RED,22269,24184
IR,RED,22274,24180
IR,RED,22279,24185
IR,RED,22274,24179
IR,RED,22269,24191
IR,RED,22268,24187
IR,RED,22262,24185
IR,RED,22270,24174
IR,RED,22274,24165
IR,RED,22258,24173
IR,RED,22281,24176
IR,RED,22266,24189
IR,RED,22270,24179
IR,RED,22264,24172
IR,RED,22275,24176
IR,RED,22275,24179
IR,RED,22269,24183
IR,RED,22257,24185
IR,RED,22271,24182
IR,RED,22269,24168
IR,RED,22266,24174
IR,RED,22272,24180
IR,RED,22274,24184
IR,RED,22267,24180
IR,RED,22266,24182
IR,RED,22274,24182
IR,RED,22266,24175
IR,RED,22274,24180
IR,RED,22277,24179
IR,RED,22276,24179
IR,RED,22280,24179
IR,RED,22271,24177
IR,RED,22269,24170
IR,RED,22262,24166
IR,RED,22259,24182
IR,RED,22258,24179
IR,RED,22269,24184
IR,RED,22261,24184
IR,RED,22263,24171
IR,RED,22265,24177
IR,RED,22265,24169
IR,RED,22261,24176
IR,RED,22260,24185
IR,RED,22250,24159
IR,RED,22271,24170
IR,RED,22270,24182
IR,RED,22258,24172
IR,RED,22257,24161
IR,RED,22251,24166
IR,RED,22250,24168
IR,RED,22261,24159
IR,RED,22255,24165
IR,RED,22254,24166
IR,RED,22251,24154
IR,RED,22253,24155
IR,RED,22253,24160
IR,RED,22253,24168
IR,RED,22257,24164
IR,RED,22260,24159
IR,RED,22256,24170
IR,RED,22251,24160
IR,RED,22253,24161
IR,RED,22240,24161
IR,RED,22244,24151
IR,RED,22242,24151
IR,RED,22245,24158
IR,RED,22243,24162
IR,RED,22247,24146
IR,RED,22239,24158
IR,RED,22234,24158
IR,RED,22246,24148
IR,RED,22258,24152
IR,RED,22250,24145
IR,RED,22243,24156
IR,RED,22240,24149
IR,RED,22241,24148
IR,RED,22231,24143
IR,RED,22241,24148
IR,RED,22242,24146
IR,RED,22241,24142
IR,RED,22235,24140
IR,RED,22235,24147
IR,RED,22230,24142
IR,RED,22226,24136
IR,RED,22226,24142
IR,RED,22234,24146
IR,RED,22240,24142
IR,RED,22229,24139
IR,RED,22238,24139
IR,RED,22238,24144
IR,RED,22237,24150
IR,RED,22231,24138
IR,RED,22235,24151
IR,RED,22220,24141
IR,RED,22240,24130
IR,RED,22235,24142
IR,RED,22229,24141
IR,RED,22233,24149
IR,RED,22235,24152
IR,RED,22229,24144
IR,RED,22232,24135
IR,RED,22245,24151
IR,RED,22233,24135
IR,RED,22233,24151
IR,RED,22231,24149
IR,RED,22225,24143
IR,RED,22226,24147
IR,RED,22224,24141
IR,RED,22239,24144
IR,RED,22234,24150
IR,RED,22235,24145
IR,RED,22234,24146
IR,RED,22221,24140
IR,RED,22237,24150
IR,RED,22223,24134
IR,RED,22223,24132
IR,RED,22223,24141
IR,RED,22231,24148
IR,RED,22222,24141
IR,RED,22223,24153
IR,RED,22220,24141
IR,RED,22223,24143
IR,RED,22221,24137
IR,RED,22211,24135
IR,RED,22213,24137
IR,RED,22213,24123
IR,RED,22205,24122
IR,RED,22213,24131
IR,RED,22214,24133
IR,RED,22218,24123
IR,RED,22200,24125
IR,RED,22212,24128
IR,RED,22205,24127
IR,RED,22207,24115
IR,RED,22212,24117
IR,RED,22209,24126
IR,RED,22208,24126
IR,RED,22209,24134
IR,RED,22205,24122
IR,RED,22206,24122
IR,RED,22208,24122
IR,RED,22204,24125
IR,RED,22203,24107
IR,RED,22198,24122
IR,RED,22197,24129
IR,RED,22191,24112
IR,RED,22193,24131
IR,RED,22190,24118
IR,RED,22200,24120
IR,RED,22201,24121
IR,RED,22200,24111
IR,RED,22187,24116
IR,RED,22191,24111
IR,RED,22188,24117
IR,RED,22190,24125
IR,RED,22193,24102
IR,RED,22198,24104
IR,RED,22186,24108
IR,RED,22194,24106
IR,RED,22194,24109
IR,RED,22194,24107
IR,RED,22189,24109
IR,RED,22182,24107
IR,RED,22179,24099
IR,RED,22187,24112
IR,RED,22186,24103
IR,RED,22189,24094
IR,RED,22189,24096
IR,RED,22185,24095
IR,RED,22184,24109
IR,RED,22183,24092
IR,RED,22181,24106
IR,RED,22184,24107
IR,RED,22178,24103
IR,RED,22183,24109
IR,RED,22183,24103
IR,RED,22186,24100
IR,RED,22187,24103
IR,RED,22187,24105
IR,RED,22192,24099
IR,RED,22182,24096
IR,RED,22178,24095
IR,RED,22194,24100
IR,RED,22184,24106
IR,RED,22184,24100
IR,RED,22189,24110
IR,RED,22189,24112
IR,RED,22183,24101
IR,RED,22178,24113
IR,RED,22183,24106
IR,RED,22180,24110
IR,RED,22176,24099
IR,RED,22176,24100
IR,RED,22177,24103
IR,RED,22173,24110
IR,RED,22183,24104
IR,RED,22178,24107
IR,RED,22171,24102
IR,RED,22170,24107
IR,RED,22173,24098
IR,RED,22179,24108
IR,RED,22182,24108
IR,RED,22176,24107
IR,RED,22168,24096
IR,RED,22171,24098
IR,RED,22163,24097
IR,RED,22164,24093
IR,RED,22173,24096
IR,RED,22166,24092
IR,RED,22163,24087
IR,RED,22162,24093
IR,RED,22167,24086
IR,RED,22155,24087
IR,RED,22168,24088
IR,RED,22156,24084
IR,RED,22163,24089
IR,RED,22164,24086
IR,RED,22167,24085
IR,RED,22157,24085
IR,RED,22147,24086
IR,RED,22155,24086
IR,RED,22159,24089
IR,RED,22159,24073
IR,RED,22147,24085
IR,RED,22153,24087
IR,RED,22156,24081
IR,RED,22159,24077
IR,RED,22155,24075
IR,RED,22160,24080
IR,RED,22154,24077
IR,RED,22145,24092
IR,RED,22149,24072
IR,RED,22153,24082
IR,RED,22138,24064
IR,RED,22146,24076
IR,RED,22146,24075
IR,RED,22149,24081
IR,RED,22149,24087
IR,RED,22145,24081
IR,RED,22144,24074
IR,RED,22142,24070
IR,RED,22147,24078
IR,RED,22143,24075
IR,RED,22140,24070
IR,RED,22151,24075
IR,RED,22137,24067
IR,RED,22145,24077
IR,RED,22141,24071
IR,RED,22156,24081
IR,RED,22153,24084
IR,RED,22143,24078
IR,RED,22134,24077
IR,RED,22141,24076
IR,RED,22147,24085
IR,RED,22136,24075
IR,RED,22137,24079
IR,RED,22141,24078
IR,RED,22142,24068
IR,RED,22146,24075
IR,RED,22150,24083
IR,RED,22140,24071
IR,RED,22147,24062
IR,RED,22145,24079
IR,RED,22148,24080
IR,RED,22150,24079
IR,RED,22143,24073
IR,RED,22133,24071
IR,RED,22146,24080
IR,RED,22132,24077
IR,RED,22143,24081
IR,RED,22143,24076
IR,RED,22140,24071
IR,RED,22135,24078
IR,RED,22129,24066
IR,RED,22141,24084
IR,RED,22138,24076
IR,RED,22137,24069
IR,RED,22142,24073
IR,RED,22130,24075
IR,RED,22135,24067
IR,RED,22134,24062
IR,RED,22124,24059
IR,RED,22134,24068
IR,RED,22119,24056
IR,RED,22124,24062
IR,RED,22121,24056
IR,RED,22119,24064
IR,RED,22120,24066
IR,RED,22125,24067
IR,RED,22122,24060
IR,RED,22121,24059
IR,RED,22123,24063
IR,RED,22118,24051
IR,RED,22120,24055
IR,RED,22123,24068
IR,RED,22124,24058
IR,RED,22115,24045
IR,RED,22112,24053
IR,RED,22117,24062
IR,RED,22124,24055
IR,RED,22111,24060
IR,RED,22122,24065
IR,RED,22112,24072
IR,RED,22111,24057
IR,RED,22121,24048
IR,RED,22109,24054
IR,RED,22110,24042
IR,RED,22106,24050
IR,RED,22106,24051
IR,RED,22119,24055
IR,RED,22109,24048
IR,RED,22109,24063
IR,RED,22103,24059
IR,RED,22103,24064
IR,RED,22100,24052
IR,RED,22101,24055
IR,RED,22104,24050
IR,RED,22096,24051
IR,RED,22103,24057
IR,RED,22102,24057
IR,RED,22094,24065
IR,RED,22105,24061
IR,RED,22108,24049
IR,RED,22099,24058
IR,RED,22093,24046
IR,RED,22107,24054
IR,RED,22094,24057
IR,RED,22093,24047
IR,RED,22099,24052
IR,RED,22092,24047
IR,RED,22103,24047
IR,RED,22101,24056
IR,RED,22092,24060
IR,RED,22100,24046
IR,RED,22087,24053
IR,RED,22093,24055
IR,RED,22092,24060
IR,RED,22094,24057
IR,RED,22095,24058
IR,RED,22101,24051
IR,RED,22090,24050
IR,RED,22092,24053
IR,RED,22094,24050
IR,RED,22086,24047
IR,RED,22101,24057
IR,RED,22095,24050
IR,RED,22094,24055
IR,RED,22099,24055
IR,RED,22084,24044
IR,RED,22086,24040
IR,RED,22079,24047
IR,RED,22089,24047
IR,RED,22084,24051
IR,RED,22085,24048
IR,RED,22070,24045
IR,RED,22086,24040
IR,RED,22079,24033
IR,RED,22087,24031
IR,RED,22085,24037
IR,RED,22081,24026
IR,RED,22082,24033
IR,RED,22088,24043
IR,RED,22075,24034
IR,RED,22071,24041
IR,RED,22082,24039
IR,RED,22083,24031
IR,RED,22075,24029
IR,RED,22071,24038
IR,RED,22077,24026
IR,RED,22076,24037
IR,RED,22067,24024
IR,RED,22078,24037
IR,RED,22073,24030
IR,RED,22078,24025
IR,RED,22073,24020
IR,RED,22060,24030
IR,RED,22066,24034
IR,RED,22065,24030
IR,RED,22061,24031
IR,RED,22077,24037
IR,RED,22068,24022
IR,RED,22067,24039
IR,RED,22064,24027
IR,RED,22062,24034
IR,RED,22061,24031
IR,RED,22052,24036
IR,RED,22065,24023
IR,RED,22068,24014
IR,RED,22064,24016
IR,RED,22070,24023
IR,RED,22064,24021
IR,RED,22063,24030
IR,RED,22064,24017
IR,RED,22067,24025
IR,RED,22056,24013
IR,RED,22067,24032
IR,RED,22067,24025
IR,RED,22053,24029
IR,RED,22052,24033
IR,RED,22052,24028
IR,RED,22059,24015
IR,RED,22062,24026
IR,RED,22057,24036
IR,RED,22062,24025
IR,RED,22057,24026
IR,RED,22055,24013
IR,RED,22058,24020
IR,RED,22050,24029
IR,RED,22065,24026
IR,RED,22059,24033
IR,RED,22056,24018
IR,RED,22047,24025
IR,RED,22054,24029
IR,RED,22054,24022
IR,RED,22058,24021
IR,RED,22053,24020
IR,RED,22054,24022
IR,RED,22050,24031
IR,RED,22048,24011
IR,RED,22046,24021
IR,RED,22054,24018
IR,RED,22056,24016
IR,RED,22037,24016
IR,RED,22036,24017
IR,RED,22042,24013
IR,RED,22034,24011
IR,RED,22036,24016
IR,RED,22040,24019
IR,RED,22051,24014
IR,RED,22035,24009
IR,RED,22035,24015
IR,RED,22031,24027
IR,RED,22041,24014
IR,RED,22042,24016
IR,RED,22031,24007
IR,RED,22034,24016
IR,RED,22029,24007
IR,RED,22033,24009
IR,RED,22037,24007
IR,RED,22041,24004
IR,RED,22025,24013
IR,RED,22027,24000
IR,RED,22029,24000
IR,RED,22031,24002
IR,RED,22027,24008
IR,RED,22014,24004
IR,RED,22020,23990
IR,RED,22028,24011
IR,RED,22033,24000
IR,RED,22029,24007
IR,RED,22025,24001
IR,RED,22031,24002
IR,RED,22016,24003
IR,RED,22022,23998
IR,RED,22026,23996
IR,RED,22020,23995
IR,RED,22031,23987
IR,RED,22024,24003
IR,RED,22023,24000
IR,RED,22019,24001
IR,RED,22025,24001
IR,RED,22018,23998
IR,RED,22018,23988
IR,RED,22012,23992
IR,RED,22018,23997
IR,RED,22016,23996
IR,RED,22015,23991
IR,RED,22017,23990
IR,RED,22016,23993
IR,RED,22005,23991
IR,RED,22011,23986
IR,RED,22010,23980
IR,RED,22009,23999
IR,RED,22009,23989
IR,RED,22009,23988
IR,RED,22019,23995
IR,RED,22016,23979
IR,RED,22017,23982
IR,RED,22004,23990
IR,RED,22013,23989
IR,RED,22001,23986
IR,RED,22006,23989
IR,RED,22005,23986
IR,RED,22018,23989
IR,RED,22008,23999
IR,RED,22013,23987
IR,RED,22006,24001
IR,RED,22008,23995
IR,RED,22015,23999
IR,RED,22003,23981
IR,RED,22012,23997
IR,RED,22006,23996
IR,RED,22005,23989
IR,RED,22007,23988
IR,RED,22014,23987
IR,RED,22003,23992
IR,RED,21999,23991
IR,RED,22000,23992
IR,RED,22001,23989
IR,RED,21997,23981
IR,RED,22002,23988
IR,RED,22018,23984
IR,RED,21999,23988
IR,RED,22006,23984
IR,RED,21994,23985
IR,RED,21998,23973
IR,RED,21995,23983
IR,RED,21998,23972
IR,RED,21986,23966
IR,RED,21982,23979
IR,RED,21972,23983
IR,RED,21986,23976
IR,RED,21991,23985
IR,RED,21989,23971
IR,RED,21980,23969
IR,RED,21985,23969
IR,RED,21982,23965
IR,RED,21981,23975
IR,RED,21986,23976
IR,RED,21993,23966
IR,RED,21990,23973
IR,RED,21990,23971
IR,RED,21968,23965
IR,RED,21980,23953
IR,RED,21972,23956
IR,RED,21963,23964
IR,RED,21966,23953
IR,RED,21973,23950
IR,RED,21965,23955
IR,RED,21971,23960
IR,RED,21967,23944
IR,RED,21968,23955
IR,RED,21959,23952
IR,RED,21951,23950
IR,RED,21965,23952
IR,RED,21953,23949
IR,RED,21962,23953
IR,RED,21969,23959
IR,RED,21963,23944
IR,RED,21949,23953
IR,RED,21967,23946
IR,RED,21962,23947
IR,RED,21961,23949
IR,RED,21964,23944
IR,RED,21958,23952
IR,RED,21970,23944
IR,RED,21953,23950
IR,RED,21964,23953
IR,RED,21949,23953
IR,RED,21953,23949
IR,RED,21954,23940
IR,RED,21955,23959
IR,RED,21947,23953
IR,RED,21955,23944
IR,RED,21945,23949
IR,RED,21950,23955
IR,RED,21952,23947
IR,RED,21953,23933
IR,RED,21947,23944
IR,RED,21941,23946
IR,RED,21943,23932
IR,RED,21945,23952
IR,RED,21950,23944
IR,RED,21941,23951
IR,RED,21949,23944
IR,RED,21944,23934
IR,RED,21950,23934
IR,RED,21956,23934
IR,RED,21947,23943
IR,RED,21960,23949
IR,RED,21949,23941
IR,RED,21946,23953
IR,RED,21950,23947
IR,RED,21957,23943
IR,RED,21944,23946
IR,RED,21956,23941
IR,RED,21936,23944
IR,RED,21944,23947
IR,RED,21935,23942
IR,RED,21942,23925
IR,RED,21930,23935
IR,RED,21941,23935
IR,RED,21940,23937
IR,RED,21938,23934
IR,RED,21942,23932
IR,RED,21927,23930
IR,RED,21937,23939
IR,RED,21937,23934
IR,RED,21937,23927
IR,RED,21939,23924
IR,RED,21926,23934
IR,RED,21929,23922
IR,RED,21928,23930
IR,RED,21926,23933
IR,RED,21927,23934
IR,RED,21916,23924
IR,RED,21933,23928
IR,RED,21922,23923
IR,RED,21924,23936
IR,RED,21920,23929
IR,RED,21926,23916
IR,RED,21917,23922
IR,RED,21909,23924
IR,RED,21925,23925
IR,RED,21917,23924
IR,RED,21900,23913
IR,RED,21904,23923
IR,RED,21907,23906
IR,RED,21905,23897
IR,RED,21912,23905
IR,RED,21908,23906
IR,RED,21911,23911
IR,RED,21912,23903
IR,RED,21910,23903
IR,RED,21914,23909
IR,RED,21913,23904
IR,RED,21911,23913
IR,RED,21911,23918
IR,RED,21911,23909
IR,RED,21907,23914
IR,RED,21904,23913
IR,RED,21907,23916
IR,RED,21902,23920
IR,RED,21900,23914
IR,RED,21920,23911
IR,RED,21911,23918
IR,RED,21907,23906
IR,RED,21902,23921
IR,RED,21901,23908
IR,RED,21908,23915
IR,RED,21902,23917
IR,RED,21909,23920
IR,RED,21903,23911
IR,RED,21905,23909
IR,RED,21912,23924
IR,RED,21900,23926
IR,RED,21902,23916
IR,RED,21905,23919
IR,RED,21908,23913
IR,RED,21906,23917
IR,RED,21909,23909
IR,RED,21913,23910
IR,RED,21903,23922
IR,RED,21909,23911
IR,RED,21901,23914
IR,RED,21908,23918
IR,RED,21914,23910
IR,RED,21901,23912
IR,RED,21890,23911
IR,RED,21904,23904
IR,RED,21909,23915
IR,RED,21905,23917
IR,RED,21911,23914
IR,RED,21903,23911
IR,RED,21899,23906
IR,RED,21898,23909
IR,RED,21900,23895
IR,RED,21893,23904
IR,RED,21898,23905
IR,RED,21885,23895
IR,RED,21882,23910
IR,RED,21886,23902
IR,RED,21886,23905
IR,RED,21881,23898
IR,RED,21891,23897
IR,RED,21892,23897
IR,RED,21888,23901
IR,RED,21886,23903
IR,RED,21901,23908
IR,RED,21894,23905
IR,RED,21892,23898
IR,RED,21887,23891
IR,RED,21877,23886
IR,RED,21882,23904
IR,RED,21886,23893
IR,RED,21900,23889
IR,RED,21880,23891
IR,RED,21875,23903
IR,RED,21893,23891
IR,RED,21889,23899
IR,RED,21874,23891
IR,RED,21882,23895
IR,RED,21883,23884
IR,RED,21885,23887
IR,RED,21883,23893
IR,RED,21877,23886
IR,RED,21881,23891
IR,RED,21884,23886
IR,RED,21881,23894
IR,RED,21875,23884
IR,RED,21879,23890
IR,RED,21870,23893
IR,RED,21879,23893
IR,RED,21867,23891
IR,RED,21874,23877
IR,RED,21871,23887
IR,RED,21870,23887
IR,RED,21869,23885
IR,RED,21876,23882
IR,RED,21873,23881
IR,RED,21860,23886
IR,RED,21867,23880
IR,RED,21869,23881
IR,RED,21874,23875
IR,RED,21873,23887
IR,RED,21862,23888
IR,RED,21866,23891
IR,RED,21871,23882
IR,RED,21864,23887
IR,RED,21855,23889
IR,RED,21865,23881
IR,RED,21864,23884
IR,RED,21863,23885
IR,RED,21853,23887
IR,RED,21870,23882
IR,RED,21862,23878
IR,RED,21870,23882
IR,RED,21870,23884
IR,RED,21865,23888
IR,RED,21858,23884
IR,RED,21862,23894
IR,RED,21858,23882
IR,RED,21851,23872
IR,RED,21874,23877
IR,RED,21860,23876
IR,RED,21858,23881
IR,RED,21863,23877
IR,RED,21853,23877
IR,RED,21859,23881
IR,RED,21863,23875
IR,RED,21850,23873
IR,RED,21867,23880
IR,RED,21861,23868
IR,RED,21853,23862
IR,RED,21856,23861
IR,RED,21848,23863
IR,RED,21852,23864
IR,RED,21857,23863
IR,RED,21842,23870
IR,RED,21848,23843
IR,RED,21848,23850
IR,RED,21850,23854
IR,RED,21848,23864
IR,RED,21849,23865
IR,RED,21855,23864
IR,RED,21864,23861
IR,RED,21842,23861
IR,RED,21841,23858
IR,RED,21844,23870
IR,RED,21848,23857
IR,RED,21840,23858
IR,RED,21844,23863
IR,RED,21845,23860
IR,RED,21837,23867
IR,RED,21844,23864
IR,RED,21835,23867
IR,RED,21831,23852
IR,RED,21837,23845
IR,RED,21833,23860
IR,RED,21843,23854
IR,RED,21831,23858
IR,RED,21826,23857
IR,RED,21835,23857
IR,RED,21836,23859
IR,RED,21841,23857
IR,RED,21824,23852
IR,RED,21837,23849
IR,RED,21832,23853
IR,RED,21834,23858
IR,RED,21823,23843
IR,RED,21823,23854
IR,RED,21837,23848
IR,RED,21828,23845
IR,RED,21830,23853
IR,RED,21829,23847
IR,RED,21833,23846
IR,RED,21830,23840
IR,RED,21830,23844
IR,RED,21832,23850
IR,RED,21817,23837
IR,RED,21827,23839
IR,RED,21833,23842
IR,RED,21831,23855
IR,RED,21833,23854
IR,RED,21824,23850
IR,RED,21820,23850
IR,RED,21818,23844
IR,RED,21821,23852
IR,RED,21816,23864
IR,RED,21816,23859
IR,RED,21823,23857
IR,RED,21812,23852
IR,RED,21819,23850
IR,RED,21813,23841
IR,RED,21812,23844
IR,RED,21817,23843
IR,RED,21818,23843
IR,RED,21812,23840
IR,RED,21820,23851
IR,RED,21806,23837
IR,RED,21805,23837
IR,RED,21813,23841
IR,RED,21800,23829
IR,RED,21804,23830
IR,RED,21802,23832
IR,RED,21807,23840
IR,RED,21805,23832
IR,RED,21795,23837
IR,RED,21793,23818
IR,RED,21796,23832
IR,RED,21813,23813
IR,RED,21804,23828
IR,RED,21804,23826
IR,RED,21807,23811
IR,RED,21787,23825
IR,RED,21800,23819
IR,RED,21799,23825
IR,RED,21792,23825
IR,RED,21792,23824
IR,RED,21807,23821
IR,RED,21802,23824
IR,RED,21795,23826
IR,RED,21800,23812
IR,RED,21795,23817
IR,RED,21791,23831
IR,RED,21795,23825
IR,RED,21799,23813
IR,RED,21795,23812
IR,RED,21791,23824
IR,RED,21789,23816
IR,RED,21796,23817
IR,RED,21782,23812
IR,RED,21788,23810
IR,RED,21788,23812
IR,RED,21801,23814
IR,RED,21787,23822
IR,RED,21795,23818
IR,RED,21787,23810
IR,RED,21791,23810
IR,RED,21789,23813
IR,RED,21784,23803
IR,RED,21793,23820
IR,RED,21791,23815
IR,RED,21786,23819
IR,RED,21786,23810
IR,RED,21789,23807
IR,RED,21787,23809
IR,RED,21786,23805
IR,RED,21780,23800
IR,RED,21786,23802
IR,RED,21781,23799
IR,RED,21787,23804
IR,RED,21782,23814
IR,RED,21785,23816
IR,RED,21783,23814
IR,RED,21779,23811
IR,RED,21777,23804
IR,RED,21767,23806
IR,RED,21773,23795
IR,RED,21774,23799
IR,RED,21769,23806
IR,RED,21771,23799
IR,RED,21773,23805
IR,RED,21772,23808
IR,RED,21765,23800
IR,RED,21763,23807
IR,RED,21766,23792
IR,RED,21765,23800
IR,RED,21771,23806
IR,RED,21775,23801
IR,RED,21774,23798
IR,RED,21765,23795
IR,RED,21766,23811
IR,RED,21767,23787
IR,RED,21768,23801
IR,RED,21764,23793
IR,RED,21758,23790
IR,RED,21760,23779
IR,RED,21760,23793
IR,RED,21766,23783
IR,RED,21757,23788
IR,RED,21754,23782
IR,RED,21756,23781
IR,RED,21753,23789
IR,RED,21751,23773
IR,RED,21757,23783
IR,RED,21756,23784
IR,RED,21760,23790
IR,RED,21751,23773
IR,RED,21753,23786
IR,RED,21757,23775
IR,RED,21752,23778
IR,RED,21754,23772
IR,RED,21750,23776
IR,RED,21756,23790
IR,RED,21744,23777
IR,RED,21747,23782
IR,RED,21748,23786
IR,RED,21753,23772
IR,RED,21742,23779
IR,RED,21751,23782
IR,RED,21752,23775
IR,RED,21741,23769
IR,RED,21737,23766
IR,RED,21743,23769
IR,RED,21733,23771
IR,RED,21747,23771
IR,RED,21748,23766
IR,RED,21746,23769
IR,RED,21744,23774
IR,RED,21743,23778
IR,RED,21756,23759
IR,RED,21745,23758
IR,RED,21736,23762
IR,RED,21750,23766
IR,RED,21750,23767
IR,RED,21741,23762
IR,RED,21738,23764
IR,RED,21734,23769
IR,RED,21741,23763
IR,RED,21736,23769
IR,RED,21739,23777
IR,RED,21739,23768
IR,RED,21747,23771
IR,RED,21743,23765
IR,RED,21737,23762
IR,RED,21747,23758
IR,RED,21739,23762
IR,RED,21737,23761
IR,RED,21725,23766
IR,RED,21727,23772
IR,RED,21734,23759
IR,RED,21739,23755
IR,RED,21736,23751
IR,RED,21740,23759
IR,RED,21732,23759
IR,RED,21724,23752
IR,RED,21731,23756
IR,RED,21723,23758
IR,RED,21723,23758
IR,RED,21731,23765
IR,RED,21730,23757
IR,RED,21732,23760
IR,RED,21724,23759
IR,RED,21727,23756
IR,RED,21726,23745
IR,RED,21735,23750
IR,RED,21733,23756
IR,RED,21722,23741
IR,RED,21722,23742
IR,RED,21722,23739
IR,RED,21725,23737
IR,RED,21730,23755
IR,RED,21720,23744
IR,RED,21709,23736
IR,RED,21713,23747
IR,RED,21714,23741
IR,RED,21721,23730
IR,RED,21719,23735
IR,RED,21710,23740
IR,RED,21712,23737
IR,RED,21708,23742
IR,RED,21703,23744
IR,RED,21715,23731
IR,RED,21707,23740
IR,RED,21715,23737
IR,RED,21711,23732
IR,RED,21709,23726
IR,RED,21706,23729
IR,RED,21704,23728
IR,RED,21707,23727
IR,RED,21709,23728
IR,RED,21713,23719
IR,RED,21695,23736
IR,RED,21701,23726
IR,RED,21697,23728
IR,RED,21701,23728
IR,RED,21699,23728
IR,RED,21705,23721
IR,RED,21704,23727
IR,RED,21695,23734
IR,RED,21705,23727
IR,RED,21709,23720
IR,RED,21699,23730
IR,RED,21714,23712
IR,RED,21706,23724
IR,RED,21701,23714
IR,RED,21693,23714
IR,RED,21697,23720
IR,RED,21700,23725
IR,RED,21704,23720
IR,RED,21696,23703
IR,RED,21704,23724
IR,RED,21699,23727
IR,RED,21690,23717
IR,RED,21689,23714
IR,RED,21692,23711
IR,RED,21686,23717
IR,RED,21691,23724
IR,RED,21687,23710
IR,RED,21687,23717
IR,RED,21691,23709
IR,RED,21682,23711
IR,RED,21681,23709
IR,RED,21695,23706
IR,RED,21687,23712
IR,RED,21687,23699
IR,RED,21695,23704
IR,RED,21687,23714
IR,RED,21682,23710
IR,RED,21683,23702
IR,RED,21680,23709
IR,RED,21682,23704
IR,RED,21682,23699
IR,RED,21681,23697
IR,RED,21690,23701
IR,RED,21684,23696
IR,RED,21681,23679
IR,RED,21684,23701
IR,RED,21680,23692
IR,RED,21682,23691
IR,RED,21670,23696
IR,RED,21676,23689
IR,RED,21686,23699
IR,RED,21684,23706
IR,RED,21671,23687
IR,RED,21673,23695
IR,RED,21677,23699
IR,RED,21668,23699
IR,RED,21657,23692
IR,RED,21666,23694
IR,RED,21676,23692
IR,RED,21668,23689
IR,RED,21669,23688
IR,RED,21668,23687
IR,RED,21678,23686
IR,RED,21668,23684
IR,RED,21669,23677
IR,RED,21668,23700
IR,RED,21659,23687
IR,RED,21661,23682
IR,RED,21666,23674
IR,RED,21656,23677
IR,RED,21663,23676
IR,RED,21657,23674
IR,RED,21666,23677
IR,RED,21654,23691
IR,RED,21656,23678
IR,RED,21649,23681
IR,RED,21665,23690
IR,RED,21659,23676
IR,RED,21665,23681
IR,RED,21662,23677
IR,RED,21664,23681
IR,RED,21662,23680
IR,RED,21662,23671
IR,RED,21660,23674
IR,RED,21659,23671
IR,RED,21662,23680
IR,RED,21662,23682
IR,RED,21666,23677
IR,RED,21657,23684
IR,RED,21651,23679
IR,RED,21659,23678
IR,RED,21662,23673
IR,RED,21661,23659
IR,RED,21650,23672
IR,RED,21656,23673
IR,RED,21663,23677
IR,RED,21662,23681
IR,RED,21662,23675
IR,RED,21660,23674
IR,RED,21649,23670
IR,RED,21660,23668
IR,RED,21646,23675
IR,RED,21648,23671
IR,RED,21647,23670
IR,RED,21657,23662
IR,RED,21643,23659
IR,RED,21640,23655
IR,RED,21648,23656
IR,RED,21643,23675
IR,RED,21648,23666
IR,RED,21651,23665
IR,RED,21640,23667
IR,RED,21645,23656
IR,RED,21631,23656
IR,RED,21644,23650
IR,RED,21647,23649
IR,RED,21632,23663
IR,RED,21643,23650
IR,RED,21635,23646
IR,RED,21644,23648
IR,RED,21639,23649
IR,RED,21646,23659
IR,RED,21639,23653
IR,RED,21635,23654
IR,RED,21648,23646
IR,RED,21636,23646
IR,RED,21634,23642
IR,RED,21632,23634
IR,RED,21632,23641
IR,RED,21637,23639
IR,RED,21641,23635
IR,RED,21631,23648
IR,RED,21631,23643
IR,RED,21620,23645
IR,RED,21627,23631
IR,RED,21627,23635
IR,RED,21624,23634
IR,RED,21627,23629
IR,RED,21616,23643
IR,RED,21626,23638
IR,RED,21630,23638
IR,RED,21624,23634
IR,RED,21619,23635
IR,RED,21626,23629
IR,RED,21624,23634
IR,RED,21622,23632
IR,RED,21624,23632
IR,RED,21628,23623
IR,RED,21625,23627
IR,RED,21618,23637
IR,RED,21605,23624
IR,RED,21616,23631
IR,RED,21612,23626
IR,RED,21614,23630
IR,RED,21617,23634
IR,RED,21619,23636
IR,RED,21614,23629
IR,RED,21607,23630
IR,RED,21616,23634
IR,RED,21610,23629
IR,RED,21619,23634
IR,RED,21605,23627
IR,RED,21609,23633
IR,RED,21604,23627
IR,RED,21610,23637
IR,RED,21609,23634
IR,RED,21607,23630
IR,RED,21603,23626
IR,RED,21601,23627
IR,RED,21612,23624
IR,RED,21608,23622
IR,RED,21611,23624
IR,RED,21607,23613
IR,RED,21608,23631
IR,RED,21604,23628
IR,RED,21592,23626
IR,RED,21592,23616
IR,RED,21593,23617
IR,RED,21593,23616
IR,RED,21595,23611
IR,RED,21591,23617
IR,RED,21604,23617
IR,RED,21594,23611
IR,RED,21609,23606
IR,RED,21598,23610
IR,RED,21601,23615
IR,RED,21590,23616
IR,RED,21593,23611
IR,RED,21579,23610
IR,RED,21598,23599
IR,RED,21592,23596
IR,RED,21590,23603
IR,RED,21589,23607
IR,RED,21588,23605
IR,RED,21587,23596
IR,RED,21585,23584
IR,RED,21588,23602
IR,RED,21591,23606
IR,RED,21586,23609
IR,RED,21583,23589
IR,RED,21592,23595
IR,RED,21582,23594
IR,RED,21591,23595
IR,RED,21585,23599
IR,RED,21585,23589
IR,RED,21585,23594
IR,RED,21589,23595
IR,RED,21584,23594
IR,RED,21579,23594
IR,RED,21581,23586
IR,RED,21574,23592
IR,RED,21586,23593
IR,RED,21579,23589
IR,RED,21577,23600
IR,RED,21582,23591
IR,RED,21584,23597
IR,RED,21582,23590
IR,RED,21585,23600
IR,RED,21575,23583
IR,RED,21569,23598
IR,RED,21576,23590
IR,RED,21576,23596
IR,RED,21577,23589
IR,RED,21578,23588
IR,RED,21569,23587
IR,RED,21574,23595
IR,RED,21579,23591
IR,RED,21581,23588
IR,RED,21571,23585
IR,RED,21577,23600
IR,RED,21577,23587
IR,RED,21573,23592
IR,RED,21574,23585
IR,RED,21564,23588
IR,RED,21570,23596
IR,RED,21582,23583
IR,RED,21576,23597
IR,RED,21565,23584
IR,RED,21569,23591
IR,RED,21568,23586
IR,RED,21573,23582
IR,RED,21581,23586
IR,RED,21565,23573
IR,RED,21564,23577
IR,RED,21568,23556
IR,RED,21563,23576
IR,RED,21560,23569
IR,RED,21561,23569
IR,RED,21562,23571
IR,RED,21558,23561
IR,RED,21562,23566
IR,RED,21556,23568
IR,RED,21559,23566
IR,RED,21559,23559
IR,RED,21560,23562
IR,RED,21568,23561
IR,RED,21561,23551
IR,RED,21556,23549
IR,RED,21551,23562
IR,RED,21552,23566
IR,RED,21563,23558
IR,RED,21543,23546
IR,RED,21550,23557
IR,RED,21554,23557
IR,RED,21553,23554
IR,RED,21556,23557
IR,RED,21548,23554
IR,RED,21554,23541
IR,RED,21555,23547
IR,RED,21543,23540
IR,RED,21543,23547
IR,RED,21540,23548
IR,RED,21545,23543
IR,RED,21545,23542
IR,RED,21541,23543
IR,RED,21536,23532
IR,RED,21536,23530
IR,RED,21539,23546
IR,RED,21544,23537
IR,RED,21543,23535
IR,RED,21546,23551
IR,RED,21541,23541
IR,RED,21532,23544
IR,RED,21537,23537
IR,RED,21532,23532
IR,RED,21544,23541
IR,RED,21535,23535
IR,RED,21548,23553
IR,RED,21541,23545
IR,RED,21530,23536
IR,RED,21539,23540
IR,RED,21539,23533
IR,RED,21535,23531
IR,RED,21541,23549
IR,RED,21533,23533
IR,RED,21533,23525
IR,RED,21536,23532
IR,RED,21535,23537
IR,RED,21534,23534
IR,RED,21530,23534
IR,RED,21537,23538
IR,RED,21527,23529
IR,RED,21534,23530
IR,RED,21523,23526
IR,RED,21539,23523
IR,RED,21532,23532
IR,RED,21531,23533
IR,RED,21528,23535
IR,RED,21532,23522
IR,RED,21533,23533
IR,RED,21519,23521
IR,RED,21520,23527
IR,RED,21524,23522
IR,RED,21512,23514
IR,RED,21516,23528
IR,RED,21515,23527
IR,RED,21521,23517
IR,RED,21529,23528
IR,RED,21510,23517
IR,RED,21514,23515
IR,RED,21512,23509
IR,RED,21502,23515
IR,RED,21503,23506
IR,RED,21510,23504
IR,RED,21506,23506
IR,RED,21506,23506
IR,RED,21500,23493
IR,RED,21500,23492
IR,RED,21504,23493
IR,RED,21512,23500
IR,RED,21511,23499
IR,RED,21507,23495
IR,RED,21511,23490
IR,RED,21513,23490
IR,RED,21515,23501
IR,RED,21511,23495
IR,RED,21516,23495
IR,RED,21508,23491
IR,RED,21504,23504
IR,RED,21500,23505
IR,RED,21501,23493
IR,RED,21508,23503
IR,RED,21502,23503
IR,RED,21505,23503
IR,RED,21495,23505
IR,RED,21497,23502
IR,RED,21492,23494
IR,RED,21498,23497
IR,RED,21500,23494
IR,RED,21501,23508
IR,RED,21489,23497
IR,RED,21509,23490
IR,RED,21493,23494
IR,RED,21493,23497
IR,RED,21491,23500
IR,RED,21489,23480
IR,RED,21492,23490
IR,RED,21493,23485
IR,RED,21492,23482
IR,RED,21496,23487
IR,RED,21497,23486
IR,RED,21490,23485
IR,RED,21496,23487
IR,RED,21483,23494
IR,RED,21499,23484
IR,RED,21492,23495
IR,RED,21495,23493
IR,RED,21495,23493
IR,RED,21493,23478
IR,RED,21490,23497
IR,RED,21484,23480
IR,RED,21491,23479
IR,RED,21494,23485
IR,RED,21492,23489
IR,RED,21494,23484
IR,RED,21482,23484
IR,RED,21486,23492
IR,RED,21482,23488
IR,RED,21489,23492
IR,RED,21479,23479
IR,RED,21476,23473
IR,RED,21491,23483
IR,RED,21481,23482
IR,RED,21484,23496
IR,RED,21477,23495
IR,RED,21481,23475
IR,RED,21477,23491
IR,RED,21472,23475
IR,RED,21475,23488
IR,RED,21462,23469
IR,RED,21469,23478
IR,RED,21467,23472
IR,RED,21471,23482
IR,RED,21472,23482
IR,RED,21470,23469
IR,RED,21469,23471
IR,RED,21471,23477
IR,RED,21465,23467
IR,RED,21465,23455
IR,RED,21462,23463
IR,RED,21467,23456
IR,RED,21468,23451
IR,RED,21456,23453
IR,RED,21469,23464
IR,RED,21464,23456
IR,RED,21466,23456
IR,RED,21454,23458
IR,RED,21467,23459
IR,RED,21457,23456
IR,RED,21452,23465
IR,RED,21473,23459
IR,RED,21459,23459
IR,RED,21472,23460
IR,RED,21457,23464
IR,RED,21456,23451
IR,RED,21464,23456
IR,RED,21447,23449
IR,RED,21455,23457
IR,RED,21457,23448
IR,RED,21453,23453
IR,RED,21459,23446
IR,RED,21449,23454
IR,RED,21454,23463
IR,RED,21453,23449
IR,RED,21450,23448
IR,RED,21461,23445
IR,RED,21446,23452
IR,RED,21449,23445
IR,RED,21435,23443
IR,RED,21446,23450
IR,RED,21449,23453
IR,RED,21445,23452
IR,RED,21441,23461
IR,RED,21447,23447
IR,RED,21448,23448
IR,RED,21448,23446
IR,RED,21464,23449
IR,RED,21457,23452
IR,RED,21449,23458
IR,RED,21450,23448
IR,RED,21454,23458
IR,RED,21446,23441
IR,RED,21442,23445
IR,RED,21443,23448
IR,RED,21442,23430
IR,RED,21443,23433
IR,RED,21453,23443
IR,RED,21448,23439
IR,RED,21445,23434
IR,RED,21447,23447
IR,RED,21445,23433
IR,RED,21443,23439
IR,RED,21447,23434
IR,RED,21443,23447
IR,RED,21445,23443
IR,RED,21443,23441
IR,RED,21440,23440
IR,RED,21443,23428
IR,RED,21452,23441
IR,RED,21447,23442
IR,RED,21445,23451
IR,RED,21452,23444
IR,RED,21439,23448
IR,RED,21455,23441
IR,RED,21443,23438
IR,RED,21443,23433
IR,RED,21447,23444
IR,RED,21437,23427
IR,RED,21444,23431
IR,RED,21437,23440
IR,RED,21438,23420
IR,RED,21435,23424
IR,RED,21439,23430
IR,RED,21433,23432
IR,RED,21440,23433
IR,RED,21428,23425
IR,RED,21432,23428
IR,RED,21433,23429
IR,RED,21425,23430
IR,RED,21433,23421
IR,RED,21423,23425
IR,RED,21431,23422
IR,RED,21431,23411
IR,RED,21425,23409
IR,RED,21410,23426
IR,RED,21429,23415
IR,RED,21420,23419
IR,RED,21426,23422
IR,RED,21423,23415
IR,RED,21425,23424
IR,RED,21420,23421
IR,RED,21429,23422
IR,RED,21419,23415
IR,RED,21426,23421
IR,RED,21425,23413
IR,RED,21422,23410
IR,RED,21416,23411
IR,RED,21429,23417
IR,RED,21426,23422
IR,RED,21417,23414
IR,RED,21421,23417
IR,RED,21419,23415
IR,RED,21420,23410
IR,RED,21424,23413
IR,RED,21416,23417
IR,RED,21421,23410
IR,RED,21422,23409
IR,RED,21415,23414
IR,RED,21410,23413
IR,RED,21417,23409
IR,RED,21413,23412
IR,RED,21403,23407
IR,RED,21420,23400
IR,RED,21419,23415
IR,RED,21421,23412
IR,RED,21415,23406
IR,RED,21400,23418
IR,RED,21408,23404
IR,RED,21416,23408
IR,RED,21417,23411
IR,RED,21416,23412
IR,RED,21414,23409
IR,RED,21425,23411
IR,RED,21414,23421
IR,RED,21416,23405
IR,RED,21420,23398
IR,RED,21413,23404
IR,RED,21414,23412
IR,RED,21423,23412
IR,RED,21416,23412
IR,RED,21417,23405
IR,RED,21405,23414
IR,RED,21404,23409
IR,RED,21413,23418
IR,RED,21409,23406
IR,RED,21415,23401
IR,RED,21412,23415
IR,RED,21420,23408
IR,RED,21411,23404
IR,RED,21408,23406
IR,RED,21410,23408
IR,RED,21408,23408
IR,RED,21403,23405
IR,RED,21398,23405
IR,RED,21411,23397
IR,RED,21408,23402
IR,RED,21415,23405
IR,RED,21395,23390
IR,RED,21401,23392
IR,RED,21386,23379
IR,RED,21401,23386
IR,RED,21393,23387
IR,RED,21403,23398
IR,RED,21402,23395
IR,RED,21395,23393
IR,RED,21391,23391
IR,RED,21391,23400
IR,RED,21395,23389
IR,RED,21392,23390
IR,RED,21394,23385
IR,RED,21393,23395
IR,RED,21391,23378
IR,RED,21401,23381
IR,RED,21391,23379
IR,RED,21395,23370
IR,RED,21394,23382
IR,RED,21391,23384
IR,RED,21395,23384
IR,RED,21388,23378
IR,RED,21394,23378
IR,RED,21387,23375
IR,RED,21386,23373
IR,RED,21392,23379
IR,RED,21388,23363
IR,RED,21383,23367
IR,RED,21387,23366
IR,RED,21383,23377
IR,RED,21372,23378
IR,RED,21379,23375
IR,RED,21370,23378
IR,RED,21370,23371
IR,RED,21380,23368
IR,RED,21378,23366
IR,RED,21384,23375
IR,RED,21386,23368
IR,RED,21380,23374
IR,RED,21379,23381
IR,RED,21386,23383
IR,RED,21384,23361
IR,RED,21381,23367
IR,RED,21384,23378
IR,RED,21364,23370
IR,RED,21372,23364
IR,RED,21383,23369
IR,RED,21375,23376
IR,RED,21381,23361
IR,RED,21375,23374
IR,RED,21378,23373
IR,RED,21370,23371
IR,RED,21369,23372
IR,RED,21362,23361
IR,RED,21368,23360
IR,RED,21373,23368
IR,RED,21370,23366
IR,RED,21379,23379
IR,RED,21371,23364
IR,RED,21382,23371
IR,RED,21372,23369
IR,RED,21369,23370
IR,RED,21368,23367
IR,RED,21369,23362
IR,RED,21370,23372
IR,RED,21365,23364
IR,RED,21363,23373
IR,RED,21367,23361
IR,RED,21353,23372
IR,RED,21363,23368
IR,RED,21363,23363
IR,RED,21359,23375
IR,RED,21364,23371
IR,RED,21363,23366
IR,RED,21348,23362
IR,RED,21356,23366
IR,RED,21350,23375
IR,RED,21359,23369
IR,RED,21352,23364
IR,RED,21358,23348
IR,RED,21351,23362
IR,RED,21350,23355
IR,RED,21355,23351
IR,RED,21348,23351
IR,RED,21355,23346
IR,RED,21350,23346
IR,RED,21352,23352
IR,RED,21348,23336
IR,RED,21353,23345
IR,RED,21349,23345
IR,RED,21345,23340
IR,RED,21342,23344
IR,RED,21346,23342
IR,RED,21339,23347
IR,RED,21343,23330
IR,RED,21332,23343
IR,RED,21334,23351
IR,RED,21336,23344
IR,RED,21338,23338
IR,RED,21343,23351
IR,RED,21329,23345
IR,RED,21338,23335
IR,RED,21331,23338
IR,RED,21331,23337
IR,RED,21338,23318
IR,RED,21333,23324
IR,RED,21328,23334
IR,RED,21324,23332
IR,RED,21319,23332
IR,RED,21315,23314
IR,RED,21319,23321
IR,RED,21329,23319
IR,RED,21332,23321
IR,RED,21324,23321
IR,RED,21319,23324
IR,RED,21330,23324
IR,RED,21321,23330
IR,RED,21323,23320
IR,RED,21327,23327
IR,RED,21326,23323
IR,RED,21335,23335
IR,RED,21326,23334
IR,RED,21319,23335
IR,RED,21320,23334
IR,RED,21325,23327
IR,RED,21322,23329
IR,RED,21329,23330
IR,RED,21322,23322
IR,RED,21322,23314
IR,RED,21326,23325
IR,RED,21315,23331
IR,RED,21323,23338
IR,RED,21324,23328
IR,RED,21328,23337
IR,RED,21322,23331
IR,RED,21321,23333
IR,RED,21318,23334
IR,RED,21319,23324
IR,RED,21318,23328
IR,RED,21321,23335
IR,RED,21319,23326
IR,RED,21326,23321
IR,RED,21329,23334
IR,RED,21328,23325
IR,RED,21323,23327
IR,RED,21323,23326
IR,RED,21320,23323
IR,RED,21316,23338
IR,RED,21315,23332
IR,RED,21309,23327
IR,RED,21317,23312
IR,RED,21326,23317
IR,RED,21319,23321
IR,RED,21314,23310
IR,RED,21329,23316
IR,RED,21316,23310
IR,RED,21319,23311
IR,RED,21323,23314
IR,RED,21318,23311
IR,RED,21313,23302
IR,RED,21309,23318
IR,RED,21307,23303
IR,RED,21312,23311
IR,RED,21312,23319
IR,RED,21304,23311
IR,RED,21312,23305
IR,RED,21312,23310
IR,RED,21307,23305
IR,RED,21295,23304
IR,RED,21295,23313
IR,RED,21300,23311
IR,RED,21304,23304
IR,RED,21301,23305
IR,RED,21300,23304
IR,RED,21299,23301
IR,RED,21296,23304
IR,RED,21300,23313
IR,RED,21292,23302
IR,RED,21293,23303
IR,RED,21307,23299
IR,RED,21289,23310
IR,RED,21297,23299
IR,RED,21292,23291
IR,RED,21298,23289
IR,RED,21293,23297
IR,RED,21303,23298
IR,RED,21305,23308
IR,RED,21296,23298
IR,RED,21298,23298
IR,RED,21299,23301
IR,RED,21293,23298
IR,RED,21288,23297
IR,RED,21287,23295
IR,RED,21292,23297
IR,RED,21278,23290
IR,RED,21280,23298
IR,RED,21287,23290
IR,RED,21284,23294
IR,RED,21277,23294
IR,RED,21287,23292
IR,RED,21290,23287
IR,RED,21291,23282
IR,RED,21287,23291
IR,RED,21287,23289
IR,RED,21293,23298
IR,RED,21281,23293
IR,RED,21286,23285
IR,RED,21287,23290
IR,RED,21287,23291
IR,RED,21278,23285
IR,RED,21282,23293
IR,RED,21273,23291
IR,RED,21276,23291
IR,RED,21292,23282
IR,RED,21285,23286
IR,RED,21276,23283
IR,RED,21284,23290
IR,RED,21281,23279
IR,RED,21278,23285
IR,RED,21282,23283
IR,RED,21278,23281
IR,RED,21273,23281
IR,RED,21273,23281
IR,RED,21275,23270
IR,RED,21276,23278
IR,RED,21275,23269
IR,RED,21275,23275
IR,RED,21272,23264
IR,RED,21270,23279
IR,RED,21262,23268
IR,RED,21263,23268
IR,RED,21268,23266
IR,RED,21261,23261
IR,RED,21276,23271
IR,RED,21277,23275
IR,RED,21268,23268
IR,RED,21268,23268
IR,RED,21269,23272
IR,RED,21270,23257
IR,RED,21261,23261
IR,RED,21249,23262
IR,RED,21263,23267
IR,RED,21264,23269
IR,RED,21261,23266
IR,RED,21254,23262
IR,RED,21255,23269
IR,RED,21256,23261
IR,RED,21259,23257
IR,RED,21255,23262
IR,RED,21250,23255
IR,RED,21259,23261
IR,RED,21255,23256
IR,RED,21250,23254
IR,RED,21245,23258
IR,RED,21250,23269
IR,RED,21254,23254
IR,RED,21252,23253
IR,RED,21260,23256
IR,RED,21250,23261
IR,RED,21250,23260
IR,RED,21256,23252
IR,RED,21250,23255
IR,RED,21253,23250
IR,RED,21259,23253
IR,RED,21247,23269
IR,RED,21251,23254
IR,RED,21241,23259
IR,RED,21250,23253
IR,RED,21252,23257
IR,RED,21245,23254
IR,RED,21240,23260
IR,RED,21246,23262
IR,RED,21238,23260
IR,RED,21245,23254
IR,RED,21249,23256
IR,RED,21232,23250
IR,RED,21248,23260
IR,RED,21249,23248
IR,RED,21239,23256
IR,RED,21247,23261
IR,RED,21244,23267
IR,RED,21230,23258
IR,RED,21236,23267
IR,RED,21236,23254
IR,RED,21239,23247
IR,RED,21237,23251
IR,RED,21235,23262
IR,RED,21238,23262
IR,RED,21242,23260
IR,RED,21238,23250
IR,RED,21236,23256
IR,RED,21235,23257
IR,RED,21237,23253
IR,RED,21223,23246
IR,RED,21229,23246
IR,RED,21240,23240
IR,RED,21228,23234
IR,RED,21227,23233
IR,RED,21225,23223
IR,RED,21228,23226
IR,RED,21224,23240
IR,RED,21221,23237
IR,RED,21229,23224
IR,RED,21219,23232
IR,RED,21227,23225
IR,RED,21227,23237
IR,RED,21219,23229
IR,RED,21217,23235
IR,RED,21222,23230
IR,RED,21221,23229
IR,RED,21214,23232
IR,RED,21216,23227
IR,RED,21213,23227
IR,RED,21212,23221
IR,RED,21212,23231
IR,RED,21219,23224
IR,RED,21211,23221
IR,RED,21212,23226
IR,RED,21215,23223
IR,RED,21208,23227
IR,RED,21214,23225
IR,RED,21207,23229
IR,RED,21215,23229
IR,RED,21205,23217
IR,RED,21214,23217
IR,RED,21207,23223
IR,RED,21198,23219
IR,RED,21194,23221
IR,RED,21203,23219
IR,RED,21197,23221
IR,RED,21199,23219
IR,RED,21205,23214
IR,RED,21205,23219
IR,RED,21208,23211
IR,RED,21201,23218
IR,RED,21202,23213
IR,RED,21200,23217
IR,RED,21204,23199
IR,RED,21206,23217
IR,RED,21197,23222
IR,RED,21194,23204
IR,RED,21204,23206
IR,RED,21195,23204
IR,RED,21195,23208
IR,RED,21191,23209
IR,RED,21200,23219
IR,RED,21195,23208
IR,RED,21193,23207
IR,RED,21193,23207
IR,RED,21195,23201
IR,RED,21196,23202
IR,RED,21194,23207
IR,RED,21182,23214
IR,RED,21204,23208
IR,RED,21190,23203
IR,RED,21192,23210
IR,RED,21193,23217
IR,RED,21183,23205
IR,RED,21191,23209
IR,RED,21185,23204
IR,RED,21177,23204
IR,RED,21193,23194
IR,RED,21191,23196
IR,RED,21188,23197
IR,RED,21182,23189
IR,RED,21187,23201
IR,RED,21184,23196
IR,RED,21176,23185
IR,RED,21169,23190
IR,RED,21172,23181
IR,RED,21173,23185
IR,RED,21176,23170
IR,RED,21175,23180
IR,RED,21172,23189
IR,RED,21182,23186
IR,RED,21169,23177
IR,RED,21179,23188
IR,RED,21177,23179
IR,RED,21176,23182
IR,RED,21183,23173
IR,RED,21176,23175
IR,RED,21168,23185
IR,RED,21165,23185
IR,RED,21168,23165
IR,RED,21172,23181
IR,RED,21166,23176
IR,RED,21168,23172
IR,RED,21173,23167
IR,RED,21159,23177
IR,RED,21161,23174
IR,RED,21167,23168
IR,RED,21166,23164
IR,RED,21162,23167
IR,RED,21161,23168
IR,RED,21158,23167
IR,RED,21168,23177
IR,RED,21166,23163
IR,RED,21156,23172
IR,RED,21161,23179
IR,RED,21167,23174
IR,RED,21166,23169
IR,RED,21165,23168
IR,RED,21157,23174
IR,RED,21159,23166
IR,RED,21150,23179
IR,RED,21162,23170
IR,RED,21156,23171
IR,RED,21162,23171
IR,RED,21156,23156
IR,RED,21153,23163
IR,RED,21155,23165
IR,RED,21146,23164
IR,RED,21162,23161
IR,RED,21152,23164
IR,RED,21149,23175
IR,RED,21143,23161
IR,RED,21143,23166
IR,RED,21147,23167
IR,RED,21157,23165
IR,RED,21152,23169
IR,RED,21144,23167
IR,RED,21153,23159
IR,RED,21136,23153
IR,RED,21148,23160
IR,RED,21143,23165
IR,RED,21139,23163
IR,RED,21143,23156
IR,RED,21144,23163
IR,RED,21135,23149
IR,RED,21143,23154
IR,RED,21130,23155
IR,RED,21134,23142
IR,RED,21150,23146
IR,RED,21142,23148
IR,RED,21127,23137
IR,RED,21128,23141
IR,RED,21124,23140
IR,RED,21132,23137
IR,RED,21129,23145
IR,RED,21141,23141
IR,RED,21142,23146
IR,RED,21138,23143
IR,RED,21136,23143
IR,RED,21138,23128
IR,RED,21131,23138
IR,RED,21126,23128
IR,RED,21132,23128
IR,RED,21132,23138
IR,RED,21122,23137
IR,RED,21124,23137
IR,RED,21122,23138
IR,RED,21121,23134
IR,RED,21122,23133
IR,RED,21116,23129
IR,RED,21105,23135
IR,RED,21127,23131
IR,RED,21113,23131
IR,RED,21114,23122
IR,RED,21113,23123
IR,RED,21120,23133
IR,RED,21116,23129
IR,RED,21108,23127
IR,RED,21117,23120
IR,RED,21110,23117
IR,RED,21104,23119
IR,RED,21111,23120
IR,RED,21108,23124
IR,RED,21105,23115
IR,RED,21111,23117
IR,RED,21109,23120
IR,RED,21110,23112
IR,RED,21100,23120
IR,RED,21097,23118
IR,RED,21114,23119
IR,RED,21101,23119
IR,RED,21110,23117
IR,RED,21099,23116
IR,RED,21103,23110
IR,RED,21099,23113
IR,RED,21109,23126
IR,RED,21108,23127
IR,RED,21102,23122
IR,RED,21090,23111
IR,RED,21089,23113
IR,RED,21098,23113
IR,RED,21102,23120
IR,RED,21102,23115
IR,RED,21106,23114
IR,RED,21099,23117
IR,RED,21094,23102
IR,RED,21096,23115
IR,RED,21087,23114
IR,RED,21088,23109
IR,RED,21104,23097
IR,RED,21093,23104
IR,RED,21093,23099
IR,RED,21095,23091
IR,RED,21086,23097
IR,RED,21098,23107
IR,RED,21085,23094
IR,RED,21083,23082
IR,RED,21082,23085
IR,RED,21090,23094
IR,RED,21094,23087
IR,RED,21090,23091
IR,RED,21088,23092
IR,RED,21084,23096
IR,RED,21103,23075
IR,RED,21096,23080
IR,RED,21096,23086
IR,RED,21088,23080
IR,RED,21078,23090
IR,RED,21080,23081
IR,RED,21076,23079
IR,RED,21080,23081
IR,RED,21074,23083
IR,RED,21072,23073
IR,RED,21083,23074
IR,RED,21081,23089
IR,RED,21067,23086
IR,RED,21077,23078
IR,RED,21076,23064
IR,RED,21073,23068
IR,RED,21069,23078
IR,RED,21064,23067
IR,RED,21078,23071
IR,RED,21073,23066
IR,RED,21072,23071
IR,RED,21086,23065
IR,RED,21080,23072
IR,RED,21077,23062
IR,RED,21076,23064
IR,RED,21077,23062
IR,RED,21079,23061
IR,RED,21071,23071
IR,RED,21069,23071
IR,RED,21074,23076
IR,RED,21064,23059
IR,RED,21076,23065
IR,RED,21066,23066
IR,RED,21070,23075
IR,RED,21068,23075
IR,RED,21070,23072
IR,RED,21070,23069
IR,RED,21070,23086
IR,RED,21071,23069
IR,RED,21067,23074
IR,RED,21065,23072
IR,RED,21065,23067
IR,RED,21053,23073
IR,RED,21067,23070
IR,RED,21061,23068
IR,RED,21062,23070
IR,RED,21071,23068
IR,RED,21060,23076
IR,RED,21069,23073
IR,RED,21071,23056
IR,RED,21066,23059
IR,RED,21063,23056
IR,RED,21066,23053
IR,RED,21056,23044
IR,RED,21049,23054
IR,RED,21056,23051
IR,RED,21047,23043
IR,RED,21049,23049
IR,RED,21049,23052
IR,RED,21052,23039
IR,RED,21049,23045
IR,RED,21048,23043
IR,RED,21050,23036
IR,RED,21046,23033
IR,RED,21056,23036
IR,RED,21055,23039
IR,RED,21061,23047
IR,RED,21055,23051
IR,RED,21054,23048
IR,RED,21063,23042
IR,RED,21056,23048
IR,RED,21064,23049
IR,RED,21050,23036
IR,RED,21055,23040
IR,RED,21059,23039
IR,RED,21053,23039
IR,RED,21064,23037
IR,RED,21060,23050
IR,RED,21056,23047
IR,RED,21056,23044
IR,RED,21058,23038
IR,RED,21058,23050
IR,RED,21056,23034
IR,RED,21063,23040
IR,RED,21053,23040
IR,RED,21046,23047
IR,RED,21045,23041
IR,RED,21049,23028
IR,RED,21056,23036
IR,RED,21051,23026
IR,RED,21060,23033
IR,RED,21048,23040
IR,RED,21051,23035
IR,RED,21054,23041
IR,RED,21052,23034
IR,RED,21052,23042
IR,RED,21050,23038
IR,RED,21051,23036
IR,RED,21048,23034
IR,RED,21050,23050
IR,RED,21051,23019
IR,RED,21042,23034
IR,RED,21047,23033
IR,RED,21055,23032
IR,RED,21048,23025
IR,RED,21044,23034
IR,RED,21044,23030
IR,RED,21041,23041
IR,RED,21040,23032
IR,RED,21052,23037
IR,RED,21041,23032
IR,RED,21045,23037
IR,RED,21049,23033
IR,RED,21041,23020
IR,RED,21050,23031
IR,RED,21046,23038
IR,RED,21042,23033
IR,RED,21034,23025
IR,RED,21033,23030
IR,RED,21039,23033
IR,RED,21035,23012
IR,RED,21040,23030
IR,RED,21041,23030
IR,RED,21036,23029
IR,RED,21033,23029
IR,RED,21041,23021
IR,RED,21027,23024
IR,RED,21036,23015
IR,RED,21019,23015
IR,RED,21019,23012
IR,RED,21027,23019
IR,RED,21029,23024
IR,RED,21031,23016
IR,RED,21029,23010
IR,RED,21024,23009
IR,RED,21027,23008
IR,RED,21028,23004
IR,RED,21022,23001
IR,RED,21024,23005
IR,RED,21024,22998
IR,RED,21036,23006
IR,RED,21022,23013
IR,RED,21015,23006
IR,RED,21018,23013
IR,RED,21017,23015
IR,RED,21028,23005
IR,RED,21018,22994
IR,RED,21021,23006
IR,RED,21024,23004
IR,RED,21017,22995
IR,RED,21016,22998
IR,RED,21008,22991
IR,RED,21024,23007
IR,RED,21021,22985
IR,RED,21008,22987
IR,RED,21017,22986
IR,RED,21015,22991
IR,RED,21002,22998
IR,RED,21021,22992
IR,RED,21013,22989
IR,RED,21008,22995
IR,RED,21005,22986
IR,RED,21014,22994
IR,RED,21012,22992
IR,RED,21015,22993
IR,RED,21012,22991
IR,RED,21006,22998
IR,RED,21013,22994
IR,RED,21016,22999
IR,RED,21009,22997
IR,RED,21007,22998
IR,RED,21010,22987
IR,RED,21008,23000
IR,RED,21015,22998
IR,RED,21011,22996
IR,RED,21003,23003
IR,RED,21010,22999
IR,RED,21009,22989
IR,RED,21018,22993
IR,RED,21009,23002
IR,RED,21015,23005
IR,RED,21017,22997
IR,RED,21006,23005
IR,RED,21006,23004
IR,RED,21006,22989
IR,RED,21001,22999
IR,RED,21013,23001
IR,RED,21004,23002
IR,RED,21007,22997
IR,RED,21007,22987
IR,RED,21009,22996
IR,RED,21000,22982
IR,RED,21006,22997
IR,RED,21009,22988
IR,RED,21004,22995
IR,RED,21013,22988
IR,RED,21010,22975
IR,RED,21006,22974
IR,RED,21006,22980
IR,RED,20996,22995
IR,RED,21009,22987
IR,RED,21000,23001
IR,RED,21006,22981
IR,RED,21002,22980
IR,RED,21003,22986
IR,RED,20999,22985
IR,RED,21010,22992
IR,RED,21007,22994
IR,RED,21013,22986
IR,RED,20995,22981
IR,RED,20994,22976
IR,RED,21000,22988
IR,RED,21003,22975
IR,RED,20988,22982
IR,RED,21000,22979
IR,RED,20989,22979
IR,RED,21000,22979
IR,RED,20997,22975
IR,RED,20990,22987
IR,RED,20994,22984
IR,RED,20992,22974
IR,RED,20995,22969
IR,RED,20994,22976
IR,RED,20995,22968
IR,RED,20994,22969
IR,RED,20981,22982
IR,RED,20988,22964
IR,RED,20995,22974
IR,RED,20980,22970
IR,RED,20992,22964
IR,RED,20991,22963
IR,RED,20995,22983
IR,RED,21003,22978
IR,RED,20992,22975
IR,RED,20993,22973
IR,RED,20983,22975
IR,RED,20987,22978
IR,RED,20993,22973
IR,RED,20993,22983
IR,RED,20990,22981
IR,RED,20991,22965
IR,RED,20982,22977
IR,RED,20981,22978
IR,RED,20984,22982
IR,RED,20987,22972
IR,RED,20985,22968
IR,RED,20976,22969
IR,RED,20966,22973
IR,RED,20972,22968
IR,RED,20982,22980
IR,RED,20982,22976
IR,RED,20981,22970
IR,RED,20977,22955
IR,RED,20973,22957
IR,RED,20975,22966
IR,RED,20981,22971
IR,RED,20978,22967
IR,RED,20973,22959
IR,RED,20989,22968
IR,RED,20984,22963
IR,RED,20974,22966
IR,RED,20982,22960
IR,RED,20975,22957
IR,RED,20972,22954
IR,RED,20979,22951
IR,RED,20974,22957
IR,RED,20976,22956
IR,RED,20973,22953
IR,RED,20967,22958
IR,RED,20971,22955
IR,RED,20966,22953
IR,RED,20968,22949
IR,RED,20974,22952
IR,RED,20976,22945
IR,RED,20960,22952
IR,RED,20959,22939
IR,RED,20964,22949
IR,RED,20967,22953
IR,RED,20964,22942
IR,RED,20977,22956
IR,RED,20970,22948
IR,RED,20971,22932
IR,RED,20964,22942
IR,RED,20966,22941
IR,RED,20965,22947
IR,RED,20968,22949
IR,RED,20955,22950
IR,RED,20958,22944
IR,RED,20955,22948
IR,RED,20963,22942
IR,RED,20961,22944
IR,RED,20965,22944
IR,RED,20969,22937
IR,RED,20967,22944
IR,RED,20961,22954
IR,RED,20966,22942
IR,RED,20961,22938
IR,RED,20956,22939
IR,RED,20968,22945
IR,RED,20962,22945
IR,RED,20960,22931
IR,RED,20960,22945
IR,RED,20956,22932
IR,RED,20962,22946
IR,RED,20956,22932
IR,RED,20954,22939
IR,RED,20960,22942
IR,RED,20962,22948
IR,RED,20951,22941
IR,RED,20957,22948
IR,RED,20953,22945
IR,RED,20954,22937
IR,RED,20958,22939
IR,RED,20955,22940
IR,RED,20954,22935
IR,RED,20964,22940
IR,RED,20952,22933
IR,RED,20961,22951
IR,RED,20961,22939
IR,RED,20955,22948
IR,RED,20959,22947
IR,RED,20952,22932
IR,RED,20949,22941
IR,RED,20947,22944
IR,RED,20957,22947
IR,RED,20954,22940
IR,RED,20953,22940
IR,RED,20951,22943
IR,RED,20952,22932
IR,RED,20953,22943
IR,RED,20955,22932
IR,RED,20955,22936
IR,RED,20952,22933
IR,RED,20954,22934
IR,RED,20956,22932
IR,RED,20954,22938
IR,RED,20947,22921
IR,RED,20957,22936
IR,RED,20951,22929
IR,RED,20955,22917
IR,RED,20946,22936
IR,RED,20952,22921
IR,RED,20944,22923
IR,RED,20945,22921
IR,RED,20947,22927
IR,RED,20942,22930
IR,RED,20948,22922
IR,RED,20932,22921
IR,RED,20951,22925
IR,RED,20945,22915
IR,RED,20940,22933
IR,RED,20947,22929
IR,RED,20954,22918
IR,RED,20942,22915
IR,RED,20953,22915
IR,RED,20936,22912
IR,RED,20945,22916
IR,RED,20939,22921
IR,RED,20941,22918
IR,RED,20938,22920
IR,RED,20945,22909
IR,RED,20952,22912
IR,RED,20942,22915
IR,RED,20933,22918
IR,RED,20942,22914
IR,RED,20945,22916
IR,RED,20935,22906
IR,RED,20921,22902
IR,RED,20927,22907
IR,RED,20930,22906
IR,RED,20942,22908
IR,RED,20942,22907
IR,RED,20929,22917
IR,RED,20938,22910
IR,RED,20933,22903
IR,RED,20933,22894
IR,RED,20933,22907
IR,RED,20929,22904
IR,RED,20939,22909
IR,RED,20933,22910
IR,RED,20936,22910
IR,RED,20931,22910
IR,RED,20933,22903
IR,RED,20931,22913
IR,RED,20922,22914
IR,RED,20929,22919
IR,RED,20929,22912
IR,RED,20924,22906
IR,RED,20925,22906
IR,RED,20927,22910
IR,RED,20925,22912
IR,RED,20916,22920
IR,RED,20923,22916
IR,RED,20921,22907
IR,RED,20932,22917
IR,RED,20923,22909
IR,RED,20923,22904
IR,RED,20921,22913
IR,RED,20922,22909
IR,RED,20922,22912
IR,RED,20913,22907
IR,RED,20916,22905
IR,RED,20925,22904
IR,RED,20921,22908
IR,RED,20915,22907
IR,RED,20924,22899
IR,RED,20921,22898
IR,RED,20913,22899
IR,RED,20922,22909
IR,RED,20921,22903
IR,RED,20918,22893
IR,RED,20915,22895
IR,RED,20915,22897
IR,RED,20913,22886
IR,RED,20918,22896
IR,RED,20916,22893
IR,RED,20917,22899
IR,RED,20923,22897
IR,RED,20919,22893
IR,RED,20922,22891
IR,RED,20916,22892
IR,RED,20910,22897
IR,RED,20912,22895
IR,RED,20922,22887
IR,RED,20927,22906
IR,RED,20913,22895
IR,RED,20909,22908
IR,RED,20919,22894
IR,RED,20907,22895
IR,RED,20909,22883
IR,RED,20915,22893
IR,RED,20901,22888
IR,RED,20903,22883
IR,RED,20909,22887
IR,RED,20908,22891
IR,RED,20902,22884
IR,RED,20909,22891
IR,RED,20905,22887
IR,RED,20898,22889
IR,RED,20912,22893
IR,RED,20909,22886
IR,RED,20903,22892
IR,RED,20899,22898
IR,RED,20905,22899
IR,RED,20897,22882
IR,RED,20907,22893
IR,RED,20908,22896
IR,RED,20904,22884
IR,RED,20909,22898
IR,RED,20910,22900
IR,RED,20902,22907
IR,RED,20897,22892
IR,RED,20902,22898
IR,RED,20907,22905
IR,RED,20902,22897
IR,RED,20893,22890
IR,RED,20908,22899
IR,RED,20899,22899
IR,RED,20912,22904
IR,RED,20901,22891
IR,RED,20904,22901
IR,RED,20903,22891
IR,RED,20900,22896
IR,RED,20891,22885
IR,RED,20911,22899
IR,RED,20902,22888
IR,RED,20903,22887
IR,RED,20896,22897
IR,RED,20896,22892
IR,RED,20898,22898
IR,RED,20914,22893
IR,RED,20904,22910
IR,RED,20908,22903
IR,RED,20905,22912
IR,RED,20898,22904
IR,RED,20898,22892
IR,RED,20905,22900
IR,RED,20907,22905
IR,RED,20901,22899
IR,RED,20910,22898
IR,RED,20911,22891
IR,RED,20906,22889
IR,RED,20902,22883
IR,RED,20901,22881
IR,RED,20899,22884
IR,RED,20897,22882
IR,RED,20906,22884
IR,RED,20902,22887
IR,RED,20903,22891
IR,RED,20906,22880
IR,RED,20897,22882
IR,RED,20906,22882
IR,RED,20912,22870
IR,RED,20895,22881
IR,RED,20901,22882
IR,RED,20901,22880
IR,RED,20906,22872
IR,RED,20897,22877
IR,RED,20883,22880
IR,RED,20892,22879
IR,RED,20892,22870
IR,RED,20896,22887
IR,RED,20901,22879
IR,RED,20901,22879
IR,RED,20897,22884
IR,RED,20896,22886
IR,RED,20888,22879
IR,RED,20887,22895
IR,RED,20899,22875
IR,RED,20918,22890
IR,RED,20910,22891
IR,RED,20909,22897
IR,RED,20914,22891
IR,RED,20911,22893
IR,RED,20915,22897
IR,RED,20912,22892
IR,RED,20907,22887
IR,RED,20921,22890
IR,RED,20915,22886
IR,RED,20907,22890
IR,RED,20913,22901
IR,RED,20912,22895
IR,RED,20921,22890
IR,RED,20915,22900
IR,RED,20913,22896
IR,RED,20908,22903
IR,RED,20915,22901
IR,RED,20912,22898
IR,RED,20917,22899
IR,RED,20918,22904
IR,RED,20923,22899
IR,RED,20915,22902
IR,RED,20930,22905
IR,RED,20918,22905
IR,RED,20934,22900
IR,RED,20915,22904
IR,RED,20931,22903
IR,RED,20932,22905
IR,RED,20914,22901
IR,RED,20932,22919
IR,RED,20922,22906
IR,RED,20928,22914
IR,RED,20937,22919
IR,RED,20934,22913
IR,RED,20925,22916
IR,RED,20931,22907
IR,RED,20933,22916
IR,RED,20933,22920
IR,RED,20935,22912
IR,RED,20933,22918
IR,RED,20934,22911
IR,RED,20926,22907
IR,RED,20937,22905
IR,RED,20938,22903
IR,RED,20928,22899
IR,RED,20938,22898
IR,RED,20921,22903
IR,RED,20933,22897
IR,RED,20928,22904
IR,RED,20920,22895
IR,RED,20924,22897
IR,RED,20921,22900
IR,RED,20916,22903
IR,RED,20923,22904
IR,RED,20926,22903
IR,RED,20928,22903
IR,RED,20933,22906
IR,RED,20930,22897
IR,RED,20930,22916
IR,RED,20928,22910
IR,RED,20928,22911
IR,RED,20923,22904
IR,RED,20930,22915
IR,RED,20927,22901
IR,RED,20923,22910
IR,RED,20924,22905
IR,RED,20924,22905
IR,RED,20930,22903
IR,RED,20931,22894
IR,RED,20927,22902
IR,RED,20922,22906
IR,RED,20918,22890
IR,RED,20916,22901
IR,RED,20912,22886
IR,RED,20922,22904
IR,RED,20922,22904
IR,RED,20924,22902
IR,RED,20926,22904
IR,RED,20931,22902
IR,RED,20922,22889
IR,RED,20918,22905
IR,RED,20925,22895
IR,RED,20919,22892
IR,RED,20918,22909
IR,RED,20911,22903
IR,RED,20920,22888
IR,RED,20923,22892
IR,RED,20922,22902
IR,RED,20932,22917
IR,RED,20923,22909
IR,RED,20915,22902
IR,RED,20917,22907
IR,RED,20920,22899
IR,RED,20926,22906
IR,RED,20919,22903
IR,RED,20916,22909
IR,RED,20917,22906
IR,RED,20917,22901
IR,RED,20929,22903
IR,RED,20921,22910
IR,RED,20919,22909
IR,RED,20922,22920
IR,RED,20931,22914
IR,RED,20923,22910
IR,RED,20916,22909
IR,RED,20919,22910
IR,RED,20916,22901
IR,RED,20919,22912
IR,RED,20925,22905
IR,RED,20923,22901
IR,RED,20921,22905
IR,RED,20908,22896
IR,RED,20916,22901
IR,RED,20917,22896
IR,RED,20924,22901
IR,RED,20913,22889
IR,RED,20924,22892
IR,RED,20926,22891
IR,RED,20919,22898
IR,RED,20920,22895
IR,RED,20921,22896
IR,RED,20912,22896
IR,RED,20923,22899
IR,RED,20927,22903
IR,RED,20925,22885
IR,RED,20917,22877
IR,RED,20923,22897
IR,RED,20925,22890
IR,RED,20913,22883
IR,RED,20918,22881
IR,RED,20920,22885
IR,RED,20921,22891
IR,RED,20922,22895
IR,RED,20921,22890
IR,RED,20913,22894
IR,RED,20914,22889
IR,RED,20923,22901
IR,RED,20907,22890
IR,RED,20921,22883
IR,RED,20920,22879
IR,RED,20912,22892
IR,RED,20912,22897
IR,RED,20913,22888
IR,RED,20916,22905
IR,RED,20916,22894
IR,RED,20918,22886
IR,RED,20922,22895
IR,RED,20916,22893
IR,RED,20912,22889
IR,RED,20916,22880
IR,RED,20910,22891
IR,RED,20921,22886
IR,RED,20918,22901
IR,RED,20930,22899
IR,RED,20922,22898
IR,RED,20924,22900
IR,RED,20917,22903
IR,RED,20928,22891
IR,RED,20919,22895
IR,RED,20916,22893
IR,RED,20925,22895
IR,RED,20910,22890
IR,RED,20924,22900
IR,RED,20912,22903
IR,RED,20913,22893
IR,RED,20909,22898
IR,RED,20912,22905
IR,RED,20911,22894
IR,RED,20918,22903
IR,RED,20910,22896
IR,RED,20912,22902
IR,RED,20904,22900
IR,RED,20911,22905
IR,RED,20911,22894
IR,RED,20904,22898
IR,RED,20910,22898
IR,RED,20905,22893
IR,RED,20903,22888
IR,RED,20911,22885
IR,RED,20913,22876
IR,RED,20902,22878
IR,RED,20912,22891
IR,RED,20907,22884
IR,RED,20900,22880
IR,RED,20902,22889
IR,RED,20904,22883
IR,RED,20901,22888
IR,RED,20907,22878
IR,RED,20900,22883
IR,RED,20903,22884
IR,RED,20914,22888
IR,RED,20903,22876
IR,RED,20903,22879
IR,RED,20907,22884
IR,RED,20902,22893
IR,RED,20899,22892
IR,RED,20898,22887
IR,RED,20900,22887
IR,RED,20904,22886
IR,RED,20901,22878
IR,RED,20897,22880
IR,RED,20891,22883
IR,RED,20891,22879
IR,RED,20892,22883
IR,RED,20900,22884
IR,RED,20900,22875
IR,RED,20887,22880
IR,RED,20896,22882
IR,RED,20894,22878
IR,RED,20890,22873
IR,RED,20889,22874
IR,RED,20891,22879
IR,RED,20891,22879
IR,RED,20877,22871
IR,RED,20882,22883
IR,RED,20882,22869
IR,RED,20885,22866
IR,RED,20884,22882
IR,RED,20886,22881
IR,RED,20881,22880
IR,RED,20877,22893
IR,RED,20883,22897
IR,RED,20890,22876
IR,RED,20896,22883
IR,RED,20885,22888
IR,RED,20887,22872
IR,RED,20882,22870
IR,RED,20879,22885
IR,RED,20886,22881
IR,RED,20888,22879
IR,RED,20880,22870
IR,RED,20881,22874
IR,RED,20878,22872
IR,RED,20885,22868
IR,RED,20880,22882
IR,RED,20878,22873
IR,RED,20884,22870
IR,RED,20875,22869
IR,RED,20881,22869
IR,RED,20872,22873
IR,RED,20876,22862
IR,RED,20866,22861
IR,RED,20871,22872
IR,RED,20874,22873
IR,RED,20864,22864
IR,RED,20870,22863
IR,RED,20868,22858
IR,RED,20866,22858
IR,RED,20873,22861
IR,RED,20869,22849
IR,RED,20867,22861
IR,RED,20866,22857
IR,RED,20875,22857
IR,RED,20870,22854
IR,RED,20872,22854
IR,RED,20876,22852
IR,RED,20859,22841
IR,RED,20867,22853
IR,RED,20872,22846
IR,RED,20871,22860
IR,RED,20864,22861
IR,RED,20872,22862
IR,RED,20874,22856
IR,RED,20853,22850
IR,RED,20865,22844
IR,RED,20858,22848
IR,RED,20863,22830
IR,RED,20860,22840
IR,RED,20861,22844
IR,RED,20859,22837
IR,RED,20870,22842
IR,RED,20862,22841
IR,RED,20868,22852
IR,RED,20873,22846
IR,RED,20864,22851
IR,RED,20869,22849
IR,RED,20871,22847
IR,RED,20867,22855
IR,RED,20857,22856
IR,RED,20865,22857
IR,RED,20861,22845
IR,RED,20862,22857
IR,RED,20864,22846
IR,RED,20869,22848
IR,RED,20860,22856
IR,RED,20855,22845
IR,RED,20865,22853
IR,RED,20863,22848
IR,RED,20865,22852
IR,RED,20864,22848
IR,RED,20864,22856
IR,RED,20867,22840
IR,RED,20862,22851
IR,RED,20859,22840
IR,RED,20864,22852
IR,RED,20863,22838
IR,RED,20862,22846
IR,RED,20854,22832
IR,RED,20855,22845
IR,RED,20858,22840
IR,RED,20866,22840
IR,RED,20857,22828
IR,RED,20861,22834
IR,RED,20865,22842
IR,RED,20857,22842
IR,RED,20864,22843
IR,RED,20865,22825
IR,RED,20865,22835
IR,RED,20875,22829
IR,RED,20859,22831
IR,RED,20852,22828
IR,RED,20855,22826
IR,RED,20850,22831
IR,RED,20859,22832
IR,RED,20859,22824
IR,RED,20865,22832
IR,RED,20856,22828
IR,RED,20865,22831
IR,RED,20860,22830
IR,RED,20864,22828
IR,RED,20855,22826
IR,RED,20855,22834
IR,RED,20860,22833
IR,RED,20857,22832
IR,RED,20859,22820
IR,RED,20857,22824
IR,RED,20859,22832
IR,RED,20856,22828
IR,RED,20863,22827
IR,RED,20856,22833
IR,RED,20852,22832
IR,RED,20855,22831
IR,RED,20853,22839
IR,RED,20843,22825
IR,RED,20849,22833
IR,RED,20847,22830
IR,RED,20853,22827
IR,RED,20843,22838
IR,RED,20856,22823
IR,RED,20847,22832
IR,RED,20847,22825
IR,RED,20850,22828
IR,RED,20853,22828
IR,RED,20854,22833
IR,RED,20859,22835
IR,RED,20851,22839
IR,RED,20852,22830
IR,RED,20852,22829
IR,RED,20854,22828
IR,RED,20860,22833
IR,RED,20858,22837
IR,RED,20856,22839
IR,RED,20855,22838
IR,RED,20849,22841
IR,RED,20857,22831
IR,RED,20848,22837
IR,RED,20855,22835
IR,RED,20865,22833
IR,RED,20855,22829
IR,RED,20848,22826
IR,RED,20851,22818
IR,RED,20858,22820
IR,RED,20848,22825
IR,RED,20858,22835
IR,RED,20846,22822
IR,RED,20851,22822
IR,RED,20852,22827
IR,RED,20842,22812
IR,RED,20842,22824
IR,RED,20851,22809
IR,RED,20849,22819
IR,RED,20844,22814
IR,RED,20844,22809
IR,RED,20847,22810
IR,RED,20844,22818
IR,RED,20842,22814
IR,RED,20854,22819
IR,RED,20862,22813
IR,RED,20856,22827
IR,RED,20847,22817
IR,RED,20859,22816
IR,RED,20849,22813
IR,RED,20840,22814
IR,RED,20850,22801
IR,RED,20851,22811
IR,RED,20857,22809
IR,RED,20843,22826
IR,RED,20845,22820
IR,RED,20854,22815
IR,RED,20849,22811
IR,RED,20852,22805
IR,RED,20851,22813
IR,RED,20846,22810
IR,RED,20860,22820
IR,RED,20847,22824
IR,RED,20849,22821
IR,RED,20856,22820
IR,RED,20845,22811
IR,RED,20845,22803
IR,RED,20852,22810
IR,RED,20857,22820
IR,RED,20852,22818
IR,RED,20851,22828
IR,RED,20858,22826
IR,RED,20847,22823
IR,RED,20851,22815
IR,RED,20849,22810
IR,RED,20853,22812
IR,RED,20851,22813
IR,RED,20860,22817
IR,RED,20849,22807
IR,RED,20862,22823
IR,RED,20854,22826
IR,RED,20845,22807
IR,RED,20865,22817
IR,RED,20856,22817
IR,RED,20847,22811
IR,RED,20853,22818
IR,RED,20859,22814
IR,RED,20858,22822
IR,RED,20864,22817
IR,RED,20851,22818
IR,RED,20852,22817
IR,RED,20845,22813
IR,RED,20853,22807
IR,RED,20843,22802
IR,RED,20853,22796
IR,RED,20847,22802
IR,RED,20848,22804
IR,RED,20849,22800
IR,RED,20845,22800
IR,RED,20841,22809
IR,RED,20845,22794
IR,RED,20847,22813
IR,RED,20838,22799
IR,RED,20849,22806
IR,RED,20841,22807
IR,RED,20843,22798
IR,RED,20848,22799
IR,RED,20846,22802
IR,RED,20854,22803
IR,RED,20851,22800
IR,RED,20851,22800
IR,RED,20849,22803
IR,RED,20840,22812
IR,RED,20853,22803
IR,RED,20852,22803
IR,RED,20848,22799
IR,RED,20840,22809
IR,RED,20841,22809
IR,RED,20858,22808
IR,RED,20840,22795
IR,RED,20845,22803
IR,RED,20847,22795
IR,RED,20839,22797
IR,RED,20842,22808
IR,RED,20849,22793
IR,RED,20846,22800
IR,RED,20848,22804
IR,RED,20853,22800
IR,RED,20838,22795
IR,RED,20851,22814
IR,RED,20841,22807
IR,RED,20854,22798
IR,RED,20837,22795
IR,RED,20827,22800
IR,RED,20842,22807
IR,RED,20846,22804
IR,RED,20848,22812
IR,RED,20857,22805
IR,RED,20849,22805
IR,RED,20848,22808
IR,RED,20849,22811
IR,RED,20848,22803
IR,RED,20851,22797
IR,RED,20854,22799
IR,RED,20855,22805
IR,RED,20856,22814
IR,RED,20853,22809
IR,RED,20852,22817
IR,RED,20862,22811
IR,RED,20857,22813
IR,RED,20845,22814
IR,RED,20846,22802
IR,RED,20836,22798
IR,RED,20844,22806
IR,RED,20842,22804
IR,RED,20844,22800
IR,RED,20842,22806
IR,RED,20840,22817
IR,RED,20842,22806
IR,RED,20846,22793
IR,RED,20840,22798
IR,RED,20827,22804
IR,RED,20832,22793
IR,RED,20838,22801
IR,RED,20838,22797
IR,RED,20826,22794
IR,RED,20844,22795
IR,RED,20828,22789
IR,RED,20838,22787
IR,RED,20837,22791
IR,RED,20850,22781
IR,RED,20832,22789
IR,RED,20829,22780
IR,RED,20831,22790
IR,RED,20828,22792
IR,RED,20838,22783
IR,RED,20828,22797
IR,RED,20827,22787
IR,RED,20841,22793
IR,RED,20838,22789
IR,RED,20831,22791
IR,RED,20849,22786
IR,RED,20841,22797
IR,RED,20839,22794
IR,RED,20834,22794
IR,RED,20833,22792
IR,RED,20836,22796
IR,RED,20834,22788
IR,RED,20836,22787
IR,RED,20836,22792
IR,RED,20842,22791
IR,RED,20840,22786
IR,RED,20835,22790
IR,RED,20835,22789
IR,RED,20836,22789
IR,RED,20833,22795
IR,RED,20837,22793
IR,RED,20838,22791
IR,RED,20835,22792
IR,RED,20845,22799
IR,RED,20844,22799
IR,RED,20839,22792
IR,RED,20841,22801
IR,RED,20838,22807
IR,RED,20830,22794
IR,RED,20833,22794
IR,RED,20840,22786
IR,RED,20832,22790
IR,RED,20827,22796
IR,RED,20838,22806
IR,RED,20833,22792
IR,RED,20831,22797
IR,RED,20832,22801
IR,RED,20833,22795
IR,RED,20838,22790
IR,RED,20835,22797
IR,RED,20834,22790
IR,RED,20839,22799
IR,RED,20848,22789
IR,RED,20844,22806
IR,RED,20845,22802
IR,RED,20841,22807
IR,RED,20845,22807
IR,RED,20840,22787
IR,RED,20843,22795
IR,RED,20837,22800
IR,RED,20836,22795
IR,RED,20836,22790
IR,RED,20841,22790
IR,RED,20836,22788
IR,RED,20851,22787
IR,RED,20835,22782
IR,RED,20838,22787
IR,RED,20842,22780
IR,RED,20833,22779
IR,RED,20833,22784
IR,RED,20827,22780
IR,RED,20818,22773
IR,RED,20829,22772
IR,RED,20820,22776
IR,RED,20820,22781
IR,RED,20826,22778
IR,RED,20828,22777
IR,RED,20826,22768
IR,RED,20831,22778
IR,RED,20825,22766
IR,RED,20828,22772
IR,RED,20833,22774
IR,RED,20834,22778
IR,RED,20836,22771
IR,RED,20828,22776
IR,RED,20827,22780
IR,RED,20834,22780
IR,RED,20831,22767
IR,RED,20827,22772
IR,RED,20830,22777
IR,RED,20831,22775
IR,RED,20828,22775
IR,RED,20833,22767
IR,RED,20828,22774
IR,RED,20826,22786
IR,RED,20827,22779
IR,RED,20825,22773
IR,RED,20826,22779
IR,RED,20827,22781
IR,RED,20831,22775
IR,RED,20833,22773
IR,RED,20836,22781
IR,RED,20824,22776
IR,RED,20830,22775
IR,RED,20834,22781
IR,RED,20826,22783
IR,RED,20831,22770
IR,RED,20826,22767
IR,RED,20824,22776
IR,RED,20811,22775
IR,RED,20818,22769
IR,RED,20817,22774
IR,RED,20820,22777
IR,RED,20825,22776
IR,RED,20813,22769
IR,RED,20824,22776
IR,RED,20831,22775
IR,RED,20839,22774
IR,RED,20821,22785
IR,RED,20830,22780
IR,RED,20821,22784
IR,RED,20824,22785
IR,RED,20822,22789
IR,RED,20812,22786
IR,RED,20819,22773
IR,RED,20825,22772
IR,RED,20823,22779
IR,RED,20825,22787
IR,RED,20828,22778
IR,RED,20821,22783
IR,RED,20823,22783
IR,RED,20821,22782
IR,RED,20814,22786
IR,RED,20817,22785
IR,RED,20826,22769
IR,RED,20821,22769
IR,RED,20818,22776
IR,RED,20813,22773
IR,RED,20812,22769
IR,RED,20822,22761
IR,RED,20824,22781
IR,RED,20815,22776
IR,RED,20814,22767
IR,RED,20832,22775
IR,RED,20814,22763
IR,RED,20810,22764
IR,RED,20811,22763
IR,RED,20827,22766
IR,RED,20820,22766
IR,RED,20812,22761
IR,RED,20809,22765
IR,RED,20796,22764
IR,RED,20817,22772
IR,RED,20810,22760
IR,RED,20806,22766
IR,RED,20808,22769
IR,RED,20808,22768
IR,RED,20805,22762
IR,RED,20810,22768
IR,RED,20807,22771
IR,RED,20807,22756
IR,RED,20818,22772
IR,RED,20818,22766
IR,RED,20818,22765
IR,RED,20806,22761
IR,RED,20813,22764
IR,RED,20817,22753
IR,RED,20811,22761
IR,RED,20814,22761
IR,RED,20812,22769
IR,RED,20809,22761
IR,RED,20809,22766
IR,RED,20817,22751
IR,RED,20804,22763
IR,RED,20809,22770
IR,RED,20812,22774
IR,RED,20804,22766
IR,RED,20802,22767
IR,RED,20804,22762
IR,RED,20805,22764
IR,RED,20797,22763
IR,RED,20805,22763
IR,RED,20795,22778
IR,RED,20801,22765
IR,RED,20803,22767
IR,RED,20796,22770
IR,RED,20795,22765
IR,RED,20801,22767
IR,RED,20804,22765
IR,RED,20804,22768
IR,RED,20789,22760
IR,RED,20797,22756
IR,RED,20797,22772
IR,RED,20799,22768
IR,RED,20799,22764
IR,RED,20792,22766
IR,RED,20803,22770
IR,RED,20791,22771
IR,RED,20803,22761
IR,RED,20795,22754
IR,RED,20788,22766
IR,RED,20799,22764
IR,RED,20796,22778
IR,RED,20802,22771
IR,RED,20798,22771
IR,RED,20810,22776
IR,RED,20806,22775
IR,RED,20804,22776
IR,RED,20805,22773
IR,RED,20802,22770
IR,RED,20793,22772
IR,RED,20802,22759
IR,RED,20800,22767
IR,RED,20799,22772
IR,RED,20796,22768
IR,RED,20807,22762
IR,RED,20800,22776
IR,RED,20802,22759
IR,RED,20799,22756
IR,RED,20788,22762
IR,RED,20798,22751
IR,RED,20794,22765
IR,RED,20797,22753
IR,RED,20795,22761
IR,RED,20797,22756
IR,RED,20796,22756
IR,RED,20798,22749
IR,RED,20785,22755
IR,RED,20792,22760
IR,RED,20793,22757
IR,RED,20795,22764
IR,RED,20799,22757
IR,RED,20788,22770
IR,RED,20782,22763
IR,RED,20799,22763
IR,RED,20790,22762
IR,RED,20794,22770
IR,RED,20781,22765
IR,RED,20801,22754
IR,RED,20790,22755
IR,RED,20786,22761
IR,RED,20777,22752
IR,RED,20803,22756
IR,RED,20794,22756
IR,RED,20799,22760
IR,RED,20799,22759
IR,RED,20790,22761
IR,RED,20784,22753
IR,RED,20785,22762
IR,RED,20793,22768
IR,RED,20787,22753
IR,RED,20783,22751
IR,RED,20788,22750
IR,RED,20791,22750
IR,RED,20790,22758
IR,RED,20784,22764
IR,RED,20786,22763
IR,RED,20776,22755
IR,RED,20793,22757
IR,RED,20787,22762
IR,RED,20786,22766
IR,RED,20785,22754
IR,RED,20784,22760
IR,RED,20779,22762
IR,RED,20778,22762
IR,RED,20775,22757
IR,RED,20779,22754
IR,RED,20772,22756
IR,RED,20785,22763
IR,RED,20780,22751
IR,RED,20781,22754
IR,RED,20781,22761
IR,RED,20785,22760
IR,RED,20791,22756
IR,RED,20786,22771
IR,RED,20776,22765
IR,RED,20776,22765
IR,RED,20785,22763
IR,RED,20784,22764
IR,RED,20792,22762
IR,RED,20780,22773
IR,RED,20788,22760
IR,RED,20791,22769
IR,RED,20789,22756
IR,RED,20789,22778
IR,RED,20782,22765
IR,RED,20792,22765
IR,RED,20786,22769
IR,RED,20779,22767
IR,RED,20784,22766
IR,RED,20778,22757
IR,RED,20784,22767
IR,RED,20775,22760
IR,RED,20774,22757
IR,RED,20776,22756
IR,RED,20771,22751
IR,RED,20768,22754
IR,RED,20779,22760
IR,RED,20783,22742
IR,RED,20778,22750
IR,RED,20779,22740
IR,RED,20767,22739
IR,RED,20775,22768
IR,RED,20774,22747
IR,RED,20768,22758
IR,RED,20763,22748
IR,RED,20770,22753
IR,RED,20763,22759
IR,RED,20774,22761
IR,RED,20773,22747
IR,RED,20757,22761
IR,RED,20778,22759
IR,RED,20772,22755
IR,RED,20763,22743
IR,RED,20767,22755
IR,RED,20763,22757
IR,RED,20774,22731
IR,RED,20765,22731
IR,RED,20771,22746
IR,RED,20759,22745
IR,RED,20767,22750
IR,RED,20759,22745
IR,RED,20756,22738
IR,RED,20755,22736
IR,RED,20753,22737
IR,RED,20759,22748
IR,RED,20757,22741
IR,RED,20757,22741
IR,RED,20759,22747
IR,RED,20745,22722
IR,RED,20768,22741
IR,RED,20756,22742
IR,RED,20754,22738
IR,RED,20761,22738
IR,RED,20756,22731
IR,RED,20755,22747
IR,RED,20770,22747
IR,RED,20757,22731
IR,RED,20756,22737
IR,RED,20749,22739
IR,RED,20748,22747
IR,RED,20762,22735
IR,RED,20759,22748
IR,RED,20766,22730
IR,RED,20750,22749
IR,RED,20752,22741
IR,RED,20766,22740
IR,RED,20753,22736
IR,RED,20760,22747
IR,RED,20755,22752
IR,RED,20758,22747
IR,RED,20756,22731
IR,RED,20756,22747
IR,RED,20759,22752
IR,RED,20754,22749
IR,RED,20749,22742
IR,RED,20758,22750
IR,RED,20758,22748
IR,RED,20750,22739
IR,RED,20757,22747
IR,RED,20755,22744
IR,RED,20749,22741
IR,RED,20752,22746
IR,RED,20748,22746
IR,RED,20749,22738
IR,RED,20759,22742
IR,RED,20747,22744
IR,RED,20757,22750
IR,RED,20756,22754
IR,RED,20750,22736
IR,RED,20741,22741
IR,RED,20745,22743
IR,RED,20749,22734
IR,RED,20744,22734
IR,RED,20751,22733
IR,RED,20743,22725
IR,RED,20748,22741
IR,RED,20748,22738
IR,RED,20753,22737
IR,RED,20746,22731
IR,RED,20747,22737
IR,RED,20737,22735
IR,RED,20744,22716
IR,RED,20743,22723
IR,RED,20737,22726
IR,RED,20741,22731
IR,RED,20736,22735
IR,RED,20740,22733
IR,RED,20743,22727
IR,RED,20738,22732
IR,RED,20743,22731
IR,RED,20746,22721
IR,RED,20735,22717
IR,RED,20742,22727
IR,RED,20738,22736
IR,RED,20741,22725
IR,RED,20749,22728
IR,RED,20748,22732
IR,RED,20735,22737
IR,RED,20725,22712
IR,RED,20738,22725
IR,RED,20736,22736
IR,RED,20740,22731
IR,RED,20744,22725
IR,RED,20737,22737
IR,RED,20739,22715
IR,RED,20739,22720
IR,RED,20746,22727
IR,RED,20730,22718
IR,RED,20724,22728
IR,RED,20738,22731
IR,RED,20728,22723
IR,RED,20722,22725
IR,RED,20729,22720
IR,RED,20722,22722
IR,RED,20724,22723
IR,RED,20725,22718
IR,RED,20718,22717
IR,RED,20725,22714
IR,RED,20731,22725
IR,RED,20723,22708
IR,RED,20719,22723
IR,RED,20708,22725
IR,RED,20724,22730
IR,RED,20718,22721
IR,RED,20726,22720
IR,RED,20718,22717
IR,RED,20719,22710
IR,RED,20721,22722
IR,RED,20719,22719
IR,RED,20717,22720
IR,RED,20725,22730
IR,RED,20733,22719
IR,RED,20724,22717
IR,RED,20715,22722
IR,RED,20722,22712
IR,RED,20711,22709
IR,RED,20722,22711
IR,RED,20718,22712
IR,RED,20722,22733
IR,RED,20718,22728
IR,RED,20719,22715
IR,RED,20713,22715
IR,RED,20720,22726
IR,RED,20718,22715
IR,RED,20706,22716
IR,RED,20711,22719
IR,RED,20706,22715
IR,RED,20706,22704
IR,RED,20707,22708
IR,RED,20701,22713
IR,RED,20694,22709
IR,RED,20705,22699
IR,RED,20696,22710
IR,RED,20714,22708
IR,RED,20715,22711
IR,RED,20708,22701
IR,RED,20703,22708
IR,RED,20698,22712
IR,RED,20714,22703
IR,RED,20709,22702
IR,RED,20713,22711
IR,RED,20699,22706
IR,RED,20710,22705
IR,RED,20704,22700
IR,RED,20718,22704
IR,RED,20705,22706
IR,RED,20699,22704
IR,RED,20703,22706
IR,RED,20703,22708
IR,RED,20703,22706
IR,RED,20703,22705
IR,RED,20706,22708
IR,RED,20703,22707
IR,RED,20699,22713
IR,RED,20694,22701
IR,RED,20691,22700
IR,RED,20682,22715
IR,RED,20694,22703
IR,RED,20693,22718
IR,RED,20700,22697
IR,RED,20694,22701
IR,RED,20702,22715
IR,RED,20700,22699
IR,RED,20692,22709
IR,RED,20704,22706
IR,RED,20692,22704
IR,RED,20699,22717
IR,RED,20702,22711
IR,RED,20706,22706
IR,RED,20692,22707
IR,RED,20697,22704
IR,RED,20694,22703
IR,RED,20691,22702
IR,RED,20693,22699
IR,RED,20694,22693
IR,RED,20690,22692
IR,RED,20682,22693
IR,RED,20700,22692
IR,RED,20682,22699
IR,RED,20696,22704
IR,RED,20697,22709
IR,RED,20688,22701
IR,RED,20692,22699
IR,RED,20685,22708
IR,RED,20690,22708
IR,RED,20685,22708
IR,RED,20687,22699
IR,RED,20690,22695
IR,RED,20688,22707
IR,RED,20675,22696
IR,RED,20683,22707
IR,RED,20680,22704
IR,RED,20686,22706
IR,RED,20697,22710
IR,RED,20703,22696
IR,RED,20685,22691
IR,RED,20688,22695
IR,RED,20681,22702
IR,RED,20685,22701
IR,RED,20676,22692
IR,RED,20673,22688
IR,RED,20683,22693
IR,RED,20687,22689
IR,RED,20680,22697
IR,RED,20683,22683
IR,RED,20679,22684
IR,RED,20674,22681
IR,RED,20678,22684
IR,RED,20677,22682
IR,RED,20681,22679
IR,RED,20675,22671
IR,RED,20682,22679
IR,RED,20666,22677
IR,RED,20666,22675
IR,RED,20666,22676
IR,RED,20665,22676
IR,RED,20663,22684
IR,RED,20669,22674
IR,RED,20664,22670
IR,RED,20664,22673
IR,RED,20662,22671
IR,RED,20654,22673
IR,RED,20664,22665
IR,RED,20668,22669
IR,RED,20661,22670
IR,RED,20658,22681
IR,RED,20654,22674
IR,RED,20655,22663
IR,RED,20662,22663
IR,RED,20658,22655
IR,RED,20650,22661
IR,RED,20650,22676
IR,RED,20653,22672
IR,RED,20656,22664
IR,RED,20657,22665
IR,RED,20657,22664
IR,RED,20647,22661
IR,RED,20660,22670
IR,RED,20646,22679
IR,RED,20653,22675
IR,RED,20646,22662
IR,RED,20656,22674
IR,RED,20653,22670
IR,RED,20654,22671
IR,RED,20654,22666
IR,RED,20653,22661
IR,RED,20661,22666
IR,RED,20659,22668
IR,RED,20653,22670
IR,RED,20660,22669
IR,RED,20653,22668
IR,RED,20659,22673
IR,RED,20655,22675
IR,RED,20656,22656
IR,RED,20647,22662
IR,RED,20645,22666
IR,RED,20648,22664
IR,RED,20642,22667
IR,RED,20648,22671
IR,RED,20647,22666
IR,RED,20646,22663
IR,RED,20650,22668
IR,RED,20644,22673
IR,RED,20652,22671
IR,RED,20649,22659
IR,RED,20643,22665
IR,RED,20642,22663
IR,RED,20648,22667
IR,RED,20641,22659
IR,RED,20653,22654
IR,RED,20639,22658
IR,RED,20643,22666
IR,RED,20647,22655
IR,RED,20642,22665
IR,RED,20640,22658
IR,RED,20637,22668
IR,RED,20645,22664
IR,RED,20644,22652
IR,RED,20642,22649
IR,RED,20635,22647
IR,RED,20636,22659
IR,RED,20633,22647
IR,RED,20639,22651
IR,RED,20645,22651
IR,RED,20633,22644
IR,RED,20629,22646
IR,RED,20642,22652
IR,RED,20636,22646
IR,RED,20646,22656
IR,RED,20641,22658
IR,RED,20632,22652
IR,RED,20639,22653
IR,RED,20634,22645
IR,RED,20637,22646
IR,RED,20634,22655
IR,RED,20633,22646
IR,RED,20630,22649
IR,RED,20638,22649
IR,RED,20621,22647
IR,RED,20612,22648
IR,RED,20626,22644
IR,RED,20622,22643
IR,RED,20628,22647
IR,RED,20618,22652
IR,RED,20630,22648
IR,RED,20626,22642
IR,RED,20633,22649
IR,RED,20621,22645
IR,RED,20615,22640
IR,RED,20623,22651
IR,RED,20625,22643
IR,RED,20620,22646
IR,RED,20625,22642
IR,RED,20618,22650
IR,RED,20627,22652
IR,RED,20636,22651
IR,RED,20637,22640
IR,RED,20622,22645
IR,RED,20624,22654
IR,RED,20619,22642
IR,RED,20625,22654
IR,RED,20626,22641
IR,RED,20624,22652
IR,RED,20624,22647
IR,RED,20610,22649
IR,RED,20624,22641
IR,RED,20621,22644
IR,RED,20612,22650
IR,RED,20624,22643
IR,RED,20623,22642
IR,RED,20629,22658
IR,RED,20622,22646
IR,RED,20629,22650
IR,RED,20617,22647
IR,RED,20627,22644
IR,RED,20621,22643
IR,RED,20617,22651
IR,RED,20623,22653
IR,RED,20627,22656
IR,RED,20622,22658
IR,RED,20619,22642
IR,RED,20622,22652
IR,RED,20615,22653
IR,RED,20616,22654
IR,RED,20624,22641
IR,RED,20615,22640
IR,RED,20630,22640
IR,RED,20621,22634
IR,RED,20618,22649
IR,RED,20619,22645
IR,RED,20616,22639
IR,RED,20609,22636
IR,RED,20620,22636
IR,RED,20612,22634
IR,RED,20615,22637
IR,RED,20624,22633
IR,RED,20619,22650
IR,RED,20613,22634
IR,RED,20613,22642
IR,RED,20622,22645
IR,RED,20616,22642
IR,RED,20611,22631
IR,RED,20611,22633
IR,RED,20611,22636
IR,RED,20612,22639
IR,RED,20619,22633
IR,RED,20620,22637
IR,RED,20622,22651
IR,RED,20618,22642
IR,RED,20618,22643
IR,RED,20612,22638
IR,RED,20616,22634
IR,RED,20616,22654
IR,RED,20613,22634
IR,RED,20607,22639
IR,RED,20620,22646
IR,RED,20615,22633
IR,RED,20618,22651
IR,RED,20615,22649
IR,RED,20617,22636
IR,RED,20615,22639
IR,RED,20619,22638
IR,RED,20605,22636
IR,RED,20612,22643
IR,RED,20608,22642
IR,RED,20602,22643
IR,RED,20618,22635
IR,RED,20614,22628
IR,RED,20601,22634
IR,RED,20610,22637
IR,RED,20607,22639
IR,RED,20611,22634
IR,RED,20610,22646
IR,RED,20620,22640
IR,RED,20608,22644
IR,RED,20615,22638
IR,RED,20603,22647
IR,RED,20610,22632
IR,RED,20614,22637
IR,RED,20610,22644
IR,RED,20619,22644
IR,RED,20612,22634
IR,RED,20604,22638
IR,RED,20610,22654
IR,RED,20611,22640
IR,RED,20614,22650
IR,RED,20607,22642
IR,RED,20603,22638
IR,RED,20601,22645
IR,RED,20606,22640
IR,RED,20600,22647
IR,RED,20610,22643
IR,RED,20602,22634
IR,RED,20597,22638
IR,RED,20595,22625
IR,RED,20600,22639
IR,RED,20598,22636
IR,RED,20602,22626
IR,RED,20600,22630
IR,RED,20600,22632
IR,RED,20601,22623
IR,RED,20607,22617
IR,RED,20598,22618
IR,RED,20598,22625
IR,RED,20599,22624
IR,RED,20596,22619
IR,RED,20601,22618
IR,RED,20603,22624
IR,RED,20604,22638
IR,RED,20604,22625
IR,RED,20598,22625
IR,RED,20602,22622
IR,RED,20592,22620
IR,RED,20590,22624
IR,RED,20598,22622
IR,RED,20593,22624
IR,RED,20591,22623
IR,RED,20594,22611
IR,RED,20587,22629
IR,RED,20585,22630
IR,RED,20584,22618
IR,RED,20582,22617
IR,RED,20591,22613
IR,RED,20593,22615
IR,RED,20576,22614
IR,RED,20592,22607
IR,RED,20580,22613
IR,RED,20593,22616
IR,RED,20587,22615
IR,RED,20582,22617
IR,RED,20582,22617
IR,RED,20581,22610
IR,RED,20572,22617
IR,RED,20583,22611
IR,RED,20586,22612
IR,RED,20577,22613
IR,RED,20581,22608
IR,RED,20578,22612
IR,RED,20577,22617
IR,RED,20589,22615
IR,RED,20585,22614
IR,RED,20576,22620
IR,RED,20578,22615
IR,RED,20576,22616
IR,RED,20584,22614
IR,RED,20578,22613
IR,RED,20585,22614
IR,RED,20577,22607
IR,RED,20577,22621
IR,RED,20575,22617
IR,RED,20568,22608
IR,RED,20577,22611
IR,RED,20564,22607
IR,RED,20567,22611
IR,RED,20567,22611
IR,RED,20575,22607
IR,RED,20561,22601
IR,RED,20575,22602
IR,RED,20560,22595
IR,RED,20575,22601
IR,RED,20583,22599
IR,RED,20569,22607
IR,RED,20557,22603
IR,RED,20570,22604
IR,RED,20582,22600
IR,RED,20562,22595
IR,RED,20566,22599
IR,RED,20560,22598
IR,RED,20558,22590
IR,RED,20563,22596
IR,RED,20554,22592
IR,RED,20551,22592
IR,RED,20557,22588
IR,RED,20553,22589
IR,RED,20557,22594
IR,RED,20557,22595
IR,RED,20567,22588
IR,RED,20559,22604
IR,RED,20568,22591
IR,RED,20556,22594
IR,RED,20568,22598
IR,RED,20565,22583
IR,RED,20561,22584
IR,RED,20552,22587
IR,RED,20558,22587
IR,RED,20553,22580
IR,RED,20561,22585
IR,RED,20537,22581
IR,RED,20553,22582
IR,RED,20559,22578
IR,RED,20547,22576
IR,RED,20550,22581
IR,RED,20556,22584
IR,RED,20547,22590
IR,RED,20543,22590
IR,RED,20559,22569
IR,RED,20555,22593
IR,RED,20555,22587
IR,RED,20557,22582
IR,RED,20550,22589
IR,RED,20549,22588
IR,RED,20550,22593
IR,RED,20553,22592
IR,RED,20546,22587
IR,RED,20544,22577
IR,RED,20561,22578
IR,RED,20549,22589
IR,RED,20550,22577
IR,RED,20545,22583
IR,RED,20553,22585
IR,RED,20547,22580
IR,RED,20551,22586
IR,RED,20547,22588
IR,RED,20552,22577
IR,RED,20541,22577
IR,RED,20549,22579
IR,RED,20540,22570
IR,RED,20538,22571
IR,RED,20550,22576
IR,RED,20546,22578
IR,RED,20538,22567
IR,RED,20545,22572
IR,RED,20541,22571
IR,RED,20534,22563
IR,RED,20534,22566
IR,RED,20523,22569
IR,RED,20538,22570
IR,RED,20528,22562
IR,RED,20545,22565
IR,RED,20528,22563
IR,RED,20527,22546
IR,RED,20526,22560
IR,RED,20517,22562
IR,RED,20517,22551
IR,RED,20536,22557
IR,RED,20532,22556
IR,RED,20530,22561
IR,RED,20526,22553
IR,RED,20531,22552
IR,RED,20525,22550
IR,RED,20538,22539
IR,RED,20524,22548
IR,RED,20524,22552
IR,RED,20514,22542
IR,RED,20528,22550
IR,RED,20514,22551
IR,RED,20521,22553
IR,RED,20530,22544
IR,RED,20520,22534
IR,RED,20514,22549
IR,RED,20530,22540
IR,RED,20516,22541
IR,RED,20527,22550
IR,RED,20518,22530
IR,RED,20519,22539
IR,RED,20518,22550
IR,RED,20509,22546
IR,RED,20509,22541
IR,RED,20517,22546
IR,RED,20518,22554
IR,RED,20518,22538
IR,RED,20512,22546
IR,RED,20516,22542
IR,RED,20514,22548
IR,RED,20516,22547
IR,RED,20514,22535
IR,RED,20509,22549
IR,RED,20521,22532
IR,RED,20516,22543
IR,RED,20515,22532
IR,RED,20516,22545
IR,RED,20517,22541
IR,RED,20515,22552
IR,RED,20517,22542
IR,RED,20515,22539
IR,RED,20507,22530
IR,RED,20505,22539
IR,RED,20513,22533
IR,RED,20511,22550
IR,RED,20505,22538
IR,RED,20507,22548
IR,RED,20509,22532
IR,RED,20501,22527
IR,RED,20517,22529
IR,RED,20502,22537
IR,RED,20499,22532
IR,RED,20503,22534
IR,RED,20498,22529
IR,RED,20515,22518
IR,RED,20505,22524
IR,RED,20501,22521
IR,RED,20501,22529
IR,RED,20504,22529
IR,RED,20492,22522
IR,RED,20498,22512
IR,RED,20496,22510
IR,RED,20488,22515
IR,RED,20487,22508
IR,RED,20497,22517
IR,RED,20504,22519
IR,RED,20494,22519
IR,RED,20499,22506
IR,RED,20491,22515
IR,RED,20505,22521
IR,RED,20497,22518
IR,RED,20496,22506
IR,RED,20488,22516
IR,RED,20497,22515
IR,RED,20490,22508
IR,RED,20492,22518
IR,RED,20494,22512
IR,RED,20489,22509
IR,RED,20498,22516
IR,RED,20494,22501
IR,RED,20482,22513
IR,RED,20486,22511
IR,RED,20485,22507
IR,RED,20487,22508
IR,RED,20491,22519
IR,RED,20496,22510
IR,RED,20496,22514
IR,RED,20492,22515
IR,RED,20489,22515
IR,RED,20495,22508
IR,RED,20489,22510
IR,RED,20485,22519
IR,RED,20482,22513
IR,RED,20482,22512
IR,RED,20484,22511
IR,RED,20485,22508
IR,RED,20485,22502
IR,RED,20483,22503
IR,RED,20489,22516
IR,RED,20485,22522
IR,RED,20484,22521
IR,RED,20476,22503
IR,RED,20473,22511
IR,RED,20477,22508
IR,RED,20483,22509
IR,RED,20479,22511
IR,RED,20474,22504
IR,RED,20472,22499
IR,RED,20484,22505
IR,RED,20472,22496
IR,RED,20477,22511
IR,RED,20480,22494
IR,RED,20477,22494
IR,RED,20488,22519
IR,RED,20474,22499
IR,RED,20479,22498
IR,RED,20469,22494
IR,RED,20477,22497
IR,RED,20457,22491
IR,RED,20460,22490
IR,RED,20478,22489
IR,RED,20478,22486
IR,RED,20462,22473
IR,RED,20460,22477
IR,RED,20464,22475
IR,RED,20457,22477
IR,RED,20456,22471
IR,RED,20466,22477
IR,RED,20466,22487
IR,RED,20456,22484
IR,RED,20457,22482
IR,RED,20453,22474
IR,RED,20464,22480
IR,RED,20464,22470
IR,RED,20454,22468
IR,RED,20462,22469
IR,RED,20467,22479
IR,RED,20463,22477
IR,RED,20460,22471
IR,RED,20457,22471
IR,RED,20459,22467
IR,RED,20451,22474
IR,RED,20457,22488
IR,RED,20460,22472
IR,RED,20457,22468
IR,RED,20447,22475
IR,RED,20460,22470
IR,RED,20447,22468
IR,RED,20451,22469
IR,RED,20461,22472
IR,RED,20454,22476
IR,RED,20449,22470
IR,RED,20453,22459
IR,RED,20453,22463
IR,RED,20447,22460
IR,RED,20453,22464
IR,RED,20446,22457
IR,RED,20449,22459
IR,RED,20451,22467
IR,RED,20453,22471
IR,RED,20460,22466
IR,RED,20449,22468
IR,RED,20451,22474
IR,RED,20448,22467
IR,RED,20452,22467
IR,RED,20446,22462
IR,RED,20447,22467
IR,RED,20440,22458
IR,RED,20446,22454
IR,RED,20441,22453
IR,RED,20457,22462
IR,RED,20452,22467
IR,RED,20460,22472
IR,RED,20441,22465
IR,RED,20450,22460
IR,RED,20449,22475
IR,RED,20449,22465
IR,RED,20449,22451
IR,RED,20439,22460
IR,RED,20442,22462
IR,RED,20444,22455
IR,RED,20441,22453
IR,RED,20446,22456
IR,RED,20438,22458
IR,RED,20446,22460
IR,RED,20440,22443
IR,RED,20442,22453
IR,RED,20434,22458
IR,RED,20451,22458
IR,RED,20434,22461
IR,RED,20440,22453
IR,RED,20431,22437
IR,RED,20444,22439
IR,RED,20437,22438
IR,RED,20438,22441
IR,RED,20431,22447
IR,RED,20431,22429
IR,RED,20433,22442
IR,RED,20427,22426
IR,RED,20435,22436
IR,RED,20428,22444
IR,RED,20424,22437
IR,RED,20429,22440
IR,RED,20427,22433
IR,RED,20430,22433
IR,RED,20429,22442
IR,RED,20435,22437
IR,RED,20428,22434
IR,RED,20429,22431
IR,RED,20428,22440
IR,RED,20433,22438
IR,RED,20427,22442
IR,RED,20422,22441
IR,RED,20424,22435
IR,RED,20416,22432
IR,RED,20422,22429
IR,RED,20424,22434
IR,RED,20416,22431
IR,RED,20422,22426
IR,RED,20435,22423
IR,RED,20421,22431
IR,RED,20426,22432
IR,RED,20406,22430
IR,RED,20424,22418
IR,RED,20426,22426
IR,RED,20424,22430
IR,RED,20419,22435
IR,RED,20415,22421
IR,RED,20416,22433
IR,RED,20425,22432
IR,RED,20407,22434
IR,RED,20422,22429
IR,RED,20419,22430
IR,RED,20415,22427
IR,RED,20420,22424
IR,RED,20411,22431
IR,RED,20420,22429
IR,RED,20414,22429
IR,RED,20420,22436
IR,RED,20417,22431
IR,RED,20407,22434
IR,RED,20417,22429
IR,RED,20420,22431
IR,RED,20414,22431
IR,RED,20406,22433
IR,RED,20415,22434
IR,RED,20417,22425
IR,RED,20420,22428
IR,RED,20416,22425
IR,RED,20419,22419
IR,RED,20410,22412
IR,RED,20413,22420
IR,RED,20405,22408
IR,RED,20405,22405
IR,RED,20394,22409
IR,RED,20411,22406
IR,RED,20397,22407
IR,RED,20404,22408
IR,RED,20406,22400
IR,RED,20416,22414
IR,RED,20408,22414
IR,RED,20402,22406
IR,RED,20410,22411
IR,RED,20397,22393
IR,RED,20399,22397
IR,RED,20397,22401
IR,RED,20396,22398
IR,RED,20398,22391
IR,RED,20399,22394
IR,RED,20397,22411
IR,RED,20401,22401
IR,RED,20389,22394
IR,RED,20392,22397
IR,RED,20400,22400
IR,RED,20387,22399
IR,RED,20400,22388
IR,RED,20392,22379
IR,RED,20390,22389
IR,RED,20384,22395
IR,RED,20391,22389
IR,RED,20389,22385
IR,RED,20393,22388
IR,RED,20395,22387
IR,RED,20394,22384
IR,RED,20384,22394
IR,RED,20384,22382
IR,RED,20393,22391
IR,RED,20385,22387
IR,RED,20378,22385
IR,RED,20386,22378
IR,RED,20386,22383
IR,RED,20384,22394
IR,RED,20394,22381
IR,RED,20387,22379
IR,RED,20387,22384
IR,RED,20387,22386
IR,RED,20388,22383
IR,RED,20382,22385
IR,RED,20387,22384
IR,RED,20385,22387
IR,RED,20379,22376
IR,RED,20383,22379
IR,RED,20390,22394
IR,RED,20387,22381
IR,RED,20390,22380
IR,RED,20384,22384
IR,RED,20377,22383
IR,RED,20382,22378
IR,RED,20386,22385
IR,RED,20381,22379
IR,RED,20381,22387
IR,RED,20384,22383
IR,RED,20381,22394
IR,RED,20382,22394
IR,RED,20381,22385
IR,RED,20378,22377
IR,RED,20383,22380
IR,RED,20380,22376
IR,RED,20376,22376
IR,RED,20376,22381
IR,RED,20367,22381
IR,RED,20376,22378
IR,RED,20384,22371
IR,RED,20375,22379
IR,RED,20373,22366
IR,RED,20375,22368
IR,RED,20379,22362
IR,RED,20370,22369
IR,RED,20370,22372
IR,RED,20368,22364
IR,RED,20374,22360
IR,RED,20368,22361
IR,RED,20373,22356
IR,RED,20370,22355
IR,RED,20367,22359
IR,RED,20366,22357
IR,RED,20365,22358
IR,RED,20362,22358
IR,RED,20375,22357
IR,RED,20361,22352
IR,RED,20361,22360
IR,RED,20366,22348
IR,RED,20366,22356
IR,RED,20374,22357
IR,RED,20369,22369
IR,RED,20357,22351
IR,RED,20366,22357
IR,RED,20363,22361
IR,RED,20356,22365
IR,RED,20365,22347
IR,RED,20360,22348
IR,RED,20371,22353
IR,RED,20358,22350
IR,RED,20359,22342
IR,RED,20351,22347
IR,RED,20359,22352
IR,RED,20361,22346
IR,RED,20355,22349
IR,RED,20359,22349
IR,RED,20361,22341
IR,RED,20352,22352
IR,RED,20366,22352
IR,RED,20366,22362
IR,RED,20361,22348
IR,RED,20354,22343
IR,RED,20362,22358
IR,RED,20356,22351
IR,RED,20372,22348
IR,RED,20355,22355
IR,RED,20350,22346
IR,RED,20358,22350
IR,RED,20360,22350
IR,RED,20366,22348
IR,RED,20355,22349
IR,RED,20350,22370
IR,RED,20355,22361
IR,RED,20355,22359
IR,RED,20359,22340
IR,RED,20353,22354
IR,RED,20357,22358
IR,RED,20350,22353
IR,RED,20357,22360
IR,RED,20349,22342
IR,RED,20348,22349
IR,RED,20356,22343
IR,RED,20352,22359
IR,RED,20356,22343
IR,RED,20356,22341
IR,RED,20344,22347
IR,RED,20351,22351
IR,RED,20353,22349
IR,RED,20350,22354
IR,RED,20344,22343
IR,RED,20351,22345
IR,RED,20353,22344
IR,RED,20344,22347
IR,RED,20347,22347
IR,RED,20341,22343
IR,RED,20339,22328
IR,RED,20343,22338
IR,RED,20349,22328
IR,RED,20340,22333
IR,RED,20336,22328
IR,RED,20334,22330
IR,RED,20327,22324
IR,RED,20326,22328
IR,RED,20339,22324
IR,RED,20336,22329
IR,RED,20331,22322
IR,RED,20335,22332
IR,RED,20340,22334
IR,RED,20334,22335
IR,RED,20331,22323
IR,RED,20332,22327
IR,RED,20342,22327
IR,RED,20333,22320
IR,RED,20335,22318
IR,RED,20337,22322
IR,RED,20338,22325
IR,RED,20336,22317
IR,RED,20334,22313
IR,RED,20348,22324
IR,RED,20321,22319
IR,RED,20329,22320
IR,RED,20330,22316
IR,RED,20329,22321
IR,RED,20334,22323
IR,RED,20334,22318
IR,RED,20339,22322
IR,RED,20340,22314
IR,RED,20338,22311
IR,RED,20328,22313
IR,RED,20335,22319
IR,RED,20334,22318
IR,RED,20329,22316
IR,RED,20325,22317
IR,RED,20322,22328
IR,RED,20326,22321
IR,RED,20326,22322
IR,RED,20319,22321
IR,RED,20332,22324
IR,RED,20328,22324
IR,RED,20329,22318
IR,RED,20324,22320
IR,RED,20332,22314
IR,RED,20325,22313
IR,RED,20320,22318
IR,RED,20327,22317
IR,RED,20319,22314
IR,RED,20332,22315
IR,RED,20331,22313
IR,RED,20328,22314
IR,RED,20336,22320
IR,RED,20338,22324
IR,RED,20327,22316
IR,RED,20333,22322
IR,RED,20324,22321
IR,RED,20315,22311
IR,RED,20318,22322
IR,RED,20316,22307
IR,RED,20327,22321
IR,RED,20315,22317
IR,RED,20340,22314
IR,RED,20328,22324
IR,RED,20317,22324
IR,RED,20333,22324
IR,RED,20338,22326
IR,RED,20322,22327
IR,RED,20337,22319
IR,RED,20322,22315
IR,RED,20323,22320
IR,RED,20328,22312
IR,RED,20333,22312
IR,RED,20316,22309
IR,RED,20327,22314
IR,RED,20317,22308
IR,RED,20320,22302
IR,RED,20328,22304
IR,RED,20307,22296
IR,RED,20322,22296
IR,RED,20317,22298
IR,RED,20322,22298
IR,RED,20313,22295
IR,RED,20312,22300
IR,RED,20322,22303
IR,RED,20317,22285
IR,RED,20320,22298
IR,RED,20310,22298
IR,RED,20315,22294
IR,RED,20318,22296
IR,RED,20307,22301
IR,RED,20309,22295
IR,RED,20317,22296
IR,RED,20316,22299
IR,RED,20303,22294
IR,RED,20308,22290
IR,RED,20305,22300
IR,RED,20315,22291
IR,RED,20298,22295
IR,RED,20307,22278
IR,RED,20306,22294
IR,RED,20310,22281
IR,RED,20311,22290
IR,RED,20316,22287
IR,RED,20303,22292
IR,RED,20313,22284
IR,RED,20298,22291
IR,RED,20305,22289
IR,RED,20309,22292
IR,RED,20312,22292
IR,RED,20313,22290
IR,RED,20315,22297
IR,RED,20309,22303
IR,RED,20297,22293
IR,RED,20314,22298
IR,RED,20307,22286
IR,RED,20308,22304
IR,RED,20296,22290
IR,RED,20304,22299
IR,RED,20308,22288
IR,RED,20307,22290
IR,RED,20311,22291
IR,RED,20297,22293
IR,RED,20296,22299
IR,RED,20300,22294
IR,RED,20315,22302
IR,RED,20311,22292
IR,RED,20316,22304
IR,RED,20307,22290
IR,RED,20318,22299
IR,RED,20318,22301
IR,RED,20307,22295
IR,RED,20322,22296
IR,RED,20309,22291
IR,RED,20302,22298
IR,RED,20302,22299
IR,RED,20310,22296
IR,RED,20303,22305
IR,RED,20308,22293
IR,RED,20300,22310
IR,RED,20309,22304
IR,RED,20310,22305
IR,RED,20303,22300
IR,RED,20303,22302
IR,RED,20303,22294
IR,RED,20293,22297
IR,RED,20295,22294
IR,RED,20303,22293
IR,RED,20290,22297
IR,RED,20310,22287
IR,RED,20298,22287
IR,RED,20295,22281
IR,RED,20294,22285
IR,RED,20287,22280
IR,RED,20294,22285
IR,RED,20286,22280
IR,RED,20293,22270
IR,RED,20292,22278
IR,RED,20296,22287
IR,RED,20293,22269
IR,RED,20292,22273
IR,RED,20293,22282
IR,RED,20294,22277
IR,RED,20292,22278
IR,RED,20295,22286
IR,RED,20294,22274
IR,RED,20287,22281
IR,RED,20293,22280
IR,RED,20289,22265
IR,RED,20294,22272
IR,RED,20294,22280
IR,RED,20280,22276
IR,RED,20291,22273
IR,RED,20292,22272
IR,RED,20282,22286
IR,RED,20288,22279
IR,RED,20285,22280
IR,RED,20283,22280
IR,RED,20285,22270
IR,RED,20279,22269
IR,RED,20280,22268
IR,RED,20275,22267
IR,RED,20277,22266
IR,RED,20284,22282
IR,RED,20286,22284
IR,RED,20288,22272
IR,RED,20286,22272
IR,RED,20285,22275
IR,RED,20277,22285
IR,RED,20276,22275
IR,RED,20275,22276
IR,RED,20280,22266
IR,RED,20280,22275
IR,RED,20296,22271
IR,RED,20277,22277
IR,RED,20282,22256
IR,RED,20285,22262
IR,RED,20278,22269
IR,RED,20277,22270
IR,RED,20273,22273
IR,RED,20274,22274
IR,RED,20277,22265
IR,RED,20278,22285
IR,RED,20280,22277
IR,RED,20271,22271
IR,RED,20280,22269
IR,RED,20273,22278
IR,RED,20267,22279
IR,RED,20286,22274
IR,RED,20281,22283
IR,RED,20275,22269
IR,RED,20278,22271
IR,RED,20280,22274
IR,RED,20271,22276
IR,RED,20268,22271
IR,RED,20279,22276
IR,RED,20277,22271
IR,RED,20282,22267
IR,RED,20285,22259
IR,RED,20282,22282
IR,RED,20273,22259
IR,RED,20267,22264
IR,RED,20273,22271
IR,RED,20268,22262
IR,RED,20276,22267
IR,RED,20267,22268
IR,RED,20264,22255
IR,RED,20276,22250
IR,RED,20272,22254
IR,RED,20273,22253
IR,RED,20266,22258
IR,RED,20262,22265
IR,RED,20267,22262
IR,RED,20264,22264
IR,RED,20264,22261
IR,RED,20278,22263
IR,RED,20279,22261
IR,RED,20275,22264
IR,RED,20273,22266
IR,RED,20267,22266
IR,RED,20268,22259
IR,RED,20264,22252
IR,RED,20268,22269
IR,RED,20259,22263
IR,RED,20257,22254
IR,RED,20267,22257
IR,RED,20262,22266
IR,RED,20247,22248
IR,RED,20244,22259
IR,RED,20256,22258
IR,RED,20251,22249
IR,RED,20263,22257
IR,RED,20263,22252
IR,RED,20251,22252
IR,RED,20254,22256
IR,RED,20255,22249
IR,RED,20260,22255
IR,RED,20250,22257
IR,RED,20248,22255
IR,RED,20257,22244
IR,RED,20250,22254
IR,RED,20255,22247
IR,RED,20263,22255
IR,RED,20258,22257
IR,RED,20260,22254
IR,RED,20265,22251
IR,RED,20254,22244
IR,RED,20261,22254
IR,RED,20258,22252
IR,RED,20257,22265
IR,RED,20257,22252
IR,RED,20260,22258
IR,RED,20257,22256
IR,RED,20258,22254
IR,RED,20261,22252
IR,RED,20259,22255
IR,RED,20266,22258
IR,RED,20254,22255
IR,RED,20251,22248
IR,RED,20249,22263
IR,RED,20251,22261
IR,RED,20249,22258
IR,RED,20250,22251
IR,RED,20255,22252
IR,RED,20253,22256
IR,RED,20261,22261
IR,RED,20257,22255
IR,RED,20255,22255
IR,RED,20255,22262
IR,RED,20247,22268
IR,RED,20249,22260
IR,RED,20250,22258
IR,RED,20261,22243
IR,RED,20256,22254
IR,RED,20254,22250
IR,RED,20250,22252
IR,RED,20245,22239
IR,RED,20243,22229
IR,RED,20247,22238
IR,RED,20242,22247
IR,RED,20240,22237
IR,RED,20237,22221
IR,RED,20244,22238
IR,RED,20244,22230
IR,RED,20247,22235
IR,RED,20252,22240
IR,RED,20247,22237
IR,RED,20245,22236
IR,RED,20244,22240
IR,RED,20243,22235
IR,RED,20246,22241
IR,RED,20241,22234
IR,RED,20246,22243
IR,RED,20239,22245
IR,RED,20241,22227
IR,RED,20235,22224
IR,RED,20240,22229
IR,RED,20235,22224
IR,RED,20236,22232
IR,RED,20238,22229
IR,RED,20238,22235
IR,RED,20237,22236
IR,RED,20239,22224
IR,RED,20235,22225
IR,RED,20234,22220
IR,RED,20237,22232
IR,RED,20238,22231
IR,RED,20232,22230
IR,RED,20229,22236
IR,RED,20225,22234
IR,RED,20243,22222
IR,RED,20235,22228
IR,RED,20243,22237
IR,RED,20233,22227
IR,RED,20230,22226
IR,RED,20237,22229
IR,RED,20229,22219
IR,RED,20236,22225
IR,RED,20233,22226
IR,RED,20229,22222
IR,RED,20216,22224
IR,RED,20222,22225
IR,RED,20212,22228
IR,RED,20222,22227
IR,RED,20217,22236
IR,RED,20229,22233
IR,RED,20228,22236
IR,RED,20230,22231
IR,RED,20242,22237
IR,RED,20235,22238
IR,RED,20224,22228
IR,RED,20231,22228
IR,RED,20238,22233
IR,RED,20228,22235
IR,RED,20227,22232
IR,RED,20228,22223
IR,RED,20234,22223
IR,RED,20222,22240
IR,RED,20218,22227
IR,RED,20233,22235
IR,RED,20222,22233
IR,RED,20234,22222
IR,RED,20232,22228
IR,RED,20223,22219
IR,RED,20223,22222
IR,RED,20229,22217
IR,RED,20220,22226
IR,RED,20218,22222
IR,RED,20220,22217
IR,RED,20218,22217
IR,RED,20213,22212
IR,RED,20216,22207
IR,RED,20215,22207
IR,RED,20228,22210
IR,RED,20216,22216
IR,RED,20225,22202
IR,RED,20215,22209
IR,RED,20218,22210
IR,RED,20223,22209
IR,RED,20212,22216
IR,RED,20233,22225
IR,RED,20225,22212
IR,RED,20223,22212
IR,RED,20212,22222
IR,RED,20221,22217
IR,RED,20216,22215
IR,RED,20218,22211
IR,RED,20208,22209
IR,RED,20214,22205
IR,RED,20212,22219
IR,RED,20209,22209
IR,RED,20215,22214
IR,RED,20208,22207
IR,RED,20222,22210
IR,RED,20222,22206
IR,RED,20221,22208
IR,RED,20217,22215
IR,RED,20217,22208
IR,RED,20216,22213
IR,RED,20213,22206
IR,RED,20219,22201
IR,RED,20211,22205
IR,RED,20218,22214
IR,RED,20216,22214
IR,RED,20208,22209
IR,RED,20218,22218
IR,RED,20210,22215
IR,RED,20220,22212
IR,RED,20207,22200
IR,RED,20213,22207
IR,RED,20211,22217
IR,RED,20228,22215
IR,RED,20222,22219
IR,RED,20212,22211
IR,RED,20213,22195
IR,RED,20216,22219
IR,RED,20214,22209
IR,RED,20219,22216
IR,RED,20208,22208
IR,RED,20213,22214
IR,RED,20209,22216
IR,RED,20207,22217
IR,RED,20204,22209
IR,RED,20214,22211
IR,RED,20215,22216
IR,RED,20201,22216
IR,RED,20206,22230
IR,RED,20215,22214
IR,RED,20210,22223
IR,RED,20223,22221
IR,RED,20212,22224
IR,RED,20211,22209
IR,RED,20218,22212
IR,RED,20208,22206
IR,RED,20205,22202
IR,RED,20209,22209
IR,RED,20201,22204
IR,RED,20201,22202
IR,RED,20194,22199
IR,RED,20192,22197
IR,RED,20197,22195
IR,RED,20200,22207
IR,RED,20200,22197
IR,RED,20211,22193
IR,RED,20203,22197
IR,RED,20202,22200
IR,RED,20200,22206
IR,RED,20202,22213
IR,RED,20197,22197
IR,RED,20199,22212
IR,RED,20198,22202
IR,RED,20212,22206
IR,RED,20209,22197
IR,RED,20200,22193
IR,RED,20202,22208
IR,RED,20193,22204
IR,RED,20206,22202
IR,RED,20200,22205
IR,RED,20194,22205
IR,RED,20206,22211
IR,RED,20201,22193
IR,RED,20199,22203
IR,RED,20196,22200
IR,RED,20203,22195
IR,RED,20196,22199
IR,RED,20188,22210
IR,RED,20201,22208
IR,RED,20196,22202
IR,RED,20193,22194
IR,RED,20196,22195
IR,RED,20189,22193
IR,RED,20195,22199
IR,RED,20194,22196
IR,RED,20196,22197
IR,RED,20198,22188
IR,RED,20200,22201
IR,RED,20193,22207
IR,RED,20202,22214
IR,RED,20191,22199
IR,RED,20195,22207
IR,RED,20197,22207
IR,RED,20195,22201
IR,RED,20196,22196
IR,RED,20196,22210
IR,RED,20192,22203
IR,RED,20196,22203
IR,RED,20200,22198
IR,RED,20178,22199
IR,RED,20187,22204
IR,RED,20196,22205
IR,RED,20193,22202
IR,RED,20192,22201
IR,RED,20189,22208
IR,RED,20190,22212
IR,RED,20194,22188
IR,RED,20194,22190
IR,RED,20181,22188
IR,RED,20175,22193
IR,RED,20185,22191
IR,RED,20174,22190
IR,RED,20175,22195
IR,RED,20176,22188
IR,RED,20181,22188
IR,RED,20173,22185
IR,RED,20168,22184
IR,RED,20177,22184
IR,RED,20186,22184
IR,RED,20186,22188
IR,RED,20186,22196
IR,RED,20174,22190
IR,RED,20173,22194
IR,RED,20174,22200
IR,RED,20184,22188
IR,RED,20180,22186
IR,RED,20168,22183
IR,RED,20184,22193
IR,RED,20167,22184
IR,RED,20176,22194
IR,RED,20177,22179
IR,RED,20179,22187
IR,RED,20165,22175
IR,RED,20169,22174
IR,RED,20163,22177
IR,RED,20165,22180
IR,RED,20179,22182
IR,RED,20158,22172
IR,RED,20172,22176
IR,RED,20164,22178
IR,RED,20165,22174
IR,RED,20172,22177
IR,RED,20181,22191
IR,RED,20165,22184
IR,RED,20175,22175
IR,RED,20164,22172
IR,RED,20167,22177
IR,RED,20165,22183
IR,RED,20168,22183
IR,RED,20166,22181
IR,RED,20174,22186
IR,RED,20160,22184
IR,RED,20179,22181
IR,RED,20172,22188
IR,RED,20166,22180
IR,RED,20160,22179
IR,RED,20163,22178
IR,RED,20161,22176
IR,RED,20170,22179
IR,RED,20166,22195
IR,RED,20172,22184
IR,RED,20164,22186
IR,RED,20169,22185
IR,RED,20170,22180
IR,RED,20173,22181
IR,RED,20160,22180
IR,RED,20165,22181
IR,RED,20167,22170
IR,RED,20166,22174
IR,RED,20169,22169
IR,RED,20161,22167
IR,RED,20169,22177
IR,RED,20160,22173
IR,RED,20152,22174
IR,RED,20151,22175
IR,RED,20149,22156
IR,RED,20159,22165
IR,RED,20149,22158
IR,RED,20150,22153
IR,RED,20153,22143
IR,RED,20162,22151
IR,RED,20157,22157
IR,RED,20153,22162
IR,RED,20156,22164
IR,RED,20156,22157
IR,RED,20153,22163
IR,RED,20157,22157
IR,RED,20154,22162
IR,RED,20159,22159
IR,RED,20152,22155
IR,RED,20142,22152
IR,RED,20152,22159
IR,RED,20152,22153
IR,RED,20155,22155
IR,RED,20147,22153
IR,RED,20151,22149
IR,RED,20150,22150
IR,RED,20140,22162
IR,RED,20150,22156
IR,RED,20148,22157
IR,RED,20137,22146
IR,RED,20148,22150
IR,RED,20148,22161
IR,RED,20153,22154
IR,RED,20150,22152
IR,RED,20144,22154
IR,RED,20143,22159
IR,RED,20138,22155
IR,RED,20149,22156
IR,RED,20154,22162
IR,RED,20149,22147
IR,RED,20152,22161
IR,RED,20142,22162
IR,RED,20143,22156
IR,RED,20143,22167
IR,RED,20142,22164
IR,RED,20141,22165
IR,RED,20138,22157
IR,RED,20151,22160
IR,RED,20135,22155
IR,RED,20143,22164
IR,RED,20146,22155
IR,RED,20143,22149
IR,RED,20150,22152
IR,RED,20152,22150
IR,RED,20141,22155
IR,RED,20140,22147
IR,RED,20135,22150
IR,RED,20139,22145
IR,RED,20143,22140
IR,RED,20139,22143
IR,RED,20134,22144
IR,RED,20143,22133
IR,RED,20133,22132
IR,RED,20129,22140
IR,RED,20125,22132
IR,RED,20127,22134
IR,RED,20129,22128
IR,RED,20126,22140
IR,RED,20140,22148
IR,RED,20126,22138
IR,RED,20135,22137
IR,RED,20134,22140
IR,RED,20137,22133
IR,RED,20133,22141
IR,RED,20135,22146
IR,RED,20137,22135
IR,RED,20119,22133
IR,RED,20130,22135
IR,RED,20129,22127
IR,RED,20131,22133
IR,RED,20123,22133
IR,RED,20125,22132
IR,RED,20122,22132
IR,RED,20135,22129
IR,RED,20132,22124
IR,RED,20120,22124
IR,RED,20129,22129
IR,RED,20124,22120
IR,RED,20125,22126
IR,RED,20122,22128
IR,RED,20127,22131
IR,RED,20119,22126
IR,RED,20131,22132
IR,RED,20131,22128
IR,RED,20139,22131
IR,RED,20132,22129
IR,RED,20133,22131
IR,RED,20125,22128
IR,RED,20121,22135
IR,RED,20120,22132
IR,RED,20124,22132
IR,RED,20116,22124
IR,RED,20129,22133
IR,RED,20125,22133
IR,RED,20124,22134
IR,RED,20124,22126
IR,RED,20130,22127
IR,RED,20116,22136
IR,RED,20131,22132
IR,RED,20123,22125
IR,RED,20123,22134
IR,RED,20120,22129
IR,RED,20121,22126
IR,RED,20132,22126
IR,RED,20129,22132
IR,RED,20122,22119
IR,RED,20125,22129
IR,RED,20124,22114
IR,RED,20124,22118
IR,RED,20110,22113
IR,RED,20119,22102
IR,RED,20115,22108
IR,RED,20114,22112
IR,RED,20115,22101
IR,RED,20121,22106
IR,RED,20118,22101
IR,RED,20114,22108
IR,RED,20117,22109
IR,RED,20102,22106
IR,RED,20113,22098
IR,RED,20109,22099
IR,RED,20112,22104
IR,RED,20110,22100
IR,RED,20103,22109
IR,RED,20122,22103
IR,RED,20121,22101
IR,RED,20113,22101
IR,RED,20116,22108
IR,RED,20110,22101
IR,RED,20106,22106
IR,RED,20117,22098
IR,RED,20104,22098
IR,RED,20107,22097
IR,RED,20104,22098
IR,RED,20099,22095
IR,RED,20100,22096
IR,RED,20101,22105
IR,RED,20095,22101
IR,RED,20104,22096
IR,RED,20101,22100
IR,RED,20111,22104
IR,RED,20108,22092
IR,RED,20108,22099
IR,RED,20097,22101
IR,RED,20114,22112
IR,RED,20106,22113
IR,RED,20108,22109
IR,RED,20108,22101
IR,RED,20106,22102
IR,RED,20105,22085
IR,RED,20103,22099
IR,RED,20100,22095
IR,RED,20099,22107
IR,RED,20103,22101
IR,RED,20103,22106
IR,RED,20097,22099
IR,RED,20099,22103
IR,RED,20098,22099
IR,RED,20100,22100
IR,RED,20114,22112
IR,RED,20098,22105
IR,RED,20099,22097
IR,RED,20098,22099
IR,RED,20106,22097
IR,RED,20106,22094
IR,RED,20104,22102
IR,RED,20102,22090
IR,RED,20099,22086
IR,RED,20103,22086
IR,RED,20091,22085
IR,RED,20095,22089
IR,RED,20089,22076
IR,RED,20099,22084
IR,RED,20092,22071
IR,RED,20081,22079
IR,RED,20086,22076
IR,RED,20082,22071
IR,RED,20087,22081
IR,RED,20090,22083
IR,RED,20096,22066
IR,RED,20090,22082
IR,RED,20089,22085
IR,RED,20088,22076
IR,RED,20088,22074
IR,RED,20085,22085
IR,RED,20095,22082
IR,RED,20080,22070
IR,RED,20083,22077
IR,RED,20080,22082
IR,RED,20092,22079
IR,RED,20076,22081
IR,RED,20081,22079
IR,RED,20085,22080
IR,RED,20085,22060
IR,RED,20084,22077
IR,RED,20080,22072
IR,RED,20079,22059
IR,RED,20088,22072
IR,RED,20075,22065
IR,RED,20095,22063
IR,RED,20081,22072
IR,RED,20087,22069
IR,RED,20084,22082
IR,RED,20088,22067
IR,RED,20085,22066
IR,RED,20086,22062
IR,RED,20078,22066
IR,RED,20075,22056
IR,RED,20083,22057
IR,RED,20081,22069
IR,RED,20074,22063
IR,RED,20085,22066
IR,RED,20085,22068
IR,RED,20074,22062
IR,RED,20076,22067
IR,RED,20082,22066
IR,RED,20073,22062
IR,RED,20070,22067
IR,RED,20068,22060
IR,RED,20087,22063
IR,RED,20077,22054
IR,RED,20073,22073
IR,RED,20065,22053
IR,RED,20078,22066
IR,RED,20075,22056
IR,RED,20067,22058
IR,RED,20063,22056
IR,RED,20067,22062
IR,RED,20070,22053
IR,RED,20075,22049
IR,RED,20082,22055
IR,RED,20080,22052
IR,RED,20068,22050
IR,RED,20058,22038
IR,RED,20062,22052
IR,RED,20075,22044
IR,RED,20058,22048
IR,RED,20072,22040
IR,RED,20067,22030
IR,RED,20058,22040
IR,RED,20061,22032
IR,RED,20068,22037
IR,RED,20066,22034
IR,RED,20055,22031
IR,RED,20067,22020
IR,RED,20075,22033
IR,RED,20059,22034
IR,RED,20071,22032
IR,RED,20060,22030
IR,RED,20060,22040
IR,RED,20065,22026
IR,RED,20074,22029
IR,RED,20066,22029
IR,RED,20069,22032
IR,RED,20059,22021
IR,RED,20069,22035
IR,RED,20060,22027
IR,RED,20060,22027
IR,RED,20057,22022
IR,RED,20060,22025
IR,RED,20057,22020
IR,RED,20043,22026
IR,RED,20050,22025
IR,RED,20056,22026
IR,RED,20059,22027
IR,RED,20055,22028
IR,RED,20056,22033
IR,RED,20064,22025
IR,RED,20058,22033
IR,RED,20055,22034
IR,RED,20068,22033
IR,RED,20063,22048
IR,RED,20055,22039
IR,RED,20053,22027
IR,RED,20055,22038
IR,RED,20047,22018
IR,RED,20050,22037
IR,RED,20058,22031
IR,RED,20060,22033
IR,RED,20063,22033
IR,RED,20061,22030
IR,RED,20060,22022
IR,RED,20067,22038
IR,RED,20069,22037
IR,RED,20065,22027
IR,RED,20061,22030
IR,RED,20069,22039
IR,RED,20063,22048
IR,RED,20059,22046
IR,RED,20064,22036
IR,RED,20073,22039
IR,RED,20066,22030
IR,RED,20056,22029
IR,RED,20063,22038
IR,RED,20056,22031
IR,RED,20055,22029
IR,RED,20072,22029
IR,RED,20063,22020
IR,RED,20060,22028
IR,RED,20061,22018
IR,RED,20061,22021
IR,RED,20058,22021
IR,RED,20057,22021
IR,RED,20055,22018
IR,RED,20057,22018
IR,RED,20062,22014
IR,RED,20054,22017
IR,RED,20052,22014
IR,RED,20052,22012
IR,RED,20053,22012
IR,RED,20047,22004
IR,RED,20057,22008
IR,RED,20050,22020
IR,RED,20046,22009
IR,RED,20051,22018
IR,RED,20061,22010
IR,RED,20067,22005
IR,RED,20060,22005
IR,RED,20062,22011
IR,RED,20051,22010
IR,RED,20052,22015
IR,RED,20058,22007
IR,RED,20059,22001
IR,RED,20061,22003
IR,RED,20043,22003
IR,RED,20054,22012
IR,RED,20057,22001
IR,RED,20046,22003
IR,RED,20041,21997
IR,RED,20047,22000
IR,RED,20050,22008
IR,RED,20051,22001
IR,RED,20062,22004
IR,RED,20044,22007
IR,RED,20048,21997
IR,RED,20042,22016
IR,RED,20036,22000
IR,RED,20039,22000
IR,RED,20048,22000
IR,RED,20053,21993
IR,RED,20046,22011
IR,RED,20050,22000
IR,RED,20056,22007
IR,RED,20053,21998
IR,RED,20050,22004
IR,RED,20050,22003
IR,RED,20054,22008
IR,RED,20048,22005
IR,RED,20052,22013
IR,RED,20050,22009
IR,RED,20049,22007
IR,RED,20044,22003
IR,RED,20051,22000
IR,RED,20052,21992
IR,RED,20049,21995
IR,RED,20047,21994
IR,RED,20038,22014
IR,RED,20055,22003
IR,RED,20055,21996
IR,RED,20050,22012
IR,RED,20043,22016
IR,RED,20057,22005
IR,RED,20049,22005
IR,RED,20046,22006
IR,RED,20057,22019
IR,RED,20052,22008
IR,RED,20051,22001
IR,RED,20050,22009
IR,RED,20039,22006
IR,RED,20044,21992
IR,RED,20040,21984
IR,RED,20038,21992
IR,RED,20036,21986
IR,RED,20034,21978
IR,RED,20039,21990
IR,RED,20042,21978
IR,RED,20028,21982
IR,RED,20039,21975
IR,RED,20038,21980
IR,RED,20025,21971
IR,RED,20042,21966
IR,RED,20038,21970
IR,RED,20035,21976
IR,RED,20037,21968
IR,RED,20030,21967
IR,RED,20026,21971
IR,RED,20033,21965
IR,RED,20038,21972
IR,RED,20044,21969
IR,RED,20032,21966
IR,RED,20038,21972
IR,RED,20034,21973
IR,RED,20033,21974
IR,RED,20039,21976
IR,RED,20034,21979
IR,RED,20033,21975
IR,RED,20028,21979
IR,RED,20035,21973
IR,RED,20031,21983
IR,RED,20033,21964
IR,RED,20026,21983
IR,RED,20028,21972
IR,RED,20028,21966
IR,RED,20028,21983
IR,RED,20026,21973
IR,RED,20030,21976
IR,RED,20026,21971
IR,RED,20037,21971
IR,RED,20034,21972
IR,RED,20039,21966
IR,RED,20026,21985
IR,RED,20029,21980
IR,RED,20029,21973
IR,RED,20021,21973
IR,RED,20026,21967
IR,RED,20025,21973
IR,RED,20021,21982
IR,RED,20022,21980
IR,RED,20027,21973
IR,RED,20037,21970
IR,RED,20018,21972
IR,RED,20020,21971
IR,RED,20021,21965
IR,RED,20020,21958
IR,RED,20020,21974
IR,RED,20026,21963
IR,RED,20022,21979
IR,RED,20030,21987
IR,RED,20025,21982
IR,RED,20032,21976
IR,RED,20028,21967
IR,RED,20025,21976
IR,RED,20033,21978
IR,RED,20027,21963
IR,RED,20037,21990
IR,RED,20021,21970
IR,RED,20026,21971
IR,RED,20024,21987
IR,RED,20033,21980
IR,RED,20021,21976
IR,RED,20017,21974
IR,RED,20027,21973
IR,RED,20021,21963
IR,RED,20023,21970
IR,RED,20014,21968
IR,RED,20016,21955
IR,RED,20013,21966
IR,RED,20005,21962
IR,RED,20016,21958
IR,RED,20013,21955
IR,RED,20018,21945
IR,RED,20014,21952
IR,RED,20003,21945
IR,RED,20010,21949
IR,RED,20016,21946
IR,RED,20013,21947
IR,RED,20016,21951
IR,RED,20023,21954
IR,RED,20008,21933
IR,RED,20012,21947
IR,RED,20004,21939
IR,RED,20013,21952
IR,RED,20015,21945
IR,RED,20011,21952
IR,RED,20004,21945
IR,RED,20013,21940
IR,RED,20009,21944
IR,RED,20010,21945
IR,RED,20006,21926
IR,RED,20007,21939
IR,RED,20013,21941
IR,RED,20005,21945
IR,RED,20006,21942
IR,RED,20002,21949
IR,RED,20001,21936
IR,RED,20002,21930
IR,RED,19996,21935
IR,RED,20000,21935
IR,RED,20005,21936
IR,RED,19999,21943
IR,RED,20007,21939
IR,RED,20009,21939
IR,RED,19998,21941
IR,RED,20008,21945
IR,RED,20001,21948
IR,RED,19990,21945
IR,RED,20009,21947
IR,RED,20013,21951
IR,RED,20007,21951
IR,RED,19998,21952
IR,RED,20010,21958
IR,RED,19999,21944
IR,RED,20003,21951
IR,RED,20005,21957
IR,RED,20002,21950
IR,RED,20000,21947
IR,RED,20018,21952
IR,RED,20008,21948
IR,RED,20002,21955
IR,RED,19999,21949
IR,RED,20005,21947
IR,RED,19993,21954
IR,RED,20002,21959
IR,RED,20003,21951
IR,RED,19996,21950
IR,RED,19999,21968
IR,RED,20001,21961
IR,RED,20004,21951
IR,RED,20003,21961
IR,RED,20000,21956
IR,RED,19995,21957
IR,RED,19998,21953
IR,RED,20001,21955
IR,RED,19999,21955
IR,RED,20000,21953
IR,RED,19991,21952
IR,RED,19991,21953
IR,RED,19996,21944
IR,RED,19989,21939
IR,RED,19990,21937
IR,RED,19997,21937
IR,RED,19990,21935
IR,RED,19989,21922
IR,RED,19986,21938
IR,RED,19988,21929
IR,RED,19980,21929
IR,RED,19995,21934
IR,RED,19982,21923
IR,RED,19992,21922
IR,RED,19980,21923
IR,RED,19986,21927
IR,RED,19987,21929
IR,RED,19986,21924
IR,RED,19983,21933
IR,RED,19982,21932
IR,RED,19987,21937
IR,RED,19978,21937
IR,RED,19989,21926
IR,RED,22738,21932
IR,RED,23915,21918
IR,RED,23925,21921
IR,RED,23912,21924
IR,RED,23912,21919
IR,RED,23918,21912
IR,RED,23917,21915
IR,RED,23906,21911
IR,RED,23920,21925
IR,RED,23913,21916
IR,RED,23916,21908
IR,RED,23910,21916
IR,RED,23906,21915
IR,RED,23894,21911
IR,RED,23906,21916
IR,RED,23902,21912
IR,RED,23902,21912
IR,RED,23907,21916
IR,RED,23911,21908
IR,RED,23908,21914
IR,RED,23905,21913
IR,RED,23912,21919
IR,RED,23906,21921
IR,RED,23898,21914
IR,RED,23909,21914
IR,RED,23895,21921
IR,RED,23911,21919
IR,RED,23905,21917
IR,RED,23907,21923
IR,RED,23898,21921
IR,RED,23895,21926
IR,RED,23897,21931
IR,RED,23892,21925
IR,RED,23890,21919
IR,RED,23891,21934
IR,RED,23896,21914
IR,RED,23904,21922
IR,RED,23904,21919
IR,RED,23899,21926
IR,RED,23898,21921
IR,RED,23902,21914
IR,RED,23900,21913
IR,RED,23896,21913
IR,RED,23895,21913
IR,RED,23901,21926
IR,RED,23892,21918
IR,RED,23902,21919
IR,RED,23904,21910
IR,RED,23898,21917
IR,RED,23900,21907
IR,RED,23897,21923
IR,RED,23901,21912
IR,RED,23913,21907
IR,RED,23899,21913
IR,RED,23892,21903
IR,RED,23890,21898
IR,RED,23878,21903
IR,RED,23886,21898
IR,RED,23892,21892
IR,RED,23878,21908
IR,RED,23887,21889
IR,RED,23886,21882
IR,RED,23874,21892
IR,RED,23884,21884
IR,RED,23888,21891
IR,RED,23883,21893
IR,RED,23878,21891
IR,RED,23884,21885
IR,RED,23874,21886
IR,RED,23879,21885
IR,RED,23869,21897
IR,RED,23884,21888
IR,RED,23883,21886
IR,RED,23887,21879
IR,RED,23879,21893
IR,RED,23881,21883
IR,RED,23874,21876
IR,RED,23867,21882
IR,RED,23875,21883
IR,RED,23876,21892
IR,RED,23878,21887
IR,RED,23874,21882
IR,RED,23879,21873
IR,RED,23882,21879
IR,RED,23876,21882
IR,RED,23875,21882
IR,RED,23868,21874
IR,RED,23868,21879
IR,RED,23880,21891
IR,RED,23877,21890
IR,RED,23874,21890
IR,RED,23880,21891
IR,RED,23883,21901
IR,RED,23880,21886
IR,RED,23878,21901
IR,RED,23874,21887
IR,RED,23877,21890
IR,RED,23882,21883
IR,RED,23871,21896
IR,RED,23880,21887
IR,RED,23879,21885
IR,RED,23878,21884
IR,RED,23881,21889
IR,RED,23878,21895
IR,RED,23870,21900
IR,RED,23871,21889
IR,RED,23869,21882
IR,RED,23878,21883
IR,RED,23867,21894
IR,RED,23888,21888
IR,RED,23873,21886
IR,RED,23870,21890
IR,RED,23876,21892
IR,RED,23875,21897
IR,RED,23881,21892
IR,RED,23879,21897
IR,RED,23873,21895
IR,RED,23880,21895
IR,RED,23876,21898
IR,RED,23890,21893
IR,RED,23863,21899
IR,RED,23867,21894
IR,RED,23868,21894
IR,RED,23875,21906
IR,RED,23885,21898
IR,RED,23881,21895
IR,RED,23872,21881
IR,RED,23880,21900
IR,RED,23880,21893
IR,RED,23874,21888
IR,RED,23864,21883
IR,RED,23872,21883
IR,RED,23869,21877
IR,RED,23872,21874
IR,RED,23855,21875
IR,RED,23863,21874
IR,RED,23859,21869
IR,RED,23866,21883
IR,RED,23866,21872
IR,RED,23854,21859
IR,RED,23847,21873
IR,RED,23860,21872
IR,RED,23856,21858
IR,RED,23852,21866
IR,RED,23856,21862
IR,RED,23846,21868
IR,RED,23849,21870
IR,RED,23850,21876
IR,RED,23861,21880
IR,RED,23858,21878
IR,RED,23843,21864
IR,RED,23850,21864
IR,RED,23861,21863
IR,RED,23855,21862
IR,RED,23853,21860
IR,RED,23856,21860
IR,RED,23857,21870
IR,RED,23860,21862
IR,RED,23859,21869
IR,RED,23858,21867
IR,RED,23859,21861
IR,RED,23854,21868
IR,RED,23853,21863
IR,RED,23847,21869
IR,RED,23857,21869
IR,RED,23839,21862
IR,RED,23848,21866
IR,RED,23850,21871
IR,RED,23841,21872
IR,RED,23846,21869
IR,RED,23850,21877
IR,RED,23846,21872
IR,RED,23853,21861
IR,RED,23852,21869
IR,RED,23847,21872
IR,RED,23854,21874
IR,RED,23849,21871
IR,RED,23854,21878
IR,RED,23857,21867
IR,RED,23847,21876
IR,RED,23855,21869
IR,RED,23861,21869
IR,RED,23858,21868
IR,RED,23851,21867
IR,RED,23850,21872
IR,RED,23849,21875
IR,RED,23847,21879
IR,RED,23836,21877
IR,RED,23855,21874
IR,RED,23844,21870
IR,RED,23843,21878
IR,RED,23845,21876
IR,RED,23857,21876
IR,RED,23845,21879
IR,RED,23856,21879
IR,RED,23849,21885
IR,RED,23847,21870
IR,RED,23848,21877
IR,RED,23840,21875
IR,RED,23853,21872
IR,RED,23855,21876
IR,RED,23846,21880
IR,RED,23845,21882
IR,RED,23846,21877
IR,RED,23845,21875
IR,RED,23844,21861
IR,RED,23840,21876
IR,RED,23835,21868
IR,RED,23840,21863
IR,RED,23822,21853
IR,RED,23829,21857
IR,RED,23831,21853
IR,RED,23820,21853
IR,RED,23816,21843
IR,RED,23816,21847
IR,RED,23829,21845
IR,RED,23822,21844
IR,RED,23826,21856
IR,RED,23831,21856
IR,RED,23817,21854
IR,RED,23832,21852
IR,RED,23827,21846
IR,RED,23831,21854
IR,RED,23833,21848
IR,RED,23835,21857
IR,RED,23826,21864
IR,RED,23837,21855
IR,RED,23826,21849
IR,RED,23826,21862
IR,RED,23829,21858
IR,RED,23835,21857
IR,RED,23827,21853
IR,RED,23831,21852
IR,RED,23828,21853
IR,RED,23819,21856
IR,RED,23836,21849
IR,RED,23823,21848
IR,RED,23829,21850
IR,RED,23826,21851
IR,RED,23828,21850
IR,RED,23831,21850
IR,RED,23826,21859
IR,RED,23824,21865
IR,RED,23823,21861
IR,RED,23821,21854
IR,RED,23830,21855
IR,RED,23821,21855
IR,RED,23820,21850
IR,RED,23830,21856
IR,RED,23821,21858
IR,RED,23828,21864
IR,RED,23822,21851
IR,RED,23822,21853
IR,RED,23814,21858
IR,RED,23819,21860
IR,RED,23827,21854
IR,RED,23829,21847
IR,RED,23832,21856
IR,RED,23830,21859
IR,RED,23829,21864
IR,RED,23827,21867
IR,RED,23835,21848
IR,RED,23834,21856
IR,RED,23828,21858
IR,RED,23827,21864
IR,RED,23820,21846
IR,RED,23829,21870
IR,RED,23820,21854
IR,RED,23821,21869
IR,RED,23832,21855
IR,RED,23835,21872
IR,RED,23818,21856
IR,RED,23828,21856
IR,RED,23832,21869
IR,RED,23823,21864
IR,RED,23833,21870
IR,RED,23829,21867
IR,RED,23826,21862
IR,RED,23831,21855
IR,RED,23826,21862
IR,RED,23823,21858
IR,RED,23829,21842
IR,RED,23808,21848
IR,RED,23815,21856
IR,RED,23811,21842
IR,RED,23809,21846
IR,RED,23807,21841
IR,RED,23809,21846
IR,RED,23825,21843
IR,RED,23808,21858
IR,RED,23816,21841
IR,RED,23813,21842
IR,RED,23808,21840
IR,RED,23813,21844
IR,RED,23821,21841
IR,RED,23812,21845
IR,RED,23816,21834
IR,RED,23802,21835
IR,RED,23813,21844
IR,RED,23814,21840
IR,RED,23814,21839
IR,RED,23816,21841
IR,RED,23817,21843
IR,RED,23802,21837
IR,RED,23813,21833
IR,RED,23799,21835
IR,RED,23812,21845
IR,RED,23810,21836
IR,RED,23813,21835
IR,RED,23804,21845
IR,RED,23809,21845
IR,RED,23815,21834
IR,RED,23811,21838
IR,RED,23815,21836
IR,RED,23808,21837
IR,RED,23806,21828
IR,RED,23821,21843
IR,RED,23810,21836
IR,RED,23803,21843
IR,RED,23812,21843
IR,RED,23813,21841
IR,RED,23815,21832
IR,RED,23812,21836
IR,RED,23816,21843
IR,RED,23799,21838
IR,RED,23803,21840
IR,RED,23809,21839
IR,RED,23809,21847
IR,RED,23819,21850
IR,RED,23817,21847
IR,RED,23811,21848
IR,RED,23816,21843
IR,RED,23805,21841
IR,RED,23810,21851
IR,RED,23816,21845
IR,RED,23809,21850
IR,RED,23805,21852
IR,RED,23812,21856
IR,RED,23813,21850
IR,RED,23813,21841
IR,RED,23815,21850
IR,RED,23814,21851
IR,RED,23807,21849
IR,RED,23817,21852
IR,RED,23828,21852
IR,RED,23811,21846
IR,RED,23823,21853
IR,RED,23811,21855
IR,RED,23803,21833
IR,RED,23816,21854
IR,RED,23806,21848
IR,RED,23813,21845
IR,RED,23820,21830
IR,RED,23808,21825
IR,RED,23806,21837
IR,RED,23818,21841
IR,RED,23804,21822
IR,RED,23799,21836
IR,RED,23800,21825
IR,RED,23793,21828
IR,RED,23799,21833
IR,RED,23814,21829
IR,RED,23808,21824
IR,RED,23799,21820
IR,RED,23801,21828
IR,RED,23798,21829
IR,RED,23796,21825
IR,RED,23811,21832
IR,RED,23801,21825
IR,RED,23814,21827
IR,RED,23801,21831
IR,RED,23804,21815
IR,RED,23800,21817
IR,RED,23800,21822
IR,RED,23795,21818
IR,RED,23788,21824
IR,RED,23791,21818
IR,RED,23795,21822
IR,RED,23791,21816
IR,RED,23793,21827
IR,RED,23796,21820
IR,RED,23794,21829
IR,RED,23800,21823
IR,RED,23800,21824
IR,RED,23790,21827
IR,RED,23791,21820
IR,RED,23780,21820
IR,RED,23787,21819
IR,RED,23794,21820
IR,RED,23792,21824
IR,RED,23800,21819
IR,RED,23794,21826
IR,RED,23794,21820
IR,RED,23784,21827
IR,RED,23794,21825
IR,RED,23791,21823
IR,RED,23797,21838
IR,RED,23788,21834
IR,RED,23779,21827
IR,RED,23786,21826
IR,RED,23787,21828
IR,RED,23783,21834
IR,RED,23802,21827
IR,RED,23792,21833
IR,RED,23789,21832
IR,RED,23792,21836
IR,RED,23784,21825
IR,RED,23784,21835
IR,RED,23796,21837
IR,RED,23784,21832
IR,RED,23782,21820
IR,RED,23774,21827
IR,RED,23789,21830
IR,RED,23772,21820
IR,RED,23776,21830
IR,RED,23782,21831
IR,RED,23791,21834
IR,RED,23799,21834
IR,RED,23790,21844
IR,RED,23793,21830
IR,RED,23787,21832
IR,RED,23786,21839
IR,RED,23784,21824
IR,RED,23791,21827
IR,RED,23791,21826
IR,RED,23778,21829
IR,RED,23785,21823
IR,RED,23776,21815
IR,RED,23779,21815
IR,RED,23775,21812
IR,RED,23782,21808
IR,RED,23771,21806
IR,RED,23783,21814
IR,RED,23765,21805
IR,RED,23772,21808
IR,RED,23766,21809
IR,RED,23767,21802
IR,RED,23764,21813
IR,RED,23770,21811
IR,RED,23765,21819
IR,RED,23770,21804
IR,RED,23773,21812
IR,RED,23771,21818
IR,RED,23768,21803
IR,RED,23765,21815
IR,RED,23772,21813
IR,RED,23769,21817
IR,RED,23760,21810
IR,RED,23766,21807
IR,RED,23764,21807
IR,RED,23769,21796
IR,RED,23774,21811
IR,RED,23769,21805
IR,RED,23765,21808
IR,RED,23769,21806
IR,RED,23759,21803
IR,RED,23774,21800
IR,RED,23752,21807
IR,RED,23761,21799
IR,RED,23755,21812
IR,RED,23760,21808
IR,RED,23768,21806
IR,RED,23764,21812
IR,RED,23765,21813
IR,RED,23762,21809
IR,RED,23758,21819
IR,RED,23762,21810
IR,RED,23757,21821
IR,RED,23761,21806
IR,RED,23765,21821
IR,RED,23770,21808
IR,RED,23766,21809
IR,RED,23754,21806
IR,RED,23762,21820
IR,RED,23771,21821
IR,RED,23767,21807
IR,RED,23765,21824
IR,RED,23756,21814
IR,RED,23763,21816
IR,RED,23767,21815
IR,RED,23768,21823
IR,RED,23771,21820
IR,RED,23760,21829
IR,RED,23754,21816
IR,RED,23767,21824
IR,RED,23771,21825
IR,RED,23762,21820
IR,RED,23762,21816
IR,RED,23764,21817
IR,RED,23760,21827
IR,RED,23759,21831
IR,RED,23761,21814
IR,RED,23769,21818
IR,RED,23770,21813
IR,RED,23769,21810
IR,RED,23762,21803
IR,RED,23761,21812
IR,RED,23755,21801
IR,RED,23748,21817
IR,RED,23759,21803
IR,RED,23752,21794
IR,RED,23752,21798
IR,RED,23761,21798
IR,RED,23760,21799
IR,RED,23759,21803
IR,RED,23757,21801
IR,RED,23756,21799
IR,RED,23753,21800
IR,RED,23762,21804
IR,RED,23770,21797
IR,RED,23749,21790
IR,RED,23763,21795
IR,RED,23757,21787
IR,RED,23764,21794
IR,RED,23759,21797
IR,RED,23760,21805
IR,RED,23754,21803
IR,RED,23747,21800
IR,RED,23753,21799
IR,RED,23746,21795
IR,RED,23757,21798
IR,RED,23761,21793
IR,RED,23748,21792
IR,RED,23745,21782
IR,RED,23739,21789
IR,RED,23734,21782
IR,RED,23746,21798
IR,RED,23737,21797
IR,RED,23739,21799
IR,RED,23739,21780
IR,RED,23739,21794
IR,RED,23740,21786
IR,RED,23738,21792
IR,RED,23746,21780
IR,RED,23750,21794
IR,RED,23737,21794
IR,RED,23741,21808
IR,RED,23749,21796
IR,RED,23749,21803
IR,RED,23741,21794
IR,RED,23742,21791
IR,RED,23745,21798
IR,RED,23738,21792
IR,RED,23750,21793
IR,RED,23741,21793
IR,RED,23727,21795
IR,RED,23731,21803
IR,RED,23742,21792
IR,RED,23736,21789
IR,RED,23731,21794
IR,RED,23732,21797
IR,RED,23720,21799
IR,RED,23730,21803
IR,RED,23721,21799
IR,RED,23734,21803
IR,RED,23723,21794
IR,RED,23730,21799
IR,RED,23737,21807
IR,RED,23740,21798
IR,RED,23735,21796
IR,RED,23727,21797
IR,RED,23724,21801
IR,RED,23722,21792
IR,RED,23721,21786
IR,RED,23714,21785
IR,RED,23716,21778
IR,RED,23713,21787
IR,RED,23712,21772
IR,RED,23712,21788
IR,RED,23718,21768
IR,RED,23716,21776
IR,RED,23709,21770
IR,RED,23713,21765
IR,RED,23716,21779
IR,RED,23705,21772
IR,RED,23712,21779
IR,RED,23717,21773
IR,RED,23718,21772
IR,RED,23713,21769
IR,RED,23723,21778
IR,RED,23711,21782
IR,RED,23707,21782
IR,RED,23704,21779
IR,RED,23719,21782
IR,RED,23710,21780
IR,RED,23729,21782
IR,RED,23714,21766
IR,RED,23722,21775
IR,RED,23716,21764
IR,RED,23711,21775
IR,RED,23717,21773
IR,RED,23713,21769
IR,RED,23706,21775
IR,RED,23703,21779
IR,RED,23701,21766
IR,RED,23707,21778
IR,RED,23713,21769
IR,RED,23708,21777
IR,RED,23714,21774
IR,RED,23703,21777
IR,RED,23710,21767
IR,RED,23708,21771
IR,RED,23705,21783
IR,RED,23710,21772
IR,RED,23714,21782
IR,RED,23713,21777
IR,RED,23705,21777
IR,RED,23709,21772
IR,RED,23710,21770
IR,RED,23712,21771
IR,RED,23718,21779
IR,RED,23713,21781
IR,RED,23715,21786
IR,RED,23727,21780
IR,RED,23713,21772
IR,RED,23708,21775
IR,RED,23726,21776
IR,RED,23710,21786
IR,RED,23716,21788
IR,RED,23712,21782
IR,RED,23714,21781
IR,RED,23722,21783
IR,RED,23719,21776
IR,RED,23723,21786
IR,RED,23716,21789
IR,RED,23712,21784
IR,RED,23710,21786
IR,RED,23709,21788
IR,RED,23711,21785
IR,RED,23708,21792
IR,RED,23709,21772
IR,RED,23706,21771
IR,RED,23708,21768
IR,RED,23709,21778
IR,RED,23704,21770
IR,RED,23699,21767
IR,RED,23694,21765
IR,RED,23706,21758
IR,RED,23700,21755
IR,RED,23698,21762
IR,RED,23699,21764
IR,RED,23698,21758
IR,RED,23683,21760
IR,RED,23692,21765
IR,RED,23701,21763
IR,RED,23703,21764
IR,RED,23692,21765
IR,RED,23694,21771
IR,RED,23705,21774
IR,RED,23695,21768
IR,RED,23702,21757
IR,RED,23700,21771
IR,RED,23699,21773
IR,RED,23699,21762
IR,RED,23690,21762
IR,RED,23690,21761
IR,RED,23689,21752
IR,RED,23692,21756
IR,RED,23690,21750
IR,RED,23689,21746
IR,RED,23680,21755
IR,RED,23683,21751
IR,RED,23684,21751
IR,RED,23690,21758
IR,RED,23687,21772
IR,RED,23684,21762
IR,RED,23685,21759
IR,RED,23702,21758
IR,RED,23691,21757
IR,RED,23697,21759
IR,RED,23691,21756
IR,RED,23680,21754
IR,RED,23683,21753
IR,RED,23678,21754
IR,RED,23683,21761
IR,RED,23680,21764
IR,RED,23695,21762
IR,RED,23679,21762
IR,RED,23696,21753
IR,RED,23682,21764
IR,RED,23687,21753
IR,RED,23686,21748
IR,RED,23679,21765
IR,RED,23688,21761
IR,RED,23690,21762
IR,RED,23689,21767
IR,RED,23690,21769
IR,RED,23681,21766
IR,RED,23683,21763
IR,RED,23671,21767
IR,RED,23679,21769
IR,RED,23686,21766
IR,RED,23689,21759
IR,RED,23691,21762
IR,RED,23685,21763
IR,RED,23681,21760
IR,RED,23682,21756
IR,RED,23684,21766
IR,RED,23679,21756
IR,RED,23679,21757
IR,RED,23684,21751
IR,RED,23683,21745
IR,RED,23675,21745
IR,RED,23677,21757
IR,RED,23659,21747
IR,RED,23664,21741
IR,RED,23673,21741
IR,RED,23670,21744
IR,RED,23673,21743
IR,RED,23659,21744
IR,RED,23663,21733
IR,RED,23661,21741
IR,RED,23672,21746
IR,RED,23668,21742
IR,RED,23663,21730
IR,RED,23668,21729
IR,RED,23672,21741
IR,RED,23668,21739
IR,RED,23665,21740
IR,RED,23667,21730
IR,RED,23670,21733
IR,RED,23665,21739
IR,RED,23670,21744
IR,RED,23659,21732
IR,RED,23670,21734
IR,RED,23664,21732
IR,RED,23663,21740
IR,RED,23663,21731
IR,RED,23659,21735
IR,RED,23657,21734
IR,RED,23665,21732
IR,RED,23656,21737
IR,RED,23661,21731
IR,RED,23661,21726
IR,RED,23656,21731
IR,RED,23646,21737
IR,RED,23653,21742
IR,RED,23663,21731
IR,RED,23660,21734
IR,RED,23666,21732
IR,RED,23671,21744
IR,RED,23658,21724
IR,RED,23667,21735
IR,RED,23655,21737
IR,RED,23658,21738
IR,RED,23653,21724
IR,RED,23659,21735
IR,RED,23661,21733
IR,RED,23656,21727
IR,RED,23654,21736
IR,RED,23656,21742
IR,RED,23648,21726
IR,RED,23662,21730
IR,RED,23658,21728
IR,RED,23648,21743
IR,RED,23649,21736
IR,RED,23659,21737
IR,RED,23653,21748
IR,RED,23656,21736
IR,RED,23652,21730
IR,RED,23654,21731
IR,RED,23655,21726
IR,RED,23657,21723
IR,RED,23658,21732
IR,RED,23660,21738
IR,RED,23665,21736
IR,RED,23660,21735
IR,RED,23658,21734
IR,RED,23653,21732
IR,RED,23652,21726
IR,RED,23652,21728
IR,RED,23656,21720
IR,RED,23648,21715
IR,RED,23648,21715
IR,RED,23645,21702
IR,RED,23644,21710
IR,RED,23651,21706
IR,RED,23632,21708
IR,RED,23652,21719
IR,RED,23640,21710
IR,RED,23650,21715
IR,RED,23643,21720
IR,RED,23644,21714
IR,RED,23643,21719
IR,RED,23646,21708
IR,RED,23646,21711
IR,RED,23647,21715
IR,RED,23651,21722
IR,RED,23639,21715
IR,RED,23638,21716
IR,RED,23636,21708
IR,RED,23648,21716
IR,RED,23640,21719
IR,RED,23630,21717
IR,RED,23638,21725
IR,RED,23639,21713
IR,RED,23632,21710
IR,RED,23634,21700
IR,RED,23631,21686
IR,RED,23640,21711
IR,RED,23639,21711
IR,RED,23634,21711
IR,RED,23648,21711
IR,RED,23628,21715
IR,RED,23623,21701
IR,RED,23639,21717
IR,RED,23637,21705
IR,RED,23638,21722
IR,RED,23636,21714
IR,RED,23640,21721
IR,RED,23641,21719
IR,RED,23643,21713
IR,RED,23633,21715
IR,RED,23634,21719
IR,RED,23637,21712
IR,RED,23638,21706
IR,RED,23637,21714
IR,RED,23633,21720
IR,RED,23640,21708
IR,RED,23640,21716
IR,RED,23632,21717
IR,RED,23637,21715
IR,RED,23627,21713
IR,RED,23633,21717
IR,RED,23632,21710
IR,RED,23633,21717
IR,RED,23625,21720
IR,RED,23633,21725
IR,RED,23644,21714
IR,RED,23643,21715
IR,RED,23640,21715
IR,RED,23633,21719
IR,RED,23634,21719
IR,RED,23637,21715
IR,RED,23633,21711
IR,RED,23628,21713
IR,RED,23623,21699
IR,RED,23615,21700
IR,RED,23620,21703
IR,RED,23622,21714
IR,RED,23613,21706
IR,RED,23616,21705
IR,RED,23616,21705
IR,RED,23609,21694
IR,RED,23616,21701
IR,RED,23619,21684
IR,RED,23614,21701
IR,RED,23612,21706
IR,RED,23605,21706
IR,RED,23619,21692
IR,RED,23613,21701
IR,RED,23625,21695
IR,RED,23619,21689
IR,RED,23614,21696
IR,RED,23609,21701
IR,RED,23622,21686
IR,RED,23612,21694
IR,RED,23616,21695
IR,RED,23616,21697
IR,RED,23618,21683
IR,RED,23607,21684
IR,RED,23610,21688
IR,RED,23612,21692
IR,RED,23610,21692
IR,RED,23608,21696
IR,RED,23601,21699
IR,RED,23616,21692
IR,RED,23606,21706
IR,RED,23617,21694
IR,RED,23601,21701
IR,RED,23609,21692
IR,RED,23611,21692
IR,RED,23621,21707
IR,RED,23613,21690
IR,RED,23613,21694
IR,RED,23616,21696
IR,RED,23624,21692
IR,RED,23619,21698
IR,RED,23607,21699
IR,RED,23613,21703
IR,RED,23611,21691
IR,RED,23608,21703
IR,RED,23613,21702
IR,RED,23612,21690
IR,RED,23602,21697
IR,RED,23605,21696
IR,RED,23619,21703
IR,RED,23608,21705
IR,RED,23615,21699
IR,RED,23615,21699
IR,RED,23610,21709
IR,RED,23609,21705
IR,RED,23608,21698
IR,RED,23603,21699
IR,RED,23612,21704
IR,RED,23605,21712
IR,RED,23612,21705
IR,RED,23613,21704
IR,RED,23612,21698
IR,RED,23614,21706
IR,RED,23618,21691
IR,RED,23611,21692
IR,RED,23614,21691
IR,RED,23614,21686
IR,RED,23616,21695
IR,RED,23602,21695
IR,RED,23620,21693
IR,RED,23608,21686
IR,RED,23609,21678
IR,RED,23599,21693
IR,RED,23592,21689
IR,RED,23587,21683
IR,RED,23594,21681
IR,RED,23590,21679
IR,RED,23604,21682
IR,RED,23599,21668
IR,RED,23604,21687
IR,RED,23598,21676
IR,RED,23601,21678
IR,RED,23600,21682
IR,RED,23588,21678
IR,RED,23589,21679
IR,RED,23589,21682
IR,RED,23599,21680
IR,RED,23601,21679
IR,RED,23589,21682
IR,RED,23596,21680
IR,RED,23591,21675
IR,RED,23589,21668
IR,RED,23587,21671
IR,RED,23584,21670
IR,RED,23586,21680
IR,RED,23585,21677
IR,RED,23582,21669
IR,RED,23583,21660
IR,RED,23580,21670
IR,RED,23574,21665
IR,RED,23586,21678
IR,RED,23587,21668
IR,RED,23582,21671
IR,RED,23598,21675
IR,RED,23585,21653
IR,RED,23587,21666
IR,RED,23588,21674
IR,RED,23596,21671
IR,RED,23585,21656
IR,RED,23587,21668
IR,RED,23582,21661
IR,RED,23573,21672
IR,RED,23590,21670
IR,RED,23581,21682
IR,RED,23579,21676
IR,RED,23571,21670
IR,RED,23583,21672
IR,RED,23586,21676
IR,RED,23579,21674
IR,RED,23593,21680
IR,RED,23586,21671
IR,RED,23583,21677
IR,RED,23586,21675
IR,RED,23583,21666
IR,RED,23576,21668
IR,RED,23584,21665
IR,RED,23592,21672
IR,RED,23587,21672
IR,RED,23588,21675
IR,RED,23579,21665
IR,RED,23587,21670
IR,RED,23574,21675
IR,RED,23578,21674
IR,RED,23586,21663
IR,RED,23580,21674
IR,RED,23589,21659
IR,RED,23578,21672
IR,RED,23579,21658
IR,RED,23571,21669
IR,RED,23574,21659
IR,RED,23573,21658
IR,RED,23565,21657
IR,RED,23564,21660
IR,RED,23577,21650
IR,RED,23565,21650
IR,RED,23567,21654
IR,RED,23571,21653
IR,RED,23573,21657
IR,RED,23561,21652
IR,RED,23564,21654
IR,RED,23561,21653
IR,RED,23564,21644
IR,RED,23562,21653
IR,RED,23567,21646
IR,RED,23570,21652
IR,RED,23559,21651
IR,RED,23574,21645
IR,RED,23566,21648
IR,RED,23569,21657
IR,RED,23562,21639
IR,RED,23560,21634
IR,RED,23562,21642
IR,RED,23567,21645
IR,RED,23563,21645
IR,RED,23568,21652
IR,RED,23557,21651
IR,RED,23559,21640
IR,RED,23560,21637
IR,RED,23560,21638
IR,RED,23567,21639
IR,RED,23559,21638
IR,RED,23560,21638
IR,RED,23552,21643
IR,RED,23555,21645
IR,RED,23564,21657
IR,RED,23551,21643
IR,RED,23564,21642
IR,RED,23557,21638
IR,RED,23552,21643
IR,RED,23555,21636
IR,RED,23554,21657
IR,RED,23552,21634
IR,RED,23543,21640
IR,RED,23559,21636
IR,RED,23558,21635
IR,RED,23544,21638
IR,RED,23557,21645
IR,RED,23555,21650
IR,RED,23559,21650
IR,RED,23553,21656
IR,RED,23559,21647
IR,RED,23547,21659
IR,RED,23573,21656
IR,RED,23560,21645
IR,RED,23556,21653
IR,RED,23565,21646
IR,RED,23563,21647
IR,RED,23553,21651
IR,RED,23560,21659
IR,RED,23548,21653
IR,RED,23553,21648
IR,RED,23556,21646
IR,RED,23561,21642
IR,RED,23557,21641
IR,RED,23549,21651
IR,RED,23555,21633
IR,RED,23541,21646
IR,RED,23551,21631
IR,RED,23552,21622
IR,RED,23553,21626
IR,RED,23543,21627
IR,RED,23548,21625
IR,RED,23547,21618
IR,RED,23540,21620
IR,RED,23537,21628
IR,RED,23556,21629
IR,RED,23547,21617
IR,RED,23540,21616
IR,RED,23546,21623
IR,RED,23538,21626
IR,RED,23552,21631
IR,RED,23541,21622
IR,RED,23541,21612
IR,RED,23543,21615
IR,RED,23547,21618
IR,RED,23539,21619
IR,RED,23544,21631
IR,RED,23539,21616
IR,RED,23544,21623
IR,RED,23534,21624
IR,RED,23550,21617
IR,RED,23542,21613
IR,RED,23535,21626
IR,RED,23530,21622
IR,RED,23544,21619
IR,RED,23540,21622
IR,RED,23535,21620
IR,RED,23541,21622
IR,RED,23531,21615
IR,RED,23534,21619
IR,RED,23534,21621
IR,RED,23542,21622
IR,RED,23544,21617
IR,RED,23536,21627
IR,RED,23542,21622
IR,RED,23546,21634
IR,RED,23534,21618
IR,RED,23542,21622
IR,RED,23539,21619
IR,RED,23536,21618
IR,RED,23537,21616
IR,RED,23540,21614
IR,RED,23532,21622
IR,RED,23544,21628
IR,RED,23537,21624
IR,RED,23533,21626
IR,RED,23538,21621
IR,RED,23540,21617
IR,RED,23536,21620
IR,RED,23523,21627
IR,RED,23537,21631
IR,RED,23527,21623
IR,RED,23532,21619
IR,RED,23535,21629
IR,RED,23528,21629
IR,RED,23538,21632
IR,RED,23535,21632
IR,RED,23535,21640
IR,RED,23542,21634
IR,RED,23541,21616
IR,RED,23532,21626
IR,RED,23533,21610
IR,RED,23535,21629
IR,RED,23528,21612
IR,RED,23537,21621
IR,RED,23524,21605
IR,RED,23521,21617
IR,RED,23524,21612
IR,RED,23528,21609
IR,RED,23520,21604
IR,RED,23526,21611
IR,RED,23522,21609
IR,RED,23525,21609
IR,RED,23516,21612
IR,RED,23519,21610
IR,RED,23524,21606
IR,RED,23524,21600
IR,RED,23521,21602
IR,RED,23526,21607
IR,RED,23532,21604
IR,RED,23520,21600
IR,RED,23518,21598
IR,RED,23511,21606
IR,RED,23523,21604
IR,RED,23504,21600
IR,RED,23516,21615
IR,RED,23515,21602
IR,RED,23510,21604
IR,RED,23515,21607
IR,RED,23508,21608
IR,RED,23507,21608
IR,RED,23521,21607
IR,RED,23526,21599
IR,RED,23521,21603
IR,RED,23513,21597
IR,RED,23517,21593
IR,RED,23510,21596
IR,RED,23517,21586
IR,RED,23502,21602
IR,RED,23513,21600
IR,RED,23513,21597
IR,RED,23515,21608
IR,RED,23534,21602
IR,RED,23514,21603
IR,RED,23518,21600
IR,RED,23517,21613
IR,RED,23518,21594
IR,RED,23508,21605
IR,RED,23516,21586
IR,RED,23520,21601
IR,RED,23514,21601
IR,RED,23508,21605
IR,RED,23510,21596
IR,RED,23513,21596
IR,RED,23518,21593
IR,RED,23517,21597
IR,RED,23521,21592
IR,RED,23516,21599
IR,RED,23517,21586
IR,RED,23522,21604
IR,RED,23521,21598
IR,RED,23516,21611
IR,RED,23514,21594
IR,RED,23504,21600
IR,RED,23522,21601
IR,RED,23513,21603
IR,RED,23516,21597
IR,RED,23505,21606
IR,RED,23518,21601
IR,RED,23516,21602
IR,RED,23511,21614
IR,RED,23510,21600
IR,RED,23513,21597
IR,RED,23508,21590
IR,RED,23500,21583
IR,RED,23506,21589
IR,RED,23509,21580
IR,RED,23494,21577
IR,RED,23504,21586
IR,RED,23503,21573
IR,RED,23507,21573
IR,RED,23499,21577
IR,RED,23497,21575
IR,RED,23503,21575
IR,RED,23497,21568
IR,RED,23505,21578
IR,RED,23496,21571
IR,RED,23493,21573
IR,RED,23489,21566
IR,RED,23488,21576
IR,RED,23496,21588
IR,RED,23497,21583
IR,RED,23494,21576
IR,RED,23493,21577
IR,RED,23506,21570
IR,RED,23496,21581
IR,RED,23490,21568
IR,RED,23481,21566
IR,RED,23478,21569
IR,RED,23477,21570
IR,RED,23486,21558
IR,RED,23484,21570
IR,RED,23478,21571
IR,RED,23491,21567
IR,RED,23493,21570
IR,RED,23486,21576
IR,RED,23486,21573
IR,RED,23480,21566
IR,RED,23474,21570
IR,RED,23482,21573
IR,RED,23473,21573
IR,RED,23482,21569
IR,RED,23490,21573
IR,RED,23497,21571
IR,RED,23490,21565
IR,RED,23488,21568
IR,RED,23482,21567
IR,RED,23484,21574
IR,RED,23481,21569
IR,RED,23485,21578
IR,RED,23494,21574
IR,RED,23485,21573
IR,RED,23481,21580
IR,RED,23487,21566
IR,RED,23480,21566
IR,RED,23481,21582
IR,RED,23482,21574
IR,RED,23481,21574
IR,RED,23484,21582
IR,RED,23493,21581
IR,RED,23487,21581
IR,RED,23484,21580
IR,RED,23482,21578
IR,RED,23478,21578
IR,RED,23490,21572
IR,RED,23484,21568
IR,RED,23472,21579
IR,RED,23476,21570
IR,RED,23472,21568
IR,RED,23475,21567
IR,RED,23474,21575
IR,RED,23462,21564
IR,RED,23469,21560
IR,RED,23465,21558
IR,RED,23469,21560
IR,RED,23471,21557
IR,RED,23474,21558
IR,RED,23473,21557
IR,RED,23476,21557
IR,RED,23462,21558
IR,RED,23467,21554
IR,RED,23461,21557
IR,RED,23463,21547
IR,RED,23462,21543
IR,RED,23461,21551
IR,RED,23456,21552
IR,RED,23451,21554
IR,RED,23465,21553
IR,RED,23456,21556
IR,RED,23471,21542
IR,RED,23473,21545
IR,RED,23473,21552
IR,RED,23462,21554
IR,RED,23460,21549
IR,RED,23458,21548
IR,RED,23455,21553
IR,RED,23457,21555
IR,RED,23465,21554
IR,RED,23459,21554
IR,RED,23461,21552
IR,RED,23474,21548
IR,RED,23460,21551
IR,RED,23466,21555
IR,RED,23465,21544
IR,RED,23453,21540
IR,RED,23465,21551
IR,RED,23458,21548
IR,RED,23451,21545
IR,RED,23459,21538
IR,RED,23448,21545
IR,RED,23469,21543
IR,RED,23450,21541
IR,RED,23454,21546
IR,RED,23453,21552
IR,RED,23456,21546
IR,RED,23462,21550
IR,RED,23450,21541
IR,RED,23449,21549
IR,RED,23455,21550
IR,RED,23451,21545
IR,RED,23461,21551
IR,RED,23453,21539
IR,RED,23459,21546
IR,RED,23452,21560
IR,RED,23461,21553
IR,RED,23463,21558
IR,RED,23468,21554
IR,RED,23463,21562
IR,RED,23463,21553
IR,RED,23461,21542
IR,RED,23459,21560
IR,RED,23454,21556
IR,RED,23462,21552
IR,RED,23447,21560
IR,RED,23455,21561
IR,RED,23459,21551
IR,RED,23456,21558
IR,RED,23455,21554
IR,RED,23457,21550
IR,RED,23453,21543
IR,RED,23442,21543
IR,RED,23449,21546
IR,RED,23447,21539
IR,RED,23454,21541
IR,RED,23440,21532
IR,RED,23438,21535
IR,RED,23442,21527
IR,RED,23440,21529
IR,RED,23434,21525
IR,RED,23437,21535
IR,RED,23442,21527
IR,RED,23444,21526
IR,RED,23439,21530
IR,RED,23440,21526
IR,RED,23439,21532
IR,RED,23438,21535
IR,RED,23437,21513
IR,RED,23443,21511
IR,RED,23441,21516
IR,RED,23437,21526
IR,RED,23438,21526
IR,RED,23436,21518
IR,RED,23422,21523
IR,RED,23436,21534
IR,RED,23424,21515
IR,RED,23430,21507
IR,RED,23437,21518
IR,RED,23426,21522
IR,RED,23430,21511
IR,RED,23437,21521
IR,RED,23434,21514
IR,RED,23426,21518
IR,RED,23420,21524
IR,RED,23430,21523
IR,RED,23436,21526
IR,RED,23443,21527
IR,RED,23438,21527
IR,RED,23438,21527
IR,RED,23436,21522
IR,RED,23441,21534
IR,RED,23428,21523
IR,RED,23436,21529
IR,RED,23428,21524
IR,RED,23429,21528
IR,RED,23431,21527
IR,RED,23422,21529
IR,RED,23417,21524
IR,RED,23428,21521
IR,RED,23425,21530
IR,RED,23429,21530
IR,RED,23435,21525
IR,RED,23431,21527
IR,RED,23427,21529
IR,RED,23428,21537
IR,RED,23423,21527
IR,RED,23422,21524
IR,RED,23418,21519
IR,RED,23429,21522
IR,RED,23432,21515
IR,RED,23419,21529
IR,RED,23424,21527
IR,RED,23420,21530
IR,RED,23428,21529
IR,RED,23429,21526
IR,RED,23424,21530
IR,RED,23421,21529
IR,RED,23426,21529
IR,RED,23427,21517
IR,RED,23412,21518
IR,RED,23414,21514
IR,RED,23416,21517
IR,RED,23407,21506
IR,RED,23417,21498
IR,RED,23412,21511
IR,RED,23414,21504
IR,RED,23408,21500
IR,RED,23402,21495
IR,RED,23401,21495
IR,RED,23408,21494
IR,RED,23412,21500
IR,RED,23409,21493
IR,RED,23410,21495
IR,RED,23408,21497
IR,RED,23411,21504
IR,RED,23412,21499
IR,RED,23413,21499
IR,RED,23412,21494
IR,RED,23405,21504
IR,RED,23403,21502
IR,RED,23422,21493
IR,RED,23411,21497
IR,RED,23415,21492
IR,RED,23402,21489
IR,RED,23405,21482
IR,RED,23398,21492
IR,RED,23403,21494
IR,RED,23404,21496
IR,RED,23392,21498
IR,RED,23391,21490
IR,RED,23398,21488
IR,RED,23395,21486
IR,RED,23416,21477
IR,RED,23392,21484
IR,RED,23402,21494
IR,RED,23400,21488
IR,RED,23399,21496
IR,RED,23400,21492
IR,RED,23403,21490
IR,RED,23397,21484
IR,RED,23389,21480
IR,RED,23402,21486
IR,RED,23398,21492
IR,RED,23401,21488
IR,RED,23392,21493
IR,RED,23393,21497
IR,RED,23394,21492
IR,RED,23406,21486
IR,RED,23390,21495
IR,RED,23403,21502
IR,RED,23404,21485
IR,RED,23402,21486
IR,RED,23406,21505
IR,RED,23395,21493
IR,RED,23384,21492
IR,RED,23400,21503
IR,RED,23391,21501
IR,RED,23403,21494
IR,RED,23386,21501
IR,RED,23395,21505
IR,RED,23393,21486
IR,RED,23389,21492
IR,RED,23390,21499
IR,RED,23392,21494
IR,RED,23393,21507
IR,RED,23394,21492
IR,RED,23391,21488
IR,RED,23378,21499
IR,RED,23400,21482
IR,RED,23387,21494
IR,RED,23381,21491
IR,RED,23371,21481
IR,RED,23379,21486
IR,RED,23381,21475
IR,RED,23377,21472
IR,RED,23364,21473
IR,RED,23376,21461
IR,RED,23373,21461
IR,RED,23373,21470
IR,RED,23375,21471
IR,RED,23376,21468
IR,RED,23369,21469
IR,RED,23371,21460
IR,RED,23374,21484
IR,RED,23375,21475
IR,RED,23378,21458
IR,RED,23373,21470
IR,RED,23375,21474
IR,RED,23377,21476
IR,RED,23370,21463
IR,RED,23370,21471
IR,RED,23375,21464
IR,RED,23368,21467
IR,RED,23366,21480
IR,RED,23370,21461
IR,RED,23373,21467
IR,RED,23371,21471
IR,RED,23377,21460
IR,RED,23364,21477
IR,RED,23375,21460
IR,RED,23365,21461
IR,RED,23386,21464
IR,RED,23372,21463
IR,RED,23368,21466
IR,RED,23369,21467
IR,RED,23372,21478
IR,RED,23378,21468
IR,RED,23374,21466
IR,RED,23366,21461
IR,RED,23363,21470
IR,RED,23368,21461
IR,RED,23365,21468
IR,RED,23358,21465
IR,RED,23371,21471
IR,RED,23357,21469
IR,RED,23369,21478
IR,RED,23364,21473
IR,RED,23368,21471
IR,RED,23368,21468
IR,RED,23371,21467
IR,RED,23370,21471
IR,RED,23372,21482
IR,RED,23373,21469
IR,RED,23370,21474
IR,RED,23365,21470
IR,RED,23367,21480
IR,RED,23364,21463
IR,RED,23370,21471
IR,RED,23372,21476
IR,RED,23374,21476
IR,RED,23371,21475
IR,RED,23371,21476
IR,RED,23366,21476
IR,RED,23373,21476
IR,RED,23359,21470
IR,RED,23373,21476
IR,RED,23373,21480
IR,RED,23360,21473
IR,RED,23369,21476
IR,RED,23360,21466
IR,RED,23359,21467
IR,RED,23360,21460
IR,RED,23361,21454
IR,RED,23356,21454
IR,RED,23365,21463
IR,RED,23355,21450
IR,RED,23360,21453
IR,RED,23354,21442
IR,RED,23355,21456
IR,RED,23356,21450
IR,RED,23347,21446
IR,RED,23349,21443
IR,RED,23355,21450
IR,RED,23352,21452
IR,RED,23348,21444
IR,RED,23349,21452
IR,RED,23353,21458
IR,RED,23349,21453
IR,RED,23359,21454
IR,RED,23345,21449
IR,RED,23346,21446
IR,RED,23354,21446
IR,RED,23352,21450
IR,RED,23354,21456
IR,RED,23349,21461
IR,RED,23351,21443
IR,RED,23347,21443
IR,RED,23358,21448
IR,RED,23351,21443
IR,RED,23343,21448
IR,RED,23350,21440
IR,RED,23350,21440
IR,RED,23350,21454
IR,RED,23344,21447
IR,RED,23342,21443
IR,RED,23355,21447
IR,RED,23337,21439
IR,RED,23346,21447
IR,RED,23354,21448
IR,RED,23352,21445
IR,RED,23343,21446
IR,RED,23343,21447
IR,RED,23349,21447
IR,RED,23346,21455
IR,RED,23341,21447
IR,RED,23343,21447
IR,RED,23339,21449
IR,RED,23345,21448
IR,RED,23342,21445
IR,RED,23336,21448
IR,RED,23343,21447
IR,RED,23340,21442
IR,RED,23336,21440
IR,RED,23336,21447
IR,RED,23342,21444
IR,RED,23340,21456
IR,RED,23351,21461
IR,RED,23349,21456
IR,RED,23345,21444
IR,RED,23359,21452
IR,RED,23341,21456
IR,RED,23345,21444
IR,RED,23344,21448
IR,RED,23344,21452
IR,RED,23357,21446
IR,RED,23345,21453
IR,RED,23348,21456
IR,RED,23334,21442
IR,RED,23333,21443
IR,RED,23336,21443
IR,RED,23338,21446
IR,RED,23323,21438
IR,RED,23324,21432
IR,RED,23324,21438
IR,RED,23325,21430
IR,RED,23325,21427
IR,RED,23316,21427
IR,RED,23322,21434
IR,RED,23329,21437
IR,RED,23326,21430
IR,RED,23316,21421
IR,RED,23323,21427
IR,RED,23325,21428
IR,RED,23322,21429
IR,RED,23331,21420
IR,RED,23321,21436
IR,RED,23318,21432
IR,RED,23322,21431
IR,RED,23319,21436
IR,RED,23319,21416
IR,RED,23326,21422
IR,RED,23325,21422
IR,RED,23320,21423
IR,RED,23317,21422
IR,RED,23320,21419
IR,RED,23314,21426
IR,RED,23308,21417
IR,RED,23317,21411
IR,RED,23315,21414
IR,RED,23306,21420
IR,RED,23314,21427
IR,RED,23313,21404
IR,RED,23316,21418
IR,RED,23320,21423
IR,RED,23314,21433
IR,RED,23322,21415
IR,RED,23317,21430
IR,RED,23330,21419
IR,RED,23313,21433
IR,RED,23312,21423
IR,RED,23309,21423
IR,RED,23307,21425
IR,RED,23318,21424
IR,RED,23324,21425
IR,RED,23321,21425
IR,RED,23320,21425
IR,RED,23313,21433
IR,RED,23311,21423
IR,RED,23325,21432
IR,RED,23316,21424
IR,RED,23311,21424
IR,RED,23322,21431
IR,RED,23318,21435
IR,RED,23325,21435
IR,RED,23320,21438
IR,RED,23310,21438
IR,RED,23312,21440
IR,RED,23318,21443
IR,RED,23325,21434
IR,RED,23330,21437
IR,RED,23320,21432
IR,RED,23319,21441
IR,RED,23316,21441
IR,RED,23308,21435
IR,RED,23311,21441
IR,RED,23324,21434
IR,RED,23319,21434
IR,RED,23316,21427
IR,RED,23308,21414
IR,RED,23311,21422
IR,RED,23313,21418
IR,RED,23313,21413
IR,RED,23303,21405
IR,RED,23296,21412
IR,RED,23311,21405
IR,RED,23310,21401
IR,RED,23297,21404
IR,RED,23300,21418
IR,RED,23293,21403
IR,RED,23297,21406
IR,RED,23298,21401
IR,RED,23293,21408
IR,RED,23297,21415
IR,RED,23295,21413
IR,RED,23298,21409
IR,RED,23303,21407
IR,RED,23301,21414
IR,RED,23299,21412
IR,RED,23299,21410
IR,RED,23304,21401
IR,RED,23309,21412
IR,RED,23304,21404
IR,RED,23289,21406
IR,RED,23292,21406
IR,RED,23293,21402
IR,RED,23297,21404
IR,RED,23295,21397
IR,RED,23298,21403
IR,RED,23309,21399
IR,RED,23294,21404
IR,RED,23290,21397
IR,RED,23298,21405
IR,RED,23298,21412
IR,RED,23301,21408
IR,RED,23300,21414
IR,RED,23300,21413
IR,RED,23295,21405
IR,RED,23293,21411
IR,RED,23285,21406
IR,RED,23305,21412
IR,RED,23297,21410
IR,RED,23295,21412
IR,RED,23292,21410
IR,RED,23288,21419
IR,RED,23298,21411
IR,RED,23285,21414
IR,RED,23281,21402
IR,RED,23294,21404
IR,RED,23275,21410
IR,RED,23287,21418
IR,RED,23288,21417
IR,RED,23287,21416
IR,RED,23296,21409
IR,RED,23292,21408
IR,RED,23288,21408
IR,RED,23278,21410
IR,RED,23274,21410
IR,RED,23277,21421
IR,RED,23278,21408
IR,RED,23288,21412
IR,RED,23278,21422
IR,RED,23285,21410
IR,RED,23282,21408
IR,RED,23275,21413
IR,RED,23281,21416
IR,RED,23275,21409
IR,RED,23270,21405
IR,RED,23275,21414
IR,RED,23271,21400
IR,RED,23265,21399
IR,RED,23282,21388
IR,RED,23269,21406
IR,RED,23280,21389
IR,RED,23270,21395
IR,RED,23264,21384
IR,RED,23270,21383
IR,RED,23269,21389
IR,RED,23264,21384
IR,RED,23251,21378
IR,RED,23262,21395
IR,RED,23252,21385
IR,RED,23253,21384
IR,RED,23248,21381
IR,RED,23260,21393
IR,RED,23267,21386
IR,RED,23273,21387
IR,RED,23269,21384
IR,RED,23262,21394
IR,RED,23261,21387
IR,RED,23279,21393
IR,RED,23276,21383
IR,RED,23263,21390
IR,RED,23258,21390
IR,RED,23261,21400
IR,RED,23261,21392
IR,RED,23268,21386
IR,RED,23259,21394
IR,RED,23261,21391
IR,RED,23263,21393
IR,RED,23263,21382
IR,RED,23274,21385
IR,RED,23266,21379
IR,RED,23258,21388
IR,RED,23258,21383
IR,RED,23268,21391
IR,RED,23260,21391
IR,RED,23261,21388
IR,RED,23259,21385
IR,RED,23269,21383
IR,RED,23266,21385
IR,RED,23267,21390
IR,RED,23267,21389
IR,RED,23261,21386
IR,RED,23265,21381
IR,RED,23258,21385
IR,RED,23260,21395
IR,RED,23250,21378
IR,RED,23264,21383
IR,RED,23251,21385
IR,RED,23257,21382
IR,RED,23257,21385
IR,RED,23267,21387
IR,RED,23261,21392
IR,RED,23267,21397
IR,RED,23263,21399
IR,RED,23265,21395
IR,RED,23271,21402
IR,RED,23253,21394
IR,RED,23256,21384
IR,RED,23272,21398
IR,RED,23270,21392
IR,RED,23261,21397
IR,RED,23255,21392
IR,RED,23267,21395
IR,RED,23261,21383
IR,RED,23241,21384
IR,RED,23260,21387
IR,RED,23252,21375
IR,RED,23248,21376
IR,RED,23252,21369
IR,RED,23243,21376
IR,RED,23244,21364
IR,RED,23241,21375
IR,RED,23246,21368
IR,RED,23240,21365
IR,RED,23237,21362
IR,RED,23237,21361
IR,RED,23233,21360
IR,RED,23246,21360
IR,RED,23225,21363
IR,RED,23246,21370
IR,RED,23246,21366
IR,RED,23247,21380
IR,RED,23242,21373
IR,RED,23256,21375
IR,RED,23240,21378
IR,RED,23237,21363
IR,RED,23243,21377
IR,RED,23252,21365
IR,RED,23249,21367
IR,RED,23249,21373
IR,RED,23235,21363
IR,RED,23240,21376
IR,RED,23227,21368
IR,RED,23231,21370
IR,RED,23238,21373
IR,RED,23233,21369
IR,RED,23240,21363
IR,RED,23229,21368
IR,RED,23234,21364
IR,RED,23239,21369
IR,RED,23234,21358
IR,RED,23239,21360
IR,RED,23241,21371
IR,RED,23236,21370
IR,RED,23235,21363
IR,RED,23233,21368
IR,RED,23235,21368
IR,RED,23240,21375
IR,RED,23234,21361
IR,RED,23232,21370
IR,RED,23222,21363
IR,RED,23232,21367
IR,RED,23240,21366
IR,RED,23237,21383
IR,RED,23230,21376
IR,RED,23236,21367
IR,RED,23228,21371
IR,RED,23237,21381
IR,RED,23233,21365
IR,RED,23237,21373
IR,RED,23228,21373
IR,RED,23236,21376
IR,RED,23235,21380
IR,RED,23239,21386
IR,RED,23230,21378
IR,RED,23240,21385
IR,RED,23230,21374
IR,RED,23228,21371
IR,RED,23239,21384
IR,RED,23231,21377
IR,RED,23239,21371
IR,RED,23237,21378
IR,RED,23223,21372
IR,RED,23224,21366
IR,RED,23221,21362
IR,RED,23234,21359
IR,RED,23223,21363
IR,RED,23216,21359
IR,RED,23219,21349
IR,RED,23216,21353
IR,RED,23215,21349
IR,RED,23211,21350
IR,RED,23218,21349
IR,RED,23216,21347
IR,RED,23218,21346
IR,RED,23200,21350
IR,RED,23217,21340
IR,RED,23211,21350
IR,RED,23209,21352
IR,RED,23200,21355
IR,RED,23219,21347
IR,RED,23213,21350
IR,RED,23217,21356
IR,RED,23213,21353
IR,RED,23216,21345
IR,RED,23203,21350
IR,RED,23214,21348
IR,RED,23214,21349
IR,RED,23218,21353
IR,RED,23208,21339
IR,RED,23214,21357
IR,RED,23218,21359
IR,RED,23215,21349
IR,RED,23211,21347
IR,RED,23217,21344
IR,RED,23210,21344
IR,RED,23215,21355
IR,RED,23215,21356
IR,RED,23212,21356
IR,RED,23218,21357
IR,RED,23216,21348
IR,RED,23215,21356
IR,RED,23221,21356
IR,RED,23212,21346
IR,RED,23220,21357
IR,RED,23222,21357
IR,RED,23227,21347
IR,RED,23212,21354
IR,RED,23217,21344
IR,RED,23215,21355
IR,RED,23223,21353
IR,RED,23201,21354
IR,RED,23213,21355
IR,RED,23213,21358
IR,RED,23218,21363
IR,RED,23219,21360
IR,RED,23226,21362
IR,RED,23221,21363
IR,RED,23205,21353
IR,RED,23211,21361
IR,RED,23220,21366
IR,RED,23217,21358
IR,RED,23207,21362
IR,RED,23221,21364
IR,RED,23212,21360
IR,RED,23219,21369
IR,RED,23215,21360
IR,RED,23226,21369
IR,RED,23219,21360
IR,RED,23222,21357
IR,RED,23214,21350
IR,RED,23226,21354
IR,RED,23205,21363
IR,RED,23211,21354
IR,RED,23204,21348
IR,RED,23206,21350
IR,RED,23205,21345
IR,RED,23203,21338
IR,RED,23201,21345
IR,RED,23191,21339
IR,RED,23191,21337
IR,RED,23192,21332
IR,RED,23192,21336
IR,RED,23192,21329
IR,RED,23191,21339
IR,RED,23189,21337
IR,RED,23189,21333
IR,RED,23182,21332
IR,RED,23180,21324
IR,RED,23188,21322
IR,RED,23185,21330
IR,RED,23192,21333
IR,RED,23182,21336
IR,RED,23185,21331
IR,RED,23182,21326
IR,RED,23179,21330
IR,RED,23176,21331
IR,RED,23174,21328
IR,RED,23170,21328
IR,RED,23170,21315
IR,RED,23170,21330
IR,RED,23170,21317
IR,RED,23163,21323
IR,RED,23167,21308
IR,RED,23166,21317
IR,RED,23153,21320
IR,RED,23169,21316
IR,RED,23166,21310
IR,RED,23164,21317
IR,RED,23173,21306
IR,RED,23152,21314
IR,RED,23159,21312
IR,RED,23155,21311
IR,RED,23160,21309
IR,RED,23162,21312
IR,RED,23160,21305
IR,RED,23163,21306
IR,RED,23166,21308
IR,RED,23150,21310
IR,RED,23170,21308
IR,RED,23149,21310
IR,RED,23147,21307
IR,RED,23144,21314
IR,RED,23145,21304
IR,RED,23145,21310
IR,RED,23149,21312
IR,RED,23133,21309
IR,RED,23148,21302
IR,RED,23143,21309
IR,RED,23136,21315
IR,RED,23142,21316
IR,RED,23138,21312
IR,RED,23149,21310
IR,RED,23139,21319
IR,RED,23137,21317
IR,RED,23136,21324
IR,RED,23139,21321
IR,RED,23137,21320
IR,RED,23146,21320
IR,RED,23141,21319
IR,RED,23143,21322
IR,RED,23141,21311
IR,RED,23141,21308
IR,RED,23134,21305
IR,RED,23137,21310
IR,RED,23125,21305
IR,RED,23141,21300
IR,RED,23126,21306
IR,RED,23135,21312
IR,RED,23138,21298
IR,RED,23130,21304
IR,RED,23136,21312
IR,RED,23137,21306
IR,RED,23135,21307
IR,RED,23132,21299
IR,RED,23140,21297
IR,RED,23138,21306
IR,RED,23140,21307
IR,RED,23138,21300
IR,RED,23141,21299
IR,RED,23151,21306
IR,RED,23141,21304
IR,RED,23142,21316
IR,RED,23152,21315
IR,RED,23160,21318
IR,RED,23152,21328
IR,RED,23152,21329
IR,RED,23159,21323
IR,RED,23161,21325
IR,RED,23165,21332
IR,RED,23161,21328
IR,RED,23163,21334
IR,RED,23169,21327
IR,RED,23175,21327
IR,RED,23166,21328
IR,RED,23171,21327
IR,RED,23150,21317
IR,RED,23160,21313
IR,RED,23160,21323
IR,RED,23161,21327
IR,RED,23166,21321
IR,RED,23166,21320
IR,RED,23169,21323
IR,RED,23171,21330
IR,RED,23176,21337
IR,RED,23173,21342
IR,RED,23193,21333
IR,RED,23158,21332
IR,RED,23151,21321
IR,RED,23163,21323
IR,RED,23163,21328
IR,RED,23173,21322
IR,RED,23172,21334
IR,RED,23174,21338
IR,RED,23173,21330
IR,RED,23162,21336
IR,RED,23163,21324
IR,RED,23161,21333
IR,RED,23173,21327
IR,RED,23168,21339
IR,RED,23168,21325
IR,RED,23175,21343
IR,RED,23172,21350
IR,RED,23167,21336
IR,RED,23174,21336
IR,RED,23176,21333
IR,RED,23177,21331
IR,RED,23175,21331
IR,RED,23161,21319
IR,RED,23172,21321
IR,RED,23167,21328
IR,RED,23175,21338
IR,RED,23175,21321
IR,RED,23169,21336
IR,RED,23188,21325
IR,RED,23183,21347
IR,RED,23195,21328
IR,RED,23195,21336
IR,RED,23198,21344
IR,RED,23198,21348
IR,RED,23189,21342
IR,RED,23196,21329
IR,RED,23200,21342
IR,RED,23193,21342
IR,RED,23199,21341
IR,RED,23188,21350
IR,RED,23198,21349
IR,RED,23196,21337
IR,RED,23196,21338
IR,RED,23186,21339
IR,RED,23169,21326
IR,RED,23162,21322
IR,RED,23148,21312
IR,RED,23152,21307
IR,RED,23139,21298
IR,RED,23136,21303
IR,RED,23125,21293
IR,RED,23129,21291
IR,RED,23124,21282
IR,RED,23138,21286
IR,RED,23135,21286
IR,RED,23134,21288
IR,RED,23131,21289
IR,RED,23135,21292
IR,RED,23138,21299
IR,RED,23138,21294
IR,RED,23148,21306
IR,RED,23151,21285
IR,RED,23136,21288
IR,RED,23133,21285
IR,RED,23141,21283
IR,RED,23138,21283
IR,RED,23140,21288
IR,RED,23146,21276
IR,RED,23135,21280
IR,RED,23144,21287
IR,RED,23142,21280
IR,RED,23147,21275
IR,RED,23140,21274
IR,RED,23140,21289
IR,RED,23140,21275
IR,RED,23138,21282
IR,RED,23133,21270
IR,RED,23132,21275
IR,RED,23135,21277
IR,RED,23126,21269
IR,RED,23132,21275
IR,RED,23125,21271
IR,RED,23135,21285
IR,RED,23136,21272
IR,RED,23123,21285
IR,RED,23121,21274
IR,RED,23131,21273
IR,RED,23126,21267
IR,RED,23117,21274
IR,RED,23127,21259
IR,RED,23130,21259
IR,RED,23127,21255
IR,RED,23129,21260
IR,RED,23140,21255
IR,RED,23137,21254
IR,RED,23141,21261
IR,RED,23144,21241
IR,RED,23135,21262
IR,RED,23132,21255
IR,RED,23132,21252
IR,RED,23121,21245
IR,RED,23118,21245
IR,RED,23110,21243
IR,RED,23090,21225
IR,RED,23094,21225
IR,RED,23090,21217
IR,RED,23081,21209
IR,RED,23076,21224
IR,RED,23070,21205
IR,RED,23071,21201
IR,RED,23060,21204
IR,RED,23048,21193
IR,RED,23041,21194
IR,RED,23053,21192
IR,RED,23055,21200
IR,RED,23076,21197
IR,RED,23074,21204
IR,RED,23096,21211
IR,RED,23089,21211
IR,RED,23090,21214
IR,RED,23092,21219
IR,RED,23086,21212
IR,RED,23086,21215
IR,RED,23088,21200
IR,RED,23082,21202
IR,RED,23084,21207
IR,RED,23091,21202
IR,RED,23092,21205
IR,RED,23085,21208
IR,RED,23080,21212
IR,RED,23081,21200
IR,RED,23084,21191
IR,RED,23076,21206
IR,RED,23069,21190
IR,RED,23061,21192
IR,RED,23067,21196
IR,RED,23056,21198
IR,RED,23070,21199
IR,RED,23055,21192
IR,RED,23068,21198
IR,RED,23057,21189
IR,RED,23048,21185
IR,RED,23055,21176
IR,RED,23046,21183
IR,RED,23034,21177
IR,RED,23031,21171
IR,RED,23024,21169
IR,RED,23010,21148
IR,RED,23000,21140
IR,RED,22994,21139
IR,RED,22977,21125
IR,RED,22961,21112
IR,RED,22965,21108
IR,RED,22948,21109
IR,RED,22945,21105
IR,RED,22945,21101
IR,RED,22943,21094
IR,RED,22947,21087
IR,RED,22940,21083
IR,RED,22939,21094
IR,RED,22938,21090
IR,RED,22930,21074
IR,RED,22929,21081
IR,RED,22926,21086
IR,RED,22925,21074
IR,RED,22924,21072
IR,RED,22921,21072
IR,RED,22916,21075
IR,RED,22909,21059
IR,RED,22909,21069
IR,RED,22903,21060
IR,RED,22896,21044
IR,RED,22890,21048
IR,RED,22902,21049
IR,RED,22905,21041
IR,RED,22898,21059
IR,RED,22899,21042
IR,RED,22897,21052
IR,RED,22901,21051
IR,RED,22899,21044
IR,RED,22901,21043
IR,RED,22904,21047
IR,RED,22905,21054
IR,RED,22907,21046
IR,RED,22923,21055
IR,RED,22923,21053
IR,RED,22928,21057
IR,RED,22920,21068
IR,RED,22914,21058
IR,RED,22913,21059
IR,RED,22910,21056
IR,RED,22906,21049
IR,RED,22921,21061
IR,RED,22914,21040
IR,RED,22925,21054
IR,RED,22912,21065
IR,RED,22905,21053
IR,RED,22911,21068
IR,RED,22918,21056
IR,RED,22926,21065
IR,RED,22935,21073
IR,RED,22934,21083
IR,RED,22931,21079
IR,RED,22940,21063
IR,RED,22942,21077
IR,RED,22925,21078
IR,RED,22940,21078
IR,RED,22935,21081
IR,RED,22956,21084
IR,RED,22946,21085
IR,RED,22943,21079
IR,RED,22944,21086
IR,RED,22934,21087
IR,RED,22933,21076
IR,RED,22942,21073
IR,RED,22933,21081
IR,RED,22916,21065
IR,RED,22915,21060
IR,RED,22911,21049
IR,RED,22920,21048
IR,RED,22912,21041
IR,RED,22902,21033
IR,RED,22911,21032
IR,RED,22909,21043
IR,RED,22906,21047
IR,RED,22914,21041
IR,RED,22915,21041
IR,RED,22916,21044
IR,RED,22913,21042
IR,RED,22918,21037
IR,RED,22916,21041
IR,RED,22911,21040
IR,RED,22912,21043
IR,RED,22911,21038
IR,RED,22915,21040
IR,RED,22906,21041
IR,RED,22918,21048
IR,RED,22931,21047
IR,RED,22906,21039
IR,RED,22904,21032
IR,RED,22902,21017
IR,RED,22892,21018
IR,RED,22893,21015
IR,RED,22894,21028
IR,RED,22893,21022
IR,RED,22895,21028
IR,RED,22896,21021
IR,RED,22894,21031
IR,RED,22905,21015
IR,RED,22922,21033
IR,RED,22919,21036
IR,RED,22921,21040
IR,RED,22924,21043
IR,RED,22919,21044
IR,RED,22917,21043
IR,RED,22921,21047
IR,RED,22923,21046
IR,RED,22919,21039
IR,RED,22921,21043
IR,RED,22911,21035
IR,RED,22911,21047
IR,RED,22927,21049
IR,RED,22927,21048
IR,RED,22926,21067
IR,RED,22935,21056
IR,RED,22953,21070
IR,RED,22958,21079
IR,RED,22955,21088
IR,RED,22952,21084
IR,RED,22958,21069
IR,RED,22957,21086
IR,RED,22958,21083
IR,RED,22965,21086
IR,RED,22953,21094
IR,RED,22968,21084
IR,RED,22956,21073
IR,RED,22962,21074
IR,RED,22962,21073
IR,RED,22950,21081
IR,RED,22943,21076
IR,RED,22954,21083
IR,RED,22967,21069
IR,RED,22964,21082
IR,RED,22960,21074
IR,RED,22966,21066
IR,RED,22958,21073
IR,RED,22955,21078
IR,RED,22963,21073
IR,RED,22949,21075
IR,RED,22948,21059
IR,RED,22952,21055
IR,RED,22940,21054
IR,RED,22955,21071
IR,RED,22956,21065
IR,RED,22951,21062
IR,RED,22971,21058
IR,RED,22975,21062
IR,RED,22970,21073
IR,RED,22977,21082
IR,RED,22989,21077
IR,RED,22997,21094
IR,RED,23020,21093
IR,RED,23042,21109
IR,RED,23058,21132
IR,RED,23074,21153
IR,RED,23086,21134
IR,RED,23092,21144
IR,RED,23079,21150
IR,RED,23080,21143
IR,RED,23069,21142
IR,RED,23084,21135
IR,RED,23070,21131
IR,RED,23070,21133
IR,RED,23073,21137
IR,RED,23073,21137
IR,RED,23066,21132
IR,RED,23063,21137
IR,RED,23057,21130
IR,RED,23071,21138
IR,RED,23067,21133
IR,RED,23071,21140
IR,RED,23068,21130
IR,RED,23065,21143
IR,RED,23066,21133
IR,RED,23051,21130
IR,RED,23045,21128
IR,RED,23051,21135
IR,RED,23051,21115
IR,RED,23042,21121
IR,RED,23035,21121
IR,RED,23027,21112
IR,RED,23017,21107
IR,RED,23021,21099
IR,RED,23008,21092
IR,RED,23006,21088
IR,RED,22989,21084
IR,RED,22984,21073
IR,RED,22989,21067
IR,RED,22976,21056
IR,RED,22965,21056
IR,RED,22970,21050
IR,RED,22966,21049
IR,RED,22968,21040
IR,RED,22976,21050
IR,RED,22975,21046
IR,RED,22979,21047
IR,RED,22974,21045
IR,RED,22984,21061
IR,RED,22970,21058
IR,RED,22976,21063
IR,RED,22982,21059
IR,RED,22984,21056
IR,RED,22990,21071
IR,RED,22999,21063
IR,RED,22998,21077
IR,RED,23001,21083
IR,RED,22990,21072
IR,RED,22997,21076
IR,RED,22991,21080
IR,RED,22997,21079
IR,RED,23005,21081
IR,RED,22995,21075
IR,RED,23007,21076
IR,RED,22998,21079
IR,RED,22991,21076
IR,RED,22992,21077
IR,RED,22996,21078
IR,RED,22987,21079
IR,RED,22981,21084
IR,RED,22985,21095
IR,RED,22973,21074
IR,RED,22965,21067
IR,RED,22960,21067
IR,RED,22955,21059
IR,RED,22966,21064
IR,RED,22967,21066
IR,RED,22957,21060
IR,RED,22965,21069
IR,RED,22978,21069
IR,RED,22968,21074
IR,RED,22969,21069
IR,RED,22974,21069
IR,RED,22957,21067
IR,RED,22974,21067
IR,RED,22957,21056
IR,RED,22966,21066
IR,RED,22962,21062
IR,RED,22963,21058
IR,RED,22947,21058
IR,RED,22968,21058
IR,RED,22960,21061
IR,RED,22968,21064
IR,RED,22974,21069
IR,RED,22972,21072
IR,RED,22987,21070
IR,RED,22999,21075
IR,RED,22992,21075
IR,RED,22997,21077
IR,RED,23004,21084
IR,RED,22986,21070
IR,RED,22988,21077
IR,RED,22992,21076
IR,RED,22990,21078
IR,RED,22987,21068
IR,RED,22979,21068
IR,RED,22960,21054
IR,RED,22956,21060
IR,RED,22954,21059
IR,RED,22948,21062
IR,RED,22951,21061
IR,RED,22945,21064
IR,RED,22934,21065
IR,RED,22934,21052
IR,RED,22936,21057
IR,RED,22939,21068
IR,RED,22937,21068
IR,RED,22918,21048
IR,RED,22912,21057
IR,RED,22899,21052
IR,RED,22910,21053
IR,RED,22909,21054
IR,RED,22907,21048
IR,RED,22904,21060
IR,RED,22902,21052
IR,RED,22896,21044
IR,RED,22871,21037
IR,RED,22864,21028
IR,RED,22846,21012
IR,RED,22810,20998
IR,RED,22805,20983
IR,RED,22785,20967
IR,RED,22782,20962
IR,RED,22778,20958
IR,RED,22785,20961
IR,RED,22781,20956
IR,RED,22764,20955
IR,RED,22770,20949
IR,RED,22762,20951
IR,RED,22755,20945
IR,RED,22746,20933
IR,RED,22737,20936
IR,RED,22734,20922
IR,RED,22734,20921
IR,RED,22734,20923
IR,RED,22735,20923
IR,RED,22726,20918
IR,RED,22717,20910
IR,RED,22709,20894
IR,RED,22708,20902
IR,RED,22700,20899
IR,RED,22702,20892
IR,RED,22691,20895
IR,RED,22690,20887
IR,RED,22679,20890
IR,RED,22676,20882
IR,RED,22671,20867
IR,RED,22664,20889
IR,RED,22657,20870
IR,RED,22668,20868
IR,RED,22658,20871
IR,RED,22671,20867
IR,RED,22662,20868
IR,RED,22658,20864
IR,RED,22665,20858
IR,RED,22670,20849
IR,RED,22670,20853
IR,RED,22648,20839
IR,RED,22643,20827
IR,RED,22625,20815
IR,RED,22636,20814
IR,RED,22623,20799
IR,RED,22618,20810
IR,RED,22566,20791
IR,RED,22489,20730
IR,RED,22556,20752
IR,RED,22593,20792
IR,RED,22585,20792
IR,RED,22554,20771
IR,RED,22526,20748
IR,RED,22515,20737
IR,RED,22517,20720
IR,RED,22517,20730
IR,RED,22527,20730
IR,RED,22554,20745
IR,RED,22587,20759
IR,RED,22602,20779
IR,RED,22583,20780
IR,RED,22587,20774
IR,RED,22605,20782
IR,RED,22631,20800
IR,RED,22617,20797
IR,RED,22580,20778
IR,RED,22563,20766
IR,RED,22554,20749
IR,RED,22558,20752
IR,RED,22548,20737
IR,RED,22539,20735
IR,RED,22539,20738
IR,RED,22525,20727
IR,RED,22515,20726
IR,RED,22500,20716
IR,RED,22489,20711
IR,RED,22478,20692
IR,RED,22469,20689
IR,RED,22470,20678
IR,RED,22440,20663
IR,RED,22420,20651
IR,RED,22395,20634
IR,RED,22361,20619
IR,RED,22325,20589
IR,RED,22309,20566
IR,RED,22291,20566
IR,RED,22288,20544
IR,RED,22329,20568
IR,RED,22346,20578
IR,RED,22378,20607
IR,RED,22391,20620
IR,RED,22389,20628
IR,RED,22368,20620
IR,RED,22307,20598
IR,RED,22274,20532
IR,RED,22250,20517
IR,RED,22219,20497
IR,RED,22198,20486
IR,RED,22181,20470
IR,RED,22167,20465
IR,RED,22159,20454
IR,RED,22176,20450
IR,RED,22156,20441
IR,RED,22147,20436
IR,RED,22140,20433
IR,RED,22122,20411
IR,RED,22112,20408
IR,RED,22116,20408
IR,RED,22118,20409
IR,RED,22133,20427
IR,RED,22156,20447
IR,RED,22170,20466
IR,RED,22183,20474
IR,RED,22192,20484
IR,RED,22214,20505
IR,RED,22231,20515
IR,RED,22265,20545
IR,RED,22296,20583
IR,RED,22370,20615
IR,RED,22452,20665
IR,RED,22553,20739
IR,RED,22670,20812
IR,RED,22844,20911
IR,RED,23030,21050
IR,RED,23227,21171
IR,RED,23531,21337
IR,RED,24197,21761
IR,RED,25009,22477
IR,RED,26629,23391
IR,RED,28003,24643
IR,RED,29567,25670
IR,RED,31477,26897
IR,RED,35264,29075
IR,RED,38594,33426
IR,RED,45891,35970
IR,RED,50053,38694
IR,RED,54035,40986
IR,RED,57926,42892
IR,RED,61923,44959
IR,RED,65535,47157
IR,RED,65535,48894
IR,RED,65535,48659
IR,RED,65535,49765
IR,RED,65535,50382
IR,RED,65535,50490
IR,RED,65535,49246
IR,RED,65535,45731
IR,RED,61436,42080
IR,RED,57344,40960
IR,RED,49152,33765
IR,RED,40960,27775
IR,RED,32768,24576
IR,RED,24576,18451
IR,RED,16799,16384
IR,RED,14656,12912
IR,RED,13046,11117
IR,RED,11908,9831
IR,RED,11086,8899
IR,RED,10473,8045
IR,RED,9991,7497
IR,RED,9596,7037
IR,RED,9376,6712
IR,RED,9362,6562
IR,RED,9619,6624
IR,RED,10176,6939
IR,RED,11045,7508
IR,RED,12240,8303
IR,RED,13852,9383
IR,RED,16037,10854
IR,RED,18917,12865
IR,RED,22229,15666
IR,RED,27439,19006
IR,RED,30441,22342
IR,RED,38664,29494
IR,RED,46859,37945
IR,RED,54883,46625
IR,RED,49152,42227
IR,RED,40960,40960
IR,RED,32768,32768
IR,RED,24576,24943
IR,RED,18471,24742
IR,RED,18469,24762
IR,RED,18490,24762
IR,RED,18512,24774
IR,RED,18476,24775
IR,RED,18371,24719
IR,RED,18204,24617
IR,RED,18024,24485
IR,RED,17906,24353
IR,RED,17816,24253
IR,RED,17781,24191
IR,RED,17797,24211
IR,RED,17824,24245
IR,RED,17830,24275
IR,RED,17842,24300
IR,RED,17807,24286
IR,RED,17742,24244
IR,RED,17688,24170
IR,RED,21370,24082
IR,RED,21272,24001
IR,RED,21197,23912
IR,RED,21135,23847
IR,RED,21098,23795
IR,RED,21065,23758
IR,RED,21020,23715
IR,RED,20998,23690
IR,RED,20959,23651
IR,RED,20897,23617
IR,RED,20816,23548
IR,RED,20668,23438
IR,RED,20539,23334
IR,RED,20423,23217
IR,RED,20329,23111
IR,RED,20267,23066
IR,RED,20215,23022
IR,RED,20196,22990
IR,RED,20196,22986
IR,RED,20181,22982
IR,RED,20191,22996
IR,RED,20200,23000
IR,RED,20205,23017
IR,RED,20200,23019
IR,RED,20180,23007
IR,RED,20137,22987
IR,RED,20115,22956
IR,RED,20099,22930
IR,RED,20103,22919
IR,RED,20107,22906
IR,RED,20098,22913
IR,RED,20095,22899
IR,RED,20096,22897
IR,RED,20082,22889
IR,RED,20067,22871
IR,RED,20050,22845
IR,RED,20020,22834
IR,RED,19990,22804
IR,RED,19969,22774
IR,RED,19948,22762
IR,RED,19927,22731
IR,RED,19899,22701
IR,RED,19868,22685
IR,RED,19857,22659
IR,RED,19822,22651
IR,RED,19815,22621
IR,RED,19809,22601
IR,RED,19806,22592
IR,RED,19791,22576
IR,RED,23342,22563
IR,RED,23332,22554
IR,RED,23327,22555
IR,RED,23305,22544
IR,RED,23277,22528
IR,RED,23251,22513
IR,RED,23220,22487
IR,RED,23213,22467
IR,RED,23208,22467
IR,RED,23220,22460
IR,RED,23203,22457
IR,RED,23189,22436
IR,RED,23177,22426
IR,RED,23149,22415
IR,RED,23115,22393
IR,RED,23081,22350
IR,RED,23042,22322
IR,RED,23008,22302
IR,RED,22990,22296
IR,RED,22979,22272
IR,RED,22956,22257
IR,RED,22954,22265
IR,RED,22962,22256
IR,RED,22953,22240
IR,RED,22950,22241
IR,RED,22943,22242
IR,RED,22945,22238
IR,RED,22943,22232
IR,RED,22925,22229
IR,RED,22896,22197
IR,RED,22863,22184
IR,RED,22861,22165
IR,RED,22856,22172
IR,RED,22834,22152
IR,RED,22827,22143
IR,RED,22816,22136
IR,RED,22825,22139
IR,RED,22826,22141
IR,RED,22841,22142
IR,RED,22852,22146
IR,RED,22837,22155
IR,RED,22830,22147
IR,RED,22816,22129
IR,RED,22797,22115
IR,RED,22780,22104
IR,RED,22766,22093
IR,RED,22753,22085
IR,RED,22760,22069
IR,RED,22751,22072
IR,RED,22748,22063
IR,RED,22740,22054
IR,RED,22750,22059
IR,RED,22753,22057
IR,RED,22762,22060
IR,RED,22762,22059
IR,RED,22749,22065
IR,RED,22745,22055
IR,RED,22746,22046
IR,RED,22738,22043
IR,RED,22741,22049
IR,RED,22740,22045
IR,RED,22745,22053
IR,RED,22757,22058
IR,RED,22767,22057
IR,RED,22773,22066
IR,RED,22781,22060
IR,RED,22760,22060
IR,RED,22769,22066
IR,RED,22780,22073
IR,RED,22791,22078
IR,RED,22805,22086
IR,RED,22804,22091
IR,RED,22828,22108
IR,RED,22836,22125
IR,RED,22840,22124
IR,RED,22858,22125
IR,RED,22855,22139
IR,RED,22866,22144
IR,RED,22857,22155
IR,RED,22866,22152
IR,RED,22866,22148
IR,RED,22858,22142
IR,RED,22850,22157
IR,RED,22854,22159
IR,RED,22853,22154
IR,RED,22857,22160
IR,RED,22858,22149
IR,RED,22873,22161
IR,RED,22868,22158
IR,RED,22872,22156
IR,RED,22878,22164
IR,RED,22877,22162
IR,RED,22870,22154
IR,RED,22852,22146
IR,RED,22869,22151
IR,RED,22866,22159
IR,RED,22866,22150
IR,RED,22865,22150
IR,RED,22874,22149
IR,RED,22878,22146
IR,RED,22861,22145
IR,RED,22849,22132
IR,RED,22840,22130
IR,RED,22835,22114
IR,RED,22832,22120
IR,RED,22833,22107
IR,RED,22832,22114
IR,RED,22837,22107
IR,RED,22830,22110
IR,RED,22837,22126
IR,RED,22836,22116
IR,RED,22843,22122
IR,RED,22834,22111
IR,RED,22828,22108
IR,RED,22813,22103
IR,RED,22814,22097
IR,RED,22796,22091
IR,RED,22805,22085
IR,RED,22803,22084
IR,RED,22810,22082
IR,RED,22809,22076
IR,RED,22810,22076
IR,RED,22795,22069
IR,RED,22786,22056
IR,RED,22771,22053
IR,RED,22755,22052
IR,RED,22758,22040
IR,RED,22744,22043
IR,RED,22740,22031
IR,RED,22733,22039
IR,RED,22739,22038
IR,RED,22734,22044
IR,RED,22741,22040
IR,RED,22750,22045
IR,RED,22753,22049
IR,RED,22758,22048
IR,RED,22760,22048
IR,RED,22759,22052
IR,RED,22768,22051
IR,RED,22749,22059
IR,RED,22755,22038
IR,RED,22761,22036
IR,RED,22745,22028
IR,RED,22758,22043
IR,RED,22754,22050
IR,RED,22746,22044
IR,RED,22750,22048
IR,RED,22746,22050
IR,RED,22747,22030
IR,RED,22757,22051
IR,RED,22762,22054
IR,RED,22748,22044
IR,RED,22757,22039
IR,RED,22744,22041
IR,RED,22749,22034
IR,RED,22737,22026
IR,RED,22742,22041
IR,RED,22748,22040
IR,RED,22747,22043
IR,RED,22737,22032
IR,RED,22745,22046
IR,RED,22741,22033
IR,RED,22741,22040
IR,RED,22736,22042
IR,RED,22736,22038
IR,RED,22740,22028
IR,RED,22727,22027
IR,RED,22725,22021
IR,RED,22716,22021
IR,RED,22727,22023
IR,RED,22725,22026
IR,RED,22713,22013
IR,RED,22727,22009
IR,RED,22708,22018
IR,RED,22705,22016
IR,RED,22708,22017
IR,RED,22705,22023
IR,RED,22696,22010
IR,RED,22691,22001
IR,RED,22685,21994
IR,RED,22686,21996
IR,RED,22672,21976
IR,RED,22666,21971
IR,RED,22659,21968
IR,RED,22659,21962
IR,RED,22657,21965
IR,RED,22648,21955
IR,RED,22656,21955
IR,RED,22647,21941
IR,RED,22644,21941
IR,RED,22655,21945
IR,RED,22644,21942
IR,RED,22648,21952
IR,RED,22653,21946
IR,RED,22664,21946
IR,RED,22652,21948
IR,RED,22651,21935
IR,RED,22657,21938
IR,RED,22662,21938
IR,RED,22654,21946
IR,RED,22653,21935
IR,RED,22655,21940
IR,RED,22643,21926
IR,RED,22646,21932
IR,RED,22646,21926
IR,RED,22633,21927
IR,RED,22628,21917
IR,RED,22612,21914
IR,RED,22631,21921
IR,RED,22617,21917
IR,RED,22630,21917
IR,RED,22627,21921
IR,RED,22639,21910
IR,RED,22639,21925
IR,RED,22626,21918
IR,RED,22619,21927
IR,RED,22641,21932
IR,RED,22634,21924
IR,RED,22624,21911
IR,RED,22631,21914
IR,RED,22614,21916
IR,RED,22615,21907
IR,RED,22624,21909
IR,RED,22613,21902
IR,RED,22615,21904
IR,RED,22613,21902
IR,RED,22614,21900
IR,RED,22624,21902
IR,RED,22621,21904
IR,RED,22617,21906
IR,RED,22627,21896
IR,RED,22617,21909
IR,RED,22618,21897
IR,RED,22613,21893
IR,RED,22613,21899
IR,RED,22604,21892
IR,RED,22613,21894
IR,RED,22619,21891
IR,RED,22616,21894
IR,RED,22622,21903
IR,RED,22628,21904
IR,RED,22623,21892
IR,RED,22623,21884
IR,RED,22624,21892
IR,RED,22614,21882
IR,RED,22637,21880
IR,RED,22641,21889
IR,RED,22639,21885
IR,RED,22644,21882
IR,RED,22650,21869
IR,RED,22631,21890
IR,RED,22635,21876
IR,RED,22631,21882
IR,RED,22638,21868
IR,RED,22626,21880
IR,RED,22625,21859
IR,RED,22630,21866
IR,RED,22616,21857
IR,RED,22610,21866
IR,RED,22621,21853
IR,RED,22612,21860
IR,RED,22607,21841
IR,RED,22612,21849
IR,RED,22603,21858
IR,RED,22607,21843
IR,RED,22623,21845
IR,RED,22626,21842
IR,RED,22620,21852
IR,RED,22625,21841
IR,RED,22625,21841
IR,RED,22625,21855
IR,RED,22611,21846
IR,RED,22620,21834
IR,RED,22621,21837
IR,RED,22630,21837
IR,RED,22629,21827
IR,RED,22634,21825
IR,RED,22638,21842
IR,RED,22639,21835
IR,RED,22643,21836
IR,RED,22643,21846
IR,RED,22632,21832
IR,RED,22622,21832
IR,RED,22623,21822
IR,RED,22616,21818
IR,RED,22593,21809
IR,RED,22588,21805
IR,RED,22587,21799
IR,RED,22579,21799
IR,RED,22571,21801
IR,RED,22566,21800
IR,RED,22566,21800
IR,RED,22579,21787
IR,RED,22578,21797
IR,RED,22589,21799
IR,RED,22594,21799
IR,RED,22600,21800
IR,RED,22585,21793
IR,RED,22602,21805
IR,RED,22593,21795
IR,RED,22594,21790
IR,RED,22599,21795
IR,RED,22595,21792
IR,RED,22597,21796
IR,RED,22605,21798
IR,RED,22606,21792
IR,RED,22595,21792
IR,RED,22590,21786
IR,RED,22610,21790
IR,RED,22606,21789
IR,RED,22608,21782
IR,RED,22620,21784
IR,RED,22635,21785
IR,RED,22638,21777
IR,RED,22636,21784
IR,RED,22633,21792
IR,RED,22639,21783
IR,RED,22633,21782
IR,RED,22628,21784
IR,RED,22624,21784
IR,RED,22623,21772
IR,RED,22625,21778
IR,RED,22617,21773
IR,RED,22626,21776
IR,RED,22624,21782
IR,RED,22626,21774
IR,RED,22631,21773
IR,RED,22617,21774
IR,RED,22627,21770
IR,RED,22618,21767
IR,RED,22605,21767
IR,RED,22606,21764
IR,RED,22597,21765
IR,RED,22603,21744
IR,RED,22602,21750
IR,RED,22614,21752
IR,RED,22611,21740
IR,RED,22612,21735
IR,RED,22606,21747
IR,RED,22608,21739
IR,RED,22586,21739
IR,RED,22590,21736
IR,RED,22585,21728
IR,RED,22568,21734
IR,RED,22575,21721
IR,RED,22573,21731
IR,RED,22570,21715
IR,RED,22583,21715
IR,RED,22579,21715
IR,RED,22583,21707
IR,RED,22563,21716
IR,RED,22563,21710
IR,RED,22576,21720
IR,RED,22576,21717
IR,RED,22579,21715
IR,RED,22592,21710
IR,RED,22589,21720
IR,RED,22592,21725
IR,RED,22587,21715
IR,RED,22597,21719
IR,RED,22596,21723
IR,RED,22596,21722
IR,RED,22599,21725
IR,RED,22603,21709
IR,RED,22594,21709
IR,RED,22604,21724
IR,RED,22591,21708
IR,RED,22585,21705
IR,RED,22575,21706
IR,RED,22593,21710
IR,RED,22592,21688
IR,RED,22573,21698
IR,RED,22573,21690
IR,RED,22585,21688
IR,RED,22582,21679
IR,RED,22570,21690
IR,RED,22571,21680
IR,RED,22560,21677
IR,RED,22576,21674
IR,RED,22565,21671
IR,RED,22561,21669
IR,RED,22569,21667
IR,RED,22562,21671
IR,RED,22572,21668
IR,RED,22567,21660
IR,RED,22564,21663
IR,RED,22575,21670
IR,RED,22579,21668
IR,RED,22572,21658
IR,RED,22569,21657
IR,RED,22572,21657
IR,RED,22559,21650
IR,RED,22554,21658
IR,RED,22560,21650
IR,RED,22554,21649
IR,RED,22545,21659
IR,RED,22530,21643
IR,RED,22537,21640
IR,RED,22528,21635
IR,RED,22523,21630
IR,RED,22519,21627
IR,RED,22520,21630
IR,RED,22514,21623
IR,RED,22502,21624
IR,RED,22504,21619
IR,RED,22518,21626
IR,RED,22517,21632
IR,RED,22532,21610
IR,RED,22527,21639
IR,RED,22524,21624
IR,RED,22521,21632
IR,RED,22522,21633
IR,RED,22524,21622
IR,RED,22520,21624
IR,RED,22531,21628
IR,RED,22532,21619
IR,RED,22540,21627
IR,RED,22536,21632
IR,RED,22537,21628
IR,RED,22544,21640
IR,RED,22537,21634
IR,RED,22543,21639
IR,RED,22555,21638
IR,RED,22555,21647
IR,RED,22553,21648
IR,RED,22548,21648
IR,RED,22564,21639
IR,RED,22552,21635
IR,RED,22562,21629
IR,RED,22550,21632
IR,RED,22553,21636
IR,RED,22549,21620
IR,RED,22549,21625
IR,RED,22553,21618
IR,RED,22542,21629
IR,RED,22541,21624
IR,RED,22545,21622
IR,RED,22541,21611
IR,RED,22546,21603
IR,RED,22527,21599
IR,RED,22537,21601
IR,RED,22535,21613
IR,RED,22518,21611
IR,RED,22526,21602
IR,RED,22524,21601
IR,RED,22518,21589
IR,RED,22516,21597
IR,RED,22519,21584
IR,RED,22511,21581
IR,RED,22503,21593
IR,RED,22502,21586
IR,RED,22511,21598
IR,RED,22505,21579
IR,RED,22507,21585
IR,RED,22505,21591
IR,RED,22495,21589
IR,RED,22501,21579
IR,RED,22486,21581
IR,RED,22495,21575
IR,RED,22487,21577
IR,RED,22492,21571
IR,RED,22479,21566
IR,RED,22489,21570
IR,RED,22489,21564
IR,RED,22490,21567
IR,RED,22476,21566
IR,RED,22482,21560
IR,RED,22492,21567
IR,RED,22487,21570
IR,RED,22485,21568
IR,RED,22493,21570
IR,RED,22491,21577
IR,RED,22497,21566
IR,RED,22483,21574
IR,RED,22497,21570
IR,RED,22489,21571
IR,RED,22491,21555
IR,RED,22489,21572
IR,RED,22493,21569
IR,RED,22499,21576
IR,RED,22482,21568
IR,RED,22491,21577
IR,RED,22478,21561
IR,RED,22482,21564
IR,RED,22482,21562
IR,RED,22488,21560
IR,RED,22474,21562
IR,RED,22482,21558
IR,RED,22478,21567
IR,RED,22483,21562
IR,RED,22489,21547
IR,RED,22477,21545
IR,RED,22476,21559
IR,RED,22489,21542
IR,RED,22486,21552
IR,RED,22469,21544
IR,RED,22471,21540
IR,RED,22474,21549
IR,RED,22477,21542
IR,RED,22480,21535
IR,RED,22482,21538
IR,RED,22479,21537
IR,RED,22480,21530
IR,RED,22480,21531
IR,RED,22471,21536
IR,RED,22470,21526
IR,RED,22464,21533
IR,RED,22464,21534
IR,RED,22477,21533
IR,RED,22464,21530
IR,RED,22465,21535
IR,RED,22465,21528
IR,RED,22475,21545
IR,RED,22469,21535
IR,RED,22469,21533
IR,RED,22472,21540
IR,RED,22470,21542
IR,RED,22474,21527
IR,RED,22478,21535
IR,RED,22468,21538
IR,RED,22476,21543
IR,RED,22468,21535
IR,RED,22471,21534
IR,RED,22476,21526
IR,RED,22472,21539
IR,RED,22470,21528
IR,RED,22483,21525
IR,RED,22480,21527
IR,RED,22480,21543
IR,RED,22481,21531
IR,RED,22475,21537
IR,RED,22484,21532
IR,RED,22477,21526
IR,RED,22487,21520
IR,RED,22486,21520
IR,RED,22489,21542
IR,RED,22494,21530
IR,RED,22483,21533
IR,RED,22481,21527
IR,RED,22475,21528
IR,RED,22488,21527
IR,RED,22480,21528
IR,RED,22474,21522
IR,RED,22470,21529
IR,RED,22479,21532
IR,RED,22483,21533
IR,RED,22485,21521
IR,RED,22478,21514
IR,RED,22480,21521
IR,RED,22483,21516
IR,RED,22480,21512
IR,RED,22470,21508
IR,RED,22478,21505
IR,RED,22466,21501
IR,RED,22465,21502
IR,RED,22466,21487
IR,RED,22474,21482
IR,RED,22462,21498
IR,RED,22461,21491
IR,RED,22468,21499
IR,RED,22460,21485
IR,RED,22462,21501
IR,RED,22467,21495
IR,RED,22468,21490
IR,RED,22464,21488
IR,RED,22457,21486
IR,RED,22456,21490
IR,RED,22467,21491
IR,RED,22462,21484
IR,RED,22463,21494
IR,RED,22468,21492
IR,RED,22461,21484
IR,RED,22464,21485
IR,RED,22471,21489
IR,RED,22469,21487
IR,RED,22463,21485
IR,RED,22464,21476
IR,RED,22449,21483
IR,RED,22461,21484
IR,RED,22458,21491
IR,RED,22456,21480
IR,RED,22461,21481
IR,RED,22460,21476
IR,RED,22460,21477
IR,RED,22459,21477
IR,RED,22459,21478
IR,RED,22458,21482
IR,RED,22450,21484
IR,RED,22449,21483
IR,RED,22460,21474
IR,RED,22460,21478
IR,RED,22450,21477
IR,RED,22449,21478
IR,RED,22453,21483
IR,RED,22448,21469
IR,RED,22456,21476
IR,RED,22449,21485
IR,RED,22450,21486
IR,RED,22451,21478
IR,RED,22463,21486
IR,RED,22453,21484
IR,RED,22456,21479
IR,RED,22464,21471
IR,RED,22459,21475
IR,RED,22450,21471
IR,RED,22457,21484
IR,RED,22448,21462
IR,RED,22444,21465
IR,RED,22445,21462
IR,RED,22447,21457
IR,RED,22436,21457
IR,RED,22443,21457
IR,RED,22425,21448
IR,RED,22426,21452
IR,RED,22430,21447
IR,RED,22435,21443
IR,RED,22437,21448
IR,RED,22422,21442
IR,RED,22441,21436
IR,RED,22427,21443
IR,RED,22439,21443
IR,RED,22439,21439
IR,RED,22437,21436
IR,RED,22431,21437
IR,RED,22434,21441
IR,RED,22439,21433
IR,RED,22438,21445
IR,RED,22423,21436
IR,RED,22426,21443
IR,RED,22439,21440
IR,RED,22428,21437
IR,RED,22418,21439
IR,RED,22424,21420
IR,RED,22420,21430
IR,RED,22429,21431
IR,RED,22425,21442
IR,RED,22427,21432
IR,RED,22432,21436
IR,RED,22427,21429
IR,RED,22427,21433
IR,RED,22416,21429
IR,RED,22420,21427
IR,RED,22427,21435
IR,RED,22421,21433
IR,RED,22425,21442
IR,RED,22425,21436
IR,RED,22424,21428
IR,RED,22432,21444
IR,RED,22427,21425
IR,RED,22426,21434
IR,RED,22417,21436
IR,RED,22409,21429
IR,RED,22415,21432
IR,RED,22419,21429
IR,RED,22422,21435
IR,RED,22420,21435
IR,RED,22420,21440
IR,RED,22417,21444
IR,RED,22426,21436
IR,RED,22419,21430
IR,RED,22432,21433
IR,RED,22425,21431
IR,RED,22428,21430
IR,RED,22428,21428
IR,RED,22427,21427
IR,RED,22425,21428
IR,RED,22425,21432
IR,RED,22420,21431
IR,RED,22432,21428
IR,RED,22422,21426
IR,RED,22409,21414
IR,RED,22416,21421
IR,RED,22404,21416
IR,RED,22410,21402
IR,RED,22408,21413
IR,RED,22401,21410
IR,RED,22411,21411
IR,RED,22409,21411
IR,RED,22409,21405
IR,RED,22395,21409
IR,RED,22409,21405
IR,RED,22403,21408
IR,RED,22410,21409
IR,RED,22402,21414
IR,RED,22398,21404
IR,RED,22402,21400
IR,RED,22399,21407
IR,RED,22403,21401
IR,RED,22413,21414
IR,RED,22407,21398
IR,RED,22401,21401
IR,RED,22403,21412
IR,RED,22401,21408
IR,RED,22398,21402
IR,RED,22403,21403
IR,RED,22410,21400
IR,RED,22387,21398
IR,RED,22399,21399
IR,RED,22400,21413
IR,RED,22411,21401
IR,RED,22412,21403
IR,RED,22407,21406
IR,RED,22415,21401
IR,RED,22411,21407
IR,RED,22406,21416
IR,RED,22414,21407
IR,RED,22409,21412
IR,RED,22406,21415
IR,RED,22406,21408
IR,RED,22412,21406
IR,RED,22399,21407
IR,RED,22403,21402
IR,RED,22404,21412
IR,RED,22407,21416
IR,RED,22406,21412
IR,RED,22409,21409
IR,RED,22407,21423
IR,RED,22404,21412
IR,RED,22401,21418
IR,RED,22409,21417
IR,RED,22413,21425
IR,RED,22417,21408
IR,RED,22414,21417
IR,RED,22422,21403
IR,RED,22419,21408
IR,RED,22413,21400
IR,RED,22409,21408
IR,RED,22405,21395
IR,RED,22407,21393
IR,RED,22408,21391
IR,RED,22404,21391
IR,RED,22401,21398
IR,RED,22397,21399
IR,RED,22384,21392
IR,RED,22393,21383
IR,RED,22393,21382
IR,RED,22410,21376
IR,RED,22405,21393
IR,RED,22385,21393
IR,RED,22392,21388
IR,RED,22394,21378
IR,RED,22394,21380
IR,RED,22396,21374
IR,RED,22395,21374
IR,RED,22393,21385
IR,RED,22379,21374
IR,RED,22380,21383
IR,RED,22384,21381
IR,RED,22386,21377
IR,RED,22389,21371
IR,RED,22389,21370
IR,RED,22388,21373
IR,RED,22386,21370
IR,RED,22385,21372
IR,RED,22392,21369
IR,RED,22381,21381
IR,RED,22377,21378
IR,RED,22379,21376
IR,RED,22372,21381
IR,RED,22380,21380
IR,RED,22377,21374
IR,RED,22392,21384
IR,RED,22388,21383
IR,RED,22393,21385
IR,RED,22386,21388
IR,RED,22394,21379
IR,RED,22391,21378
IR,RED,22390,21371
IR,RED,22380,21378
IR,RED,22391,21372
IR,RED,22389,21381
IR,RED,22386,21384
IR,RED,22379,21378
IR,RED,22391,21388
IR,RED,22392,21378
IR,RED,22390,21386
IR,RED,22385,21383
IR,RED,22390,21381
IR,RED,22398,21392
IR,RED,22397,21387
IR,RED,22380,21396
IR,RED,22384,21383
IR,RED,22383,21382
IR,RED,22380,21387
IR,RED,22383,21388
IR,RED,22394,21390
IR,RED,22391,21398
IR,RED,22384,21388
IR,RED,22375,21389
IR,RED,22381,21377
IR,RED,22385,21381
IR,RED,22377,21370
IR,RED,22383,21375
IR,RED,22392,21376
IR,RED,22386,21367
IR,RED,22385,21366
IR,RED,22383,21364
IR,RED,22387,21364
IR,RED,22382,21361
IR,RED,22377,21373
IR,RED,22383,21368
IR,RED,22375,21348
IR,RED,22372,21348
IR,RED,22362,21351
IR,RED,22380,21343
IR,RED,22380,21355
IR,RED,22371,21352
IR,RED,22389,21348
IR,RED,22372,21353
IR,RED,22373,21354
IR,RED,22379,21356
IR,RED,22376,21353
IR,RED,22367,21342
IR,RED,22369,21348
IR,RED,22368,21354
IR,RED,22371,21347
IR,RED,22376,21351
IR,RED,22373,21363
IR,RED,22371,21351
IR,RED,22378,21350
IR,RED,22378,21349
IR,RED,22370,21343
IR,RED,22374,21346
IR,RED,22376,21346
IR,RED,22373,21331
IR,RED,22371,21349
IR,RED,22373,21343
IR,RED,22367,21343
IR,RED,22368,21343
IR,RED,22368,21344
IR,RED,22370,21354
IR,RED,22366,21349
IR,RED,22371,21349
IR,RED,22383,21355
IR,RED,22374,21349
IR,RED,22374,21349
IR,RED,22377,21352
IR,RED,22375,21352
IR,RED,22376,21357
IR,RED,22383,21360
IR,RED,22378,21346
IR,RED,22389,21358
IR,RED,22382,21353
IR,RED,22379,21357
IR,RED,22381,21364
IR,RED,22377,21355
IR,RED,22383,21355
IR,RED,22377,21350
IR,RED,22380,21351
IR,RED,22382,21359
IR,RED,22375,21363
IR,RED,22375,21359
IR,RED,22376,21362
IR,RED,22380,21356
IR,RED,22381,21358
IR,RED,22384,21365
IR,RED,22383,21362
IR,RED,22376,21357
IR,RED,22386,21355
IR,RED,22374,21350
IR,RED,22381,21350
IR,RED,22376,21353
IR,RED,22389,21348
IR,RED,22374,21352
IR,RED,22375,21353
IR,RED,22377,21346
IR,RED,22368,21340
IR,RED,22368,21347
IR,RED,22376,21338
IR,RED,22373,21333
IR,RED,22379,21332
IR,RED,22368,21342
IR,RED,22373,21340
IR,RED,22371,21338
IR,RED,22368,21341
IR,RED,22366,21342
IR,RED,22373,21348
IR,RED,22379,21341
IR,RED,22384,21336
IR,RED,22374,21329
IR,RED,22383,21336
IR,RED,22374,21329
IR,RED,22373,21335
IR,RED,22381,21333
IR,RED,22390,21342
IR,RED,22378,21337
IR,RED,22389,21341
IR,RED,22381,21334
IR,RED,22392,21333
IR,RED,22374,21333
IR,RED,22369,21328
IR,RED,22380,21332
IR,RED,22377,21335
IR,RED,22363,21339
IR,RED,22373,21348
IR,RED,22379,21345
IR,RED,22376,21342
IR,RED,22381,21338
IR,RED,22376,21342
IR,RED,22380,21340
IR,RED,22383,21344
IR,RED,22368,21348
IR,RED,22366,21341
IR,RED,22377,21344
IR,RED,22381,21351
IR,RED,22373,21344
IR,RED,22386,21340
IR,RED,22381,21346
IR,RED,22374,21351
IR,RED,22382,21342
IR,RED,22384,21352
IR,RED,22386,21350
IR,RED,22383,21351
IR,RED,22386,21351
IR,RED,22396,21351
IR,RED,22392,21353
IR,RED,22379,21359
IR,RED,22385,21364
IR,RED,22389,21356
IR,RED,22388,21358
IR,RED,22393,21363
IR,RED,22387,21365
IR,RED,22403,21355
IR,RED,22397,21365
IR,RED,22386,21352
IR,RED,22403,21361
IR,RED,22399,21346
IR,RED,22395,21355
IR,RED,22394,21360
IR,RED,22390,21360
IR,RED,22387,21349
IR,RED,22393,21340
IR,RED,22385,21347
IR,RED,22391,21355
IR,RED,22387,21346
IR,RED,22387,21344
IR,RED,22387,21340
IR,RED,22385,21333
IR,RED,22380,21344
IR,RED,22383,21337
IR,RED,22388,21342
IR,RED,22377,21336
IR,RED,22382,21337
IR,RED,22376,21335
IR,RED,22377,21327
IR,RED,22386,21331
IR,RED,22376,21332
IR,RED,22378,21337
IR,RED,22378,21324
IR,RED,22367,21333
IR,RED,22389,21328
IR,RED,22370,21332
IR,RED,22376,21332
IR,RED,22381,21335
IR,RED,22380,21334
IR,RED,22373,21330
IR,RED,22377,21324
IR,RED,22377,21339
IR,RED,22372,21336
IR,RED,22375,21336
IR,RED,22375,21332
IR,RED,22374,21337
IR,RED,22378,21327
IR,RED,22380,21325
IR,RED,22390,21338
IR,RED,22386,21337
IR,RED,22382,21325
IR,RED,22389,21337
IR,RED,22389,21332
IR,RED,22385,21332
IR,RED,22384,21334
IR,RED,22383,21338
IR,RED,22388,21340
IR,RED,22401,21337
IR,RED,22385,21333
IR,RED,22388,21343
IR,RED,22391,21341
IR,RED,22397,21335
IR,RED,22393,21337
IR,RED,22397,21335
IR,RED,22402,21341
IR,RED,22382,21346
IR,RED,22397,21328
IR,RED,22389,21338
IR,RED,22390,21337
IR,RED,22398,21334
IR,RED,22390,21351
IR,RED,22387,21349
IR,RED,22384,21341
IR,RED,22396,21346
IR,RED,22399,21345
IR,RED,22395,21349
IR,RED,22395,21358
IR,RED,22398,21348
IR,RED,22402,21352
IR,RED,22405,21345
IR,RED,22399,21345
IR,RED,22390,21337
IR,RED,22386,21348
IR,RED,22392,21338
IR,RED,22399,21344
IR,RED,22388,21338
IR,RED,22384,21326
IR,RED,22398,21327
IR,RED,22390,21334
IR,RED,22395,21325
IR,RED,22392,21325
IR,RED,22393,21333
IR,RED,22378,21333
IR,RED,22375,21322
IR,RED,22383,21326
IR,RED,22389,21328
IR,RED,22378,21324
IR,RED,22386,21317
IR,RED,22371,21320
IR,RED,22378,21321
IR,RED,22371,21317
IR,RED,22383,21318
IR,RED,22384,21315
IR,RED,22382,21320
IR,RED,22381,21317
IR,RED,22386,21322
IR,RED,22387,21322
IR,RED,22384,21317
IR,RED,22379,21321
IR,RED,22390,21323
IR,RED,22391,21308
IR,RED,22389,21317
IR,RED,22392,21315
IR,RED,22381,21321
IR,RED,22392,21319
IR,RED,22387,21322
IR,RED,22388,21314
IR,RED,22378,21322
IR,RED,22380,21319
IR,RED,22389,21312
IR,RED,22391,21321
IR,RED,22377,21325
IR,RED,22393,21317
IR,RED,22389,21330
IR,RED,22393,21322
IR,RED,22390,21323
IR,RED,22396,21310
IR,RED,22384,21326
IR,RED,22392,21311
IR,RED,22390,21329
IR,RED,22389,21312
IR,RED,22395,21325
IR,RED,22394,21315
IR,RED,22383,21329
IR,RED,22398,21324
IR,RED,22392,21322
IR,RED,22382,21335
IR,RED,22382,21331
IR,RED,22393,21322
IR,RED,22381,21331
IR,RED,22390,21321
IR,RED,22391,21329
IR,RED,22401,21315
IR,RED,22386,21326
IR,RED,22381,21335
IR,RED,22397,21325
IR,RED,22387,21333
IR,RED,22387,21326
IR,RED,22391,21323
IR,RED,22391,21329
IR,RED,22397,21329
IR,RED,22393,21333
IR,RED,22386,21324
IR,RED,22393,21327
IR,RED,22390,21326
IR,RED,22390,21317
IR,RED,22395,21313
IR,RED,22385,21314
IR,RED,22390,21315
IR,RED,22388,21307
IR,RED,22380,21300
IR,RED,22371,21304
IR,RED,22379,21292
IR,RED,22375,21301
IR,RED,22377,21294
IR,RED,22369,21300
IR,RED,22371,21289
IR,RED,22376,21293
IR,RED,22376,21287
IR,RED,22374,21292
IR,RED,22376,21299
IR,RED,22381,21295
IR,RED,22376,21296
IR,RED,22399,21295
IR,RED,22386,21297
IR,RED,22378,21295
IR,RED,22387,21293
IR,RED,22398,21292
IR,RED,22385,21297
IR,RED,22381,21295
IR,RED,22383,21291
IR,RED,22386,21285
IR,RED,22373,21297
IR,RED,22376,21292
IR,RED,22383,21288
IR,RED,22381,21294
IR,RED,22375,21290
IR,RED,22377,21285
IR,RED,22373,21296
IR,RED,22377,21285
IR,RED,22376,21290
IR,RED,22382,21289
IR,RED,22383,21294
IR,RED,22385,21290
IR,RED,22384,21290
IR,RED,22385,21297
IR,RED,22388,21295
IR,RED,22387,21289
IR,RED,22384,21286
IR,RED,22375,21291
IR,RED,22380,21289
IR,RED,22377,21300
IR,RED,22388,21299
IR,RED,22385,21294
IR,RED,22384,21299
IR,RED,22383,21288
IR,RED,22387,21296
IR,RED,22377,21299
IR,RED,22381,21294
IR,RED,22376,21301
IR,RED,22378,21306
IR,RED,22383,21291
IR,RED,22394,21296
IR,RED,22385,21301
IR,RED,22381,21297
IR,RED,22386,21299
IR,RED,22387,21298
IR,RED,22385,21301
IR,RED,22392,21304
IR,RED,22391,21305
IR,RED,22394,21287
IR,RED,22383,21295
IR,RED,22397,21297
IR,RED,22391,21294
IR,RED,22389,21289
IR,RED,22400,21284
IR,RED,22388,21287
IR,RED,22391,21279
IR,RED,22386,21269
IR,RED,22387,21265
IR,RED,22385,21267
IR,RED,22381,21276
IR,RED,22381,21268
IR,RED,22370,21271
IR,RED,22371,21266
IR,RED,22366,21263
IR,RED,22376,21257
IR,RED,22377,21264
IR,RED,22366,21258
IR,RED,22370,21264
IR,RED,22356,21256
IR,RED,22378,21261
IR,RED,22369,21257
IR,RED,22369,21250
IR,RED,22354,21254
IR,RED,22364,21238
IR,RED,22360,21250
IR,RED,22365,21249
IR,RED,22355,21247
IR,RED,22364,21257
IR,RED,22360,21243
IR,RED,22361,21258
IR,RED,22358,21264
IR,RED,22355,21253
IR,RED,22364,21257
IR,RED,22359,21246
IR,RED,22354,21249
IR,RED,22363,21252
IR,RED,22358,21255
IR,RED,22351,21243
IR,RED,22356,21241
IR,RED,22361,21256
IR,RED,22364,21255
IR,RED,22358,21257
IR,RED,22360,21262
IR,RED,22362,21254
IR,RED,22364,21259
IR,RED,22357,21258
IR,RED,22355,21268
IR,RED,22359,21261
IR,RED,22355,21255
IR,RED,22370,21256
IR,RED,22361,21266
IR,RED,22363,21267
IR,RED,22357,21254
IR,RED,22357,21258
IR,RED,22350,21263
IR,RED,22356,21256
IR,RED,22365,21262
IR,RED,22365,21261
IR,RED,22369,21260
IR,RED,22361,21271
IR,RED,22360,21266
IR,RED,22364,21261
IR,RED,22366,21269
IR,RED,22359,21258
IR,RED,22361,21258
IR,RED,22362,21280
IR,RED,22360,21270
IR,RED,22374,21262
IR,RED,22365,21264
IR,RED,22367,21264
IR,RED,22361,21271
IR,RED,22374,21261
IR,RED,22369,21263
IR,RED,22362,21263
IR,RED,22358,21253
IR,RED,22365,21249
IR,RED,22369,21249
IR,RED,22360,21251
IR,RED,22352,21247
IR,RED,22357,21243
IR,RED,22351,21238
IR,RED,22345,21242
IR,RED,22351,21231
IR,RED,22348,21235
IR,RED,22346,21227
IR,RED,22349,21241
IR,RED,22345,21239
IR,RED,22356,21235
IR,RED,22345,21228
IR,RED,22344,21227
IR,RED,22346,21230
IR,RED,22344,21236
IR,RED,22345,21231
IR,RED,22339,21226
IR,RED,22340,21221
IR,RED,22343,21217
IR,RED,22339,21229
IR,RED,22341,21227
IR,RED,22334,21233
IR,RED,22340,21228
IR,RED,22335,21224
IR,RED,22346,21222
IR,RED,22349,21233
IR,RED,22340,21226
IR,RED,22334,21221
IR,RED,22352,21220
IR,RED,22350,21231
IR,RED,22351,21228
IR,RED,22340,21223
IR,RED,22348,21233
IR,RED,22339,21238
IR,RED,22349,21225
IR,RED,22353,21224
IR,RED,22351,21226
IR,RED,22354,21230
IR,RED,22342,21241
IR,RED,22347,21230
IR,RED,22345,21224
IR,RED,22339,21228
IR,RED,22348,21232
IR,RED,22349,21236
IR,RED,22347,21233
IR,RED,22353,21220
IR,RED,22357,21243
IR,RED,22355,21233
IR,RED,22358,21230
IR,RED,22352,21227
IR,RED,22342,21232
IR,RED,22347,21234
IR,RED,22351,21225
IR,RED,22345,21240
IR,RED,22347,21228
IR,RED,22351,21239
IR,RED,22349,21236
IR,RED,22365,21230
IR,RED,22347,21230
IR,RED,22353,21240
IR,RED,22351,21232
IR,RED,22354,21229
IR,RED,22352,21224
IR,RED,22347,21227
IR,RED,22356,21224
IR,RED,22348,21223
IR,RED,22338,21221
IR,RED,22348,21217
IR,RED,22350,21229
IR,RED,22351,21216
IR,RED,22346,21213
IR,RED,22328,21210
IR,RED,22343,21211
IR,RED,22338,21208
IR,RED,22334,21205
IR,RED,22333,21197
IR,RED,22336,21198
IR,RED,22339,21203
IR,RED,22330,21203
IR,RED,22331,21205
IR,RED,22329,21197
IR,RED,22328,21193
IR,RED,22330,21191
IR,RED,22311,21191
IR,RED,22331,21199
IR,RED,22330,21200
IR,RED,22311,21194
IR,RED,22327,21191
IR,RED,22326,21194
IR,RED,22317,21195
IR,RED,22322,21194
IR,RED,22320,21192
IR,RED,22325,21184
IR,RED,22325,21183
IR,RED,22320,21186
IR,RED,22323,21185
IR,RED,22328,21193
IR,RED,22333,21190
IR,RED,22323,21200
IR,RED,22327,21186
IR,RED,22326,21185
IR,RED,22334,21189
IR,RED,22330,21181
IR,RED,22334,21190
IR,RED,22335,21190
IR,RED,22332,21187
IR,RED,22326,21184
IR,RED,22322,21180
IR,RED,22327,21190
IR,RED,22339,21190
IR,RED,22338,21178
IR,RED,22331,21195
IR,RED,22338,21186
IR,RED,22341,21190
IR,RED,22331,21186
IR,RED,22324,21192
IR,RED,22317,21189
IR,RED,22318,21179
IR,RED,22315,21187
IR,RED,22335,21190
IR,RED,22323,21195
IR,RED,22325,21202
IR,RED,22334,21197
IR,RED,22337,21196
IR,RED,22320,21190
IR,RED,22321,21198
IR,RED,22322,21190
IR,RED,22328,21190
IR,RED,22329,21181
IR,RED,22326,21185
IR,RED,22326,21194
IR,RED,22329,21193
IR,RED,22335,21178
IR,RED,22338,21174
IR,RED,22335,21173
IR,RED,22328,21173
IR,RED,22329,21182
IR,RED,22315,21167
IR,RED,22319,21174
IR,RED,22321,21166
IR,RED,22317,21167
IR,RED,22320,21157
IR,RED,22299,21162
IR,RED,22319,21162
IR,RED,22310,21161
IR,RED,22320,21156
IR,RED,22316,21158
IR,RED,22309,21156
IR,RED,22314,21153
IR,RED,22311,21155
IR,RED,22306,21147
IR,RED,22303,21156
IR,RED,22320,21153
IR,RED,22303,21158
IR,RED,22308,21142
IR,RED,22300,21153
IR,RED,22305,21150
IR,RED,22304,21142
IR,RED,22293,21150
IR,RED,22307,21158
IR,RED,22306,21147
IR,RED,22298,21140
IR,RED,22294,21150
IR,RED,22293,21149
IR,RED,22300,21139
IR,RED,22298,21150
IR,RED,22292,21157
IR,RED,22293,21148
IR,RED,22307,21148
IR,RED,22306,21153
IR,RED,22302,21156
IR,RED,22305,21159
IR,RED,22298,21142
IR,RED,22296,21145
IR,RED,22292,21137
IR,RED,22299,21148
IR,RED,22292,21157
IR,RED,22288,21147
IR,RED,22290,21144
IR,RED,22290,21149
IR,RED,22283,21147
IR,RED,22292,21151
IR,RED,22293,21145
IR,RED,22298,21150
IR,RED,22296,21140
IR,RED,22294,21152
IR,RED,22293,21148
IR,RED,22289,21142
IR,RED,22282,21148
IR,RED,22273,21157
IR,RED,22288,21146
IR,RED,22288,21146
IR,RED,22293,21149
IR,RED,22297,21149
IR,RED,22299,21156
IR,RED,22278,21142
IR,RED,22284,21147
IR,RED,22288,21141
IR,RED,22286,21153
IR,RED,22285,21138
IR,RED,22284,21135
IR,RED,22285,21136
IR,RED,22279,21133
IR,RED,22287,21126
IR,RED,22283,21129
IR,RED,22270,21126
IR,RED,22288,21122
IR,RED,22261,21126
IR,RED,22270,21119
IR,RED,22269,21125
IR,RED,22272,21118
IR,RED,22260,21116
IR,RED,22251,21129
IR,RED,22267,21122
IR,RED,22258,21107
IR,RED,22247,21108
IR,RED,22258,21111
IR,RED,22258,21111
IR,RED,22260,21112
IR,RED,22252,21109
IR,RED,22257,21109
IR,RED,22260,21107
IR,RED,22260,21103
IR,RED,22259,21106
IR,RED,22261,21121
IR,RED,22259,21107
IR,RED,22248,21104
IR,RED,22255,21114
IR,RED,22257,21105
IR,RED,22263,21109
IR,RED,22258,21096
IR,RED,22269,21107
IR,RED,22265,21109
IR,RED,22261,21102
IR,RED,22264,21112
IR,RED,22262,21111
IR,RED,22270,21106
IR,RED,22254,21109
IR,RED,22253,21114
IR,RED,22262,21110
IR,RED,22266,21103
IR,RED,22265,21110
IR,RED,22273,21109
IR,RED,22259,21112
IR,RED,22263,21103
IR,RED,22265,21104
IR,RED,22260,21111
IR,RED,22261,21107
IR,RED,22254,21107
IR,RED,22258,21118
IR,RED,22271,21106
IR,RED,22261,21105
IR,RED,22267,21109
IR,RED,22263,21109
IR,RED,22264,21110
IR,RED,22267,21114
IR,RED,22266,21121
IR,RED,22257,21116
IR,RED,22259,21114
IR,RED,22252,21110
IR,RED,22261,21108
IR,RED,22258,21118
IR,RED,22264,21118
IR,RED,22261,21115
IR,RED,22259,21117
IR,RED,22261,21120
IR,RED,22262,21115
IR,RED,22255,21113
IR,RED,22260,21111
IR,RED,22264,21116
IR,RED,22257,21100
IR,RED,22249,21093
IR,RED,22266,21095
IR,RED,22260,21091
IR,RED,22255,21100
IR,RED,22256,21087
IR,RED,22260,21088
IR,RED,22264,21087
IR,RED,22247,21080
IR,RED,22249,21082
IR,RED,22247,21084
IR,RED,22246,21085
IR,RED,22245,21089
IR,RED,22236,21075
IR,RED,22240,21080
IR,RED,22243,21074
IR,RED,22236,21071
IR,RED,22236,21069
IR,RED,22245,21076
IR,RED,22237,21068
IR,RED,22231,21067
IR,RED,22233,21065
IR,RED,22229,21063
IR,RED,22232,21075
IR,RED,22232,21065
IR,RED,22233,21062
IR,RED,22231,21075
IR,RED,22221,21068
IR,RED,22227,21068
IR,RED,22229,21068
IR,RED,22227,21071
IR,RED,22228,21073
IR,RED,22227,21052
IR,RED,22221,21063
IR,RED,22233,21064
IR,RED,22227,21060
IR,RED,22230,21066
IR,RED,22226,21049
IR,RED,22229,21061
IR,RED,22223,21059
IR,RED,22233,21058
IR,RED,22218,21059
IR,RED,22221,21064
IR,RED,22228,21062
IR,RED,22230,21062
IR,RED,22226,21060
IR,RED,22223,21067
IR,RED,22233,21063
IR,RED,22234,21063
IR,RED,22231,21062
IR,RED,22240,21067
IR,RED,22238,21061
IR,RED,22229,21065
IR,RED,22250,21059
IR,RED,22240,21060
IR,RED,22233,21067
IR,RED,22225,21060
IR,RED,22233,21063
IR,RED,22233,21059
IR,RED,22234,21058
IR,RED,22232,21063
IR,RED,22228,21074
IR,RED,22234,21063
IR,RED,22230,21061
IR,RED,22237,21061
IR,RED,22238,21065
IR,RED,22237,21063
IR,RED,22228,21049
IR,RED,22236,21051
IR,RED,22238,21052
IR,RED,22223,21046
IR,RED,22224,21045
IR,RED,22220,21042
IR,RED,22213,21036
IR,RED,22213,21031
IR,RED,22214,21037
IR,RED,22218,21032
IR,RED,22220,21032
IR,RED,22217,21039
IR,RED,22210,21036
IR,RED,22213,21028
IR,RED,22208,21029
IR,RED,22211,21023
IR,RED,22216,21020
IR,RED,22214,21036
IR,RED,22204,21021
IR,RED,22214,21029
IR,RED,22204,21023
IR,RED,22208,21026
IR,RED,22203,21032
IR,RED,22202,21019
IR,RED,22205,21022
IR,RED,22203,21018
IR,RED,22205,21020
IR,RED,22197,21024
IR,RED,22211,21014
IR,RED,22210,21021
IR,RED,22201,21024
IR,RED,22202,21012
IR,RED,22214,21014
IR,RED,22204,21017
IR,RED,22216,21018
IR,RED,22205,21019
IR,RED,22215,21023
IR,RED,22209,21022
IR,RED,22209,21017
IR,RED,22208,21019
IR,RED,22209,21020
IR,RED,22208,21018
IR,RED,22200,21012
IR,RED,22212,21014
IR,RED,22213,21028
IR,RED,22206,21017
IR,RED,22199,21021
IR,RED,22202,21016
IR,RED,22204,21023
IR,RED,22213,21031
IR,RED,22218,21028
IR,RED,22214,21024
IR,RED,22215,21029
IR,RED,22206,21030
IR,RED,22213,21027
IR,RED,22216,21026
IR,RED,22219,21029
IR,RED,22213,21022
IR,RED,22214,21034
IR,RED,22214,21035
IR,RED,22222,21039
IR,RED,22203,21030
IR,RED,22215,21041
IR,RED,22216,21039
IR,RED,22207,21037
IR,RED,22221,21031
IR,RED,22209,21034
IR,RED,22208,21023
IR,RED,22206,21028
IR,RED,22215,21031
IR,RED,22214,21027
IR,RED,22201,21024
IR,RED,22199,21021
IR,RED,22202,21022
IR,RED,22197,21012
IR,RED,22204,21009
IR,RED,22195,21013
IR,RED,22200,21014
IR,RED,22200,21006
IR,RED,22196,21004
IR,RED,22196,21012
IR,RED,22188,21008
IR,RED,22191,20993
IR,RED,22199,20999
IR,RED,22193,21002
IR,RED,22188,20998
IR,RED,22198,20993
IR,RED,22186,21007
IR,RED,22186,21002
IR,RED,22193,21008
IR,RED,22190,21005
IR,RED,22190,21004
IR,RED,22186,21004
IR,RED,22188,20999
IR,RED,22184,20995
IR,RED,22189,20997
IR,RED,22202,20997
IR,RED,22195,20995
IR,RED,22193,21006
IR,RED,22183,21001
IR,RED,22192,21000
IR,RED,22191,20997
IR,RED,22187,21000
IR,RED,22195,20994
IR,RED,22191,20990
IR,RED,22191,20996
IR,RED,22190,21008
IR,RED,22186,20992
IR,RED,22202,20993
IR,RED,22203,20996
IR,RED,22196,20994
IR,RED,22199,20999
IR,RED,22193,21004
IR,RED,22187,21001
IR,RED,22182,21002
IR,RED,22191,20990
IR,RED,22181,20996
IR,RED,22193,20994
IR,RED,22200,20985
IR,RED,22196,20995
IR,RED,22194,20994
IR,RED,22189,20997
IR,RED,22186,21015
IR,RED,22186,21009
IR,RED,22197,20998
IR,RED,22192,21008
IR,RED,22194,21000
IR,RED,22187,21008
IR,RED,22190,21000
IR,RED,22184,21002
IR,RED,22191,21008
IR,RED,22182,21004
IR,RED,22194,21000
IR,RED,22186,21006
IR,RED,22199,20996
IR,RED,22183,21001
IR,RED,22181,20998
IR,RED,22190,21000
IR,RED,22186,20998
IR,RED,22192,20991
IR,RED,22182,20987
IR,RED,22194,20986
IR,RED,22186,20988
IR,RED,22183,20981
IR,RED,22181,20975
IR,RED,22175,20973
IR,RED,22175,20970
IR,RED,22177,20976
IR,RED,22169,20975
IR,RED,22172,20972
IR,RED,22169,20967
IR,RED,22179,20971
IR,RED,22172,20971
IR,RED,22173,20961
IR,RED,22172,20960
IR,RED,22168,20959
IR,RED,22167,20961
IR,RED,22172,20976
IR,RED,22154,20963
IR,RED,22163,20966
IR,RED,22160,20962
IR,RED,22161,20964
IR,RED,22159,20960
IR,RED,22159,20961
IR,RED,22160,20958
IR,RED,22161,20947
IR,RED,22158,20963
IR,RED,22155,20955
IR,RED,22159,20960
IR,RED,22150,20963
IR,RED,22157,20954
IR,RED,22155,20969
IR,RED,22157,20961
IR,RED,22159,20959
IR,RED,22158,20958
IR,RED,22154,20961
IR,RED,22150,20957
IR,RED,22156,20949
IR,RED,22152,20956
IR,RED,22164,20952
IR,RED,22165,20952
IR,RED,22173,20967
IR,RED,22166,20965
IR,RED,22164,20963
IR,RED,22161,20964
IR,RED,22162,20969
IR,RED,22160,20969
IR,RED,22164,20967
IR,RED,22163,20962
IR,RED,22168,20965
IR,RED,22170,20978
IR,RED,22170,20960
IR,RED,22167,20971
IR,RED,22166,20974
IR,RED,22162,20964
IR,RED,22174,20971
IR,RED,22171,20964
IR,RED,22176,20968
IR,RED,22166,20974
IR,RED,22173,20959
IR,RED,22167,20978
IR,RED,22162,20968
IR,RED,22164,20972
IR,RED,22162,20961
IR,RED,22164,20958
IR,RED,22158,20965
IR,RED,22158,20973
IR,RED,22165,20969
IR,RED,22162,20953
IR,RED,22168,20961
IR,RED,22166,20958
IR,RED,22160,20951
IR,RED,22159,20946
IR,RED,22161,20938
IR,RED,22163,20948
IR,RED,22156,20938
IR,RED,22159,20947
IR,RED,22151,20935
IR,RED,22153,20936
IR,RED,22147,20935
IR,RED,22153,20929
IR,RED,22153,20933
IR,RED,22159,20940
IR,RED,22141,20934
IR,RED,22146,20931
IR,RED,22142,20925
IR,RED,22133,20919
IR,RED,22140,20924
IR,RED,22137,20917
IR,RED,22127,20913
IR,RED,22129,20918
IR,RED,22134,20922
IR,RED,22127,20915
IR,RED,22134,20919
IR,RED,22134,20916
IR,RED,22141,20909
IR,RED,22133,20916
IR,RED,22129,20905
IR,RED,22130,20911
IR,RED,22122,20909
IR,RED,22125,20911
IR,RED,22136,20905
IR,RED,22139,20921
IR,RED,22129,20912
IR,RED,22131,20913
IR,RED,22129,20907
IR,RED,22142,20920
IR,RED,22140,20914
IR,RED,22136,20914
IR,RED,22133,20899
IR,RED,22143,20919
IR,RED,22136,20911
IR,RED,22137,20915
IR,RED,22139,20913
IR,RED,22132,20910
IR,RED,22134,20906
IR,RED,22135,20917
IR,RED,22135,20919
IR,RED,22132,20909
IR,RED,22127,20919
IR,RED,22138,20918
IR,RED,22130,20928
IR,RED,22131,20909
IR,RED,22130,20910
IR,RED,22149,20919
IR,RED,22131,20928
IR,RED,22133,20908
IR,RED,22122,20917
IR,RED,22130,20916
IR,RED,22127,20918
IR,RED,22135,20918
IR,RED,22144,20909
IR,RED,22140,20913
IR,RED,22130,20921
IR,RED,22142,20910
IR,RED,22132,20913
IR,RED,22138,20921
IR,RED,22138,20920
IR,RED,22139,20918
IR,RED,22145,20907
IR,RED,22160,20908
IR,RED,22145,20902
IR,RED,22143,20908
IR,RED,22137,20912
IR,RED,22133,20895
IR,RED,22129,20894
IR,RED,22129,20898
IR,RED,22133,20890
IR,RED,22122,20889
IR,RED,22119,20887
IR,RED,22118,20892
IR,RED,22121,20880
IR,RED,22120,20878
IR,RED,22110,20883
IR,RED,22126,20879
IR,RED,22111,20888
IR,RED,22120,20889
IR,RED,22115,20878
IR,RED,22115,20889
IR,RED,22131,20876
IR,RED,22115,20879
IR,RED,22111,20873
IR,RED,22121,20880
IR,RED,22116,20873
IR,RED,22113,20879
IR,RED,22123,20879
IR,RED,22114,20883
IR,RED,22126,20878
IR,RED,22117,20874
IR,RED,22121,20877
IR,RED,22121,20890
IR,RED,22117,20877
IR,RED,22117,20881
IR,RED,22126,20880
IR,RED,22122,20875
IR,RED,22123,20881
IR,RED,22115,20876
IR,RED,22128,20884
IR,RED,22117,20871
IR,RED,22125,20887
IR,RED,22125,20885
IR,RED,22125,20895
IR,RED,22121,20877
IR,RED,22120,20884
IR,RED,22114,20885
IR,RED,22115,20888
IR,RED,22121,20885
IR,RED,22114,20887
IR,RED,22117,20890
IR,RED,22114,20877
IR,RED,22113,20885
IR,RED,22124,20897
IR,RED,22118,20887
IR,RED,22130,20887
IR,RED,22116,20886
IR,RED,22123,20901
IR,RED,22111,20887
IR,RED,22120,20895
IR,RED,22124,20901
IR,RED,22108,20907
IR,RED,22127,20889
IR,RED,22115,20904
IR,RED,22114,20894
IR,RED,22117,20892
IR,RED,22111,20899
IR,RED,22123,20897
IR,RED,22126,20897
IR,RED,22121,20894
IR,RED,22119,20890
IR,RED,22125,20875
IR,RED,22111,20890
IR,RED,22119,20882
IR,RED,22110,20878
IR,RED,22118,20887
IR,RED,22129,20870
IR,RED,22108,20866
IR,RED,22114,20875
IR,RED,22117,20862
IR,RED,22103,20868
IR,RED,22102,20864
IR,RED,22098,20864
IR,RED,22096,20861
IR,RED,22103,20854
IR,RED,22090,20857
IR,RED,22097,20854
IR,RED,22100,20858
IR,RED,22098,20856
IR,RED,22096,20850
IR,RED,22099,20846
IR,RED,22099,20846
IR,RED,22090,20849
IR,RED,22093,20836
IR,RED,22089,20847
IR,RED,22082,20852
IR,RED,22090,20857
IR,RED,22108,20847
IR,RED,22079,20849
IR,RED,22090,20845
IR,RED,22093,20854
IR,RED,22088,20844
IR,RED,22086,20857
IR,RED,22079,20855
IR,RED,22076,20850
IR,RED,22086,20863
IR,RED,22085,20853
IR,RED,22088,20851
IR,RED,22086,20846
IR,RED,22075,20854
IR,RED,22084,20856
IR,RED,22080,20845
IR,RED,22096,20846
IR,RED,22088,20852
IR,RED,22088,20858
IR,RED,22085,20850
IR,RED,22082,20855
IR,RED,22087,20856
IR,RED,22092,20847
IR,RED,22076,20845
IR,RED,22081,20848
IR,RED,22075,20857
IR,RED,22085,20853
IR,RED,22085,20851
IR,RED,22078,20853
IR,RED,22085,20846
IR,RED,22089,20853
IR,RED,22082,20844
IR,RED,22083,20848
IR,RED,22092,20856
IR,RED,22094,20849
IR,RED,22076,20860
IR,RED,22081,20854
IR,RED,22074,20844
IR,RED,22075,20860
IR,RED,22078,20858
IR,RED,22073,20851
IR,RED,22077,20857
IR,RED,22071,20846
IR,RED,22065,20849
IR,RED,22087,20853
IR,RED,22084,20852
IR,RED,22081,20844
IR,RED,22086,20848
IR,RED,22088,20844
IR,RED,22081,20851
IR,RED,22081,20851
IR,RED,22070,20843
IR,RED,22078,20840
IR,RED,22075,20836
IR,RED,22075,20822
IR,RED,22088,20822
IR,RED,22060,20812
IR,RED,22067,20814
IR,RED,22072,20814
IR,RED,22058,20817
IR,RED,22059,20814
IR,RED,22056,20805
IR,RED,22048,20807
IR,RED,22049,20807
IR,RED,22043,20810
IR,RED,22054,20799
IR,RED,22053,20819
IR,RED,22058,20814
IR,RED,22052,20803
IR,RED,22044,20797
IR,RED,22038,20801
IR,RED,22036,20793
IR,RED,22041,20804
IR,RED,22038,20791
IR,RED,22042,20796
IR,RED,22046,20802
IR,RED,22042,20788
IR,RED,22039,20787
IR,RED,22031,20791
IR,RED,22037,20798
IR,RED,22031,20790
IR,RED,22035,20787
IR,RED,22034,20789
IR,RED,22035,20782
IR,RED,22030,20791
IR,RED,22046,20789
IR,RED,22031,20784
IR,RED,22036,20794
IR,RED,22039,20797
IR,RED,22038,20787
IR,RED,22038,20779
IR,RED,22032,20792
IR,RED,22039,20792
IR,RED,22039,20787
IR,RED,22021,20782
IR,RED,22030,20792
IR,RED,22025,20783
IR,RED,22031,20793
IR,RED,22030,20783
IR,RED,22036,20789
IR,RED,22038,20794
IR,RED,22032,20796
IR,RED,22037,20793
IR,RED,22035,20798
IR,RED,22043,20795
IR,RED,22034,20799
IR,RED,22041,20783
IR,RED,22037,20804
IR,RED,22039,20800
IR,RED,22035,20794
IR,RED,22041,20795
IR,RED,22040,20790
IR,RED,22056,20795
IR,RED,22035,20805
IR,RED,22043,20799
IR,RED,22045,20807
IR,RED,22037,20800
IR,RED,22036,20800
IR,RED,22041,20791
IR,RED,22041,20796
IR,RED,22052,20801
IR,RED,22039,20779
IR,RED,22042,20776
IR,RED,22036,20780
IR,RED,22037,20771
IR,RED,22032,20772
IR,RED,22030,20770
IR,RED,22029,20770
IR,RED,22028,20770
IR,RED,22037,20768
IR,RED,22027,20764
IR,RED,22031,20753
IR,RED,22024,20757
IR,RED,22027,20757
IR,RED,22024,20760
IR,RED,22036,20752
IR,RED,22028,20762
IR,RED,22029,20759
IR,RED,22025,20770
IR,RED,22027,20760
IR,RED,22015,20752
IR,RED,22023,20752
IR,RED,22012,20750
IR,RED,22012,20745
IR,RED,22004,20754
IR,RED,22013,20736
IR,RED,22005,20753
IR,RED,22013,20737
IR,RED,22005,20742
IR,RED,21999,20746
IR,RED,22003,20736
IR,RED,21995,20738
IR,RED,21993,20754
IR,RED,21997,20740
IR,RED,21997,20739
IR,RED,21993,20741
IR,RED,22001,20743
IR,RED,21999,20749
IR,RED,21992,20742
IR,RED,21996,20735
IR,RED,22002,20742
IR,RED,22004,20749
IR,RED,22001,20733
IR,RED,22007,20744
IR,RED,21995,20748
IR,RED,22003,20748
IR,RED,21996,20751
IR,RED,22002,20755
IR,RED,22000,20740
IR,RED,22002,20742
IR,RED,22013,20756
IR,RED,22015,20755
IR,RED,22014,20761
IR,RED,22005,20744
IR,RED,22010,20746
IR,RED,22012,20755
IR,RED,22011,20751
IR,RED,21994,20746
IR,RED,22012,20753
IR,RED,22012,20754
IR,RED,22007,20760
IR,RED,21993,20754
IR,RED,22007,20752
IR,RED,21999,20748
IR,RED,21999,20759
IR,RED,22001,20753
IR,RED,22006,20749
IR,RED,22002,20758
IR,RED,21997,20755
IR,RED,22007,20752
IR,RED,22010,20753
IR,RED,22010,20749
IR,RED,22014,20748
IR,RED,22005,20741
IR,RED,21992,20740
IR,RED,21984,20742
IR,RED,21992,20745
IR,RED,21993,20741
IR,RED,21995,20734
IR,RED,21985,20729
IR,RED,21996,20724
IR,RED,21977,20734
IR,RED,21988,20733
IR,RED,21980,20727
IR,RED,21975,20720
IR,RED,21980,20714
IR,RED,21981,20716
IR,RED,21979,20706
IR,RED,21978,20713
IR,RED,21965,20709
IR,RED,21975,20715
IR,RED,21979,20708
IR,RED,21973,20709
IR,RED,21973,20710
IR,RED,21983,20704
IR,RED,21970,20706
IR,RED,21985,20698
IR,RED,21973,20710
IR,RED,21975,20699
IR,RED,21974,20706
IR,RED,21967,20704
IR,RED,21973,20714
IR,RED,21965,20704
IR,RED,21966,20703
IR,RED,21961,20699
IR,RED,21971,20703
IR,RED,21973,20703
IR,RED,21965,20694
IR,RED,21968,20702
IR,RED,21970,20706
IR,RED,21968,20709
IR,RED,21966,20706
IR,RED,21963,20696
IR,RED,21973,20697
IR,RED,21970,20703
IR,RED,21973,20696
IR,RED,21962,20691
IR,RED,21966,20700
IR,RED,21965,20701
IR,RED,21973,20694
IR,RED,21963,20692
IR,RED,21965,20698
IR,RED,21965,20696
IR,RED,21956,20699
IR,RED,21954,20694
IR,RED,21975,20697
IR,RED,21961,20697
IR,RED,21958,20699
IR,RED,21958,20700
IR,RED,21956,20693
IR,RED,21953,20685
IR,RED,21943,20693
IR,RED,21949,20697
IR,RED,21958,20698
IR,RED,21950,20701
IR,RED,21953,20694
IR,RED,21956,20691
IR,RED,21946,20690
IR,RED,21954,20697
IR,RED,21962,20688
IR,RED,21959,20696
IR,RED,21962,20701
IR,RED,21973,20695
IR,RED,21962,20692
IR,RED,21965,20687
IR,RED,21967,20689
IR,RED,21957,20679
IR,RED,21960,20688
IR,RED,21958,20670
IR,RED,21959,20677
IR,RED,21956,20676
IR,RED,21951,20674
IR,RED,21945,20670
IR,RED,21955,20670
IR,RED,21946,20670
IR,RED,21950,20661
IR,RED,21946,20665
IR,RED,21943,20661
IR,RED,21941,20668
IR,RED,21948,20666
IR,RED,21954,20649
IR,RED,21942,20655
IR,RED,21951,20663
IR,RED,21932,20658
IR,RED,21937,20649
IR,RED,21941,20654
IR,RED,21938,20655
IR,RED,21934,20649
IR,RED,21929,20652
IR,RED,21943,20647
IR,RED,21938,20648
IR,RED,21929,20648
IR,RED,21945,20643
IR,RED,21940,20646
IR,RED,21927,20651
IR,RED,21934,20641
IR,RED,21940,20645
IR,RED,21943,20639
IR,RED,21939,20658
IR,RED,21939,20648
IR,RED,21938,20653
IR,RED,21944,20662
IR,RED,21935,20652
IR,RED,21946,20655
IR,RED,21931,20650
IR,RED,21936,20650
IR,RED,21935,20650
IR,RED,21929,20650
IR,RED,21933,20647
IR,RED,21943,20650
IR,RED,21940,20644
IR,RED,21937,20659
IR,RED,21927,20657
IR,RED,21931,20654
IR,RED,21935,20652
IR,RED,21923,20654
IR,RED,21936,20658
IR,RED,21928,20654
IR,RED,21940,20652
IR,RED,21936,20649
IR,RED,21939,20652
IR,RED,21932,20650
IR,RED,21944,20657
IR,RED,21938,20651
IR,RED,21940,20650
IR,RED,21935,20649
IR,RED,21935,20649
IR,RED,21935,20655
IR,RED,21933,20659
IR,RED,21936,20650
IR,RED,21938,20649
IR,RED,21949,20643
IR,RED,21945,20650
IR,RED,21932,20644
IR,RED,21945,20641
IR,RED,21941,20641
IR,RED,21940,20636
IR,RED,21935,20637
IR,RED,21941,20633
IR,RED,21918,20628
IR,RED,21922,20621
IR,RED,21914,20631
IR,RED,21916,20623
IR,RED,21915,20612
IR,RED,21931,20621
IR,RED,21920,20619
IR,RED,21909,20609
IR,RED,21921,20620
IR,RED,21927,20612
IR,RED,21921,20621
IR,RED,21918,20614
IR,RED,21920,20615
IR,RED,21916,20615
IR,RED,21912,20622
IR,RED,21907,20619
IR,RED,21915,20611
IR,RED,21917,20616
IR,RED,21918,20610
IR,RED,21910,20608
IR,RED,21904,20608
IR,RED,21914,20619
IR,RED,21912,20615
IR,RED,21917,20611
IR,RED,21918,20608
IR,RED,21907,20611
IR,RED,21903,20610
IR,RED,21903,20611
IR,RED,21913,20606
IR,RED,21913,20611
IR,RED,21919,20605
IR,RED,21913,20608
IR,RED,21911,20609
IR,RED,21909,20616
IR,RED,21919,20607
IR,RED,21909,20613
IR,RED,21910,20621
IR,RED,21907,20626
IR,RED,21900,20618
IR,RED,21907,20619
IR,RED,21914,20613
IR,RED,21908,20610
IR,RED,21907,20609
IR,RED,21900,20620
IR,RED,21913,20619
IR,RED,21905,20613
IR,RED,21913,20616
IR,RED,21912,20625
IR,RED,21917,20620
IR,RED,21907,20630
IR,RED,21908,20632
IR,RED,21915,20624
IR,RED,21911,20617
IR,RED,21909,20620
IR,RED,21909,20626
IR,RED,21918,20620
IR,RED,21916,20622
IR,RED,21918,20638
IR,RED,21923,20630
IR,RED,21921,20636
IR,RED,21914,20633
IR,RED,21920,20630
IR,RED,21917,20616
IR,RED,21910,20617
IR,RED,21916,20607
IR,RED,21910,20608
IR,RED,21905,20609
IR,RED,21904,20605
IR,RED,21907,20600
IR,RED,21914,20595
IR,RED,21907,20607
IR,RED,21909,20599
IR,RED,21897,20604
IR,RED,21895,20598
IR,RED,21894,20588
IR,RED,21887,20589
IR,RED,21897,20590
IR,RED,21907,20583
IR,RED,21887,20590
IR,RED,21892,20591
IR,RED,21895,20592
IR,RED,21906,20587
IR,RED,21898,20581
IR,RED,21895,20583
IR,RED,21895,20577
IR,RED,21892,20584
IR,RED,21889,20579
IR,RED,21891,20590
IR,RED,21887,20577
IR,RED,21889,20583
IR,RED,21883,20574
IR,RED,21887,20582
IR,RED,21889,20582
IR,RED,21895,20586
IR,RED,21896,20588
IR,RED,21897,20586
IR,RED,21891,20592
IR,RED,21894,20588
IR,RED,21898,20584
IR,RED,21885,20588
IR,RED,21903,20584
IR,RED,21902,20595
IR,RED,21910,20588
IR,RED,21895,20578
IR,RED,21899,20587
IR,RED,21895,20591
IR,RED,21904,20593
IR,RED,21904,20591
IR,RED,21894,20593
IR,RED,21902,20594
IR,RED,21911,20589
IR,RED,21900,20592
IR,RED,21899,20590
IR,RED,21899,20582
IR,RED,21904,20586
IR,RED,21891,20591
IR,RED,21895,20587
IR,RED,21887,20585
IR,RED,21887,20598
IR,RED,21893,20595
IR,RED,21891,20591
IR,RED,21888,20591
IR,RED,21895,20586
IR,RED,21889,20596
IR,RED,21891,20598
IR,RED,21896,20591
IR,RED,21885,20591
IR,RED,21888,20592
IR,RED,21885,20589
IR,RED,21894,20586
IR,RED,21883,20588
IR,RED,21885,20591
IR,RED,21884,20579
IR,RED,21879,20576
IR,RED,21875,20580
IR,RED,21874,20572
IR,RED,21877,20581
IR,RED,21874,20570
IR,RED,21862,20572
IR,RED,21869,20557
IR,RED,21856,20562
IR,RED,21864,20552
IR,RED,21869,20554
IR,RED,21867,20556
IR,RED,21863,20565
IR,RED,21863,20553
IR,RED,21863,20555
IR,RED,21861,20548
IR,RED,21854,20550
IR,RED,21858,20536
IR,RED,21856,20538
IR,RED,21854,20531
IR,RED,21857,20550
IR,RED,21854,20539
IR,RED,21854,20545
IR,RED,21863,20545
IR,RED,21863,20545
IR,RED,21867,20527
IR,RED,21855,20544
IR,RED,21862,20544
IR,RED,21857,20549
IR,RED,21851,20540
IR,RED,21856,20549
IR,RED,21852,20538
IR,RED,21851,20551
IR,RED,21856,20538
IR,RED,21861,20549
IR,RED,21855,20526
IR,RED,21860,20530
IR,RED,21857,20535
IR,RED,21849,20529
IR,RED,21869,20542
IR,RED,21853,20542
IR,RED,21856,20538
IR,RED,21850,20539
IR,RED,21850,20542
IR,RED,21851,20532
IR,RED,21845,20531
IR,RED,21859,20534
IR,RED,21853,20537
IR,RED,21855,20534
IR,RED,21859,20543
IR,RED,21852,20539
IR,RED,21863,20533
IR,RED,21867,20534
IR,RED,21852,20542
IR,RED,21843,20538
IR,RED,21848,20533
IR,RED,21862,20537
IR,RED,21856,20539
IR,RED,21858,20533
IR,RED,21851,20538
IR,RED,21855,20540
IR,RED,21857,20541
IR,RED,21850,20536
IR,RED,21859,20544
IR,RED,21859,20546
IR,RED,21864,20544
IR,RED,21863,20531
IR,RED,21858,20533
IR,RED,21853,20520
IR,RED,21854,20531
IR,RED,21846,20517
IR,RED,21846,20510
IR,RED,21862,20520
IR,RED,21846,20519
IR,RED,21833,20499
IR,RED,21851,20511
IR,RED,21834,20515
IR,RED,21832,20518
IR,RED,21841,20507
IR,RED,21830,20504
IR,RED,21831,20497
IR,RED,21831,20503
IR,RED,21825,20494
IR,RED,21819,20505
IR,RED,21829,20492
IR,RED,21819,20482
IR,RED,21817,20485
IR,RED,21818,20486
IR,RED,21827,20485
IR,RED,21805,20478
IR,RED,21805,20482
IR,RED,21821,20480
IR,RED,21816,20485
IR,RED,21813,20476
IR,RED,21809,20480
IR,RED,21811,20481
IR,RED,21813,20475
IR,RED,21813,20482
IR,RED,21812,20470
IR,RED,21811,20472
IR,RED,21802,20480
IR,RED,21808,20470
IR,RED,21812,20474
IR,RED,21811,20465
IR,RED,21805,20476
IR,RED,21814,20472
IR,RED,21823,20474
IR,RED,21820,20472
IR,RED,21812,20463
IR,RED,21815,20464
IR,RED,21819,20463
IR,RED,21816,20479
IR,RED,21817,20473
IR,RED,21818,20473
IR,RED,21823,20475
IR,RED,21819,20478
IR,RED,21817,20463
IR,RED,21813,20470
IR,RED,21818,20474
IR,RED,21827,20460
IR,RED,21828,20480
IR,RED,21826,20483
IR,RED,21828,20474
IR,RED,21814,20480
IR,RED,21817,20478
IR,RED,21807,20478
IR,RED,21801,20469
IR,RED,21806,20469
IR,RED,21806,20477
IR,RED,21802,20462
IR,RED,21808,20474
IR,RED,21802,20472
IR,RED,21810,20468
IR,RED,21814,20470
IR,RED,21810,20463
IR,RED,21815,20458
IR,RED,21813,20455
IR,RED,21810,20455
IR,RED,21806,20442
IR,RED,21805,20448
IR,RED,21802,20440
IR,RED,21800,20450
IR,RED,21800,20451
IR,RED,21795,20446
IR,RED,21806,20432
IR,RED,21791,20437
IR,RED,21801,20438
IR,RED,21810,20435
IR,RED,21793,20435
IR,RED,21791,20429
IR,RED,21800,20436
IR,RED,21801,20439
IR,RED,21790,20433
IR,RED,21796,20428
IR,RED,21792,20432
IR,RED,21788,20420
IR,RED,21804,20427
IR,RED,21803,20427
IR,RED,21800,20420
IR,RED,21801,20418
IR,RED,21803,20421
IR,RED,21796,20429
IR,RED,21789,20431
IR,RED,21790,20424
IR,RED,21791,20423
IR,RED,21788,20426
IR,RED,21792,20424
IR,RED,21803,20414
IR,RED,21802,20430
IR,RED,21794,20427
IR,RED,21794,20420
IR,RED,21794,20416
IR,RED,21780,20428
IR,RED,21795,20436
IR,RED,21789,20432
IR,RED,21803,20419
IR,RED,21809,20428
IR,RED,21802,20427
IR,RED,21799,20438
IR,RED,21798,20433
IR,RED,21790,20429
IR,RED,21794,20427
IR,RED,21796,20431
IR,RED,21788,20432
IR,RED,21796,20439
IR,RED,21792,20443
IR,RED,21793,20438
IR,RED,21792,20442
IR,RED,21793,20443
IR,RED,21794,20449
IR,RED,21782,20429
IR,RED,21793,20445
IR,RED,21790,20433
IR,RED,21787,20443
IR,RED,21784,20441
IR,RED,21785,20439
IR,RED,21789,20433
IR,RED,21785,20450
IR,RED,21792,20446
IR,RED,21790,20447
IR,RED,21792,20455
IR,RED,21791,20451
IR,RED,21788,20448
IR,RED,21784,20445
IR,RED,21793,20448
IR,RED,21774,20441
IR,RED,21772,20442
IR,RED,21780,20436
IR,RED,21767,20437
IR,RED,21770,20439
IR,RED,21778,20423
IR,RED,21768,20420
IR,RED,21777,20421
IR,RED,21778,20414
IR,RED,21775,20413
IR,RED,21770,20416
IR,RED,21762,20411
IR,RED,21756,20414
IR,RED,21767,20410
IR,RED,21756,20403
IR,RED,21765,20400
IR,RED,21763,20396
IR,RED,21759,20406
IR,RED,21766,20398
IR,RED,21760,20393
IR,RED,21756,20386
IR,RED,21750,20392
IR,RED,21750,20401
IR,RED,21755,20390
IR,RED,21761,20387
IR,RED,21746,20386
IR,RED,21758,20381
IR,RED,21754,20379
IR,RED,21757,20382
IR,RED,21752,20395
IR,RED,21750,20383
IR,RED,21756,20389
IR,RED,21750,20383
IR,RED,21756,20389
IR,RED,21749,20385
IR,RED,21742,20386
IR,RED,21744,20384
IR,RED,21747,20383
IR,RED,21746,20378
IR,RED,21744,20386
IR,RED,21741,20377
IR,RED,21748,20380
IR,RED,21736,20384
IR,RED,21749,20384
IR,RED,21746,20373
IR,RED,21742,20375
IR,RED,21748,20363
IR,RED,21732,20376
IR,RED,21737,20364
IR,RED,21740,20381
IR,RED,21749,20372
IR,RED,21735,20373
IR,RED,21743,20370
IR,RED,21736,20382
IR,RED,21746,20377
IR,RED,21748,20376
IR,RED,21744,20377
IR,RED,21731,20379
IR,RED,21744,20375
IR,RED,21742,20370
IR,RED,21742,20375
IR,RED,21734,20368
IR,RED,21732,20375
IR,RED,21739,20379
IR,RED,21740,20377
IR,RED,21737,20371
IR,RED,21739,20372
IR,RED,21746,20379
IR,RED,21736,20370
IR,RED,21742,20376
IR,RED,21731,20382
IR,RED,21731,20372
IR,RED,21733,20378
IR,RED,21733,20373
IR,RED,21733,20372
IR,RED,21746,20358
IR,RED,21738,20354
IR,RED,21752,20369
IR,RED,21737,20362
IR,RED,21732,20360
IR,RED,21731,20355
IR,RED,21715,20366
IR,RED,21725,20345
IR,RED,21727,20350
IR,RED,21726,20347
IR,RED,21727,20347
IR,RED,21726,20350
IR,RED,21730,20352
IR,RED,21737,20343
IR,RED,21738,20348
IR,RED,21725,20357
IR,RED,21735,20348
IR,RED,21728,20346
IR,RED,21721,20344
IR,RED,21723,20340
IR,RED,21724,20350
IR,RED,21717,20352
IR,RED,21713,20339
IR,RED,21715,20342
IR,RED,21710,20336
IR,RED,21718,20335
IR,RED,21730,20332
IR,RED,21709,20336
IR,RED,21713,20338
IR,RED,21704,20340
IR,RED,21698,20328
IR,RED,21703,20332
IR,RED,21710,20337
IR,RED,21715,20331
IR,RED,21711,20331
IR,RED,21710,20336
IR,RED,21710,20340
IR,RED,21714,20342
IR,RED,21709,20326
IR,RED,21702,20336
IR,RED,21706,20328
IR,RED,21713,20331
IR,RED,21700,20332
IR,RED,21710,20332
IR,RED,21698,20341
IR,RED,21711,20346
IR,RED,21710,20353
IR,RED,21715,20350
IR,RED,21729,20341
IR,RED,21718,20347
IR,RED,21711,20339
IR,RED,21719,20357
IR,RED,21708,20347
IR,RED,21718,20353
IR,RED,21713,20361
IR,RED,21724,20363
IR,RED,21718,20362
IR,RED,21728,20359
IR,RED,21729,20371
IR,RED,21736,20365
IR,RED,21730,20365
IR,RED,21731,20376
IR,RED,21728,20357
IR,RED,21733,20368
IR,RED,21725,20374
IR,RED,21724,20372
IR,RED,21730,20378
IR,RED,21734,20383
IR,RED,21729,20381
IR,RED,21718,20372
IR,RED,21723,20371
IR,RED,21727,20367
IR,RED,21712,20354
IR,RED,21715,20350
IR,RED,21720,20344
IR,RED,21736,20353
IR,RED,21706,20349
IR,RED,21708,20357
IR,RED,21707,20339
IR,RED,21706,20338
IR,RED,21703,20339
IR,RED,21711,20342
IR,RED,21702,20336
IR,RED,21705,20329
IR,RED,21697,20340
IR,RED,21706,20335
IR,RED,21706,20340
IR,RED,21697,20335
IR,RED,21699,20324
IR,RED,21700,20348
IR,RED,21695,20323
IR,RED,21697,20338
IR,RED,21701,20332
IR,RED,21692,20336
IR,RED,21698,20340
IR,RED,21692,20339
IR,RED,21700,20322
IR,RED,21699,20339
IR,RED,21703,20338
IR,RED,21708,20337
IR,RED,21718,20338
IR,RED,21700,20342
IR,RED,21704,20338
IR,RED,21702,20338
IR,RED,21703,20338
IR,RED,21696,20336
IR,RED,21703,20352
IR,RED,21698,20342
IR,RED,21700,20344
IR,RED,21700,20332
IR,RED,21701,20338
IR,RED,21701,20340
IR,RED,21701,20353
IR,RED,21702,20348
IR,RED,21701,20333
IR,RED,21699,20349
IR,RED,21704,20344
IR,RED,21701,20348
IR,RED,21704,20347
IR,RED,21702,20342
IR,RED,21702,20340
IR,RED,21694,20343
IR,RED,21696,20344
IR,RED,21694,20345
IR,RED,21707,20343
IR,RED,21699,20348
IR,RED,21707,20354
IR,RED,21694,20342
IR,RED,21707,20353
IR,RED,21699,20348
IR,RED,21704,20354
IR,RED,21698,20345
IR,RED,21698,20349
IR,RED,21701,20357
IR,RED,21699,20354
IR,RED,21698,20346
IR,RED,21712,20354
IR,RED,21698,20356
IR,RED,21702,20360
IR,RED,21709,20353
IR,RED,21706,20352
IR,RED,21710,20358
IR,RED,21698,20367
IR,RED,21704,20361
IR,RED,21694,20347
IR,RED,21695,20333
IR,RED,21701,20338
IR,RED,21693,20317
IR,RED,21691,20331
IR,RED,21690,20331
IR,RED,21687,20322
IR,RED,21685,20323
IR,RED,21677,20314
IR,RED,21670,20324
IR,RED,21672,20312
IR,RED,21668,20311
IR,RED,21671,20310
IR,RED,21673,20314
IR,RED,21678,20319
IR,RED,21665,20324
IR,RED,21672,20317
IR,RED,21675,20318
IR,RED,21679,20314
IR,RED,21668,20313
IR,RED,21674,20312
IR,RED,21674,20316
IR,RED,21675,20317
IR,RED,21670,20322
IR,RED,21682,20306
IR,RED,21674,20321
IR,RED,21671,20303
IR,RED,21672,20319
IR,RED,21677,20316
IR,RED,21674,20311
IR,RED,21683,20305
IR,RED,21674,20316
IR,RED,21665,20308
IR,RED,21667,20313
IR,RED,21670,20298
IR,RED,21668,20313
IR,RED,21670,20310
IR,RED,21687,20307
IR,RED,21670,20311
IR,RED,21674,20310
IR,RED,21673,20321
IR,RED,21673,20318
IR,RED,21679,20315
IR,RED,21670,20321
IR,RED,21672,20309
IR,RED,21681,20316
IR,RED,21663,20307
IR,RED,21667,20315
IR,RED,21669,20305
IR,RED,21673,20310
IR,RED,21663,20317
IR,RED,21674,20312
IR,RED,21669,20312
IR,RED,21673,20317
IR,RED,21670,20318
IR,RED,21679,20326
IR,RED,21679,20345
IR,RED,21669,20321
IR,RED,21681,20321
IR,RED,21669,20319
IR,RED,21677,20329
IR,RED,21687,20327
IR,RED,21681,20328
IR,RED,21684,20338
IR,RED,21675,20333
IR,RED,21673,20323
IR,RED,21685,20330
IR,RED,21686,20334
IR,RED,21686,20338
IR,RED,21697,20333
IR,RED,21683,20322
IR,RED,21694,20335
IR,RED,21686,20322
IR,RED,21680,20324
IR,RED,21675,20322
IR,RED,21678,20308
IR,RED,21682,20308
IR,RED,21682,20314
IR,RED,21663,20299
IR,RED,21667,20298
IR,RED,21661,20326
IR,RED,21674,20300
IR,RED,21666,20302
IR,RED,21667,20304
IR,RED,21675,20296
IR,RED,21669,20297
IR,RED,21657,20296
IR,RED,21660,20312
IR,RED,21658,20290
IR,RED,21656,20297
IR,RED,21662,20295
IR,RED,21656,20287
IR,RED,21667,20286
IR,RED,21658,20285
IR,RED,21653,20291
IR,RED,21653,20290
IR,RED,21652,20290
IR,RED,21645,20300
IR,RED,21646,20299
IR,RED,21657,20289
IR,RED,21650,20295
IR,RED,21656,20298
IR,RED,21661,20303
IR,RED,21648,20287
IR,RED,21660,20289
IR,RED,21652,20296
IR,RED,21647,20282
IR,RED,21650,20291
IR,RED,21639,20291
IR,RED,21639,20290
IR,RED,21653,20286
IR,RED,21663,20286
IR,RED,21649,20297
IR,RED,21653,20295
IR,RED,21660,20290
IR,RED,21658,20293
IR,RED,21658,20291
IR,RED,21654,20290
IR,RED,21637,20292
IR,RED,21648,20291
IR,RED,21643,20297
IR,RED,21653,20300
IR,RED,21651,20300
IR,RED,21646,20298
IR,RED,21643,20301
IR,RED,21661,20298
IR,RED,21650,20304
IR,RED,21654,20302
IR,RED,21655,20316
IR,RED,21649,20308
IR,RED,21652,20296
IR,RED,21653,20302
IR,RED,21638,20305
IR,RED,21651,20305
IR,RED,21655,20307
IR,RED,21659,20320
IR,RED,21652,20318
IR,RED,21656,20309
IR,RED,21648,20317
IR,RED,21654,20312
IR,RED,21661,20322
IR,RED,21665,20313
IR,RED,21656,20314
IR,RED,21667,20318
IR,RED,21658,20305
IR,RED,21657,20300
IR,RED,21654,20303
IR,RED,21657,20311
IR,RED,21650,20304
IR,RED,21655,20299
IR,RED,21664,20301
IR,RED,21648,20303
IR,RED,21659,20299
IR,RED,21654,20296
IR,RED,21656,20291
IR,RED,21659,20291
IR,RED,21657,20292
IR,RED,21653,20294
IR,RED,21656,20286
IR,RED,21652,20302
IR,RED,21645,20281
IR,RED,21639,20281
IR,RED,21644,20284
IR,RED,21642,20279
IR,RED,21643,20283
IR,RED,21649,20280
IR,RED,21657,20282
IR,RED,21643,20282
IR,RED,21638,20283
IR,RED,21646,20293
IR,RED,21646,20282
IR,RED,21638,20270
IR,RED,21636,20278
IR,RED,21639,20280
IR,RED,21637,20271
IR,RED,21651,20275
IR,RED,21649,20278
IR,RED,21633,20279
IR,RED,21639,20280
IR,RED,21637,20274
IR,RED,21641,20276
IR,RED,21626,20274
IR,RED,21633,20285
IR,RED,21632,20293
IR,RED,21639,20266
IR,RED,21653,20292
IR,RED,21637,20284
IR,RED,21647,20288
IR,RED,21627,20290
IR,RED,21645,20288
IR,RED,21633,20292
IR,RED,21640,20284
IR,RED,21641,20285
IR,RED,21642,20294
IR,RED,21642,20282
IR,RED,21657,20294
IR,RED,21662,20295
IR,RED,21650,20293
IR,RED,21642,20293
IR,RED,21652,20293
IR,RED,21656,20296
IR,RED,21652,20290
IR,RED,21655,20298
IR,RED,21650,20296
IR,RED,21654,20296
IR,RED,21654,20301
IR,RED,21654,20299
IR,RED,21655,20308
IR,RED,21653,20308
IR,RED,21651,20299
IR,RED,21653,20307
IR,RED,21655,20310
IR,RED,21659,20305
IR,RED,21660,20308
IR,RED,21663,20308
IR,RED,21660,20307
IR,RED,21652,20302
IR,RED,21640,20297
IR,RED,21654,20289
IR,RED,21653,20283
IR,RED,21647,20295
IR,RED,21648,20276
IR,RED,21655,20289
IR,RED,21648,20285
IR,RED,21654,20289
IR,RED,21640,20283
IR,RED,21636,20276
IR,RED,21641,20269
IR,RED,21649,20271
IR,RED,21639,20267
IR,RED,21645,20264
IR,RED,21642,20273
IR,RED,21638,20268
IR,RED,21635,20269
IR,RED,21632,20270
IR,RED,21640,20267
IR,RED,21635,20261
IR,RED,21633,20262
IR,RED,21633,20275
IR,RED,21634,20262
IR,RED,21630,20266
IR,RED,21637,20261
IR,RED,21628,20265
IR,RED,21639,20261
IR,RED,21630,20266
IR,RED,21631,20253
IR,RED,21625,20272
IR,RED,21635,20265
IR,RED,21636,20256
IR,RED,21624,20253
IR,RED,21626,20259
IR,RED,21645,20258
IR,RED,21632,20256
IR,RED,21628,20255
IR,RED,21642,20263
IR,RED,21639,20264
IR,RED,21637,20266
IR,RED,21643,20260
IR,RED,21636,20267
IR,RED,21637,20263
IR,RED,21633,20253
IR,RED,21645,20253
IR,RED,21629,20259
IR,RED,21628,20259
IR,RED,21624,20264
IR,RED,21630,20249
IR,RED,21622,20248
IR,RED,21624,20251
IR,RED,21618,20247
IR,RED,21637,20260
IR,RED,21634,20268
IR,RED,21629,20259
IR,RED,21628,20257
IR,RED,21629,20264
IR,RED,21627,20247
IR,RED,21636,20262
IR,RED,21634,20256
IR,RED,21626,20254
IR,RED,21643,20270
IR,RED,21635,20262
IR,RED,21644,20265
IR,RED,21629,20255
IR,RED,21623,20265
IR,RED,21632,20258
IR,RED,21635,20252
IR,RED,21638,20245
IR,RED,21627,20245
IR,RED,21622,20241
IR,RED,21632,20245
IR,RED,21627,20237
IR,RED,21626,20240
IR,RED,21630,20240
IR,RED,21621,20245
IR,RED,21622,20226
IR,RED,21624,20243
IR,RED,21615,20232
IR,RED,21624,20228
IR,RED,21610,20228
IR,RED,21622,20235
IR,RED,21624,20233
IR,RED,21625,20225
IR,RED,21624,20226
IR,RED,21610,20237
IR,RED,21619,20226
IR,RED,21618,20226
IR,RED,21613,20222
IR,RED,21617,20214
IR,RED,21613,20220
IR,RED,21609,20224
IR,RED,21604,20221
IR,RED,21610,20220
IR,RED,21622,20231
IR,RED,21606,20222
IR,RED,21613,20221
IR,RED,21600,20223
IR,RED,21600,20211
IR,RED,21612,20221
IR,RED,21603,20219
IR,RED,21612,20234
IR,RED,21615,20225
IR,RED,21604,20219
IR,RED,21602,20230
IR,RED,21609,20221
IR,RED,21612,20220
IR,RED,21617,20227
IR,RED,21618,20224
IR,RED,21613,20233
IR,RED,21611,20225
IR,RED,21608,20225
IR,RED,21621,20229
IR,RED,21615,20230
IR,RED,21618,20227
IR,RED,21619,20229
IR,RED,21615,20233
IR,RED,21618,20234
IR,RED,21613,20226
IR,RED,21614,20232
IR,RED,21616,20226
IR,RED,21620,20234
IR,RED,21605,20241
IR,RED,21614,20237
IR,RED,21616,20248
IR,RED,21617,20233
IR,RED,21612,20239
IR,RED,21601,20241
IR,RED,21604,20223
IR,RED,21617,20245
IR,RED,21626,20234
IR,RED,21625,20248
IR,RED,21619,20241
IR,RED,21613,20239
IR,RED,21614,20232
IR,RED,21603,20239
IR,RED,21612,20225
IR,RED,21599,20219
IR,RED,21611,20220
IR,RED,21603,20205
IR,RED,21607,20213
IR,RED,21592,20207
IR,RED,21599,20215
IR,RED,21598,20207
IR,RED,21597,20201
IR,RED,21592,20210
IR,RED,21592,20204
IR,RED,21583,20211
IR,RED,21599,20208
IR,RED,21584,20201
IR,RED,21587,20209
IR,RED,21606,20206
IR,RED,21583,20214
IR,RED,21584,20200
IR,RED,21593,20199
IR,RED,21593,20200
IR,RED,21586,20205
IR,RED,21593,20203
IR,RED,21589,20202
IR,RED,21600,20209
IR,RED,21589,20203
IR,RED,21573,20200
IR,RED,21586,20213
IR,RED,21584,20197
IR,RED,21573,20196
IR,RED,21580,20199
IR,RED,21583,20195
IR,RED,21568,20193
IR,RED,21582,20195
IR,RED,21571,20196
IR,RED,21576,20214
IR,RED,21588,20199
IR,RED,21587,20203
IR,RED,21581,20195
IR,RED,21580,20194
IR,RED,21577,20194
IR,RED,21589,20205
IR,RED,21584,20202
IR,RED,21580,20201
IR,RED,21589,20203
IR,RED,21585,20210
IR,RED,21584,20196
IR,RED,21588,20211
IR,RED,21591,20205
IR,RED,21580,20212
IR,RED,21576,20222
IR,RED,21578,20215
IR,RED,21583,20215
IR,RED,21592,20218
IR,RED,21585,20217
IR,RED,21590,20204
IR,RED,21590,20220
IR,RED,21583,20212
IR,RED,21585,20219
IR,RED,21580,20223
IR,RED,21587,20220
IR,RED,21581,20213
IR,RED,21584,20206
IR,RED,21581,20225
IR,RED,21580,20219
IR,RED,21579,20209
IR,RED,21582,20213
IR,RED,21566,20196
IR,RED,21582,20209
IR,RED,21572,20196
IR,RED,21576,20197
IR,RED,21582,20187
IR,RED,21574,20193
IR,RED,21565,20194
IR,RED,21571,20173
IR,RED,21569,20192
IR,RED,21567,20189
IR,RED,21562,20193
IR,RED,21572,20187
IR,RED,21568,20184
IR,RED,21570,20184
IR,RED,21571,20183
IR,RED,21565,20179
IR,RED,21562,20184
IR,RED,21564,20173
IR,RED,21570,20184
IR,RED,21569,20190
IR,RED,21558,20181
IR,RED,21567,20175
IR,RED,21553,20171
IR,RED,21556,20174
IR,RED,21560,20175
IR,RED,21552,20179
IR,RED,21557,20176
IR,RED,21553,20174
IR,RED,21552,20178
IR,RED,21557,20174
IR,RED,21546,20174
IR,RED,21544,20181
IR,RED,21554,20164
IR,RED,21550,20163
IR,RED,21557,20179
IR,RED,21548,20167
IR,RED,21555,20166
IR,RED,21551,20177
IR,RED,21553,20173
IR,RED,21545,20176
IR,RED,21556,20179
IR,RED,21547,20170
IR,RED,21542,20169
IR,RED,21552,20172
IR,RED,21553,20170
IR,RED,21540,20179
IR,RED,21548,20168
IR,RED,21545,20171
IR,RED,21549,20172
IR,RED,21544,20178
IR,RED,21556,20172
IR,RED,21557,20181
IR,RED,21547,20162
IR,RED,21554,20170
IR,RED,21549,20175
IR,RED,21553,20183
IR,RED,21547,20182
IR,RED,21555,20163
IR,RED,21557,20184
IR,RED,21562,20166
IR,RED,21557,20175
IR,RED,21558,20174
IR,RED,21565,20175
IR,RED,21551,20169
IR,RED,21565,20176
IR,RED,21552,20160
IR,RED,21554,20158
IR,RED,21559,20162
IR,RED,21551,20149
IR,RED,21556,20160
IR,RED,21553,20151
IR,RED,21541,20148
IR,RED,21542,20146
IR,RED,21539,20145
IR,RED,21549,20147
IR,RED,21535,20141
IR,RED,21540,20142
IR,RED,21539,20140
IR,RED,21550,20127
IR,RED,21556,20129
IR,RED,21540,20137
IR,RED,21528,20131
IR,RED,21532,20126
IR,RED,21529,20133
IR,RED,21543,20133
IR,RED,21531,20119
IR,RED,21527,20129
IR,RED,21529,20128
IR,RED,21530,20119
IR,RED,21536,20136
IR,RED,21527,20112
IR,RED,21536,20123
IR,RED,21528,20128
IR,RED,21529,20132
IR,RED,21535,20118
IR,RED,21526,20125
IR,RED,21533,20119
IR,RED,21532,20124
IR,RED,21529,20127
IR,RED,21524,20123
IR,RED,21532,20118
IR,RED,21529,20111
IR,RED,21534,20115
IR,RED,21532,20117
IR,RED,21530,20127
IR,RED,21528,20128
IR,RED,21529,20120
IR,RED,21537,20120
IR,RED,21516,20114
IR,RED,21517,20124
IR,RED,21531,20118
IR,RED,21531,20129
IR,RED,21531,20122
IR,RED,21521,20121
IR,RED,21540,20135
IR,RED,21538,20125
IR,RED,21526,20123
IR,RED,21525,20124
IR,RED,21525,20140
IR,RED,21519,20126
IR,RED,21528,20123
IR,RED,21526,20131
IR,RED,21538,20135
IR,RED,21533,20134
IR,RED,21530,20131
IR,RED,21541,20145
IR,RED,21522,20130
IR,RED,21528,20133
IR,RED,21531,20132
IR,RED,21533,20127
IR,RED,21523,20117
IR,RED,21526,20114
IR,RED,21516,20114
IR,RED,21519,20117
IR,RED,21532,20121
IR,RED,21512,20122
IR,RED,21505,20108
IR,RED,21518,20111
IR,RED,21509,20100
IR,RED,21518,20109
IR,RED,21512,20107
IR,RED,21517,20103
IR,RED,21520,20101
IR,RED,21516,20106
IR,RED,21509,20108
IR,RED,21521,20105
IR,RED,21518,20099
IR,RED,21515,20102
IR,RED,21518,20101
IR,RED,21510,20096
IR,RED,21511,20107
IR,RED,21511,20096
IR,RED,21509,20096
IR,RED,21504,20098
IR,RED,21509,20097
IR,RED,21501,20105
IR,RED,21498,20099
IR,RED,21499,20106
IR,RED,21507,20090
IR,RED,21509,20095
IR,RED,21513,20093
IR,RED,21506,20107
IR,RED,21503,20107
IR,RED,21507,20103
IR,RED,21503,20095
IR,RED,21503,20109
IR,RED,21503,20097
IR,RED,21502,20109
IR,RED,21500,20106
IR,RED,21501,20102
IR,RED,21509,20104
IR,RED,21500,20109
IR,RED,21500,20109
IR,RED,21503,20103
IR,RED,21507,20114
IR,RED,21508,20115
IR,RED,21510,20099
IR,RED,21510,20116
IR,RED,21503,20108
IR,RED,21515,20113
IR,RED,21513,20105
IR,RED,21521,20121
IR,RED,21506,20115
IR,RED,21510,20110
IR,RED,21514,20111
IR,RED,21512,20121
IR,RED,21509,20119
IR,RED,21518,20112
IR,RED,21513,20125
IR,RED,21516,20122
IR,RED,21522,20120
IR,RED,21518,20120
IR,RED,21516,20127
IR,RED,21511,20111
IR,RED,21506,20119
IR,RED,21514,20104
IR,RED,21506,20114
IR,RED,21513,20109
IR,RED,21515,20120
IR,RED,21508,20114
IR,RED,21513,20113
IR,RED,21522,20103
IR,RED,21519,20103
IR,RED,21506,20110
IR,RED,21513,20102
IR,RED,21516,20101
IR,RED,21508,20099
IR,RED,21509,20107
IR,RED,21500,20103
IR,RED,21501,20097
IR,RED,21500,20103
IR,RED,21501,20100
IR,RED,21501,20100
IR,RED,21503,20098
IR,RED,21510,20093
IR,RED,21499,20100
IR,RED,21499,20107
IR,RED,21504,20101
IR,RED,21504,20095
IR,RED,21501,20096
IR,RED,21500,20098
IR,RED,21502,20089
IR,RED,21499,20092
IR,RED,21499,20095
IR,RED,21510,20090
IR,RED,21499,20096
IR,RED,21503,20101
IR,RED,21499,20097
IR,RED,21497,20095
IR,RED,21495,20093
IR,RED,21494,20095
IR,RED,21499,20091
IR,RED,21495,20095
IR,RED,21496,20095
IR,RED,21500,20095
IR,RED,21498,20102
IR,RED,21502,20101
IR,RED,21498,20100
IR,RED,21508,20106
IR,RED,21495,20111
IR,RED,21498,20095
IR,RED,21506,20101
IR,RED,21492,20107
IR,RED,21496,20103
IR,RED,21497,20098
IR,RED,21492,20109
IR,RED,21502,20101
IR,RED,21498,20098
IR,RED,21505,20113
IR,RED,21500,20113
IR,RED,21498,20104
IR,RED,21508,20107
IR,RED,21498,20113
IR,RED,21505,20109
IR,RED,21503,20113
IR,RED,21507,20112
IR,RED,21499,20108
IR,RED,21500,20109
IR,RED,21499,20117
IR,RED,21501,20111
IR,RED,21503,20111
IR,RED,21505,20112
IR,RED,21491,20114
IR,RED,21502,20110
IR,RED,21507,20116
IR,RED,21510,20106
IR,RED,21504,20110
IR,RED,21514,20101
IR,RED,21512,20114
IR,RED,21503,20105
IR,RED,21488,20106
IR,RED,21497,20102
IR,RED,21498,20091
IR,RED,21505,20098
IR,RED,21491,20100
IR,RED,21492,20099
IR,RED,21490,20098
IR,RED,21494,20086
IR,RED,21494,20089
IR,RED,21502,20091
IR,RED,21506,20093
IR,RED,21498,20086
IR,RED,21482,20091
IR,RED,21487,20091
IR,RED,21490,20081
IR,RED,21485,20079
IR,RED,21484,20094
IR,RED,21487,20093
IR,RED,21485,20089
IR,RED,21495,20094
IR,RED,21496,20096
IR,RED,21494,20084
IR,RED,21489,20088
IR,RED,21496,20087
IR,RED,21495,20079
IR,RED,21489,20086
IR,RED,21491,20073
IR,RED,21496,20080
IR,RED,21484,20071
IR,RED,21483,20075
IR,RED,21496,20079
IR,RED,21487,20075
IR,RED,21499,20071
IR,RED,21497,20073
IR,RED,21493,20069
IR,RED,21494,20074
IR,RED,21492,20063
IR,RED,21489,20084
IR,RED,21497,20077
IR,RED,21492,20076
IR,RED,21488,20082
IR,RED,21493,20084
IR,RED,21488,20079
IR,RED,21487,20072
IR,RED,21495,20078
IR,RED,21493,20077
IR,RED,21499,20078
IR,RED,21502,20079
IR,RED,21503,20077
IR,RED,21498,20084
IR,RED,21493,20081
IR,RED,21501,20084
IR,RED,21498,20078
IR,RED,21485,20093
IR,RED,21491,20091
IR,RED,21489,20079
IR,RED,21481,20089
IR,RED,21488,20076
IR,RED,21479,20086
IR,RED,21499,20090
IR,RED,21486,20086
IR,RED,21499,20078
IR,RED,21499,20080
IR,RED,21485,20078
IR,RED,21488,20074
IR,RED,21484,20081
IR,RED,21484,20067
IR,RED,21484,20063
IR,RED,21484,20067
IR,RED,21492,20063
IR,RED,21475,20063
IR,RED,21476,20065
IR,RED,21480,20058
IR,RED,21475,20059
IR,RED,21489,20062
IR,RED,21473,20055
IR,RED,21472,20058
IR,RED,21480,20056
IR,RED,21483,20054
IR,RED,21482,20054
IR,RED,21472,20041
IR,RED,21476,20049
IR,RED,21473,20059
IR,RED,21477,20053
IR,RED,21472,20055
IR,RED,21477,20051
IR,RED,21476,20047
IR,RED,21470,20040
IR,RED,21468,20053
IR,RED,21476,20060
IR,RED,21473,20053
IR,RED,21471,20052
IR,RED,21473,20047
IR,RED,21475,20042
IR,RED,21470,20055
IR,RED,21463,20046
IR,RED,21466,20047
IR,RED,21472,20058
IR,RED,21456,20049
IR,RED,21471,20043
IR,RED,21475,20048
IR,RED,21470,20055
IR,RED,21468,20047
IR,RED,21473,20054
IR,RED,21464,20054
IR,RED,21476,20050
IR,RED,21464,20061
IR,RED,21473,20055
IR,RED,21472,20057
IR,RED,21468,20052
IR,RED,21467,20067
IR,RED,21468,20055
IR,RED,21463,20059
IR,RED,21470,20055
IR,RED,21473,20056
IR,RED,21476,20063
IR,RED,21473,20057
IR,RED,21469,20062
IR,RED,21459,20056
IR,RED,21472,20060
IR,RED,21464,20077
IR,RED,21472,20070
IR,RED,21481,20068
IR,RED,21471,20061
IR,RED,21475,20068
IR,RED,21461,20063
IR,RED,21474,20079
IR,RED,21464,20075
IR,RED,21473,20082
IR,RED,21465,20083
IR,RED,21464,20076
IR,RED,21466,20071
IR,RED,21465,20068
IR,RED,21475,20067
IR,RED,21476,20073
IR,RED,21474,20066
IR,RED,21474,20067
IR,RED,21469,20057
IR,RED,21464,20061
IR,RED,21467,20056
IR,RED,21466,20061
IR,RED,21460,20057
IR,RED,21462,20058
IR,RED,21460,20052
IR,RED,21457,20051
IR,RED,21454,20044
IR,RED,21457,20048
IR,RED,21452,20053
IR,RED,21459,20044
IR,RED,21454,20042
IR,RED,21458,20042
IR,RED,21460,20039
IR,RED,21450,20043
IR,RED,21453,20035
IR,RED,21445,20050
IR,RED,21446,20043
IR,RED,21451,20044
IR,RED,21449,20045
IR,RED,21442,20031
IR,RED,21447,20037
IR,RED,21443,20040
IR,RED,21432,20041
IR,RED,21449,20036
IR,RED,21447,20029
IR,RED,21452,20043
IR,RED,21462,20034
IR,RED,21453,20036
IR,RED,21454,20035
IR,RED,21443,20029
IR,RED,21451,20033
IR,RED,21452,20035
IR,RED,21440,20034
IR,RED,21444,20039
IR,RED,21445,20030
IR,RED,21439,20040
IR,RED,21446,20036
IR,RED,21454,20036
IR,RED,21448,20033
IR,RED,21439,20038
IR,RED,21437,20041
IR,RED,21448,20031
IR,RED,21449,20040
IR,RED,21452,20036
IR,RED,21444,20037
IR,RED,21446,20038
IR,RED,21440,20038
IR,RED,21443,20032
IR,RED,21443,20039
IR,RED,21450,20034
IR,RED,21447,20039
IR,RED,21449,20038
IR,RED,21449,20040
IR,RED,21445,20044
IR,RED,21443,20044
IR,RED,21445,20049
IR,RED,21446,20045
IR,RED,21441,20038
IR,RED,21442,20045
IR,RED,21433,20042
IR,RED,21433,20041
IR,RED,21441,20047
IR,RED,21442,20048
IR,RED,21437,20049
IR,RED,21448,20048
IR,RED,21449,20059
IR,RED,21443,20054
IR,RED,21439,20066
IR,RED,21455,20050
IR,RED,21444,20059
IR,RED,21434,20051
IR,RED,21447,20037
IR,RED,21439,20044
IR,RED,21442,20032
IR,RED,21446,20044
IR,RED,21442,20040
IR,RED,21435,20042
IR,RED,21439,20022
IR,RED,21439,20031
IR,RED,21433,20026
IR,RED,21429,20028
IR,RED,21433,20024
IR,RED,21439,20026
IR,RED,21442,20012
IR,RED,21438,20026
IR,RED,21434,20026
IR,RED,21441,20019
IR,RED,21438,20026
IR,RED,21430,20024
IR,RED,21440,20015
IR,RED,21432,20030
IR,RED,21432,20023
IR,RED,21434,20022
IR,RED,21418,20019
IR,RED,21423,20021
IR,RED,21437,20031
IR,RED,21436,20026
IR,RED,21437,20026
IR,RED,21441,20020
IR,RED,21434,20024
IR,RED,21442,20029
IR,RED,21433,20029
IR,RED,21433,20025
IR,RED,21425,20024
IR,RED,21426,20021
IR,RED,21427,20026
IR,RED,21439,20022
IR,RED,21433,20024
IR,RED,21435,20015
IR,RED,21437,20031
IR,RED,21440,20016
IR,RED,21428,20022
IR,RED,21436,20023
IR,RED,21437,20023
IR,RED,21444,20032
IR,RED,21433,20026
IR,RED,21437,20027
IR,RED,21436,20032
IR,RED,21436,20029
IR,RED,21434,20030
IR,RED,21435,20031
IR,RED,21430,20026
IR,RED,21442,20028
IR,RED,21440,20041
IR,RED,21433,20031
IR,RED,21436,20031
IR,RED,21436,20032
IR,RED,21431,20032
IR,RED,21427,20025
IR,RED,21435,20017
IR,RED,21420,20041
IR,RED,21431,20024
IR,RED,21423,20032
IR,RED,21427,20028
IR,RED,21429,20034
IR,RED,21433,20035
IR,RED,21430,20037
IR,RED,21438,20032
IR,RED,21439,20035
IR,RED,21434,20035
IR,RED,21448,20030
IR,RED,21431,20036
IR,RED,21436,20032
IR,RED,21438,20022
IR,RED,21432,20029
IR,RED,21434,20021
IR,RED,21430,20024
IR,RED,21427,20005
IR,RED,21427,20010
IR,RED,21425,20017
IR,RED,21425,20010
IR,RED,21434,20011
IR,RED,21411,20004
IR,RED,21410,20004
IR,RED,21418,20009
IR,RED,21420,20000
IR,RED,21415,20003
IR,RED,21418,19992
IR,RED,21418,20000
IR,RED,21424,20000
IR,RED,21419,20000
IR,RED,21418,20008
IR,RED,21417,19990
IR,RED,21412,19995
IR,RED,21418,19993
IR,RED,21424,19987
IR,RED,21407,20005
IR,RED,21417,20000
IR,RED,21424,19997
IR,RED,21422,20002
IR,RED,21411,20005
IR,RED,21420,20001
IR,RED,21415,19999
IR,RED,21417,20005
IR,RED,21414,19998
IR,RED,21419,19998
IR,RED,21411,19994
IR,RED,21422,19996
IR,RED,21407,19997
IR,RED,21411,20000
IR,RED,21415,19994
IR,RED,21420,19999
IR,RED,21418,20005
IR,RED,21427,20013
IR,RED,21417,19999
IR,RED,21421,19994
IR,RED,21422,19997
IR,RED,21413,20005
IR,RED,21420,19995
IR,RED,21421,20001
IR,RED,21419,20005
IR,RED,21414,20003
IR,RED,21419,20005
IR,RED,21421,19999
IR,RED,21417,20012
IR,RED,21417,19998
IR,RED,21417,20003
IR,RED,21418,20000
IR,RED,21419,20010
IR,RED,21413,20004
IR,RED,21420,20011
IR,RED,21419,20006
IR,RED,21403,20011
IR,RED,21419,20001
IR,RED,21415,20007
IR,RED,21415,20015
IR,RED,21421,20015
IR,RED,21415,20016
IR,RED,21409,20009
IR,RED,21411,20014
IR,RED,21421,20003
IR,RED,21414,20016
IR,RED,21419,20016
IR,RED,21415,20014
IR,RED,21420,20005
IR,RED,21418,20002
IR,RED,21423,19997
IR,RED,21418,19989
IR,RED,21419,19988
IR,RED,21413,19987
IR,RED,21411,19989
IR,RED,21421,19985
IR,RED,21415,19994
IR,RED,21413,19993
IR,RED,21414,19992
IR,RED,21427,19993
IR,RED,21416,19986
IR,RED,21406,19982
IR,RED,21411,19994
IR,RED,21409,19983
IR,RED,21403,19969
IR,RED,21423,19983
IR,RED,21409,19976
IR,RED,21406,19981
IR,RED,21412,19982
IR,RED,21407,19979
IR,RED,21405,19981
IR,RED,21402,19970
IR,RED,21411,19976
IR,RED,21403,19977
IR,RED,21404,19975
IR,RED,21408,19967
IR,RED,21397,19974
IR,RED,21400,19974
IR,RED,21405,19972
IR,RED,21401,19975
IR,RED,21401,19967
IR,RED,21400,19979
IR,RED,21397,19952
IR,RED,21403,19962
IR,RED,21404,19968
IR,RED,21402,19980
IR,RED,21395,19965
IR,RED,21398,19982
IR,RED,21404,19985
IR,RED,21401,19980
IR,RED,21394,19973
IR,RED,21399,19977
IR,RED,21395,19978
IR,RED,21402,19985
IR,RED,21401,19989
IR,RED,21406,19988
IR,RED,21408,19981
IR,RED,21407,19979
IR,RED,21398,19979
IR,RED,21406,19977
IR,RED,21402,19981
IR,RED,21400,19977
IR,RED,21404,19983
IR,RED,21392,19978
IR,RED,21392,19978
IR,RED,21391,19984
IR,RED,21393,19982
IR,RED,21390,19981
IR,RED,21402,19990
IR,RED,21393,19982
IR,RED,21391,19984
IR,RED,21396,19979
IR,RED,21400,19980
IR,RED,21392,19992
IR,RED,21396,19985
IR,RED,21397,19993
IR,RED,21384,19997
IR,RED,21407,19994
IR,RED,21398,19997
IR,RED,21394,19990
IR,RED,21392,19994
IR,RED,21394,19993
IR,RED,21395,19978
IR,RED,21395,19979
IR,RED,21391,19982
IR,RED,21375,19977
IR,RED,21391,19978
IR,RED,21392,19970
IR,RED,21391,19982
IR,RED,21376,19969
IR,RED,21386,19963
IR,RED,21382,19965
IR,RED,21386,19960
IR,RED,21398,19968
IR,RED,21395,19967
IR,RED,21399,19978
IR,RED,21391,19971
IR,RED,21392,19970
IR,RED,21391,19973
IR,RED,21390,19975
IR,RED,21392,19971
IR,RED,21393,19976
IR,RED,21387,19965
IR,RED,21388,19960
IR,RED,21382,19970
IR,RED,21385,19966
IR,RED,21393,19975
IR,RED,21384,19965
IR,RED,21392,19966
IR,RED,21373,19965
IR,RED,21389,19962
IR,RED,21379,19968
IR,RED,21380,19959
IR,RED,21384,19965
IR,RED,21387,19961
IR,RED,21375,19962
IR,RED,21389,19959
IR,RED,21391,19956
IR,RED,21388,19966
IR,RED,21388,19969
IR,RED,21393,19971
IR,RED,21386,19970
IR,RED,21391,19970
IR,RED,21383,19969
IR,RED,21384,19967
IR,RED,21384,19961
IR,RED,21383,19957
IR,RED,21388,19967
IR,RED,21387,19960
IR,RED,21373,19963
IR,RED,21375,19966
IR,RED,21385,19970
IR,RED,21384,19965
IR,RED,21379,19964
IR,RED,21389,19964
IR,RED,21374,19972
IR,RED,21377,19967
IR,RED,21380,19963
IR,RED,21383,19965
IR,RED,21381,19966
IR,RED,21385,19971
IR,RED,21382,19976
IR,RED,21394,19966
IR,RED,21386,19968
IR,RED,21386,19981
IR,RED,21388,19975
IR,RED,21393,19975
IR,RED,21387,19967
IR,RED,21393,19966
IR,RED,21387,19965
IR,RED,21384,19960
IR,RED,21382,19971
IR,RED,21386,19957
IR,RED,21393,19952
IR,RED,21385,19955
IR,RED,21389,19946
IR,RED,21384,19955
IR,RED,21373,19941
IR,RED,21385,19951
IR,RED,21384,19952
IR,RED,21379,19938
IR,RED,21372,19938
IR,RED,21377,19948
IR,RED,21375,19942
IR,RED,21377,19948
IR,RED,21375,19941
IR,RED,21382,19939
IR,RED,21375,19937
IR,RED,21373,19948
IR,RED,21369,19938
IR,RED,21362,19936
IR,RED,21368,19942
IR,RED,21369,19938
IR,RED,21371,19948
IR,RED,21373,19937
IR,RED,21369,19949
IR,RED,21360,19945
IR,RED,21362,19939
IR,RED,21366,19932
IR,RED,21366,19939
IR,RED,21362,19932
IR,RED,21368,19940
IR,RED,21366,19935
IR,RED,21359,19922
IR,RED,21367,19938
IR,RED,21366,19943
IR,RED,21362,19926
IR,RED,21353,19943
IR,RED,21369,19932
IR,RED,21350,19936
IR,RED,21361,19940
IR,RED,21368,19941
IR,RED,21360,19941
IR,RED,21362,19944
IR,RED,21356,19935
IR,RED,21368,19941
IR,RED,21373,19933
IR,RED,21369,19947
IR,RED,21374,19936
IR,RED,21363,19939
IR,RED,21359,19951
IR,RED,21370,19948
IR,RED,21365,19944
IR,RED,21374,19953
IR,RED,21377,19951
IR,RED,21362,19955
IR,RED,21369,19954
IR,RED,21368,19953
IR,RED,21364,19955
IR,RED,21371,19958
IR,RED,21362,19944
IR,RED,21365,19952
IR,RED,21363,19956
IR,RED,21369,19953
IR,RED,21368,19960
IR,RED,21363,19952
IR,RED,21361,19955
IR,RED,21358,19958
IR,RED,21357,19953
IR,RED,21359,19955
IR,RED,21359,19953
IR,RED,21365,19951
IR,RED,21361,19942
IR,RED,21361,19943
IR,RED,21349,19938
IR,RED,21349,19938
IR,RED,21357,19934
IR,RED,21356,19939
IR,RED,21358,19928
IR,RED,21356,19929
IR,RED,21343,19925
IR,RED,21340,19925
IR,RED,21347,19927
IR,RED,21355,19931
IR,RED,21336,19924
IR,RED,21350,19923
IR,RED,21338,19922
IR,RED,21342,19916
IR,RED,21344,19921
IR,RED,21349,19928
IR,RED,21351,19915
IR,RED,21349,19918
IR,RED,21348,19912
IR,RED,21341,19923
IR,RED,21344,19919
IR,RED,21346,19920
IR,RED,21339,19927
IR,RED,21343,19910
IR,RED,21336,19916
IR,RED,21328,19914
IR,RED,21338,19920
IR,RED,21336,19923
IR,RED,21331,19921
IR,RED,21331,19915
IR,RED,21340,19922
IR,RED,21328,19912
IR,RED,21332,19918
IR,RED,21332,19907
IR,RED,21335,19917
IR,RED,21338,19915
IR,RED,21344,19914
IR,RED,21336,19914
IR,RED,21337,19914
IR,RED,21337,19920
IR,RED,21333,19913
IR,RED,21328,19923
IR,RED,21322,19919
IR,RED,21339,19914
IR,RED,21344,19913
IR,RED,21334,19920
IR,RED,21334,19916
IR,RED,21338,19907
IR,RED,21341,19914
IR,RED,21330,19930
IR,RED,21332,19915
IR,RED,21342,19918
IR,RED,21331,19925
IR,RED,21334,19916
IR,RED,21334,19930
IR,RED,21332,19926
IR,RED,21336,19930
IR,RED,21333,19921
IR,RED,21333,19918
IR,RED,21325,19923
IR,RED,21343,19928
IR,RED,21345,19922
IR,RED,21346,19926
IR,RED,21338,19921
IR,RED,21335,19931
IR,RED,21346,19932
IR,RED,21333,19923
IR,RED,21332,19930
IR,RED,21337,19928
IR,RED,21341,19925
IR,RED,21332,19919
IR,RED,21326,19920
IR,RED,21334,19921
IR,RED,21327,19917
IR,RED,21319,19908
IR,RED,21317,19911
IR,RED,21322,19912
IR,RED,21317,19905
IR,RED,21311,19894
IR,RED,21327,19902
IR,RED,21318,19901
IR,RED,21300,19907
IR,RED,21321,19895
IR,RED,21317,19899
IR,RED,21313,19896
IR,RED,21315,19905
IR,RED,21308,19893
IR,RED,21304,19899
IR,RED,21316,19901
IR,RED,21313,19907
IR,RED,21304,19897
IR,RED,21313,19904
IR,RED,21317,19893
IR,RED,21324,19890
IR,RED,21305,19892
IR,RED,21309,19888
IR,RED,21305,19894
IR,RED,21309,19889
IR,RED,21316,19897
IR,RED,21308,19894
IR,RED,21302,19896
IR,RED,21304,19896
IR,RED,21310,19893
IR,RED,21310,19894
IR,RED,21309,19893
IR,RED,21314,19893
IR,RED,21313,19895
IR,RED,21312,19902
IR,RED,21318,19895
IR,RED,21305,19898
IR,RED,21315,19900
IR,RED,21306,19900
IR,RED,21313,19892
IR,RED,21300,19892
IR,RED,21312,19897
IR,RED,21303,19882
IR,RED,21305,19890
IR,RED,21293,19895
IR,RED,21302,19894
IR,RED,21299,19891
IR,RED,21297,19889
IR,RED,21306,19882
IR,RED,21305,19896
IR,RED,21297,19889
IR,RED,21314,19892
IR,RED,21295,19899
IR,RED,21300,19906
IR,RED,21300,19901
IR,RED,21305,19895
IR,RED,21303,19890
IR,RED,21304,19895
IR,RED,21302,19894
IR,RED,21299,19895
IR,RED,21305,19899
IR,RED,21306,19899
IR,RED,21305,19900
IR,RED,21304,19897
IR,RED,21317,19898
IR,RED,21309,19895
IR,RED,21307,19899
IR,RED,21302,19895
IR,RED,21303,19888
IR,RED,21304,19884
IR,RED,21301,19883
IR,RED,21297,19881
IR,RED,21305,19881
IR,RED,21293,19864
IR,RED,21296,19871
IR,RED,21292,19877
IR,RED,21289,19864
IR,RED,21293,19866
IR,RED,21294,19870
IR,RED,21296,19867
IR,RED,21292,19870
IR,RED,21291,19877
IR,RED,21288,19859
IR,RED,21298,19871
IR,RED,21291,19863
IR,RED,21288,19857
IR,RED,21286,19860
IR,RED,21287,19868
IR,RED,21270,19858
IR,RED,21276,19869
IR,RED,21283,19859
IR,RED,21282,19854
IR,RED,21269,19859
IR,RED,21279,19855
IR,RED,21281,19866
IR,RED,21270,19862
IR,RED,21274,19865
IR,RED,21273,19864
IR,RED,21272,19867
IR,RED,21270,19854
IR,RED,21279,19848
IR,RED,21280,19853
IR,RED,21279,19852
IR,RED,21273,19854
IR,RED,21279,19863
IR,RED,21283,19863
IR,RED,21284,19861
IR,RED,21278,19856
IR,RED,21280,19860
IR,RED,21284,19868
IR,RED,21282,19854
IR,RED,21286,19852
IR,RED,21285,19866
IR,RED,21288,19854
IR,RED,21276,19862
IR,RED,21281,19858
IR,RED,21284,19864
IR,RED,21280,19862
IR,RED,21287,19865
IR,RED,21285,19863
IR,RED,21279,19855
IR,RED,21279,19861
IR,RED,21281,19862
IR,RED,21280,19854
IR,RED,21275,19860
IR,RED,21275,19859
IR,RED,21275,19861
IR,RED,21271,19865
IR,RED,21274,19867
IR,RED,21278,19866
IR,RED,21264,19872
IR,RED,21270,19862
IR,RED,21267,19858
IR,RED,21280,19857
IR,RED,21269,19856
IR,RED,21262,19847
IR,RED,21269,19861
IR,RED,21259,19845
IR,RED,21265,19842
IR,RED,21266,19849
IR,RED,21262,19835
IR,RED,21266,19831
IR,RED,21261,19835
IR,RED,21255,19827
IR,RED,21253,19824
IR,RED,21257,19823
IR,RED,21256,19824
IR,RED,21258,19821
IR,RED,21260,19829
IR,RED,21252,19832
IR,RED,21253,19819
IR,RED,21246,19822
IR,RED,21248,19826
IR,RED,21247,19820
IR,RED,21250,19825
IR,RED,21250,19825
IR,RED,21250,19822
IR,RED,21248,19813
IR,RED,21237,19828
IR,RED,21246,19805
IR,RED,21244,19820
IR,RED,21236,19819
IR,RED,21252,19822
IR,RED,21240,19811
IR,RED,21241,19823
IR,RED,21236,19822
IR,RED,21240,19822
IR,RED,21240,19819
IR,RED,21252,19831
IR,RED,21234,19811
IR,RED,21243,19820
IR,RED,21240,19826
IR,RED,21238,19815
IR,RED,21246,19820
IR,RED,21249,19828
IR,RED,21252,19833
IR,RED,21248,19832
IR,RED,21253,19833
IR,RED,21238,19807
IR,RED,21248,19834
IR,RED,21243,19831
IR,RED,21255,19832
IR,RED,21247,19836
IR,RED,21257,19828
IR,RED,21244,19833
IR,RED,21243,19832
IR,RED,21245,19830
IR,RED,21241,19835
IR,RED,21241,19831
IR,RED,21245,19830
IR,RED,21246,19832
IR,RED,21242,19834
IR,RED,21239,19826
IR,RED,21244,19820
IR,RED,21235,19834
IR,RED,21233,19830
IR,RED,21240,19836
IR,RED,21246,19830
IR,RED,21242,19830
IR,RED,21241,19835
IR,RED,21241,19832
IR,RED,21256,19835
IR,RED,21249,19823
IR,RED,21251,19828
IR,RED,21250,19824
IR,RED,21250,19823
IR,RED,21249,19823
IR,RED,21239,19828
IR,RED,21236,19822
IR,RED,21237,19820
IR,RED,21246,19825
IR,RED,21232,19814
IR,RED,21236,19815
IR,RED,21233,19820
IR,RED,21238,19812
IR,RED,21257,19809
IR,RED,21239,19816
IR,RED,21237,19812
IR,RED,21233,19814
IR,RED,21239,19813
IR,RED,21234,19809
IR,RED,21234,19802
IR,RED,21243,19812
IR,RED,21230,19816
IR,RED,21223,19797
IR,RED,21235,19803
IR,RED,21230,19807
IR,RED,21230,19804
IR,RED,21226,19804
IR,RED,21222,19807
IR,RED,21216,19802
IR,RED,21217,19803
IR,RED,21216,19799
IR,RED,21217,19796
IR,RED,21221,19802
IR,RED,21216,19795
IR,RED,21211,19794
IR,RED,21212,19800
IR,RED,21208,19790
IR,RED,21212,19804
IR,RED,21223,19801
IR,RED,21219,19795
IR,RED,21219,19793
IR,RED,21221,19792
IR,RED,21227,19794
IR,RED,21216,19798
IR,RED,21217,19797
IR,RED,21222,19793
IR,RED,21216,19800
IR,RED,21226,19793
IR,RED,21214,19793
IR,RED,21208,19802
IR,RED,21213,19799
IR,RED,21228,19789
IR,RED,21221,19797
IR,RED,21216,19798
IR,RED,21220,19789
IR,RED,21211,19798
IR,RED,21214,19791
IR,RED,21210,19802
IR,RED,21219,19796
IR,RED,21215,19795
IR,RED,21208,19796
IR,RED,21221,19805
IR,RED,21212,19806
IR,RED,21214,19805
IR,RED,21217,19800
IR,RED,21219,19807
IR,RED,21213,19819
IR,RED,21215,19803
IR,RED,21202,19802
IR,RED,21211,19795
IR,RED,21204,19783
IR,RED,21200,19792
IR,RED,21203,19792
IR,RED,21202,19786
IR,RED,21200,19779
IR,RED,21196,19769
IR,RED,21191,19778
IR,RED,21197,19775
IR,RED,21194,19768
IR,RED,21182,19773
IR,RED,21200,19774
IR,RED,21183,19768
IR,RED,21187,19764
IR,RED,21186,19768
IR,RED,21186,19765
IR,RED,21192,19755
IR,RED,21185,19771
IR,RED,21185,19770
IR,RED,21186,19758
IR,RED,21189,19760
IR,RED,21187,19764
IR,RED,21181,19769
IR,RED,21187,19764
IR,RED,21177,19760
IR,RED,21180,19760
IR,RED,21176,19756
IR,RED,21178,19757
IR,RED,21189,19752
IR,RED,21182,19753
IR,RED,21178,19751
IR,RED,21178,19750
IR,RED,21172,19756
IR,RED,21173,19750
IR,RED,21177,19762
IR,RED,21175,19753
IR,RED,21175,19757
IR,RED,21181,19745
IR,RED,21179,19768
IR,RED,21183,19757
IR,RED,21183,19754
IR,RED,21180,19748
IR,RED,21176,19759
IR,RED,21185,19755
IR,RED,21179,19754
IR,RED,21181,19751
IR,RED,21181,19757
IR,RED,21174,19755
IR,RED,21177,19757
IR,RED,21170,19753
IR,RED,21180,19755
IR,RED,21177,19758
IR,RED,21175,19764
IR,RED,21183,19759
IR,RED,21176,19759
IR,RED,21170,19757
IR,RED,21176,19764
IR,RED,21176,19766
IR,RED,21174,19759
IR,RED,21167,19755
IR,RED,21179,19753
IR,RED,21164,19758
IR,RED,21174,19759
IR,RED,21175,19746
IR,RED,21177,19764
IR,RED,21173,19751
IR,RED,21176,19757
IR,RED,21171,19755
IR,RED,21164,19751
IR,RED,21173,19751
IR,RED,21177,19736
IR,RED,21170,19741
IR,RED,21157,19737
IR,RED,21162,19730
IR,RED,21162,19728
IR,RED,21158,19731
IR,RED,21159,19732
IR,RED,21152,19724
IR,RED,21155,19723
IR,RED,21139,19731
IR,RED,21148,19723
IR,RED,21137,19718
IR,RED,21145,19720
IR,RED,21139,19717
IR,RED,21144,19711
IR,RED,21137,19715
IR,RED,21147,19713
IR,RED,21138,19710
IR,RED,21135,19724
IR,RED,21146,19718
IR,RED,21137,19708
IR,RED,21139,19713
IR,RED,21137,19720
IR,RED,21135,19709
IR,RED,21135,19709
IR,RED,21140,19712
IR,RED,21131,19703
IR,RED,21137,19710
IR,RED,21131,19716
IR,RED,21135,19708
IR,RED,21137,19713
IR,RED,21141,19709
IR,RED,21136,19720
IR,RED,21141,19712
IR,RED,21131,19711
IR,RED,21127,19716
IR,RED,21130,19709
IR,RED,21129,19720
IR,RED,21135,19719
IR,RED,21128,19715
IR,RED,21126,19710
IR,RED,21130,19714
IR,RED,21140,19719
IR,RED,21136,19718
IR,RED,21141,19712
IR,RED,21142,19717
IR,RED,21139,19727
IR,RED,21131,19722
IR,RED,21133,19731
IR,RED,21138,19724
IR,RED,21132,19728
IR,RED,21145,19718
IR,RED,21143,19728
IR,RED,21138,19717
IR,RED,21143,19722
IR,RED,21142,19723
IR,RED,21136,19716
IR,RED,21134,19729
IR,RED,21125,19726
IR,RED,21135,19721
IR,RED,21118,19727
IR,RED,21111,19722
IR,RED,21114,19733
IR,RED,21120,19714
IR,RED,21130,19723
IR,RED,21127,19725
IR,RED,21126,19718
IR,RED,21125,19722
IR,RED,21118,19717
IR,RED,21124,19709
IR,RED,21119,19705
IR,RED,21118,19713
IR,RED,21122,19708
IR,RED,21118,19709
IR,RED,21113,19707
IR,RED,21111,19696
IR,RED,21110,19699
IR,RED,21109,19695
IR,RED,21109,19694
IR,RED,21113,19704
IR,RED,21106,19705
IR,RED,21111,19698
IR,RED,21113,19707
IR,RED,21119,19704
IR,RED,21117,19695
IR,RED,21111,19696
IR,RED,21116,19688
IR,RED,21112,19695
IR,RED,21104,19697
IR,RED,21112,19696
IR,RED,21102,19699
IR,RED,21107,19690
IR,RED,21105,19693
IR,RED,21102,19682
IR,RED,21108,19694
IR,RED,21102,19695
IR,RED,21092,19682
IR,RED,21102,19694
IR,RED,21102,19690
IR,RED,21100,19695
IR,RED,21090,19689
IR,RED,21095,19689
IR,RED,21093,19687
IR,RED,21103,19691
IR,RED,21098,19687
IR,RED,21090,19692
IR,RED,21101,19692
IR,RED,21092,19694
IR,RED,21095,19687
IR,RED,21102,19694
IR,RED,21088,19691
IR,RED,21092,19691
IR,RED,21092,19699
IR,RED,21088,19696
IR,RED,21107,19696
IR,RED,21101,19698
IR,RED,21093,19696
IR,RED,21090,19697
IR,RED,21106,19695
IR,RED,21097,19689
IR,RED,21111,19703
IR,RED,21102,19701
IR,RED,21104,19699
IR,RED,21100,19698
IR,RED,21107,19709
IR,RED,21112,19706
IR,RED,21106,19702
IR,RED,21100,19716
IR,RED,21106,19703
IR,RED,21095,19704
IR,RED,21100,19698
IR,RED,21088,19706
IR,RED,21092,19693
IR,RED,21107,19704
IR,RED,21102,19702
IR,RED,21090,19693
IR,RED,21083,19701
IR,RED,21086,19692
IR,RED,21083,19686
IR,RED,21097,19682
IR,RED,21091,19677
IR,RED,21092,19669
IR,RED,21101,19680
IR,RED,21094,19673
IR,RED,21085,19684
IR,RED,21088,19670
IR,RED,21084,19674
IR,RED,21076,19677
IR,RED,21075,19678
IR,RED,21089,19668
IR,RED,21081,19667
IR,RED,21084,19674
IR,RED,21089,19674
IR,RED,21080,19667
IR,RED,21066,19658
IR,RED,21070,19665
IR,RED,21084,19665
IR,RED,21074,19672
IR,RED,21076,19664
IR,RED,21082,19661
IR,RED,21070,19667
IR,RED,21074,19661
IR,RED,21081,19665
IR,RED,21070,19668
IR,RED,21069,19656
IR,RED,21076,19667
IR,RED,21068,19652
IR,RED,21072,19656
IR,RED,21076,19651
IR,RED,21073,19656
IR,RED,21072,19652
IR,RED,21075,19655
IR,RED,21078,19658
IR,RED,21069,19657
IR,RED,21061,19661
IR,RED,21068,19643
IR,RED,21075,19659
IR,RED,21083,19653
IR,RED,21078,19664
IR,RED,21080,19662
IR,RED,21078,19651
IR,RED,21073,19659
IR,RED,21081,19665
IR,RED,21076,19659
IR,RED,21077,19658
IR,RED,21073,19662
IR,RED,21074,19654
IR,RED,21075,19667
IR,RED,21075,19669
IR,RED,21075,19666
IR,RED,21072,19654
IR,RED,21066,19649
IR,RED,21081,19661
IR,RED,21064,19663
IR,RED,21072,19662
IR,RED,21075,19672
IR,RED,21077,19680
IR,RED,21087,19672
IR,RED,21086,19672
IR,RED,21076,19667
IR,RED,21082,19671
IR,RED,21077,19663
IR,RED,21069,19673
IR,RED,21065,19655
IR,RED,21064,19645
IR,RED,21070,19643
IR,RED,21069,19651
IR,RED,21066,19647
IR,RED,21063,19652
IR,RED,21068,19640
IR,RED,21060,19635
IR,RED,21064,19638
IR,RED,21054,19633
IR,RED,21052,19627
IR,RED,21052,19628
IR,RED,21057,19635
IR,RED,21054,19627
IR,RED,21052,19632
IR,RED,21048,19632
IR,RED,21048,19613
IR,RED,21043,19623
IR,RED,21058,19637
IR,RED,21036,19629
IR,RED,21041,19622
IR,RED,21046,19628
IR,RED,21046,19620
IR,RED,21041,19620
IR,RED,21032,19621
IR,RED,21036,19617
IR,RED,21029,19612
IR,RED,21047,19611
IR,RED,21037,19614
IR,RED,21033,19613
IR,RED,21032,19612
IR,RED,21034,19607
IR,RED,21031,19618
IR,RED,21034,19613
IR,RED,21033,19614
IR,RED,21031,19619
IR,RED,21032,19616
IR,RED,21025,19617
IR,RED,21035,19619
IR,RED,21037,19616
IR,RED,21038,19621
IR,RED,21040,19625
IR,RED,21036,19628
IR,RED,21027,19614
IR,RED,21031,19621
IR,RED,21030,19617
IR,RED,21029,19619
IR,RED,21036,19623
IR,RED,21033,19622
IR,RED,21030,19623
IR,RED,21026,19612
IR,RED,21030,19624
IR,RED,21027,19619
IR,RED,21033,19626
IR,RED,21028,19626
IR,RED,21039,19634
IR,RED,21043,19630
IR,RED,21037,19629
IR,RED,21037,19624
IR,RED,21030,19625
IR,RED,21039,19624
IR,RED,21029,19631
IR,RED,21026,19627
IR,RED,21030,19633
IR,RED,21030,19635
IR,RED,21030,19634
IR,RED,21037,19626
IR,RED,21037,19635
IR,RED,21042,19644
IR,RED,21045,19636
IR,RED,21032,19638
IR,RED,21034,19625
IR,RED,21037,19622
IR,RED,21039,19622
IR,RED,21027,19617
IR,RED,21027,19611
IR,RED,21033,19620
IR,RED,21027,19617
IR,RED,21042,19613
IR,RED,21032,19609
IR,RED,21020,19613
IR,RED,21021,19610
IR,RED,21032,19615
IR,RED,21027,19608
IR,RED,21032,19608
IR,RED,21034,19604
IR,RED,21022,19603
IR,RED,21022,19598
IR,RED,21017,19611
IR,RED,21021,19599
IR,RED,21028,19601
IR,RED,21020,19607
IR,RED,21020,19601
IR,RED,21019,19604
IR,RED,21029,19601
IR,RED,21013,19601
IR,RED,21018,19605
IR,RED,21016,19594
IR,RED,21011,19603
IR,RED,21013,19593
IR,RED,21017,19603
IR,RED,21010,19592
IR,RED,21023,19601
IR,RED,21011,19593
IR,RED,21006,19594
IR,RED,21013,19594
IR,RED,21018,19607
IR,RED,21020,19593
IR,RED,21021,19597
IR,RED,21010,19593
IR,RED,21007,19585
IR,RED,21013,19593
IR,RED,21013,19591
IR,RED,21019,19595
IR,RED,21005,19596
IR,RED,20998,19600
IR,RED,21009,19608
IR,RED,21007,19599
IR,RED,21009,19595
IR,RED,21005,19596
IR,RED,21013,19603
IR,RED,21006,19597
IR,RED,21010,19595
IR,RED,21023,19605
IR,RED,21009,19607
IR,RED,21011,19604
IR,RED,21019,19608
IR,RED,21010,19610
IR,RED,21018,19602
IR,RED,21018,19604
IR,RED,21012,19606
IR,RED,21013,19598
IR,RED,21017,19602
IR,RED,21019,19594
IR,RED,21022,19612
IR,RED,21013,19597
IR,RED,21006,19602
IR,RED,21009,19600
IR,RED,21019,19588
IR,RED,21017,19587
IR,RED,21003,19587
IR,RED,21008,19588
IR,RED,20999,19587
IR,RED,21009,19585
IR,RED,20997,19585
IR,RED,21009,19571
IR,RED,20999,19576
IR,RED,21003,19571
IR,RED,20993,19570
IR,RED,20986,19578
IR,RED,20994,19564
IR,RED,21000,19573
IR,RED,20994,19566
IR,RED,20991,19567
IR,RED,20990,19566
IR,RED,20999,19569
IR,RED,20994,19563
IR,RED,20990,19569
IR,RED,20992,19557
IR,RED,20987,19561
IR,RED,20987,19559
IR,RED,20983,19561
IR,RED,20991,19562
IR,RED,21002,19559
IR,RED,20983,19560
IR,RED,20993,19556
IR,RED,20990,19557
IR,RED,20988,19554
IR,RED,20990,19558
IR,RED,20985,19553
IR,RED,20983,19554
IR,RED,20982,19551
IR,RED,20992,19551
IR,RED,20989,19555
IR,RED,20984,19553
IR,RED,20989,19557
IR,RED,20981,19551
IR,RED,20988,19555
IR,RED,20980,19557
IR,RED,20979,19561
IR,RED,20983,19559
IR,RED,20989,19559
IR,RED,20979,19556
IR,RED,20987,19560
IR,RED,20985,19558
IR,RED,20982,19569
IR,RED,20985,19560
IR,RED,20986,19557
IR,RED,20981,19558
IR,RED,20979,19564
IR,RED,20987,19567
IR,RED,20980,19553
IR,RED,20984,19556
IR,RED,20979,19564
IR,RED,20976,19560
IR,RED,20978,19573
IR,RED,20983,19561
IR,RED,20988,19562
IR,RED,20981,19563
IR,RED,20980,19560
IR,RED,20979,19563
IR,RED,20976,19554
IR,RED,20979,19552
IR,RED,20977,19552
IR,RED,20974,19558
IR,RED,20976,19552
IR,RED,20972,19549
IR,RED,20969,19551
IR,RED,20969,19540
IR,RED,20968,19537
IR,RED,20967,19536
IR,RED,20962,19537
IR,RED,20955,19518
IR,RED,20961,19529
IR,RED,20961,19528
IR,RED,20953,19527
IR,RED,20961,19526
IR,RED,20964,19534
IR,RED,20955,19516
IR,RED,20969,19519
IR,RED,20962,19519
IR,RED,20968,19522
IR,RED,20959,19518
IR,RED,20957,19522
IR,RED,20952,19512
IR,RED,20947,19523
IR,RED,20952,19517
IR,RED,20953,19520
IR,RED,20954,19519
IR,RED,20943,19517
IR,RED,20953,19508
IR,RED,20947,19511
IR,RED,20953,19512
IR,RED,20947,19502
IR,RED,20946,19503
IR,RED,20946,19519
IR,RED,20955,19514
IR,RED,20946,19513
IR,RED,20954,19512
IR,RED,20945,19505
IR,RED,20949,19506
IR,RED,20946,19510
IR,RED,20951,19508
IR,RED,20951,19503
IR,RED,20948,19512
IR,RED,20942,19496
IR,RED,20943,19510
IR,RED,20930,19514
IR,RED,20940,19503
IR,RED,20947,19510
IR,RED,20942,19514
IR,RED,20951,19521
IR,RED,20944,19523
IR,RED,20948,19509
IR,RED,20948,19512
IR,RED,20944,19518
IR,RED,20957,19514
IR,RED,20941,19518
IR,RED,20954,19517
IR,RED,20939,19520
IR,RED,20946,19523
IR,RED,20946,19513
IR,RED,20944,19514
IR,RED,20949,19527
IR,RED,20949,19529
IR,RED,20944,19528
IR,RED,20950,19522
IR,RED,20950,19526
IR,RED,20948,19526
IR,RED,20951,19521
IR,RED,20956,19527
IR,RED,20949,19523
IR,RED,20947,19529
IR,RED,20949,19519
IR,RED,20950,19517
IR,RED,20938,19507
IR,RED,20935,19511
IR,RED,20941,19505
IR,RED,20941,19509
IR,RED,20931,19502
IR,RED,20935,19510
IR,RED,20941,19507
IR,RED,20940,19495
IR,RED,20935,19499
IR,RED,20937,19491
IR,RED,20920,19495
IR,RED,20926,19501
IR,RED,20928,19496
IR,RED,20941,19492
IR,RED,20922,19499
IR,RED,20929,19493
IR,RED,20928,19488
IR,RED,20925,19499
IR,RED,20934,19500
IR,RED,20931,19500
IR,RED,20941,19491
IR,RED,20939,19503
IR,RED,20934,19501
IR,RED,20938,19494
IR,RED,20929,19483
IR,RED,20925,19486
IR,RED,20936,19491
IR,RED,20942,19489
IR,RED,20952,19492
IR,RED,20937,19492
IR,RED,20940,19486
IR,RED,20933,19490
IR,RED,20937,19489
IR,RED,20945,19477
IR,RED,20941,19486
IR,RED,20936,19488
IR,RED,20938,19486
IR,RED,20941,19484
IR,RED,20947,19493
IR,RED,20934,19493
IR,RED,20940,19489
IR,RED,20939,19486
IR,RED,20946,19491
IR,RED,20940,19483
IR,RED,20934,19491
IR,RED,20943,19497
IR,RED,20943,19483
IR,RED,20934,19489
IR,RED,20942,19499
IR,RED,20934,19496
IR,RED,20954,19490
IR,RED,20940,19487
IR,RED,20940,19496
IR,RED,20940,19492
IR,RED,20946,19492
IR,RED,20942,19498
IR,RED,20932,19489
IR,RED,20937,19497
IR,RED,20936,19501
IR,RED,20943,19494
IR,RED,20932,19494
IR,RED,20941,19496
IR,RED,20944,19496
IR,RED,20939,19489
IR,RED,20946,19497
IR,RED,20941,19491
IR,RED,20945,19477
IR,RED,20939,19489
IR,RED,20932,19479
IR,RED,20929,19475
IR,RED,20930,19473
IR,RED,20937,19473
IR,RED,20931,19456
IR,RED,20931,19457
IR,RED,20924,19460
IR,RED,20918,19457
IR,RED,20943,19460
IR,RED,20932,19460
IR,RED,20916,19461
IR,RED,20912,19458
IR,RED,20918,19459
IR,RED,20915,19454
IR,RED,20913,19447
IR,RED,20922,19454
IR,RED,20923,19448
IR,RED,20911,19458
IR,RED,20915,19452
IR,RED,20918,19453
IR,RED,20922,19450
IR,RED,20920,19445
IR,RED,20906,19445
IR,RED,20905,19450
IR,RED,20913,19449
IR,RED,20913,19452
IR,RED,20906,19443
IR,RED,20911,19437
IR,RED,20915,19441
IR,RED,20907,19438
IR,RED,20910,19432
IR,RED,20903,19438
IR,RED,20910,19432
IR,RED,20899,19435
IR,RED,20905,19425
IR,RED,20899,19439
IR,RED,20900,19438
IR,RED,20917,19431
IR,RED,20907,19433
IR,RED,20911,19435
IR,RED,20912,19431
IR,RED,20902,19444
IR,RED,20913,19443
IR,RED,20915,19437
IR,RED,20908,19433
IR,RED,20916,19436
IR,RED,20911,19430
IR,RED,20906,19425
IR,RED,20908,19428
IR,RED,20908,19430
IR,RED,20904,19428
IR,RED,20896,19427
IR,RED,20910,19428
IR,RED,20903,19434
IR,RED,20900,19435
IR,RED,20901,19425
IR,RED,20902,19432
IR,RED,20900,19435
IR,RED,20904,19432
IR,RED,20897,19440
IR,RED,20904,19439
IR,RED,20902,19436
IR,RED,20906,19433
IR,RED,20892,19429
IR,RED,20897,19437
IR,RED,20885,19437
IR,RED,20898,19421
IR,RED,20896,19417
IR,RED,20906,19412
IR,RED,20900,19416
IR,RED,20899,19414
IR,RED,20892,19417
IR,RED,20897,19413
IR,RED,20898,19403
IR,RED,20888,19405
IR,RED,20893,19413
IR,RED,20895,19397
IR,RED,20886,19403
IR,RED,20883,19396
IR,RED,20888,19395
IR,RED,20883,19396
IR,RED,20877,19402
IR,RED,20889,19391
IR,RED,20882,19389
IR,RED,20883,19382
IR,RED,20874,19378
IR,RED,20877,19396
IR,RED,20880,19384
IR,RED,20885,19382
IR,RED,20877,19385
IR,RED,20870,19380
IR,RED,20888,19381
IR,RED,20873,19379
IR,RED,20865,19372
IR,RED,20872,19378
IR,RED,20868,19369
IR,RED,20872,19370
IR,RED,20873,19369
IR,RED,20881,19378
IR,RED,20880,19372
IR,RED,20870,19381
IR,RED,20869,19376
IR,RED,20866,19376
IR,RED,20875,19369
IR,RED,20868,19378
IR,RED,20868,19375
IR,RED,20873,19379
IR,RED,20869,19384
IR,RED,20872,19375
IR,RED,20869,19372
IR,RED,20879,19386
IR,RED,20869,19381
IR,RED,20877,19378
IR,RED,20865,19381
IR,RED,20876,19387
IR,RED,20866,19390
IR,RED,20871,19375
IR,RED,20876,19380
IR,RED,20873,19376
IR,RED,20876,19384
IR,RED,20869,19383
IR,RED,20868,19375
IR,RED,20867,19389
IR,RED,20865,19378
IR,RED,20874,19384
IR,RED,20870,19383
IR,RED,20871,19387
IR,RED,20863,19394
IR,RED,20874,19387
IR,RED,20873,19387
IR,RED,20864,19389
IR,RED,20872,19378
IR,RED,20869,19381
IR,RED,20870,19380
IR,RED,20866,19389
IR,RED,20870,19375
IR,RED,20858,19367
IR,RED,20855,19372
IR,RED,20872,19376
IR,RED,20863,19374
IR,RED,20856,19369
IR,RED,20862,19354
IR,RED,20858,19359
IR,RED,20866,19362
IR,RED,20856,19361
IR,RED,20856,19371
IR,RED,20861,19357
IR,RED,20855,19356
IR,RED,20850,19361
IR,RED,20863,19359
IR,RED,20863,19363
IR,RED,20860,19359
IR,RED,20849,19355
IR,RED,20849,19362
IR,RED,20864,19360
IR,RED,20858,19360
IR,RED,20854,19363
IR,RED,20860,19354
IR,RED,20847,19357
IR,RED,20857,19356
IR,RED,20858,19351
IR,RED,20851,19361
IR,RED,20862,19356
IR,RED,20856,19357
IR,RED,20857,19359
IR,RED,20852,19361
IR,RED,20864,19357
IR,RED,20856,19352
IR,RED,20859,19352
IR,RED,20867,19366
IR,RED,20860,19362
IR,RED,20853,19363
IR,RED,20857,19369
IR,RED,20856,19363
IR,RED,20864,19355
IR,RED,20872,19367
IR,RED,20858,19367
IR,RED,20862,19364
IR,RED,20862,19366
IR,RED,20871,19364
IR,RED,20863,19354
IR,RED,20857,19361
IR,RED,20865,19372
IR,RED,20861,19364
IR,RED,20867,19365
IR,RED,20868,19368
IR,RED,20874,19371
IR,RED,20868,19366
IR,RED,20862,19363
IR,RED,20866,19361
IR,RED,20870,19368
IR,RED,20873,19373
IR,RED,20870,19375
IR,RED,20864,19371
IR,RED,20873,19364
IR,RED,20870,19364
IR,RED,20873,19371
IR,RED,20880,19357
IR,RED,20876,19367
IR,RED,20867,19359
IR,RED,20876,19354
IR,RED,20869,19358
IR,RED,20865,19356
IR,RED,20871,19353
IR,RED,20871,19353
IR,RED,20873,19347
IR,RED,20868,19352
IR,RED,20864,19346
IR,RED,20867,19342
IR,RED,20862,19340
IR,RED,20851,19334
IR,RED,20859,19343
IR,RED,20860,19340
IR,RED,20862,19342
IR,RED,20857,19334
IR,RED,20862,19337
IR,RED,20858,19329
IR,RED,20862,19327
IR,RED,20852,19336
IR,RED,20859,19335
IR,RED,20845,19337
IR,RED,20853,19334
IR,RED,20851,19331
IR,RED,20849,19330
IR,RED,20861,19328
IR,RED,20851,19332
IR,RED,20845,19325
IR,RED,20853,19336
IR,RED,20846,19325
IR,RED,20856,19326
IR,RED,20849,19326
IR,RED,20847,19329
IR,RED,20858,19325
IR,RED,20850,19334
IR,RED,20853,19316
IR,RED,20848,19336
IR,RED,20847,19334
IR,RED,20857,19321
IR,RED,20840,19330
IR,RED,20855,19324
IR,RED,20862,19329
IR,RED,20851,19323
IR,RED,20846,19329
IR,RED,20858,19324
IR,RED,20857,19330
IR,RED,20857,19329
IR,RED,20854,19331
IR,RED,20854,19326
IR,RED,20852,19338
IR,RED,20853,19328
IR,RED,20853,19331
IR,RED,20854,19335
IR,RED,20851,19318
IR,RED,20848,19327
IR,RED,20854,19318
IR,RED,20859,19330
IR,RED,20845,19323
IR,RED,20845,19322
IR,RED,20854,19329
IR,RED,20860,19326
IR,RED,20849,19334
IR,RED,20843,19326
IR,RED,20849,19332
IR,RED,20849,19321
IR,RED,20844,19326
IR,RED,20840,19323
IR,RED,20840,19315
IR,RED,20852,19318
IR,RED,20850,19312
IR,RED,20843,19308
IR,RED,20838,19301
IR,RED,20846,19310
IR,RED,20855,19304
IR,RED,20842,19309
IR,RED,20840,19309
IR,RED,20841,19306
IR,RED,20846,19302
IR,RED,20838,19304
IR,RED,20834,19298
IR,RED,20834,19290
IR,RED,20832,19292
IR,RED,20833,19296
IR,RED,20829,19283
IR,RED,20828,19279
IR,RED,20826,19291
IR,RED,20822,19289
IR,RED,20832,19290
IR,RED,20816,19291
IR,RED,20832,19291
IR,RED,20819,19288
IR,RED,20822,19278
IR,RED,20823,19276
IR,RED,20823,19283
IR,RED,20815,19281
IR,RED,20822,19274
IR,RED,20823,19282
IR,RED,20817,19276
IR,RED,20823,19283
IR,RED,20824,19275
IR,RED,20822,19285
IR,RED,20828,19277
IR,RED,20813,19279
IR,RED,20822,19282
IR,RED,20818,19277
IR,RED,20826,19283
IR,RED,20826,19276
IR,RED,20814,19283
IR,RED,20827,19281
IR,RED,20817,19292
IR,RED,20814,19279
IR,RED,20824,19275
IR,RED,20821,19277
IR,RED,20817,19277
IR,RED,20810,19284
IR,RED,20813,19278
IR,RED,20830,19278
IR,RED,20828,19278
IR,RED,20827,19278
IR,RED,20822,19283
IR,RED,20823,19288
IR,RED,20821,19267
IR,RED,20826,19280
IR,RED,20818,19287
IR,RED,20824,19280
IR,RED,20827,19280
IR,RED,20821,19287
IR,RED,20831,19284
IR,RED,20822,19289
IR,RED,20822,19286
IR,RED,20829,19274
IR,RED,20830,19277
IR,RED,20820,19273
IR,RED,20822,19278
IR,RED,20822,19263
IR,RED,20817,19265
IR,RED,20822,19268
IR,RED,20814,19273
IR,RED,20815,19268
IR,RED,20812,19279
IR,RED,20805,19265
IR,RED,20811,19257
IR,RED,20799,19268
IR,RED,20803,19263
IR,RED,20815,19258
IR,RED,20797,19259
IR,RED,20799,19256
IR,RED,20805,19255
IR,RED,20792,19258
IR,RED,20806,19259
IR,RED,20799,19269
IR,RED,20806,19255
IR,RED,20803,19258
IR,RED,20811,19256
IR,RED,20805,19262
IR,RED,20803,19258
IR,RED,20805,19246
IR,RED,20797,19250
IR,RED,20788,19253
IR,RED,20797,19251
IR,RED,20807,19255
IR,RED,20802,19253
IR,RED,20805,19263
IR,RED,20811,19252
IR,RED,20808,19264
IR,RED,20797,19250
IR,RED,20810,19261
IR,RED,20801,19250
IR,RED,20812,19264
IR,RED,20809,19256
IR,RED,20814,19255
IR,RED,20814,19257
IR,RED,20809,19263
IR,RED,20819,19261
IR,RED,20809,19256
IR,RED,20816,19259
IR,RED,20813,19251
IR,RED,20814,19262
IR,RED,20818,19269
IR,RED,20812,19261
IR,RED,20813,19262
IR,RED,20815,19258
IR,RED,20820,19260
IR,RED,20806,19276
IR,RED,20807,19274
IR,RED,20811,19265
IR,RED,20816,19263
IR,RED,20812,19271
IR,RED,20809,19265
IR,RED,20812,19262
IR,RED,20807,19271
IR,RED,20806,19268
IR,RED,20805,19260
IR,RED,20807,19263
IR,RED,20806,19268
IR,RED,20812,19270
IR,RED,20818,19266
IR,RED,20810,19267
IR,RED,20813,19260
IR,RED,20813,19260
IR,RED,20815,19247
IR,RED,20814,19247
IR,RED,20813,19246
IR,RED,20809,19250
IR,RED,20810,19239
IR,RED,20801,19244
IR,RED,20803,19238
IR,RED,20800,19241
IR,RED,20799,19239
IR,RED,20816,19240
IR,RED,20805,19239
IR,RED,20800,19243
IR,RED,20815,19236
IR,RED,20802,19238
IR,RED,20806,19237
IR,RED,20802,19219
IR,RED,20799,19235
IR,RED,20804,19231
IR,RED,20793,19223
IR,RED,20806,19226
IR,RED,20793,19230
IR,RED,20798,19228
IR,RED,20799,19224
IR,RED,20797,19238
IR,RED,20802,19235
IR,RED,20795,19232
IR,RED,20796,19223
IR,RED,20806,19226
IR,RED,20796,19223
IR,RED,20791,19220
IR,RED,20780,19219
IR,RED,20793,19212
IR,RED,20802,19218
IR,RED,20792,19226
IR,RED,20791,19218
IR,RED,20788,19218
IR,RED,20788,19223
IR,RED,20804,19224
IR,RED,20793,19235
IR,RED,20797,19230
IR,RED,20793,19217
IR,RED,20795,19223
IR,RED,20794,19220
IR,RED,20791,19220
IR,RED,20788,19219
IR,RED,20784,19220
IR,RED,20796,19223
IR,RED,20794,19208
IR,RED,20797,19215
IR,RED,20800,19219
IR,RED,20789,19220
IR,RED,20787,19224
IR,RED,20780,19224
IR,RED,20790,19217
IR,RED,20782,19218
IR,RED,20787,19215
IR,RED,20788,19230
IR,RED,20791,19217
IR,RED,20794,19214
IR,RED,20789,19215
IR,RED,20788,19225
IR,RED,20784,19217
IR,RED,20786,19207
IR,RED,20772,19220
IR,RED,20780,19206
IR,RED,20784,19211
IR,RED,20784,19202
IR,RED,20774,19192
IR,RED,20782,19195
IR,RED,20775,19197
IR,RED,20773,19193
IR,RED,20761,19189
IR,RED,20770,19187
IR,RED,20768,19183
IR,RED,20767,19182
IR,RED,20763,19184
IR,RED,20759,19184
IR,RED,20760,19181
IR,RED,20764,19174
IR,RED,20767,19181
IR,RED,20765,19175
IR,RED,20767,19164
IR,RED,20759,19169
IR,RED,20758,19166
IR,RED,20754,19171
IR,RED,20750,19178
IR,RED,20756,19168
IR,RED,20759,19162
IR,RED,20750,19159
IR,RED,20749,19169
IR,RED,20751,19166
IR,RED,20749,19164
IR,RED,20756,19160
IR,RED,20744,19174
IR,RED,20749,19162
IR,RED,20751,19160
IR,RED,20752,19151
IR,RED,20756,19156
IR,RED,20751,19162
IR,RED,20751,19162
IR,RED,20751,19169
IR,RED,20758,19168
IR,RED,20758,19154
IR,RED,20755,19161
IR,RED,20759,19160
IR,RED,20762,19167
IR,RED,20751,19165
IR,RED,20760,19165
IR,RED,20759,19173
IR,RED,20752,19155
IR,RED,20740,19156
IR,RED,20751,19153
IR,RED,20751,19168
IR,RED,20749,19163
IR,RED,20746,19168
IR,RED,20755,19159
IR,RED,20749,19169
IR,RED,20751,19168
IR,RED,20754,19165
IR,RED,20751,19171
IR,RED,20744,19171
IR,RED,20745,19168
IR,RED,20742,19175
IR,RED,20746,19167
IR,RED,20744,19162
IR,RED,20739,19147
IR,RED,20754,19154
IR,RED,20747,19159
IR,RED,20754,19146
IR,RED,20748,19153
IR,RED,20753,19156
IR,RED,20751,19148
IR,RED,20754,19145
IR,RED,20755,19152
IR,RED,20738,19148
IR,RED,20739,19140
IR,RED,20746,19146
IR,RED,20740,19133
IR,RED,20736,19136
IR,RED,20750,19135
IR,RED,20746,19146
IR,RED,20746,19148
IR,RED,20740,19154
IR,RED,20740,19136
IR,RED,20736,19143
IR,RED,20740,19142
IR,RED,20738,19142
IR,RED,20747,19147
IR,RED,20745,19138
IR,RED,20757,19144
IR,RED,20738,19137
IR,RED,20744,19142
IR,RED,20733,19139
IR,RED,20743,19138
IR,RED,20734,19135
IR,RED,20752,19138
IR,RED,20736,19123
IR,RED,20737,19137
IR,RED,20736,19142
IR,RED,20736,19135
IR,RED,20738,19143
IR,RED,20742,19135
IR,RED,20752,19138
IR,RED,20748,19138
IR,RED,20747,19142
IR,RED,20746,19145
IR,RED,20754,19140
IR,RED,20756,19147
IR,RED,20748,19144
IR,RED,20756,19133
IR,RED,20758,19150
IR,RED,20754,19148
IR,RED,20754,19154
IR,RED,20762,19145
IR,RED,20758,19146
IR,RED,20757,19148
IR,RED,20754,19148
IR,RED,20753,19145
IR,RED,20755,19153
IR,RED,20759,19148
IR,RED,20756,19150
IR,RED,20757,19158
IR,RED,20757,19159
IR,RED,20746,19154
IR,RED,20751,19153
IR,RED,20752,19156
IR,RED,20747,19161
IR,RED,20754,19165
IR,RED,20752,19150
IR,RED,20750,19154
IR,RED,20749,19149
IR,RED,20758,19153
IR,RED,20755,19145
IR,RED,20759,19142
IR,RED,20753,19150
IR,RED,20754,19135
IR,RED,20745,19136
IR,RED,20748,19129
IR,RED,20739,19119
IR,RED,20743,19132
IR,RED,20740,19129
IR,RED,20741,19125
IR,RED,20735,19127
IR,RED,20736,19120
IR,RED,20733,19121
IR,RED,20735,19115
IR,RED,20732,19116
IR,RED,20729,19123
IR,RED,20738,19112
IR,RED,20735,19116
IR,RED,20736,19109
IR,RED,20737,19118
IR,RED,20743,19117
IR,RED,20744,19112
IR,RED,20745,19110
IR,RED,20727,19111
IR,RED,20739,19108
IR,RED,20739,19124
IR,RED,20733,19115
IR,RED,20726,19110
IR,RED,20732,19111
IR,RED,20735,19110
IR,RED,20723,19121
IR,RED,20723,19111
IR,RED,20739,19112
IR,RED,20720,19116
IR,RED,20740,19107
IR,RED,20724,19098
IR,RED,20731,19116
IR,RED,20727,19108
IR,RED,20735,19108
IR,RED,20727,19109
IR,RED,20731,19108
IR,RED,20731,19103
IR,RED,20734,19098
IR,RED,20726,19101
IR,RED,20733,19106
IR,RED,20727,19110
IR,RED,20720,19100
IR,RED,20724,19101
IR,RED,20724,19115
IR,RED,20724,19105
IR,RED,20724,19099
IR,RED,20734,19110
IR,RED,20724,19108
IR,RED,20731,19104
IR,RED,20717,19118
IR,RED,20729,19104
IR,RED,20730,19106
IR,RED,20729,19102
IR,RED,20734,19106
IR,RED,20733,19117
IR,RED,20722,19097
IR,RED,20736,19100
IR,RED,20730,19092
IR,RED,20723,19082
IR,RED,20733,19081
IR,RED,20736,19080
IR,RED,20720,19089
IR,RED,20714,19073
IR,RED,20729,19073
IR,RED,20721,19070
IR,RED,20727,19076
IR,RED,20712,19063
IR,RED,20706,19073
IR,RED,20714,19057
IR,RED,20706,19060
IR,RED,20698,19054
IR,RED,20719,19056
IR,RED,20708,19054
IR,RED,20707,19053
IR,RED,20713,19054
IR,RED,20706,19046
IR,RED,20709,19046
IR,RED,20699,19053
IR,RED,20698,19045
IR,RED,20707,19050
IR,RED,20697,19046
IR,RED,20685,19046
IR,RED,20690,19056
IR,RED,20697,19050
IR,RED,20707,19051
IR,RED,20713,19044
IR,RED,20699,19053
IR,RED,20698,19043
IR,RED,20700,19044
IR,RED,20702,19048
IR,RED,20709,19051
IR,RED,20705,19050
IR,RED,20703,19048
IR,RED,20703,19043
IR,RED,20715,19051
IR,RED,20703,19046
IR,RED,20699,19055
IR,RED,20706,19055
IR,RED,20703,19057
IR,RED,20691,19050
IR,RED,20704,19058
IR,RED,20713,19060
IR,RED,20705,19048
IR,RED,20704,19057
IR,RED,20695,19057
IR,RED,20706,19053
IR,RED,20699,19051
IR,RED,20697,19062
IR,RED,20715,19058
IR,RED,20716,19064
IR,RED,20708,19054
IR,RED,20707,19058
IR,RED,20694,19051
IR,RED,20710,19053
IR,RED,20710,19059
IR,RED,20717,19058
IR,RED,20707,19065
IR,RED,20703,19064
IR,RED,20708,19059
IR,RED,20699,19048
IR,RED,20699,19049
IR,RED,20690,19039
IR,RED,20689,19042
IR,RED,20689,19038
IR,RED,20691,19030
IR,RED,20696,19033
IR,RED,20694,19036
IR,RED,20687,19032
IR,RED,20689,19023
IR,RED,20694,19029
IR,RED,20690,19032
IR,RED,20677,19025
IR,RED,20684,19009
IR,RED,20693,19029
IR,RED,20698,19025
IR,RED,20681,19033
IR,RED,20692,19018
IR,RED,20698,19018
IR,RED,20692,19029
IR,RED,20675,19017
IR,RED,20701,19032
IR,RED,20685,19023
IR,RED,20686,19017
IR,RED,20685,19022
IR,RED,20684,19019
IR,RED,20690,19026
IR,RED,20692,19028
IR,RED,20685,19034
IR,RED,20697,19033
IR,RED,20697,19031
IR,RED,20703,19033
IR,RED,20691,19028
IR,RED,20700,19025
IR,RED,20689,19023
IR,RED,20696,19039
IR,RED,20690,19031
IR,RED,20702,19033
IR,RED,20701,19034
IR,RED,20693,19041
IR,RED,20703,19034
IR,RED,20692,19039
IR,RED,20701,19045
IR,RED,20701,19043
IR,RED,20711,19049
IR,RED,20701,19031
IR,RED,20701,19040
IR,RED,20708,19052
IR,RED,20699,19047
IR,RED,20704,19048
IR,RED,20704,19049
IR,RED,20695,19040
IR,RED,20699,19048
IR,RED,20699,19050
IR,RED,20702,19045
IR,RED,20701,19052
IR,RED,20696,19050
IR,RED,20695,19051
IR,RED,20700,19051
IR,RED,20713,19052
IR,RED,20702,19066
IR,RED,20696,19062
IR,RED,20701,19063
IR,RED,20708,19063
IR,RED,20705,19057
IR,RED,20710,19057
IR,RED,20709,19058
IR,RED,20715,19054
IR,RED,20710,19048
IR,RED,20712,19049
IR,RED,20707,19044
IR,RED,20702,19043
IR,RED,20710,19032
IR,RED,20702,19044
IR,RED,20710,19038
IR,RED,20712,19034
IR,RED,20711,19050
IR,RED,20705,19041
IR,RED,20707,19044
IR,RED,20704,19035
IR,RED,20704,19032
IR,RED,20707,19029
IR,RED,20714,19040
IR,RED,20702,19025
IR,RED,20702,19037
IR,RED,20703,19032
IR,RED,20708,19045
IR,RED,20701,19042
IR,RED,20693,19043
IR,RED,20693,19045
IR,RED,20694,19028
IR,RED,20707,19030
IR,RED,20706,19032
IR,RED,20691,19042
IR,RED,20688,19038
IR,RED,20690,19040
IR,RED,20688,19041
IR,RED,20709,19041
IR,RED,20695,19040
IR,RED,20707,19041
IR,RED,20700,19046
IR,RED,20704,19051
IR,RED,20697,19040
IR,RED,20696,19040
IR,RED,20695,19057
IR,RED,20701,19046
IR,RED,20706,19053
IR,RED,20705,19055
IR,RED,20696,19046
IR,RED,20711,19046
IR,RED,20702,19049
IR,RED,20708,19051
IR,RED,20709,19047
IR,RED,20709,19050
IR,RED,20706,19054
IR,RED,20703,19052
IR,RED,20708,19052
IR,RED,20701,19062
IR,RED,20717,19048
IR,RED,20713,19047
IR,RED,20714,19054
IR,RED,20713,19050
IR,RED,20716,19057
IR,RED,20714,19058
IR,RED,20709,19059
IR,RED,20709,19065
IR,RED,20706,19056
IR,RED,20716,19052
IR,RED,20703,19063
IR,RED,20714,19055
IR,RED,20723,19053
IR,RED,20707,19050
IR,RED,20710,19049
IR,RED,20718,19045
IR,RED,20714,19043
IR,RED,20707,19030
IR,RED,20707,19038
IR,RED,20706,19034
IR,RED,20695,19030
IR,RED,20700,19035
IR,RED,20695,19029
IR,RED,20699,19028
IR,RED,20705,19023
IR,RED,20702,19023
IR,RED,20705,19024
IR,RED,20694,19020
IR,RED,20702,19020
IR,RED,20705,19033
IR,RED,20706,19024
IR,RED,20689,19029
IR,RED,20697,19018
IR,RED,20691,19015
IR,RED,20706,19018
IR,RED,20696,19022
IR,RED,20689,19015
IR,RED,20697,19020
IR,RED,20695,19020
IR,RED,20692,19024
IR,RED,20683,19014
IR,RED,20694,19016
IR,RED,20692,19024
IR,RED,20693,19018
IR,RED,20696,19014
IR,RED,20690,19015
IR,RED,20679,19021
IR,RED,20684,19018
IR,RED,20695,19016
IR,RED,20698,19018
IR,RED,20701,19027
IR,RED,20700,19016
IR,RED,20695,19021
IR,RED,20700,19026
IR,RED,20706,19031
IR,RED,20700,19026
IR,RED,20705,19030
IR,RED,20714,19029
IR,RED,20709,19029
IR,RED,20703,19021
IR,RED,20700,19027
IR,RED,20698,19018
IR,RED,20695,19029
IR,RED,20700,19019
IR,RED,20701,19033
IR,RED,20707,19027
IR,RED,20700,19032
IR,RED,20701,19022
IR,RED,20705,19027
IR,RED,20709,19044
IR,RED,20704,19038
IR,RED,20701,19037
IR,RED,20698,19025
IR,RED,20696,19014
IR,RED,20696,19017
IR,RED,20697,19014
IR,RED,20692,19007
IR,RED,20700,19019
IR,RED,20695,19001
IR,RED,20683,19002
IR,RED,20692,19003
IR,RED,20688,18998
IR,RED,20692,19000
IR,RED,20686,18994
IR,RED,20686,18995
IR,RED,20684,18987
IR,RED,20689,18998
IR,RED,20681,18990
IR,RED,20693,18991
IR,RED,20681,18991
IR,RED,20692,18982
IR,RED,20682,18982
IR,RED,20687,18989
IR,RED,20674,18985
IR,RED,20668,18985
IR,RED,20686,18982
IR,RED,20673,18981
IR,RED,20679,18985
IR,RED,20677,18975
IR,RED,20684,18984
IR,RED,20680,18985
IR,RED,20683,18989
IR,RED,20680,18985
IR,RED,20678,18984
IR,RED,20677,18980
IR,RED,20674,18984
IR,RED,20674,18980
IR,RED,20675,18981
IR,RED,20678,18973
IR,RED,20671,18985
IR,RED,20677,18984
IR,RED,20678,18977
IR,RED,20673,18988
IR,RED,20666,18986
IR,RED,20681,18984
IR,RED,20680,18987
IR,RED,20672,18990
IR,RED,20678,18994
IR,RED,20677,18994
IR,RED,20681,18993
IR,RED,20680,18982
IR,RED,20679,19002
IR,RED,20677,19000
IR,RED,20677,19000
IR,RED,20679,19007
IR,RED,20674,18999
IR,RED,20681,18985
IR,RED,20684,18997
IR,RED,20681,18999
IR,RED,20674,18996
IR,RED,20677,19000
IR,RED,20672,19006
IR,RED,20679,19001
IR,RED,20677,19014
IR,RED,20677,18999
IR,RED,20682,19015
IR,RED,20678,19008
IR,RED,20684,18991
IR,RED,20692,18998
IR,RED,20684,18995
IR,RED,20680,19000
IR,RED,20686,18989
IR,RED,20676,18994
IR,RED,20677,18985
IR,RED,20676,18984
IR,RED,20681,18987
IR,RED,20671,18987
IR,RED,20680,18980
IR,RED,20682,18972
IR,RED,20680,18980
IR,RED,20680,18986
IR,RED,20678,18979
IR,RED,20671,18980
IR,RED,20675,18987
IR,RED,20682,18984
IR,RED,20676,18985
IR,RED,20676,18991
IR,RED,20675,18987
IR,RED,20677,18980
IR,RED,20680,18988
IR,RED,20680,19002
IR,RED,20673,18987
IR,RED,20676,18988
IR,RED,20675,18984
IR,RED,20684,18994
IR,RED,20682,18983
IR,RED,20680,18995
IR,RED,20677,19001
IR,RED,20694,18995
IR,RED,20688,18995
IR,RED,20688,18997
IR,RED,20687,18992
IR,RED,20680,18997
IR,RED,20693,18998
IR,RED,20689,18997
IR,RED,20697,19004
IR,RED,20702,19001
IR,RED,20693,19006
IR,RED,20692,18996
IR,RED,20706,19010
IR,RED,20707,19007
IR,RED,20707,19009
IR,RED,20703,19005
IR,RED,20696,19012
IR,RED,20702,19009
IR,RED,20705,19012
IR,RED,20702,19008
IR,RED,20710,19012
IR,RED,20700,19018
IR,RED,20702,19020
IR,RED,20699,19019
IR,RED,20706,19024
IR,RED,20700,19021
IR,RED,20704,19023
IR,RED,20709,19024
IR,RED,20716,19023
IR,RED,20719,19037
IR,RED,20713,19024
IR,RED,20719,19031
IR,RED,20707,19035
IR,RED,20721,19034
IR,RED,20711,19037
IR,RED,20725,19029
IR,RED,20715,19031
IR,RED,20708,19028
IR,RED,20706,19016
IR,RED,20716,19017
IR,RED,20720,19006
IR,RED,20713,19020
IR,RED,20715,19007
IR,RED,20719,19011
IR,RED,20699,19011
IR,RED,20702,19010
IR,RED,20701,19002
IR,RED,20710,19000
IR,RED,20704,19009
IR,RED,20707,19007
IR,RED,20705,19004
IR,RED,20707,18996
IR,RED,20703,19004
IR,RED,20696,18997
IR,RED,20711,19007
IR,RED,20705,19012
IR,RED,20702,18996
IR,RED,20698,19004
IR,RED,20702,19008
IR,RED,20704,19012
IR,RED,20697,19003
IR,RED,20693,19008
IR,RED,20704,19001
IR,RED,20702,19002
IR,RED,20699,19010
IR,RED,20699,19009
IR,RED,20705,19014
IR,RED,20708,19004
IR,RED,20717,19005
IR,RED,20715,18999
IR,RED,20709,19008
IR,RED,20710,19002
IR,RED,20707,19005
IR,RED,20715,19001
IR,RED,20711,19010
IR,RED,20714,19006
IR,RED,20708,19005
IR,RED,20701,19000
IR,RED,20713,19018
IR,RED,20713,19011
IR,RED,20702,19000
IR,RED,20717,19015
IR,RED,20711,19020
IR,RED,20729,19013
IR,RED,20712,19010
IR,RED,20706,19017
IR,RED,20716,19022
IR,RED,20722,19012
IR,RED,20704,19023
IR,RED,20710,19029
IR,RED,20707,19010
IR,RED,20709,19018
IR,RED,20710,19013
IR,RED,20714,19016
IR,RED,20710,19017
IR,RED,20724,19015
IR,RED,20713,19022
IR,RED,20717,19017
IR,RED,20723,19014
IR,RED,20711,19016
IR,RED,20720,19018
IR,RED,20711,19021
IR,RED,20717,19028
IR,RED,20715,19013
IR,RED,20706,19016
IR,RED,20712,19018
IR,RED,20706,19005
IR,RED,20702,18999
IR,RED,20704,19001
IR,RED,20699,18995
IR,RED,20713,18995
IR,RED,20702,18994
IR,RED,20697,18989
IR,RED,20700,18994
IR,RED,20694,18991
IR,RED,20703,18987
IR,RED,20684,18982
IR,RED,20693,18993
IR,RED,20699,18980
IR,RED,20698,18995
IR,RED,20705,18980
IR,RED,20697,18980
IR,RED,20698,18975
IR,RED,20694,18980
IR,RED,20689,18979
IR,RED,20690,18985
IR,RED,20695,18979
IR,RED,20689,18975
IR,RED,20695,18982
IR,RED,20687,18978
IR,RED,20692,18971
IR,RED,20690,18985
IR,RED,20684,18978
IR,RED,20692,18980
IR,RED,20689,18976
IR,RED,20694,18978
IR,RED,20691,18968
IR,RED,20700,18975
IR,RED,20692,18971
IR,RED,20690,18973
IR,RED,20699,18984
IR,RED,20696,18982
IR,RED,20700,18974
IR,RED,20694,18980
IR,RED,20697,18986
IR,RED,20693,18978
IR,RED,20699,18979
IR,RED,20699,18976
IR,RED,20688,18979
IR,RED,20697,18986
IR,RED,20700,18983
IR,RED,20702,18985
IR,RED,20688,18989
IR,RED,20695,18988
IR,RED,20696,18986
IR,RED,20696,18993
IR,RED,20697,18984
IR,RED,20701,18979
IR,RED,20697,18986
IR,RED,20691,18983
IR,RED,20700,18994
IR,RED,20698,18991
IR,RED,20702,18988
IR,RED,20706,18994
IR,RED,20709,18998
IR,RED,20711,18994
IR,RED,20700,19004
IR,RED,20703,18990
IR,RED,20705,19002
IR,RED,20698,18998
IR,RED,20706,19005
IR,RED,20707,19005
IR,RED,20701,18997
IR,RED,20708,19004
IR,RED,20693,18988
IR,RED,20691,18985
IR,RED,20699,18991
IR,RED,20694,18979
IR,RED,20694,18979
IR,RED,20691,18978
IR,RED,20696,18961
IR,RED,20698,18967
IR,RED,20697,18982
IR,RED,20697,18977
IR,RED,20699,18978
IR,RED,20685,18978
IR,RED,20690,18977
IR,RED,20695,18970
IR,RED,20691,18970
IR,RED,20691,18962
IR,RED,20683,18966
IR,RED,20691,18968
IR,RED,20695,18963
IR,RED,20686,18969
IR,RED,20686,18970
IR,RED,20689,18967
IR,RED,20704,18970
IR,RED,20686,18963
IR,RED,20692,18959
IR,RED,20682,18967
IR,RED,20698,18974
IR,RED,20688,18986
IR,RED,20696,18968
IR,RED,20698,18970
IR,RED,20696,18975
IR,RED,20697,18977
IR,RED,20690,18976
IR,RED,20693,18974
IR,RED,20682,18976
IR,RED,20695,18976
IR,RED,20704,18967
IR,RED,20695,18971
IR,RED,20706,18982
IR,RED,20697,18982
IR,RED,20710,18969
IR,RED,20697,18983
IR,RED,20710,18995
IR,RED,20707,18984
IR,RED,20712,18980
IR,RED,20701,18978
IR,RED,20714,18990
IR,RED,20717,18982
IR,RED,20709,18995
IR,RED,20711,18989
IR,RED,20712,19000
IR,RED,20716,18995
IR,RED,20709,19001
IR,RED,20721,19007
IR,RED,20718,19005
IR,RED,20728,19004
IR,RED,20718,19012
IR,RED,20728,19017
IR,RED,20712,19016
IR,RED,20722,19007
IR,RED,20716,19001
IR,RED,20714,19008
IR,RED,20721,19009
IR,RED,20726,19012
IR,RED,20713,19005
IR,RED,20714,19013
IR,RED,20728,19024
IR,RED,20723,19028
IR,RED,20721,19029
IR,RED,20731,19023
IR,RED,20724,19025
IR,RED,20728,19030
IR,RED,20727,19023
IR,RED,20723,19020
IR,RED,20721,19012
IR,RED,20726,19011
IR,RED,20728,19006
IR,RED,20734,19006
IR,RED,20721,19005
IR,RED,20725,19009
IR,RED,20719,19009
IR,RED,20712,19009
IR,RED,20725,19001
IR,RED,20713,19003
IR,RED,20714,19010
IR,RED,20720,19010
IR,RED,20720,19010
IR,RED,20728,19018
IR,RED,20722,19012
IR,RED,20714,19008
IR,RED,20720,19007
IR,RED,20715,19008
IR,RED,20714,19002
IR,RED,20714,19019
IR,RED,20722,19020
IR,RED,20715,19015
IR,RED,20721,19013
IR,RED,20716,19012
IR,RED,20725,19015
IR,RED,20728,19015
IR,RED,20721,19016
IR,RED,20720,19008
IR,RED,20719,18999
IR,RED,20718,19013
IR,RED,20712,19008
IR,RED,20719,19019
IR,RED,20721,19008
IR,RED,20708,19017
IR,RED,20719,19016
IR,RED,20719,19011
IR,RED,20724,19019
IR,RED,20724,19021
IR,RED,20719,19005
IR,RED,20727,19025
IR,RED,20720,19019
IR,RED,20730,19018
IR,RED,20726,19027
IR,RED,20741,19022
IR,RED,20732,19029
IR,RED,20730,19029
IR,RED,20734,19034
IR,RED,20729,19022
IR,RED,20725,19023
IR,RED,20738,19032
IR,RED,20733,19025
IR,RED,20726,19028
IR,RED,20723,19030
IR,RED,20741,19028
IR,RED,20743,19040
IR,RED,20724,19031
IR,RED,20732,19037
IR,RED,20736,19043
IR,RED,20729,19039
IR,RED,20731,19034
IR,RED,20737,19043
IR,RED,20733,19044
IR,RED,20728,19038
IR,RED,20733,19034
IR,RED,20726,19038
IR,RED,20726,19037
IR,RED,20725,19034
IR,RED,20723,19030
IR,RED,20727,19034
IR,RED,20731,19031
IR,RED,20725,19030
IR,RED,20717,19015
IR,RED,20721,19017
IR,RED,20726,19006
IR,RED,20720,19021
IR,RED,20720,19013
IR,RED,20725,19005
IR,RED,20723,19007
IR,RED,20720,19009
IR,RED,20723,19014
IR,RED,20720,19008
IR,RED,20721,19002
IR,RED,20717,19005
IR,RED,20717,19001
IR,RED,20729,19002
IR,RED,20736,18990
IR,RED,20709,19003
IR,RED,20726,19006
IR,RED,20718,19001
IR,RED,20723,19002
IR,RED,20720,18999
IR,RED,20721,18993
IR,RED,20718,18996
IR,RED,20709,19012
IR,RED,20729,18994
IR,RED,20712,19008
IR,RED,20711,19002
IR,RED,20720,19003
IR,RED,20717,18998
IR,RED,20727,18997
IR,RED,20719,18990
IR,RED,20720,19004
IR,RED,20712,18997
IR,RED,20720,18998
IR,RED,20716,19000
IR,RED,20718,19001
IR,RED,20716,19000
IR,RED,20725,18999
IR,RED,20725,18999
IR,RED,20725,19009
IR,RED,20723,19007
IR,RED,20709,19004
IR,RED,20725,19002
IR,RED,20719,19010
IR,RED,20720,19006
IR,RED,20723,19008
IR,RED,20728,19008
IR,RED,20723,19005
IR,RED,20717,19010
IR,RED,20727,19011
IR,RED,20726,19013
IR,RED,20728,19010
IR,RED,20716,19014
IR,RED,20712,19011
IR,RED,20720,19012
IR,RED,20723,19013
IR,RED,20729,19006
IR,RED,20714,19010
IR,RED,20726,19014
IR,RED,20725,19025
IR,RED,20722,19024
IR,RED,20731,19021
IR,RED,20728,19012
IR,RED,20726,19010
IR,RED,20732,19019
IR,RED,20725,19020
IR,RED,20732,19018
IR,RED,20724,19010
IR,RED,20735,19015
IR,RED,20722,19009
IR,RED,20721,19000
IR,RED,20720,19009
IR,RED,20718,18994
IR,RED,20727,18992
IR,RED,20730,18996
IR,RED,20721,18995
IR,RED,20718,18985
IR,RED,20712,18984
IR,RED,20708,18983
IR,RED,20721,18993
IR,RED,20723,18972
IR,RED,20711,18983
IR,RED,20713,18980
IR,RED,20712,18994
IR,RED,20707,18983
IR,RED,20710,18981
IR,RED,20714,18995
IR,RED,20705,18978
IR,RED,20701,18980
IR,RED,20718,18976
IR,RED,20708,18982
IR,RED,20700,18972
IR,RED,20699,18979
IR,RED,20695,18974
IR,RED,20704,18976
IR,RED,20698,18977
IR,RED,20693,18978
IR,RED,20701,18986
IR,RED,20702,18982
IR,RED,20696,18978
IR,RED,20709,18974
IR,RED,20702,18981
IR,RED,20698,18978
IR,RED,20697,18977
IR,RED,20693,18971
IR,RED,20691,18971
IR,RED,20705,18983
IR,RED,20699,18975
IR,RED,20708,18984
IR,RED,20713,18979
IR,RED,20710,18979
IR,RED,20703,18979
IR,RED,20706,18990
IR,RED,20700,18983
IR,RED,20707,18984
IR,RED,20707,18996
IR,RED,20712,18988
IR,RED,20719,18993
IR,RED,20709,18998
IR,RED,20718,18993
IR,RED,20713,18996
IR,RED,20708,18982
IR,RED,20713,18990
IR,RED,20698,18996
IR,RED,20702,18992
IR,RED,20706,18989
IR,RED,20707,18997
IR,RED,20717,18999
IR,RED,20719,19001
IR,RED,20706,18995
IR,RED,20707,19015
IR,RED,20709,18993
IR,RED,20706,19001
IR,RED,20709,19002
IR,RED,20723,19006
IR,RED,20706,18999
IR,RED,20714,19005
IR,RED,20710,18996
IR,RED,20696,18998
IR,RED,20699,18986
IR,RED,20690,18988
IR,RED,20698,18982
IR,RED,20696,18975
IR,RED,20689,18978
IR,RED,20688,18977
IR,RED,20691,18978
IR,RED,20704,18976
IR,RED,20690,18982
IR,RED,20695,18975
IR,RED,20684,18973
IR,RED,20701,18980
IR,RED,20696,18977
IR,RED,20687,18977
IR,RED,20684,18979
IR,RED,20691,18978
IR,RED,20699,18981
IR,RED,20689,18977
IR,RED,20688,18978
IR,RED,20701,18983
IR,RED,20684,18974
IR,RED,20699,18986
IR,RED,20686,18978
IR,RED,20691,18982
IR,RED,20697,18981
IR,RED,20695,18978
IR,RED,20694,18983
IR,RED,20696,18977
IR,RED,20697,18968
IR,RED,20695,18976
IR,RED,20700,18981
IR,RED,20700,18986
IR,RED,20694,18971
IR,RED,20705,18983
IR,RED,20705,18979
IR,RED,20700,18983
IR,RED,20700,18983
IR,RED,20703,18984
IR,RED,20702,18986
IR,RED,20701,18991
IR,RED,20715,18999
IR,RED,20709,18992
IR,RED,20703,18992
IR,RED,20716,18996
IR,RED,20705,18985
IR,RED,20713,18990
IR,RED,20709,18996
IR,RED,20719,18991
IR,RED,20716,18998
IR,RED,20721,19001
IR,RED,20716,19000
IR,RED,20715,19003
IR,RED,20711,19007
IR,RED,20712,18993
IR,RED,20720,19004
IR,RED,20717,19006
IR,RED,20714,19011
IR,RED,20720,19007
IR,RED,20707,19005
IR,RED,20719,19010
IR,RED,20711,19005
IR,RED,20711,19018
IR,RED,20709,19016
IR,RED,20711,19017
IR,RED,20711,19018
IR,RED,20720,19007
IR,RED,20722,19000
IR,RED,20713,19003
IR,RED,20705,18996
IR,RED,20706,18995
IR,RED,20713,18986
IR,RED,20706,18989
IR,RED,20706,18983
IR,RED,20693,18976
IR,RED,20695,18984
IR,RED,20700,18975
IR,RED,20702,18976
IR,RED,20693,18978
IR,RED,20703,18981
IR,RED,20692,18987
IR,RED,20688,18972
IR,RED,20697,18982
IR,RED,20694,18972
IR,RED,20685,18961
IR,RED,20693,18965
IR,RED,20691,18959
IR,RED,20682,18971
IR,RED,20690,18963
IR,RED,20689,18970
IR,RED,20697,18961
IR,RED,20696,18965
IR,RED,20694,18961
IR,RED,20696,18975
IR,RED,20696,18975
IR,RED,20688,18976
IR,RED,20691,18977
IR,RED,20692,18971
IR,RED,20686,18967
IR,RED,20697,18973
IR,RED,20698,18976
IR,RED,20693,18981
IR,RED,20696,18965
IR,RED,20699,18977
IR,RED,20693,18974
IR,RED,20690,18972
IR,RED,20690,18966
IR,RED,20682,18978
IR,RED,20702,18964
IR,RED,20690,18968
IR,RED,20702,18976
IR,RED,20702,18979
IR,RED,20699,18973
IR,RED,20699,18970
IR,RED,20709,18971
IR,RED,20696,18990
IR,RED,20686,18975
IR,RED,20705,18974
IR,RED,20713,18975
IR,RED,20692,18990
IR,RED,20692,18983
IR,RED,20703,18975
IR,RED,20695,18980
IR,RED,20694,18986
IR,RED,20696,18980
IR,RED,20699,18983
IR,RED,20692,18977
IR,RED,20685,18988
IR,RED,20689,18988
IR,RED,20687,18984
IR,RED,20683,18993
IR,RED,20689,18973
IR,RED,20688,18982
IR,RED,20694,18979
IR,RED,20682,18982
IR,RED,20688,18979
IR,RED,20688,18960
IR,RED,20683,18969
IR,RED,20679,18958
IR,RED,20669,18947
IR,RED,20681,18957
IR,RED,20675,18943
IR,RED,20669,18938
IR,RED,20673,18937
IR,RED,20673,18948
IR,RED,20673,18944
IR,RED,20665,18943
IR,RED,20668,18940
IR,RED,20668,18937
IR,RED,20669,18940
IR,RED,20668,18940
IR,RED,20672,18941
IR,RED,20671,18932
IR,RED,20666,18939
IR,RED,20665,18941
IR,RED,20667,18934
IR,RED,20659,18933
IR,RED,20666,18937
IR,RED,20671,18933
IR,RED,20670,18942
IR,RED,20656,18930
IR,RED,20663,18934
IR,RED,20676,18930
IR,RED,20663,18927
IR,RED,20672,18935
IR,RED,20657,18926
IR,RED,20667,18927
IR,RED,20668,18929
IR,RED,20665,18935
IR,RED,20666,18931
IR,RED,20669,18928
IR,RED,20667,18928
IR,RED,20667,18931
IR,RED,20669,18929
IR,RED,20675,18935
IR,RED,20669,18929
IR,RED,20672,18923
IR,RED,20665,18932
IR,RED,20666,18928
IR,RED,20674,18932
IR,RED,20672,18940
IR,RED,20676,18938
IR,RED,20673,18942
IR,RED,20667,18940
IR,RED,20673,18946
IR,RED,20667,18938
IR,RED,20679,18947
IR,RED,20677,18936
IR,RED,20679,18943
IR,RED,20665,18929
IR,RED,20666,18940
IR,RED,20675,18942
IR,RED,20664,18949
IR,RED,20670,18948
IR,RED,20673,18959
IR,RED,20675,18946
IR,RED,20669,18944
IR,RED,20656,18954
IR,RED,20668,18954
IR,RED,20675,18956
IR,RED,20672,18943
IR,RED,20669,18949
IR,RED,20673,18952
IR,RED,20676,18954
IR,RED,20676,18956
IR,RED,20658,18946
IR,RED,20666,18939
IR,RED,20670,18941
IR,RED,20660,18933
IR,RED,20667,18933
IR,RED,20657,18930
IR,RED,20660,18926
IR,RED,20665,18928
IR,RED,20660,18921
IR,RED,20667,18928
IR,RED,20663,18918
IR,RED,20647,18930
IR,RED,20658,18925
IR,RED,20654,18926
IR,RED,20658,18914
IR,RED,20654,18932
IR,RED,20657,18916
IR,RED,20653,18923
IR,RED,20660,18913
IR,RED,20653,18920
IR,RED,20655,18925
IR,RED,20657,18922
IR,RED,20648,18916
IR,RED,20660,18925
IR,RED,20657,18919
IR,RED,20642,18929
IR,RED,20658,18929
IR,RED,20656,18929
IR,RED,20655,18916
IR,RED,20652,18934
IR,RED,20657,18930
IR,RED,20655,18925
IR,RED,20651,18926
IR,RED,20661,18922
IR,RED,20652,18921
IR,RED,20660,18927
IR,RED,20666,18928
IR,RED,20665,18928
IR,RED,20646,18927
IR,RED,20658,18929
IR,RED,20665,18930
IR,RED,20664,18937
IR,RED,20659,18939
IR,RED,20671,18931
IR,RED,20671,18924
IR,RED,20662,18931
IR,RED,20668,18930
IR,RED,20662,18942
IR,RED,20667,18939
IR,RED,20672,18941
IR,RED,20678,18938
IR,RED,20671,18941
IR,RED,20671,18945
IR,RED,20661,18942
IR,RED,20673,18947
IR,RED,20669,18939
IR,RED,20666,18944
IR,RED,20668,18944
IR,RED,20666,18949
IR,RED,20675,18951
IR,RED,20670,18955
IR,RED,20661,18944
IR,RED,20669,18944
IR,RED,20670,18945
IR,RED,20666,18949
IR,RED,20664,18948
IR,RED,20661,18945
IR,RED,20664,18951
IR,RED,20670,18940
IR,RED,20659,18937
IR,RED,20666,18938
IR,RED,20659,18930
IR,RED,20657,18927
IR,RED,20667,18926
IR,RED,20656,18926
IR,RED,20649,18918
IR,RED,20651,18912
IR,RED,20655,18918
IR,RED,20646,18913
IR,RED,20651,18905
IR,RED,20649,18909
IR,RED,20643,18917
IR,RED,20645,18914
IR,RED,20639,18917
IR,RED,20653,18906
IR,RED,20640,18904
IR,RED,20651,18908
IR,RED,20644,18909
IR,RED,20639,18904
IR,RED,20647,18908
IR,RED,20636,18895
IR,RED,20641,18894
IR,RED,20645,18904
IR,RED,20640,18895
IR,RED,20636,18906
IR,RED,20634,18904
IR,RED,20642,18902
IR,RED,20634,18900
IR,RED,20642,18903
IR,RED,20632,18902
IR,RED,20624,18898
IR,RED,20629,18896
IR,RED,20646,18895
IR,RED,20641,18906
IR,RED,20647,18904
IR,RED,20648,18910
IR,RED,20641,18904
IR,RED,20633,18898
IR,RED,20643,18904
IR,RED,20634,18913
IR,RED,20626,18905
IR,RED,20637,18904
IR,RED,20634,18908
IR,RED,20637,18904
IR,RED,20638,18914
IR,RED,20631,18908
IR,RED,20646,18906
IR,RED,20648,18911
IR,RED,20636,18912
IR,RED,20636,18910
IR,RED,20633,18911
IR,RED,20632,18908
IR,RED,20641,18910
IR,RED,20634,18903
IR,RED,20629,18904
IR,RED,20640,18904
IR,RED,20645,18917
IR,RED,20630,18912
IR,RED,20638,18920
IR,RED,20637,18910
IR,RED,20632,18913
IR,RED,20637,18900
IR,RED,20639,18909
IR,RED,20646,18903
IR,RED,20631,18898
IR,RED,20626,18885
IR,RED,20624,18892
IR,RED,20635,18884
IR,RED,20625,18886
IR,RED,20632,18882
IR,RED,20614,18881
IR,RED,20620,18871
IR,RED,20614,18873
IR,RED,20613,18869
IR,RED,20606,18871
IR,RED,20621,18875
IR,RED,20626,18879
IR,RED,20619,18874
IR,RED,20619,18866
IR,RED,20604,18868
IR,RED,20618,18866
IR,RED,20606,18861
IR,RED,20611,18875
IR,RED,20597,18854
IR,RED,20593,18859
IR,RED,20600,18866
IR,RED,20600,18860
IR,RED,20609,18864
IR,RED,20598,18856
IR,RED,20596,18854
IR,RED,20603,18855
IR,RED,20601,18848
IR,RED,20610,18852
IR,RED,20594,18863
IR,RED,20595,18847
IR,RED,20599,18849
IR,RED,20610,18859
IR,RED,20606,18856
IR,RED,20607,18860
IR,RED,20612,18857
IR,RED,20621,18854
IR,RED,20614,18860
IR,RED,20611,18862
IR,RED,20601,18864
IR,RED,20608,18848
IR,RED,20600,18858
IR,RED,20611,18860
IR,RED,20602,18855
IR,RED,20596,18851
IR,RED,20606,18862
IR,RED,20612,18857
IR,RED,20609,18849
IR,RED,20597,18853
IR,RED,20611,18860
IR,RED,20611,18861
IR,RED,20614,18846
IR,RED,20609,18856
IR,RED,20607,18864
IR,RED,20609,18863
IR,RED,20608,18860
IR,RED,20609,18862
IR,RED,20608,18861
IR,RED,20598,18867
IR,RED,20588,18859
IR,RED,20589,18861
IR,RED,20589,18864
IR,RED,20596,18871
IR,RED,20600,18869
IR,RED,20599,18861
IR,RED,20588,18860
IR,RED,20589,18863
IR,RED,20591,18860
IR,RED,20603,18853
IR,RED,20587,18849
IR,RED,20581,18843
IR,RED,20597,18839
IR,RED,20588,18835
IR,RED,20578,18832
IR,RED,20584,18829
IR,RED,20572,18833
IR,RED,20567,18825
IR,RED,20572,18822
IR,RED,20570,18824
IR,RED,20572,18825
IR,RED,20576,18825
IR,RED,20561,18817
IR,RED,20562,18820
IR,RED,20571,18822
IR,RED,20566,18812
IR,RED,20562,18818
IR,RED,20564,18809
IR,RED,20566,18820
IR,RED,20563,18815
IR,RED,20574,18812
IR,RED,20564,18811
IR,RED,20560,18815
IR,RED,20562,18819
IR,RED,20566,18812
IR,RED,20572,18821
IR,RED,20569,18820
IR,RED,20564,18810
IR,RED,20573,18810
IR,RED,20555,18819
IR,RED,20560,18809
IR,RED,20563,18801
IR,RED,20558,18804
IR,RED,20553,18808
IR,RED,20558,18812
IR,RED,20559,18819
IR,RED,20567,18808
IR,RED,20556,18805
IR,RED,20549,18811
IR,RED,20550,18820
IR,RED,20566,18808
IR,RED,20559,18818
IR,RED,20561,18822
IR,RED,20570,18801
IR,RED,20566,18808
IR,RED,20558,18808
IR,RED,20564,18814
IR,RED,20560,18817
IR,RED,20563,18817
IR,RED,20559,18815
IR,RED,20559,18816
IR,RED,20552,18808
IR,RED,20550,18812
IR,RED,20557,18815
IR,RED,20557,18818
IR,RED,20550,18811
IR,RED,20552,18814
IR,RED,20547,18811
IR,RED,20547,18817
IR,RED,20546,18813
IR,RED,20541,18818
IR,RED,20546,18814
IR,RED,20542,18818
IR,RED,20544,18811
IR,RED,20542,18807
IR,RED,20541,18799
IR,RED,20538,18800
IR,RED,20532,18792
IR,RED,20534,18791
IR,RED,20542,18793
IR,RED,20533,18789
IR,RED,20535,18797
IR,RED,20534,18786
IR,RED,20543,18783
IR,RED,20542,18784
IR,RED,20540,18774
IR,RED,20527,18777
IR,RED,20534,18780
IR,RED,20537,18779
IR,RED,20533,18786
IR,RED,20535,18780
IR,RED,20542,18784
IR,RED,20535,18778
IR,RED,20541,18787
IR,RED,20540,18789
IR,RED,20538,18783
IR,RED,20540,18790
IR,RED,20535,18785
IR,RED,20533,18790
IR,RED,20537,18781
IR,RED,20537,18774
IR,RED,20548,18779
IR,RED,20531,18768
IR,RED,20535,18774
IR,RED,20542,18786
IR,RED,20530,18781
IR,RED,20528,18780
IR,RED,20531,18783
IR,RED,20544,18785
IR,RED,20545,18785
IR,RED,20540,18784
IR,RED,20540,18792
IR,RED,20540,18784
IR,RED,20532,18793
IR,RED,20537,18790
IR,RED,20552,18796
IR,RED,20535,18794
IR,RED,20541,18794
IR,RED,20536,18799
IR,RED,20550,18794
IR,RED,20544,18799
IR,RED,20546,18799
IR,RED,20544,18804
IR,RED,20557,18803
IR,RED,20546,18802
IR,RED,20557,18803
IR,RED,20553,18816
IR,RED,20546,18820
IR,RED,20545,18811
IR,RED,20550,18809
IR,RED,20559,18814
IR,RED,20562,18810
IR,RED,20554,18807
IR,RED,20549,18811
IR,RED,20558,18803
IR,RED,20557,18804
IR,RED,20547,18798
IR,RED,20548,18798
IR,RED,20538,18791
IR,RED,20551,18798
IR,RED,20535,18791
IR,RED,20541,18782
IR,RED,20540,18785
IR,RED,20546,18783
IR,RED,20535,18777
IR,RED,20538,18786
IR,RED,20528,18774
IR,RED,20542,18782
IR,RED,20536,18779
IR,RED,20539,18784
IR,RED,20547,18780
IR,RED,20535,18787
IR,RED,20535,18788
IR,RED,20523,18787
IR,RED,20533,18783
IR,RED,20535,18783
IR,RED,20523,18776
IR,RED,20529,18786
IR,RED,20528,18788
IR,RED,20522,18793
IR,RED,20530,18785
IR,RED,20527,18785
IR,RED,20526,18784
IR,RED,20533,18774
IR,RED,20527,18776
IR,RED,20528,18784
IR,RED,20530,18782
IR,RED,20531,18776
IR,RED,20539,18772
IR,RED,20524,18783
IR,RED,20529,18780
IR,RED,20522,18787
IR,RED,20528,18786
IR,RED,20523,18788
IR,RED,20542,18789
IR,RED,20543,18793
IR,RED,20533,18780
IR,RED,20551,18800
IR,RED,20532,18793
IR,RED,20534,18787
IR,RED,20529,18787
IR,RED,20525,18793
IR,RED,20524,18785
IR,RED,20533,18799
IR,RED,20535,18791
IR,RED,20536,18785
IR,RED,20523,18792
IR,RED,20535,18797
IR,RED,20531,18792
IR,RED,20527,18791
IR,RED,20530,18795
IR,RED,20532,18800
IR,RED,20544,18801
IR,RED,20535,18791
IR,RED,20533,18783
IR,RED,20530,18784
IR,RED,20533,18764
IR,RED,20521,18783
IR,RED,20522,18775
IR,RED,20520,18769
IR,RED,20518,18774
IR,RED,20508,18763
IR,RED,20517,18761
IR,RED,20508,18756
IR,RED,20515,18758
IR,RED,20520,18758
IR,RED,20512,18758
IR,RED,20514,18760
IR,RED,20519,18754
IR,RED,20517,18747
IR,RED,20514,18756
IR,RED,20512,18754
IR,RED,20512,18750
IR,RED,20513,18755
IR,RED,20516,18757
IR,RED,20514,18762
IR,RED,20516,18751
IR,RED,20510,18746
IR,RED,20518,18743
IR,RED,20513,18738
IR,RED,20515,18755
IR,RED,20518,18749
IR,RED,20511,18742
IR,RED,20515,18751
IR,RED,20512,18733
IR,RED,20508,18730
IR,RED,20511,18734
IR,RED,20509,18733
IR,RED,20505,18735
IR,RED,20513,18734
IR,RED,20502,18739
IR,RED,20509,18738
IR,RED,20515,18732
IR,RED,20509,18732
IR,RED,20520,18734
IR,RED,20516,18736
IR,RED,20514,18740
IR,RED,20510,18739
IR,RED,20517,18738
IR,RED,20500,18743
IR,RED,20511,18731
IR,RED,20498,18738
IR,RED,20507,18730
IR,RED,20507,18729
IR,RED,20496,18737
IR,RED,20500,18738
IR,RED,20494,18732
IR,RED,20499,18725
IR,RED,20500,18733
IR,RED,20504,18731
IR,RED,20492,18727
IR,RED,20501,18728
IR,RED,20489,18730
IR,RED,20496,18726
IR,RED,20488,18725
IR,RED,20491,18717
IR,RED,20485,18714
IR,RED,20485,18711
IR,RED,20485,18706
IR,RED,20482,18692
IR,RED,20481,18716
IR,RED,20473,18698
IR,RED,20474,18707
IR,RED,20481,18678
IR,RED,20486,18699
IR,RED,20478,18694
IR,RED,20475,18701
IR,RED,20474,18689
IR,RED,20478,18694
IR,RED,20478,18688
IR,RED,20470,18688
IR,RED,20468,18687
IR,RED,20466,18685
IR,RED,20470,18671
IR,RED,20474,18678
IR,RED,20471,18682
IR,RED,20468,18683
IR,RED,20476,18683
IR,RED,20479,18684
IR,RED,20474,18671
IR,RED,20474,18684
IR,RED,20469,18676
IR,RED,20469,18680
IR,RED,20470,18687
IR,RED,20478,18684
IR,RED,20466,18682
IR,RED,20465,18675
IR,RED,20475,18671
IR,RED,20470,18682
IR,RED,20471,18681
IR,RED,20462,18673
IR,RED,20470,18681
IR,RED,20467,18678
IR,RED,20470,18682
IR,RED,20470,18684
IR,RED,20468,18682
IR,RED,20468,18679
IR,RED,20470,18686
IR,RED,20470,18680
IR,RED,20477,18689
IR,RED,20473,18675
IR,RED,20470,18683
IR,RED,20468,18686
IR,RED,20468,18686
IR,RED,20460,18685
IR,RED,20470,18691
IR,RED,20475,18689
IR,RED,20466,18688
IR,RED,20465,18692
IR,RED,20465,18691
IR,RED,20465,18686
IR,RED,20463,18688
IR,RED,20469,18692
IR,RED,20471,18685
IR,RED,20466,18699
IR,RED,20461,18692
IR,RED,20472,18692
IR,RED,20466,18698
IR,RED,20464,18697
IR,RED,20453,18691
IR,RED,20474,18688
IR,RED,20463,18685
IR,RED,20465,18677
IR,RED,20468,18681
IR,RED,20453,18670
IR,RED,20449,18673
IR,RED,20455,18673
IR,RED,20443,18668
IR,RED,20449,18668
IR,RED,20445,18670
IR,RED,20453,18670
IR,RED,20448,18675
IR,RED,20443,18669
IR,RED,20443,18658
IR,RED,20447,18658
IR,RED,20438,18659
IR,RED,20441,18661
IR,RED,20447,18660
IR,RED,20457,18656
IR,RED,20445,18656
IR,RED,20443,18663
IR,RED,20441,18667
IR,RED,20443,18667
IR,RED,20437,18656
IR,RED,20440,18661
IR,RED,20437,18665
IR,RED,20443,18657
IR,RED,20438,18668
IR,RED,20440,18658
IR,RED,20444,18668
IR,RED,20441,18664
IR,RED,20445,18660
IR,RED,20438,18654
IR,RED,20438,18665
IR,RED,20438,18667
IR,RED,20451,18662
IR,RED,20444,18672
IR,RED,20445,18673
IR,RED,20440,18676
IR,RED,20446,18677
IR,RED,20440,18677
IR,RED,20446,18669
IR,RED,20463,18676
IR,RED,20450,18681
IR,RED,20444,18678
IR,RED,20442,18685
IR,RED,20449,18687
IR,RED,20450,18682
IR,RED,20450,18691
IR,RED,20452,18684
IR,RED,20463,18693
IR,RED,20461,18682
IR,RED,20443,18687
IR,RED,20455,18687
IR,RED,20455,18696
IR,RED,20455,18697
IR,RED,20459,18703
IR,RED,20457,18702
IR,RED,20463,18695
IR,RED,20456,18704
IR,RED,20455,18709
IR,RED,20465,18711
IR,RED,20464,18711
IR,RED,20476,18698
IR,RED,20468,18693
IR,RED,20468,18706
IR,RED,20465,18699
IR,RED,20464,18707
IR,RED,20459,18695
IR,RED,20468,18695
IR,RED,20465,18686
IR,RED,20466,18694
IR,RED,20460,18684
IR,RED,20481,18681
IR,RED,20472,18686
IR,RED,20451,18675
IR,RED,20454,18692
IR,RED,20465,18682
IR,RED,20463,18672
IR,RED,20461,18676
IR,RED,20463,18690
IR,RED,20461,18666
IR,RED,20457,18670
IR,RED,20467,18679
IR,RED,20465,18680
IR,RED,20463,18680
IR,RED,20465,18676
IR,RED,20466,18683
IR,RED,20460,18673
IR,RED,20463,18680
IR,RED,20463,18672
IR,RED,20461,18674
IR,RED,20462,18676
IR,RED,20453,18676
IR,RED,20461,18670
IR,RED,20467,18678
IR,RED,20454,18670
IR,RED,20453,18679
IR,RED,20465,18681
IR,RED,20465,18678
IR,RED,20460,18686
IR,RED,20449,18684
IR,RED,20459,18680
IR,RED,20457,18679
IR,RED,20463,18679
IR,RED,20463,18674
IR,RED,20468,18680
IR,RED,20455,18682
IR,RED,20467,18678
IR,RED,20470,18687
IR,RED,20453,18682
IR,RED,20465,18691
IR,RED,20457,18684
IR,RED,20460,18682
IR,RED,20455,18682
IR,RED,20477,18682
IR,RED,20458,18681
IR,RED,20455,18680
IR,RED,20457,18685
IR,RED,20469,18687
IR,RED,20468,18688
IR,RED,20465,18682
IR,RED,20466,18697
IR,RED,20472,18688
IR,RED,20467,18696
IR,RED,20458,18693
IR,RED,20473,18694
IR,RED,20476,18695
IR,RED,20458,18691
IR,RED,20461,18700
IR,RED,20460,18696
IR,RED,20463,18691
IR,RED,20465,18692
IR,RED,20453,18688
IR,RED,20467,18686
IR,RED,20469,18682
IR,RED,20467,18694
IR,RED,20456,18671
IR,RED,20451,18673
IR,RED,20461,18669
IR,RED,20459,18671
IR,RED,20458,18670
IR,RED,20463,18670
IR,RED,20454,18665
IR,RED,20447,18659
IR,RED,20452,18668
IR,RED,20453,18660
IR,RED,20456,18661
IR,RED,20452,18657
IR,RED,20450,18665
IR,RED,20453,18656
IR,RED,20446,18659
IR,RED,20449,18658
IR,RED,20462,18657
IR,RED,20453,18647
IR,RED,20454,18657
IR,RED,20451,18657
IR,RED,20455,18640
IR,RED,20436,18646
IR,RED,20444,18641
IR,RED,20446,18656
IR,RED,20449,18643
IR,RED,20444,18648
IR,RED,20437,18653
IR,RED,20448,18644
IR,RED,20436,18641
IR,RED,20436,18646
IR,RED,20437,18651
IR,RED,20435,18643
IR,RED,20443,18646
IR,RED,20450,18649
IR,RED,20437,18641
IR,RED,20432,18645
IR,RED,20438,18638
IR,RED,20441,18649
IR,RED,20439,18643
IR,RED,20444,18650
IR,RED,20443,18646
IR,RED,20441,18646
IR,RED,20453,18638
IR,RED,20446,18650
IR,RED,20451,18653
IR,RED,20446,18658
IR,RED,20439,18643
IR,RED,20436,18653
IR,RED,20445,18645
IR,RED,20451,18649
IR,RED,20447,18648
IR,RED,20434,18656
IR,RED,20443,18657
IR,RED,20439,18652
IR,RED,20437,18655
IR,RED,20437,18651
IR,RED,20442,18643
IR,RED,20438,18653
IR,RED,20442,18652
IR,RED,20440,18648
IR,RED,20441,18648
IR,RED,20445,18651
IR,RED,20447,18657
IR,RED,20441,18647
IR,RED,20448,18654
IR,RED,20439,18634
IR,RED,20441,18639
IR,RED,20432,18629
IR,RED,20435,18622
IR,RED,20431,18632
IR,RED,20436,18627
IR,RED,20416,18630
IR,RED,20429,18614
IR,RED,20431,18610
IR,RED,20423,18619
IR,RED,20417,18607
IR,RED,20423,18614
IR,RED,20418,18602
IR,RED,20413,18601
IR,RED,20413,18611
IR,RED,20409,18601
IR,RED,20409,18609
IR,RED,20409,18607
IR,RED,20410,18614
IR,RED,20400,18609
IR,RED,20402,18602
IR,RED,20408,18602
IR,RED,20414,18610
IR,RED,20402,18613
IR,RED,20417,18607
IR,RED,20413,18598
IR,RED,20398,18607
IR,RED,20405,18602
IR,RED,20406,18600
IR,RED,20404,18602
IR,RED,20402,18604
IR,RED,20410,18605
IR,RED,20405,18596
IR,RED,20405,18605
IR,RED,20420,18609
IR,RED,20408,18610
IR,RED,20392,18611
IR,RED,20409,18612
IR,RED,20395,18604
IR,RED,20413,18602
IR,RED,20404,18601
IR,RED,20402,18602
IR,RED,20405,18601
IR,RED,20407,18604
IR,RED,20396,18607
IR,RED,20412,18618
IR,RED,20399,18616
IR,RED,20403,18607
IR,RED,20408,18615
IR,RED,20404,18620
IR,RED,20401,18624
IR,RED,20397,18611
IR,RED,20397,18614
IR,RED,20400,18612
IR,RED,20399,18618
IR,RED,20406,18622
IR,RED,20400,18614
IR,RED,20407,18617
IR,RED,20401,18624
IR,RED,20405,18615
IR,RED,20409,18627
IR,RED,20403,18625
IR,RED,20408,18628
IR,RED,20408,18629
IR,RED,20412,18624
IR,RED,20404,18625
IR,RED,20407,18625
IR,RED,20408,18617
IR,RED,20410,18615
IR,RED,20413,18613
IR,RED,20407,18608
IR,RED,20401,18611
IR,RED,20401,18607
IR,RED,20400,18609
IR,RED,20390,18597
IR,RED,20395,18604
IR,RED,20393,18593
IR,RED,20400,18598
IR,RED,20392,18593
IR,RED,20406,18604
IR,RED,20399,18587
IR,RED,20401,18603
IR,RED,20393,18592
IR,RED,20397,18591
IR,RED,20409,18597
IR,RED,20397,18600
IR,RED,20398,18605
IR,RED,20382,18601
IR,RED,20385,18596
IR,RED,20398,18607
IR,RED,20404,18602
IR,RED,20390,18597
IR,RED,20390,18597
IR,RED,20391,18599
IR,RED,20395,18595
IR,RED,20396,18598
IR,RED,20396,18604
IR,RED,20383,18597
IR,RED,20384,18596
IR,RED,20400,18606
IR,RED,20393,18599
IR,RED,20393,18600
IR,RED,20401,18597
IR,RED,20395,18604
IR,RED,20410,18599
IR,RED,20406,18612
IR,RED,20395,18610
IR,RED,20412,18603
IR,RED,20402,18612
IR,RED,20406,18605
IR,RED,20409,18609
IR,RED,20408,18617
IR,RED,20403,18615
IR,RED,20411,18617
IR,RED,20402,18614
IR,RED,20404,18614
IR,RED,20405,18612
IR,RED,20407,18614
IR,RED,20402,18613
IR,RED,20401,18616
IR,RED,20404,18622
IR,RED,20402,18627
IR,RED,20402,18616
IR,RED,20407,18622
IR,RED,20409,18629
IR,RED,20413,18621
IR,RED,20410,18627
IR,RED,20410,18622
IR,RED,20397,18619
IR,RED,20405,18617
IR,RED,20405,18614
IR,RED,20407,18613
IR,RED,20399,18615
IR,RED,20396,18611
IR,RED,20396,18610
IR,RED,20398,18604
IR,RED,20388,18596
IR,RED,20394,18600
IR,RED,20385,18591
IR,RED,20385,18591
IR,RED,20390,18592
IR,RED,20384,18589
IR,RED,20385,18582
IR,RED,20397,18581
IR,RED,20386,18587
IR,RED,20388,18580
IR,RED,20389,18584
IR,RED,20385,18580
IR,RED,20385,18595
IR,RED,20382,18585
IR,RED,20394,18586
IR,RED,20375,18575
IR,RED,20379,18574
IR,RED,20375,18574
IR,RED,20376,18579
IR,RED,20387,18576
IR,RED,20369,18579
IR,RED,20372,18574
IR,RED,20379,18581
IR,RED,20373,18575
IR,RED,20380,18569
IR,RED,20378,18579
IR,RED,20362,18575
IR,RED,20363,18567
IR,RED,20369,18575
IR,RED,20357,18559
IR,RED,20372,18573
IR,RED,20371,18561
IR,RED,20369,18565
IR,RED,20367,18566
IR,RED,20379,18567
IR,RED,20370,18564
IR,RED,20370,18572
IR,RED,20379,18576
IR,RED,20383,18560
IR,RED,20377,18569
IR,RED,20369,18573
IR,RED,20380,18568
IR,RED,20371,18574
IR,RED,20377,18574
IR,RED,20370,18569
IR,RED,20379,18573
IR,RED,20382,18575
IR,RED,20386,18575
IR,RED,20374,18572
IR,RED,20371,18569
IR,RED,20372,18575
IR,RED,20376,18576
IR,RED,20371,18561
IR,RED,20371,18573
IR,RED,20368,18568
IR,RED,20373,18571
IR,RED,20367,18570
IR,RED,20371,18569
IR,RED,20374,18573
IR,RED,20378,18573
IR,RED,20381,18570
IR,RED,20375,18564
IR,RED,20374,18562
IR,RED,20373,18552
IR,RED,20374,18553
IR,RED,20371,18546
IR,RED,20370,18547
IR,RED,20354,18543
IR,RED,20366,18541
IR,RED,20358,18543
IR,RED,20354,18528
IR,RED,20361,18537
IR,RED,20356,18540
IR,RED,20355,18538
IR,RED,20341,18531
IR,RED,20347,18535
IR,RED,20351,18530
IR,RED,20351,18531
IR,RED,20357,18520
IR,RED,20362,18535
IR,RED,20358,18517
IR,RED,20349,18529
IR,RED,20344,18526
IR,RED,20346,18523
IR,RED,20366,18527
IR,RED,20351,18516
IR,RED,20346,18527
IR,RED,20357,18526
IR,RED,20351,18523
IR,RED,20353,18527
IR,RED,20344,18514
IR,RED,20359,18515
IR,RED,20354,18524
IR,RED,20353,18516
IR,RED,20357,18528
IR,RED,20342,18508
IR,RED,20357,18520
IR,RED,20354,18519
IR,RED,20349,18517
IR,RED,20347,18517
IR,RED,20352,18526
IR,RED,20352,18520
IR,RED,20343,18520
IR,RED,20352,18521
IR,RED,20357,18520
IR,RED,20351,18523
IR,RED,20351,18523
IR,RED,20348,18523
IR,RED,20359,18525
IR,RED,20356,18525
IR,RED,20341,18520
IR,RED,20349,18527
IR,RED,20350,18524
IR,RED,20367,18534
IR,RED,20352,18526
IR,RED,20355,18539
IR,RED,20350,18527
IR,RED,20355,18538
IR,RED,20358,18527
IR,RED,20355,18539
IR,RED,20347,18533
IR,RED,20351,18539
IR,RED,20348,18535
IR,RED,20354,18539
IR,RED,20345,18537
IR,RED,20357,18528
IR,RED,20345,18527
IR,RED,20352,18523
IR,RED,20338,18526
IR,RED,20341,18516
IR,RED,20340,18507
IR,RED,20341,18510
IR,RED,20336,18514
IR,RED,20345,18505
IR,RED,20343,18509
IR,RED,20337,18501
IR,RED,20336,18498
IR,RED,20337,18511
IR,RED,20325,18510
IR,RED,20334,18500
IR,RED,20336,18508
IR,RED,20330,18496
IR,RED,20334,18503
IR,RED,20341,18499
IR,RED,20336,18501
IR,RED,20329,18501
IR,RED,20323,18498
IR,RED,20341,18507
IR,RED,20338,18501
IR,RED,20332,18497
IR,RED,20333,18502
IR,RED,20336,18498
IR,RED,20329,18498
IR,RED,20340,18494
IR,RED,20329,18492
IR,RED,20327,18498
IR,RED,20327,18491
IR,RED,20314,18498
IR,RED,20317,18489
IR,RED,20326,18494
IR,RED,20324,18492
IR,RED,20324,18484
IR,RED,20327,18498
IR,RED,20337,18496
IR,RED,20331,18488
IR,RED,20318,18495
IR,RED,20324,18497
IR,RED,20320,18506
IR,RED,20323,18497
IR,RED,20325,18502
IR,RED,20329,18492
IR,RED,20324,18496
IR,RED,20316,18496
IR,RED,20328,18516
IR,RED,20320,18497
IR,RED,20323,18505
IR,RED,20316,18502
IR,RED,20325,18502
IR,RED,20317,18507
IR,RED,20323,18505
IR,RED,20331,18506
IR,RED,20321,18503
IR,RED,20323,18506
IR,RED,20316,18508
IR,RED,20319,18520
IR,RED,20325,18512
IR,RED,20314,18509
IR,RED,20322,18516
IR,RED,20315,18509
IR,RED,20313,18521
IR,RED,20318,18501
IR,RED,20320,18504
IR,RED,20308,18507
IR,RED,20305,18499
IR,RED,20324,18488
IR,RED,20319,18483
IR,RED,20317,18486
IR,RED,20312,18481
IR,RED,20325,18488
IR,RED,20319,18489
IR,RED,20307,18481
IR,RED,20318,18479
IR,RED,20319,18475
IR,RED,20317,18472
IR,RED,20299,18465
IR,RED,20303,18473
IR,RED,20308,18471
IR,RED,20310,18474
IR,RED,20317,18482
IR,RED,20311,18473
IR,RED,20311,18464
IR,RED,20312,18475
IR,RED,20311,18470
IR,RED,20315,18473
IR,RED,20306,18465
IR,RED,20304,18477
IR,RED,20316,18472
IR,RED,20311,18476
IR,RED,20318,18473
IR,RED,20306,18466
IR,RED,20299,18470
IR,RED,20305,18469
IR,RED,20305,18468
IR,RED,20312,18468
IR,RED,20316,18474
IR,RED,20304,18475
IR,RED,20304,18478
IR,RED,20310,18475
IR,RED,20310,18471
IR,RED,20304,18471
IR,RED,20314,18473
IR,RED,20305,18477
IR,RED,20306,18476
IR,RED,20313,18464
IR,RED,20326,18475
IR,RED,20321,18467
IR,RED,20307,18473
IR,RED,20302,18468
IR,RED,20305,18479
IR,RED,20304,18475
IR,RED,20306,18484
IR,RED,20295,18472
IR,RED,20314,18479
IR,RED,20307,18482
IR,RED,20319,18488
IR,RED,20308,18478
IR,RED,20311,18485
IR,RED,20309,18487
IR,RED,20310,18490
IR,RED,20313,18492
IR,RED,20317,18486
IR,RED,20307,18483
IR,RED,20312,18486
IR,RED,20304,18488
IR,RED,20311,18484
IR,RED,20314,18479
IR,RED,20312,18481
IR,RED,20297,18473
IR,RED,20307,18474
IR,RED,20305,18471
IR,RED,20307,18465
IR,RED,20314,18458
IR,RED,20302,18454
IR,RED,20303,18454
IR,RED,20300,18454
IR,RED,20291,18454
IR,RED,20298,18458
IR,RED,20296,18436
IR,RED,20298,18445
IR,RED,20296,18454
IR,RED,20296,18441
IR,RED,20296,18440
IR,RED,20296,18446
IR,RED,20291,18439
IR,RED,20296,18443
IR,RED,20286,18441
IR,RED,20293,18446
IR,RED,20297,18426
IR,RED,20296,18431
IR,RED,20291,18438
IR,RED,20288,18440
IR,RED,20298,18435
IR,RED,20285,18442
IR,RED,20293,18431
IR,RED,20285,18436
IR,RED,20293,18439
IR,RED,20295,18437
IR,RED,20299,18438
IR,RED,20288,18445
IR,RED,20294,18431
IR,RED,20291,18432
IR,RED,20295,18431
IR,RED,20287,18441
IR,RED,20294,18445
IR,RED,20302,18447
IR,RED,20301,18446
IR,RED,20300,18431
IR,RED,20300,18434
IR,RED,20291,18448
IR,RED,20307,18444
IR,RED,20304,18447
IR,RED,20309,18435
IR,RED,20312,18443
IR,RED,20304,18447
IR,RED,20300,18447
IR,RED,20303,18442
IR,RED,20295,18441
IR,RED,20295,18446
IR,RED,20304,18436
IR,RED,20303,18434
IR,RED,20310,18445
IR,RED,20306,18448
IR,RED,20297,18447
IR,RED,20296,18456
IR,RED,20313,18445
IR,RED,20301,18449
IR,RED,20298,18446
IR,RED,20293,18444
IR,RED,20300,18444
IR,RED,20298,18444
IR,RED,20304,18441
IR,RED,20296,18443
IR,RED,20302,18435
IR,RED,20297,18436
IR,RED,20292,18429
IR,RED,20289,18424
IR,RED,20286,18423
IR,RED,20276,18419
IR,RED,20292,18412
IR,RED,20294,18415
IR,RED,20278,18409
IR,RED,20282,18406
IR,RED,20285,18403
IR,RED,20278,18399
IR,RED,20273,18405
IR,RED,20273,18407
IR,RED,20275,18400
IR,RED,20275,18401
IR,RED,20270,18393
IR,RED,20275,18390
IR,RED,20274,18397
IR,RED,20270,18391
IR,RED,20265,18395
IR,RED,20275,18389
IR,RED,20281,18396
IR,RED,20264,18394
IR,RED,20265,18390
IR,RED,20271,18390
IR,RED,20268,18391
IR,RED,20268,18389
IR,RED,20262,18384
IR,RED,20260,18381
IR,RED,20261,18393
IR,RED,20267,18379
IR,RED,20268,18383
IR,RED,20258,18388
IR,RED,20276,18390
IR,RED,20264,18388
IR,RED,20260,18389
IR,RED,20266,18390
IR,RED,20263,18399
IR,RED,20281,18399
IR,RED,20263,18400
IR,RED,20279,18394
IR,RED,20272,18401
IR,RED,20272,18392
IR,RED,20268,18389
IR,RED,20273,18389
IR,RED,20276,18396
IR,RED,20279,18392
IR,RED,20268,18396
IR,RED,20275,18401
IR,RED,20274,18390
IR,RED,20271,18393
IR,RED,20274,18401
IR,RED,20272,18395
IR,RED,20276,18393
IR,RED,20278,18401
IR,RED,20274,18397
IR,RED,20279,18405
IR,RED,20292,18410
IR,RED,20277,18404
IR,RED,20277,18398
IR,RED,20266,18409
IR,RED,20275,18410
IR,RED,20273,18396
IR,RED,20267,18395
IR,RED,20269,18398
IR,RED,20268,18403
IR,RED,20271,18396
IR,RED,20275,18385
IR,RED,20264,18386
IR,RED,20261,18379
IR,RED,20262,18373
IR,RED,20262,18374
IR,RED,20259,18377
IR,RED,20265,18373
IR,RED,20262,18373
IR,RED,20262,18363
IR,RED,20263,18366
IR,RED,20258,18373
IR,RED,20263,18365
IR,RED,20259,18358
IR,RED,20266,18369
IR,RED,20260,18359
IR,RED,20260,18371
IR,RED,20257,18363
IR,RED,20267,18364
IR,RED,20264,18366
IR,RED,20263,18376
IR,RED,20256,18375
IR,RED,20254,18369
IR,RED,20252,18370
IR,RED,20256,18369
IR,RED,20260,18368
IR,RED,20265,18371
IR,RED,20264,18374
IR,RED,20267,18381
IR,RED,20258,18372
IR,RED,20260,18379
IR,RED,20264,18372
IR,RED,20259,18371
IR,RED,20252,18375
IR,RED,20256,18388
IR,RED,20259,18377
IR,RED,20261,18390
IR,RED,20260,18377
IR,RED,20256,18394
IR,RED,20258,18380
IR,RED,20254,18381
IR,RED,20258,18390
IR,RED,20259,18395
IR,RED,20270,18394
IR,RED,20277,18395
IR,RED,20255,18395
IR,RED,20268,18391
IR,RED,20272,18397
IR,RED,20270,18395
IR,RED,20275,18394
IR,RED,20273,18390
IR,RED,20279,18406
IR,RED,20286,18403
IR,RED,20274,18397
IR,RED,20279,18403
IR,RED,20265,18404
IR,RED,20275,18409
IR,RED,20281,18402
IR,RED,20271,18403
IR,RED,20281,18409
IR,RED,20281,18418
IR,RED,20281,18417
IR,RED,20286,18428
IR,RED,20287,18419
IR,RED,20282,18422
IR,RED,20284,18421
IR,RED,20290,18420
IR,RED,20283,18428
IR,RED,20282,18413
IR,RED,20279,18414
IR,RED,20285,18403
IR,RED,20271,18402
IR,RED,20279,18405
IR,RED,20279,18392
IR,RED,20273,18392
IR,RED,20276,18395
IR,RED,20271,18393
IR,RED,20262,18397
IR,RED,20263,18398
IR,RED,20264,18390
IR,RED,20262,18392
IR,RED,20265,18394
IR,RED,20270,18387
IR,RED,20271,18392
IR,RED,20267,18392
IR,RED,20272,18393
IR,RED,20270,18393
IR,RED,20267,18394
IR,RED,20267,18403
IR,RED,20267,18394
IR,RED,20272,18386
IR,RED,20262,18400
IR,RED,20263,18385
IR,RED,20267,18386
IR,RED,20271,18390
IR,RED,20274,18395
IR,RED,20265,18393
IR,RED,20267,18396
IR,RED,20269,18388
IR,RED,20269,18378
IR,RED,20271,18383
IR,RED,20254,18388
IR,RED,20271,18391
IR,RED,20262,18386
IR,RED,20258,18386
IR,RED,20277,18388
IR,RED,20273,18388
IR,RED,20273,18388
IR,RED,20276,18401
IR,RED,20267,18392
IR,RED,20271,18391
IR,RED,20268,18397
IR,RED,20266,18392
IR,RED,20269,18405
IR,RED,20261,18401
IR,RED,20267,18396
IR,RED,20268,18400
IR,RED,20265,18402
IR,RED,20267,18401
IR,RED,20272,18399
IR,RED,20271,18396
IR,RED,20277,18404
IR,RED,20278,18391
IR,RED,20279,18416
IR,RED,20266,18394
IR,RED,20274,18397
IR,RED,20280,18408
IR,RED,20266,18411
IR,RED,20264,18399
IR,RED,20273,18412
IR,RED,20268,18411
IR,RED,20276,18417
IR,RED,20274,18420
IR,RED,20280,18415
IR,RED,20276,18413
IR,RED,20275,18408
IR,RED,20277,18405
IR,RED,20270,18410
IR,RED,20268,18407
IR,RED,20267,18396
IR,RED,20267,18408
IR,RED,20264,18397
IR,RED,20261,18380
IR,RED,20260,18387
IR,RED,20260,18388
IR,RED,20262,18385
IR,RED,20268,18381
IR,RED,20264,18391
IR,RED,20255,18383
IR,RED,20266,18383
IR,RED,20261,18389
IR,RED,20264,18388
IR,RED,20263,18381
IR,RED,20262,18375
IR,RED,20257,18384
IR,RED,20264,18380
IR,RED,20258,18384
IR,RED,20252,18379
IR,RED,20254,18379
IR,RED,20245,18369
IR,RED,20266,18379
IR,RED,20261,18381
IR,RED,20251,18373
IR,RED,20251,18374
IR,RED,20245,18364
IR,RED,20254,18381
IR,RED,20254,18382
IR,RED,20251,18376
IR,RED,20255,18369
IR,RED,20257,18370
IR,RED,20251,18364
IR,RED,20253,18370
IR,RED,20252,18371
IR,RED,20247,18370
IR,RED,20248,18367
IR,RED,20251,18375
IR,RED,20252,18376
IR,RED,20249,18377
IR,RED,20253,18376
IR,RED,20257,18372
IR,RED,20257,18380
IR,RED,20253,18382
IR,RED,20265,18382
IR,RED,20257,18376
IR,RED,20261,18384
IR,RED,20262,18389
IR,RED,20263,18374
IR,RED,20259,18378
IR,RED,20267,18383
IR,RED,20254,18377
IR,RED,20255,18377
IR,RED,20263,18380
IR,RED,20255,18380
IR,RED,20267,18385
IR,RED,20265,18392
IR,RED,20253,18381
IR,RED,20260,18391
IR,RED,20256,18387
IR,RED,20256,18390
IR,RED,20254,18395
IR,RED,20262,18379
IR,RED,20250,18387
IR,RED,20260,18380
IR,RED,20253,18384
IR,RED,20261,18393
IR,RED,20259,18395
IR,RED,20252,18381
IR,RED,20256,18371
IR,RED,20254,18374
IR,RED,20255,18366
IR,RED,20253,18356
IR,RED,20248,18364
IR,RED,20252,18363
IR,RED,20245,18350
IR,RED,20250,18360
IR,RED,20249,18352
IR,RED,20251,18365
IR,RED,20249,18348
IR,RED,20239,18360
IR,RED,20248,18365
IR,RED,20251,18343
IR,RED,20244,18356
IR,RED,20255,18352
IR,RED,20248,18355
IR,RED,20245,18351
IR,RED,20233,18346
IR,RED,20236,18354
IR,RED,20242,18350
IR,RED,20240,18353
IR,RED,20240,18363
IR,RED,20238,18353
IR,RED,20245,18353
IR,RED,20242,18354
IR,RED,20241,18353
IR,RED,20234,18363
IR,RED,20242,18363
IR,RED,20241,18366
IR,RED,20247,18357
IR,RED,20243,18366
IR,RED,20242,18354
IR,RED,20241,18360
IR,RED,20236,18361
IR,RED,20244,18370
IR,RED,20241,18361
IR,RED,20246,18373
IR,RED,20243,18377
IR,RED,20249,18365
IR,RED,20249,18370
IR,RED,20261,18384
IR,RED,20245,18367
IR,RED,20250,18381
IR,RED,20250,18378
IR,RED,20255,18381
IR,RED,20256,18382
IR,RED,20243,18389
IR,RED,20259,18380
IR,RED,20261,18385
IR,RED,20257,18389
IR,RED,20261,18387
IR,RED,20251,18388
IR,RED,20262,18388
IR,RED,20246,18397
IR,RED,20255,18393
IR,RED,20265,18389
IR,RED,20250,18393
IR,RED,20264,18386
IR,RED,20249,18394
IR,RED,20260,18397
IR,RED,20260,18403
IR,RED,20255,18404
IR,RED,20264,18405
IR,RED,20257,18411
IR,RED,20262,18412
IR,RED,20269,18403
IR,RED,20274,18403
IR,RED,20264,18401
IR,RED,20258,18392
IR,RED,20255,18394
IR,RED,20260,18400
IR,RED,20268,18398
IR,RED,20252,18388
IR,RED,20250,18388
IR,RED,20261,18381
IR,RED,20248,18389
IR,RED,20250,18377
IR,RED,20245,18383
IR,RED,20260,18383
IR,RED,20255,18388
IR,RED,20252,18386
IR,RED,20249,18382
IR,RED,20263,18391
IR,RED,20253,18384
IR,RED,20272,18393
IR,RED,20249,18386
IR,RED,20247,18388
IR,RED,20248,18388
IR,RED,20246,18392
IR,RED,20260,18387
IR,RED,20253,18386
IR,RED,20255,18383
IR,RED,20245,18393
IR,RED,20250,18384
IR,RED,20248,18389
IR,RED,20255,18381
IR,RED,20247,18388
IR,RED,20259,18376
IR,RED,20253,18389
IR,RED,20251,18387
IR,RED,20246,18388
IR,RED,20264,18395
IR,RED,20249,18387
IR,RED,20256,18397
IR,RED,20262,18387
IR,RED,20269,18386
IR,RED,20270,18386
IR,RED,20264,18385
IR,RED,20272,18390
IR,RED,20263,18397
IR,RED,20260,18393
IR,RED,20270,18378
IR,RED,20272,18403
IR,RED,20274,18399
IR,RED,20272,18402
IR,RED,20279,18402
IR,RED,20263,18398
IR,RED,20270,18401
IR,RED,20274,18399
IR,RED,20265,18405
IR,RED,20264,18396
IR,RED,20264,18401
IR,RED,20270,18401
IR,RED,20263,18406
IR,RED,20265,18413
IR,RED,20268,18405
IR,RED,20274,18412
IR,RED,20267,18406
IR,RED,20280,18409
IR,RED,20278,18411
IR,RED,20269,18404
IR,RED,20263,18410
IR,RED,20280,18409
IR,RED,20268,18406
IR,RED,20266,18395
IR,RED,20261,18402
IR,RED,20269,18395
IR,RED,20268,18381
IR,RED,20266,18381
IR,RED,20260,18387
IR,RED,20257,18373
IR,RED,20254,18373
IR,RED,20255,18373
IR,RED,20258,18367
IR,RED,20242,18363
IR,RED,20255,18368
IR,RED,20248,18365
IR,RED,20241,18360
IR,RED,20251,18359
IR,RED,20247,18371
IR,RED,20248,18372
IR,RED,20247,18364
IR,RED,20246,18361
IR,RED,20249,18362
IR,RED,20245,18356
IR,RED,20249,18353
IR,RED,20246,18367
IR,RED,20252,18369
IR,RED,20246,18362
IR,RED,20247,18364
IR,RED,20245,18358
IR,RED,20237,18358
IR,RED,20239,18367
IR,RED,20259,18350
IR,RED,20247,18352
IR,RED,20242,18350
IR,RED,20242,18358
IR,RED,20250,18361
IR,RED,20239,18358
IR,RED,20247,18356
IR,RED,20240,18359
IR,RED,20239,18362
IR,RED,20237,18356
IR,RED,20243,18353
IR,RED,20251,18370
IR,RED,20235,18360
IR,RED,20243,18357
IR,RED,20247,18368
IR,RED,20246,18360
IR,RED,20255,18367
IR,RED,20246,18358
IR,RED,20247,18360
IR,RED,20250,18366
IR,RED,20249,18361
IR,RED,20247,18368
IR,RED,20255,18371
IR,RED,20251,18368
IR,RED,20249,18370
IR,RED,20247,18367
IR,RED,20250,18371
IR,RED,20241,18376
IR,RED,20240,18375
IR,RED,20243,18372
IR,RED,20248,18380
IR,RED,20248,18376
IR,RED,20246,18381
IR,RED,20246,18380
IR,RED,20240,18377
IR,RED,20254,18387
IR,RED,20254,18378
IR,RED,20248,18371
IR,RED,20248,18374
IR,RED,20249,18363
IR,RED,20235,18349
IR,RED,20239,18355
IR,RED,20232,18349
IR,RED,20234,18362
IR,RED,20236,18342
IR,RED,20241,18342
IR,RED,20231,18345
IR,RED,20240,18347
IR,RED,20223,18345
IR,RED,20229,18342
IR,RED,20226,18339
IR,RED,20220,18336
IR,RED,20224,18329
IR,RED,20221,18339
IR,RED,20216,18320
IR,RED,20225,18330
IR,RED,20220,18334
IR,RED,20226,18332
IR,RED,20219,18333
IR,RED,20223,18328
IR,RED,20227,18341
IR,RED,20220,18338
IR,RED,20224,18333
IR,RED,20228,18333
IR,RED,20230,18332
IR,RED,20209,18337
IR,RED,20218,18341
IR,RED,20223,18342
IR,RED,20221,18335
IR,RED,20216,18331
IR,RED,20225,18331
IR,RED,20225,18329
IR,RED,20221,18330
IR,RED,20214,18342
IR,RED,20226,18339
IR,RED,20217,18337
IR,RED,20217,18336
IR,RED,20223,18342
IR,RED,20217,18343
IR,RED,20222,18337
IR,RED,20216,18338
IR,RED,20214,18345
IR,RED,20224,18337
IR,RED,20228,18345
IR,RED,20222,18341
IR,RED,20220,18351
IR,RED,20221,18346
IR,RED,20237,18354
IR,RED,20230,18342
IR,RED,20233,18346
IR,RED,20225,18345
IR,RED,20230,18351
IR,RED,20230,18351
IR,RED,20232,18357
IR,RED,20238,18363
IR,RED,20227,18363
IR,RED,20232,18357
IR,RED,20229,18371
IR,RED,20232,18365
IR,RED,20229,18367
IR,RED,20231,18375
IR,RED,20231,18371
IR,RED,20239,18371
IR,RED,20227,18378
IR,RED,20232,18372
IR,RED,20246,18369
IR,RED,20244,18363
IR,RED,20235,18364
IR,RED,20239,18362
IR,RED,20238,18356
IR,RED,20233,18357
IR,RED,20235,18351
IR,RED,20234,18351
IR,RED,20233,18342
IR,RED,20226,18345
IR,RED,20229,18341
IR,RED,20231,18337
IR,RED,20227,18347
IR,RED,20220,18350
IR,RED,20221,18354
IR,RED,20216,18344
IR,RED,20228,18347
IR,RED,20220,18348
IR,RED,20232,18346
IR,RED,20233,18350
IR,RED,20231,18353
IR,RED,20235,18352
IR,RED,20230,18351
IR,RED,20225,18354
IR,RED,20231,18361
IR,RED,20226,18343
IR,RED,20236,18352
IR,RED,20232,18354
IR,RED,20243,18354
IR,RED,20227,18357
IR,RED,20225,18349
IR,RED,20231,18365
IR,RED,20226,18362
IR,RED,20233,18354
IR,RED,20242,18359
IR,RED,20241,18361
IR,RED,20231,18368
IR,RED,20237,18367
IR,RED,20248,18367
IR,RED,20243,18365
IR,RED,20233,18371
IR,RED,20236,18369
IR,RED,20242,18372
IR,RED,20233,18377
IR,RED,20242,18375
IR,RED,20248,18376
IR,RED,20239,18377
IR,RED,20238,18364
IR,RED,20248,18383
IR,RED,20243,18383
IR,RED,20240,18381
IR,RED,20246,18377
IR,RED,20239,18377
IR,RED,20252,18381
IR,RED,20243,18385
IR,RED,20246,18378
IR,RED,20248,18382
IR,RED,20245,18378
IR,RED,20243,18382
IR,RED,20252,18379
IR,RED,20239,18385
IR,RED,20254,18385
IR,RED,20249,18392
IR,RED,20254,18390
IR,RED,20245,18391
IR,RED,20252,18389
IR,RED,20236,18384
IR,RED,20249,18389
IR,RED,20245,18373
IR,RED,20248,18387
IR,RED,20246,18366
IR,RED,20242,18362
IR,RED,20236,18358
IR,RED,20231,18358
IR,RED,20235,18356
IR,RED,20233,18361
IR,RED,20236,18355
IR,RED,20231,18353
IR,RED,20231,18353
IR,RED,20231,18361
IR,RED,20234,18353
IR,RED,20226,18346
IR,RED,20235,18349
IR,RED,20231,18351
IR,RED,20231,18361
IR,RED,20223,18362
IR,RED,20234,18343
IR,RED,20226,18344
IR,RED,20217,18348
IR,RED,20212,18347
IR,RED,20220,18348
IR,RED,20230,18338
IR,RED,20224,18345
IR,RED,20215,18348
IR,RED,20217,18339
IR,RED,20226,18345
IR,RED,20225,18348
IR,RED,20219,18347
IR,RED,20222,18342
IR,RED,20223,18358
IR,RED,20226,18341
IR,RED,20228,18341
IR,RED,20226,18354
IR,RED,20219,18342
IR,RED,20226,18352
IR,RED,20236,18352
IR,RED,20230,18354
IR,RED,20217,18355
IR,RED,20224,18349
IR,RED,20234,18358
IR,RED,20229,18345
IR,RED,20226,18348
IR,RED,20232,18360
IR,RED,20228,18352
IR,RED,20219,18361
IR,RED,20227,18356
IR,RED,20228,18355
IR,RED,20225,18354
IR,RED,20220,18356
IR,RED,20219,18353
IR,RED,20218,18361
IR,RED,20220,18360
IR,RED,20223,18351
IR,RED,20221,18361
IR,RED,20211,18358
IR,RED,20226,18368
IR,RED,20224,18372
IR,RED,20227,18356
IR,RED,20226,18369
IR,RED,20231,18368
IR,RED,20227,18372
IR,RED,20232,18361
IR,RED,20229,18358
IR,RED,20218,18351
IR,RED,20218,18344
IR,RED,20217,18337
IR,RED,20237,18340
IR,RED,20215,18339
IR,RED,20219,18337
IR,RED,20214,18334
IR,RED,20216,18325
IR,RED,20217,18329
IR,RED,20212,18328
IR,RED,20208,18327
IR,RED,20214,18320
IR,RED,20206,18327
IR,RED,20214,18318
IR,RED,20204,18319
IR,RED,20214,18330
IR,RED,20216,18320
IR,RED,20207,18323
IR,RED,20212,18322
IR,RED,20204,18326
IR,RED,20210,18317
IR,RED,20196,18324
IR,RED,20203,18320
IR,RED,20192,18326
IR,RED,20209,18314
IR,RED,20191,18318
IR,RED,20198,18325
IR,RED,20207,18324
IR,RED,20193,18320
IR,RED,20202,18325
IR,RED,20196,18316
IR,RED,20197,18323
IR,RED,20208,18321
IR,RED,20193,18319
IR,RED,20193,18319
IR,RED,20201,18312
IR,RED,20190,18315
IR,RED,20203,18316
IR,RED,20203,18320
IR,RED,20207,18318
IR,RED,20204,18335
IR,RED,20202,18322
IR,RED,20206,18321
IR,RED,20207,18321
IR,RED,20204,18324
IR,RED,20210,18325
IR,RED,20203,18334
IR,RED,20199,18339
IR,RED,20197,18331
IR,RED,20198,18333
IR,RED,20193,18333
IR,RED,20190,18335
IR,RED,20197,18331
IR,RED,20202,18332
IR,RED,20199,18336
IR,RED,20208,18348
IR,RED,20206,18343
IR,RED,20199,18332
IR,RED,20197,18340
IR,RED,20202,18334
IR,RED,20199,18342
IR,RED,20203,18342
IR,RED,20200,18337
IR,RED,20205,18343
IR,RED,20203,18341
IR,RED,20212,18337
IR,RED,20200,18319
IR,RED,20200,18327
IR,RED,20194,18312
IR,RED,20201,18316
IR,RED,20210,18310
IR,RED,20195,18318
IR,RED,20195,18310
IR,RED,20191,18312
IR,RED,20198,18317
IR,RED,20198,18314
IR,RED,20201,18303
IR,RED,20191,18321
IR,RED,20196,18310
IR,RED,20192,18307
IR,RED,20202,18312
IR,RED,20189,18309
IR,RED,20200,18310
IR,RED,20197,18315
IR,RED,20193,18308
IR,RED,20188,18309
IR,RED,20199,18320
IR,RED,20196,18313
IR,RED,20195,18316
IR,RED,20186,18314
IR,RED,20188,18318
IR,RED,20186,18313
IR,RED,20195,18313
IR,RED,20190,18321
IR,RED,20197,18315
IR,RED,20197,18315
IR,RED,20196,18323
IR,RED,20191,18315
IR,RED,20189,18328
IR,RED,20191,18329
IR,RED,20190,18328
IR,RED,20194,18326
IR,RED,20204,18323
IR,RED,20197,18329
IR,RED,20197,18330
IR,RED,20201,18326
IR,RED,20193,18334
IR,RED,20202,18321
IR,RED,20193,18325
IR,RED,20204,18330
IR,RED,20212,18334
IR,RED,20206,18336
IR,RED,20204,18329
IR,RED,20205,18336
IR,RED,20199,18341
IR,RED,20206,18343
IR,RED,20208,18349
IR,RED,20205,18345
IR,RED,20210,18343
IR,RED,20210,18339
IR,RED,20205,18341
IR,RED,20211,18358
IR,RED,20208,18350
IR,RED,20210,18352
IR,RED,20214,18348
IR,RED,20214,18357
IR,RED,20214,18357
IR,RED,20212,18350
IR,RED,20211,18344
IR,RED,20218,18356
IR,RED,20216,18344
IR,RED,20214,18350
IR,RED,20201,18348
IR,RED,20206,18332
IR,RED,20214,18334
IR,RED,20204,18327
IR,RED,20205,18322
IR,RED,20190,18328
IR,RED,20197,18323
IR,RED,20199,18320
IR,RED,20195,18321
IR,RED,20199,18308
IR,RED,20196,18320
IR,RED,20188,18318
IR,RED,20197,18310
IR,RED,20200,18315
IR,RED,20193,18312
IR,RED,20192,18322
IR,RED,20188,18316
IR,RED,20191,18315
IR,RED,20200,18316
IR,RED,20193,18313
IR,RED,20198,18315
IR,RED,20193,18313
IR,RED,20192,18313
IR,RED,20194,18303
IR,RED,20185,18313
IR,RED,20188,18317
IR,RED,20191,18311
IR,RED,20186,18313
IR,RED,20185,18307
IR,RED,20189,18302
IR,RED,20180,18312
IR,RED,20191,18312
IR,RED,20185,18312
IR,RED,20183,18310
IR,RED,20195,18310
IR,RED,20195,18301
IR,RED,20189,18310
IR,RED,20188,18303
IR,RED,20194,18308
IR,RED,20205,18311
IR,RED,20196,18309
IR,RED,20197,18311
IR,RED,20190,18318
IR,RED,20200,18315
IR,RED,20183,18324
IR,RED,20186,18314
IR,RED,20194,18320
IR,RED,20178,18304
IR,RED,20199,18321
IR,RED,20189,18312
IR,RED,20190,18317
IR,RED,20192,18317
IR,RED,20196,18315
IR,RED,20187,18325
IR,RED,20198,18318
IR,RED,20183,18320
IR,RED,20198,18323
IR,RED,20193,18316
IR,RED,20190,18332
IR,RED,20193,18322
IR,RED,20196,18319
IR,RED,20191,18324
IR,RED,20193,18320
IR,RED,20207,18322
IR,RED,20198,18318
IR,RED,20187,18315
IR,RED,20185,18314
IR,RED,20183,18305
IR,RED,20181,18308
IR,RED,20177,18298
IR,RED,20186,18292
IR,RED,20182,18289
IR,RED,20185,18295
IR,RED,20177,18296
IR,RED,20174,18292
IR,RED,20181,18292
IR,RED,20178,18292
IR,RED,20167,18288
IR,RED,20171,18286
IR,RED,20170,18286
IR,RED,20173,18282
IR,RED,20173,18287
IR,RED,20164,18285
IR,RED,20173,18285
IR,RED,20167,18280
IR,RED,20166,18278
IR,RED,20169,18275
IR,RED,20163,18276
IR,RED,20167,18286
IR,RED,20171,18280
IR,RED,20158,18283
IR,RED,20166,18276
IR,RED,20158,18282
IR,RED,20155,18276
IR,RED,20168,18282
IR,RED,20160,18278
IR,RED,20165,18280
IR,RED,20157,18272
IR,RED,20164,18275
IR,RED,20155,18276
IR,RED,20162,18279
IR,RED,20166,18288
IR,RED,20163,18275
IR,RED,20167,18278
IR,RED,20165,18281
IR,RED,20175,18292
IR,RED,20161,18279
IR,RED,20176,18278
IR,RED,20168,18274
IR,RED,20160,18288
IR,RED,20174,18284
IR,RED,20179,18282
IR,RED,20166,18287
IR,RED,20174,18289
IR,RED,20168,18292
IR,RED,20177,18287
IR,RED,20166,18292
IR,RED,20171,18284
IR,RED,20170,18292
IR,RED,20163,18289
IR,RED,20161,18293
IR,RED,20164,18297
IR,RED,20167,18296
IR,RED,20171,18294
IR,RED,20174,18292
IR,RED,20167,18291
IR,RED,20164,18300
IR,RED,20174,18292
IR,RED,20163,18291
IR,RED,20170,18292
IR,RED,20166,18297
IR,RED,20167,18294
IR,RED,20156,18291
IR,RED,20158,18292
IR,RED,20157,18288
IR,RED,20156,18276
IR,RED,20156,18273
IR,RED,20155,18267
IR,RED,20150,18262
IR,RED,20166,18264
IR,RED,20159,18261
IR,RED,20148,18272
IR,RED,20162,18266
IR,RED,20156,18265
IR,RED,20150,18260
IR,RED,20141,18261
IR,RED,20147,18253
IR,RED,20148,18255
IR,RED,20149,18251
IR,RED,20149,18261
IR,RED,20153,18249
IR,RED,20147,18247
IR,RED,20152,18252
IR,RED,20151,18258
IR,RED,20152,18257
IR,RED,20162,18253
IR,RED,20152,18256
IR,RED,20152,18256
IR,RED,20149,18254
IR,RED,20144,18247
IR,RED,20147,18251
IR,RED,20158,18254
IR,RED,20149,18254
IR,RED,20155,18261
IR,RED,20154,18249
IR,RED,20163,18252
IR,RED,20155,18262
IR,RED,20158,18260
IR,RED,20155,18257
IR,RED,20160,18264
IR,RED,20158,18257
IR,RED,20155,18262
IR,RED,20155,18267
IR,RED,20164,18274
IR,RED,20160,18288
IR,RED,20161,18271
IR,RED,20157,18271
IR,RED,20160,18274
IR,RED,20160,18272
IR,RED,20161,18267
IR,RED,20158,18273
IR,RED,20170,18274
IR,RED,20163,18282
IR,RED,20163,18279
IR,RED,20167,18274
IR,RED,20166,18284
IR,RED,20163,18287
IR,RED,20165,18286
IR,RED,20164,18279
IR,RED,20153,18285
IR,RED,20172,18284
IR,RED,20162,18294
IR,RED,20167,18290
IR,RED,20175,18289
IR,RED,20172,18294
IR,RED,20176,18296
IR,RED,20161,18300
IR,RED,20163,18298
IR,RED,20168,18291
IR,RED,20165,18303
IR,RED,20171,18305
IR,RED,20173,18304
IR,RED,20177,18302
IR,RED,20169,18304
IR,RED,20173,18297
IR,RED,20159,18290
IR,RED,20168,18289
IR,RED,20159,18287
IR,RED,20159,18293
IR,RED,20166,18280
IR,RED,20152,18281
IR,RED,20163,18275
IR,RED,20147,18273
IR,RED,20155,18270
IR,RED,20155,18275
IR,RED,20150,18272
IR,RED,20150,18268
IR,RED,20150,18268
IR,RED,20160,18267
IR,RED,20158,18265
IR,RED,20150,18272
IR,RED,20147,18269
IR,RED,20141,18270
IR,RED,20146,18265
IR,RED,20155,18265
IR,RED,20150,18265
IR,RED,20149,18259
IR,RED,20145,18264
IR,RED,20149,18269
IR,RED,20156,18270
IR,RED,20149,18278
IR,RED,20154,18272
IR,RED,20147,18268
IR,RED,20149,18263
IR,RED,20150,18253
IR,RED,20146,18265
IR,RED,20147,18275
IR,RED,20147,18258
IR,RED,20145,18271
IR,RED,20151,18269
IR,RED,20156,18264
IR,RED,20147,18261
IR,RED,20162,18275
IR,RED,20151,18265
IR,RED,20149,18266
IR,RED,20146,18269
IR,RED,20156,18273
IR,RED,20152,18276
IR,RED,20154,18261
IR,RED,20150,18272
IR,RED,20154,18262
IR,RED,20164,18281
IR,RED,20146,18273
IR,RED,20153,18274
IR,RED,20151,18267
IR,RED,20155,18274
IR,RED,20141,18278
IR,RED,20144,18273
IR,RED,20148,18278
IR,RED,20150,18271
IR,RED,20149,18270
IR,RED,20147,18276
IR,RED,20154,18271
IR,RED,20148,18273
IR,RED,20147,18272
IR,RED,20152,18268
IR,RED,20150,18281
IR,RED,20142,18270
IR,RED,20154,18271
IR,RED,20156,18278
IR,RED,20151,18273
IR,RED,20148,18274
IR,RED,20144,18266
IR,RED,20148,18268
IR,RED,20150,18257
IR,RED,20135,18254
IR,RED,20139,18251
IR,RED,20139,18242
IR,RED,20128,18244
IR,RED,20143,18239
IR,RED,20131,18244
IR,RED,20130,18242
IR,RED,20132,18234
IR,RED,20128,18231
IR,RED,20136,18244
IR,RED,20131,18227
IR,RED,20137,18231
IR,RED,20131,18239
IR,RED,20133,18239
IR,RED,20134,18233
IR,RED,20120,18236
IR,RED,20120,18223
IR,RED,20128,18233
IR,RED,20126,18227
IR,RED,20132,18229
IR,RED,20119,18229
IR,RED,20134,18227
IR,RED,20118,18233
IR,RED,20125,18220
IR,RED,20112,18236
IR,RED,20121,18224
IR,RED,20113,18228
IR,RED,20113,18226
IR,RED,20114,18215
IR,RED,20116,18225
IR,RED,20120,18223
IR,RED,20114,18217
IR,RED,20113,18223
IR,RED,20131,18222
IR,RED,20120,18222
IR,RED,20124,18223
IR,RED,20125,18219
IR,RED,20118,18228
IR,RED,20125,18228
IR,RED,20125,18228
IR,RED,20124,18232
IR,RED,20126,18227
IR,RED,20134,18226
IR,RED,20126,18232
IR,RED,20127,18237
IR,RED,20124,18241
IR,RED,20128,18236
IR,RED,20128,18237
IR,RED,20129,18229
IR,RED,20125,18231
IR,RED,20122,18245
IR,RED,20128,18230
IR,RED,20122,18245
IR,RED,20128,18241
IR,RED,20128,18241
IR,RED,20132,18237
IR,RED,20131,18227
IR,RED,20131,18241
IR,RED,20130,18244
IR,RED,20122,18234
IR,RED,20123,18241
IR,RED,20132,18244
IR,RED,20130,18246
IR,RED,20125,18237
IR,RED,20134,18247
IR,RED,20131,18244
IR,RED,20127,18235
IR,RED,20123,18232
IR,RED,20125,18230
IR,RED,20123,18226
IR,RED,20128,18211
IR,RED,20124,18215
IR,RED,20118,18215
IR,RED,20128,18205
IR,RED,20117,18204
IR,RED,20108,18198
IR,RED,20113,18203
IR,RED,20117,18195
IR,RED,20123,18198
IR,RED,20113,18191
IR,RED,20111,18199
IR,RED,20110,18196
IR,RED,20106,18198
IR,RED,20091,18196
IR,RED,20111,18188
IR,RED,20090,18186
IR,RED,20107,18192
IR,RED,20100,18192
IR,RED,20104,18185
IR,RED,20103,18192
IR,RED,20096,18188
IR,RED,20088,18189
IR,RED,20091,18192
IR,RED,20098,18198
IR,RED,20093,18186
IR,RED,20101,18196
IR,RED,20091,18187
IR,RED,20090,18194
IR,RED,20101,18195
IR,RED,20103,18189
IR,RED,20099,18186
IR,RED,20096,18192
IR,RED,20099,18194
IR,RED,20103,18198
IR,RED,20110,18199
IR,RED,20095,18195
IR,RED,20097,18198
IR,RED,20107,18194
IR,RED,20100,18189
IR,RED,20107,18195
IR,RED,20114,18207
IR,RED,20112,18197
IR,RED,20107,18204
IR,RED,20108,18201
IR,RED,20102,18201
IR,RED,20117,18210
IR,RED,20112,18210
IR,RED,20114,18204
IR,RED,20108,18208
IR,RED,20113,18206
IR,RED,20107,18211
IR,RED,20115,18212
IR,RED,20115,18210
IR,RED,20117,18215
IR,RED,20112,18215
IR,RED,20115,18218
IR,RED,20113,18220
IR,RED,20117,18217
IR,RED,20114,18227
IR,RED,20110,18230
IR,RED,20107,18232
IR,RED,20117,18234
IR,RED,20108,18235
IR,RED,20106,18236
IR,RED,20113,18239
IR,RED,20112,18234
IR,RED,20122,18243
IR,RED,20111,18242
IR,RED,20111,18223
IR,RED,20120,18232
IR,RED,20114,18222
IR,RED,20113,18221
IR,RED,20109,18218
IR,RED,20109,18219
IR,RED,20106,18210
IR,RED,20109,18214
IR,RED,20111,18207
IR,RED,20103,18205
IR,RED,20103,18211
IR,RED,20102,18214
IR,RED,20103,18206
IR,RED,20095,18203
IR,RED,20102,18212
IR,RED,20103,18200
IR,RED,20108,18199
IR,RED,20122,18210
IR,RED,20106,18212
IR,RED,20103,18206
IR,RED,20098,18206
IR,RED,20096,18215
IR,RED,20105,18203
IR,RED,20096,18204
IR,RED,20105,18214
IR,RED,20100,18219
IR,RED,20097,18210
IR,RED,20113,18222
IR,RED,20106,18212
IR,RED,20107,18214
IR,RED,20116,18219
IR,RED,20108,18209
IR,RED,20104,18209
IR,RED,20108,18215
IR,RED,20107,18214
IR,RED,20117,18213
IR,RED,20119,18214
IR,RED,20124,18220
IR,RED,20108,18225
IR,RED,20122,18211
IR,RED,20121,18219
IR,RED,20106,18215
IR,RED,20117,18216
IR,RED,20114,18219
IR,RED,20113,18227
IR,RED,20120,18223
IR,RED,20115,18219
IR,RED,20113,18207
IR,RED,20109,18222
IR,RED,20116,18226
IR,RED,20116,18227
IR,RED,20127,18227
IR,RED,20111,18219
IR,RED,20122,18230
IR,RED,20115,18235
IR,RED,20119,18225
IR,RED,20120,18211
IR,RED,20117,18234
IR,RED,20118,18231
IR,RED,20128,18224
IR,RED,20130,18228
IR,RED,20127,18227
IR,RED,20122,18246
IR,RED,20115,18233
IR,RED,20113,18236
IR,RED,20120,18239
IR,RED,20125,18236
IR,RED,20126,18236
IR,RED,20123,18244
IR,RED,20120,18234
IR,RED,20128,18230
IR,RED,20118,18215
IR,RED,20112,18215
IR,RED,20116,18220
IR,RED,20113,18210
IR,RED,20109,18209
IR,RED,20102,18209
IR,RED,20094,18203
IR,RED,20105,18201
IR,RED,20106,18199
IR,RED,20105,18196
IR,RED,20111,18203
IR,RED,20106,18198
IR,RED,20102,18194
IR,RED,20102,18198
IR,RED,20093,18203
IR,RED,20098,18190
IR,RED,20102,18190
IR,RED,20100,18184
IR,RED,20097,18192
IR,RED,20099,18186
IR,RED,20093,18190
IR,RED,20098,18192
IR,RED,20091,18187
IR,RED,20087,18201
IR,RED,20099,18198
IR,RED,20090,18193
IR,RED,20102,18190
IR,RED,20098,18188
IR,RED,20095,18186
IR,RED,20088,18192
IR,RED,20102,18185
IR,RED,20096,18185
IR,RED,20093,18188
IR,RED,20091,18187
IR,RED,20086,18190
IR,RED,20090,18189
IR,RED,20107,18187
IR,RED,20095,18181
IR,RED,20088,18198
IR,RED,20089,18195
IR,RED,20094,18194
IR,RED,20095,18188
IR,RED,20100,18196
IR,RED,20102,18194
IR,RED,20097,18201
IR,RED,20101,18204
IR,RED,20107,18201
IR,RED,20106,18198
IR,RED,20098,18196
IR,RED,20100,18193
IR,RED,20097,18199
IR,RED,20100,18204
IR,RED,20095,18197
IR,RED,20091,18198
IR,RED,20092,18208
IR,RED,20089,18206
IR,RED,20094,18217
IR,RED,20087,18207
IR,RED,20096,18207
IR,RED,20107,18204
IR,RED,20096,18199
IR,RED,20096,18210
IR,RED,20093,18211
IR,RED,20086,18207
IR,RED,20110,18207
IR,RED,20108,18209
IR,RED,20094,18201
IR,RED,20104,18211
IR,RED,20098,18213
IR,RED,20090,18206
IR,RED,20091,18210
IR,RED,20100,18203
IR,RED,20084,18196
IR,RED,20092,18196
IR,RED,20090,18189
IR,RED,20096,18192
IR,RED,20078,18181
IR,RED,20089,18178
IR,RED,20075,18176
IR,RED,20080,18184
IR,RED,20075,18170
IR,RED,20073,18171
IR,RED,20073,18172
IR,RED,20079,18174
IR,RED,20079,18180
IR,RED,20078,18175
IR,RED,20071,18169
IR,RED,20071,18172
IR,RED,20067,18170
IR,RED,20071,18169
IR,RED,20067,18169
IR,RED,20074,18172
IR,RED,20069,18170
IR,RED,20069,18170
IR,RED,20073,18170
IR,RED,20073,18165
IR,RED,20064,18166
IR,RED,20079,18161
IR,RED,20073,18178
IR,RED,20073,18176
IR,RED,20065,18171
IR,RED,20074,18176
IR,RED,20072,18173
IR,RED,20074,18176
IR,RED,20078,18170
IR,RED,20081,18175
IR,RED,20077,18179
IR,RED,20075,18171
IR,RED,20088,18179
IR,RED,20080,18176
IR,RED,20081,18178
IR,RED,20090,18187
IR,RED,20082,18189
IR,RED,20083,18184
IR,RED,20074,18181
IR,RED,20076,18175
IR,RED,20086,18187
IR,RED,20078,18193
IR,RED,20080,18184
IR,RED,20086,18182
IR,RED,20079,18186
IR,RED,20090,18193
IR,RED,20087,18188
IR,RED,20083,18195
IR,RED,20085,18180
IR,RED,20088,18192
IR,RED,20095,18186
IR,RED,20091,18192
IR,RED,20094,18192
IR,RED,20085,18205
IR,RED,20087,18201
IR,RED,20092,18208
IR,RED,20086,18200
IR,RED,20092,18199
IR,RED,20101,18204
IR,RED,20095,18212
IR,RED,20095,18204
IR,RED,20094,18207
IR,RED,20098,18214
IR,RED,20093,18208
IR,RED,20095,18209
IR,RED,20090,18215
IR,RED,20089,18207
IR,RED,20093,18198
IR,RED,20092,18201
IR,RED,20087,18198
IR,RED,20084,18189
IR,RED,20088,18183
IR,RED,20082,18188
IR,RED,20090,18191
IR,RED,20076,18178
IR,RED,20081,18180
IR,RED,20077,18182
IR,RED,20073,18180
IR,RED,20078,18184
IR,RED,20067,18183
IR,RED,20072,18188
IR,RED,20075,18175
IR,RED,20067,18174
IR,RED,20072,18170
IR,RED,20066,18185
IR,RED,20071,18179
IR,RED,20077,18185
IR,RED,20076,18177
IR,RED,20074,18180
IR,RED,20079,18181
IR,RED,20072,18184
IR,RED,20077,18184
IR,RED,20081,18186
IR,RED,20078,18176
IR,RED,20079,18177
IR,RED,20070,18174
IR,RED,20078,18182
IR,RED,20070,18189
IR,RED,20081,18184
IR,RED,20077,18181
IR,RED,20079,18178
IR,RED,20090,18186
IR,RED,20082,18183
IR,RED,20085,18188
IR,RED,20079,18184
IR,RED,20068,18190
IR,RED,20083,18200
IR,RED,20079,18185
IR,RED,20089,18187
IR,RED,20085,18192
IR,RED,20081,18192
IR,RED,20078,18196
IR,RED,20081,18193
IR,RED,20083,18194
IR,RED,20081,18189
IR,RED,20078,18196
IR,RED,20079,18197
IR,RED,20079,18192
IR,RED,20085,18201
IR,RED,20085,18199
IR,RED,20083,18197
IR,RED,20071,18201
IR,RED,20082,18204
IR,RED,20070,18203
IR,RED,20088,18196
IR,RED,20079,18213
IR,RED,20085,18198
IR,RED,20087,18206
IR,RED,20080,18211
IR,RED,20076,18204
IR,RED,20081,18214
IR,RED,20076,18209
IR,RED,20083,18210
IR,RED,20088,18212
IR,RED,20081,18204
IR,RED,20078,18198
IR,RED,20086,18199
IR,RED,20086,18190
IR,RED,20086,18180
IR,RED,20081,18183
IR,RED,20081,18179
IR,RED,20072,18188
IR,RED,20086,18174
IR,RED,20075,18174
IR,RED,20071,18187
IR,RED,20073,18173
IR,RED,20076,18171
IR,RED,20064,18168
IR,RED,20068,18174
IR,RED,20073,18174
IR,RED,20073,18181
IR,RED,20068,18180
IR,RED,20065,18167
IR,RED,20070,18165
IR,RED,20076,18169
IR,RED,20067,18165
IR,RED,20069,18165
IR,RED,20066,18163
IR,RED,20060,18172
IR,RED,20051,18163
IR,RED,20062,18167
IR,RED,20072,18165
IR,RED,20065,18165
IR,RED,20059,18158
IR,RED,20067,18167
IR,RED,20059,18152
IR,RED,20057,18155
IR,RED,20055,18150
IR,RED,20048,18149
IR,RED,20050,18154
IR,RED,20053,18157
IR,RED,20052,18160
IR,RED,20069,18154
IR,RED,20056,18149
IR,RED,20068,18155
IR,RED,20060,18151
IR,RED,20057,18160
IR,RED,20057,18159
IR,RED,20057,18164
IR,RED,20057,18155
IR,RED,20054,18162
IR,RED,20063,18160
IR,RED,20053,18158
IR,RED,20051,18171
IR,RED,20054,18158
IR,RED,20062,18164
IR,RED,20056,18167
IR,RED,20068,18166
IR,RED,20059,18171
IR,RED,20059,18160
IR,RED,20063,18171
IR,RED,20060,18176
IR,RED,20058,18175
IR,RED,20062,18174
IR,RED,20055,18171
IR,RED,20058,18184
IR,RED,20061,18164
IR,RED,20061,18176
IR,RED,20058,18172
IR,RED,20061,18172
IR,RED,20055,18171
IR,RED,20053,18172
IR,RED,20054,18170
IR,RED,20063,18167
IR,RED,20059,18160
IR,RED,20058,18162
IR,RED,20053,18167
IR,RED,20056,18156
IR,RED,20054,18152
IR,RED,20043,18148
IR,RED,20049,18137
IR,RED,20050,18142
IR,RED,20042,18146
IR,RED,20054,18140
IR,RED,20054,18138
IR,RED,20042,18139
IR,RED,20038,18128
IR,RED,20043,18128
IR,RED,20047,18137
IR,RED,20050,18124
IR,RED,20038,18121
IR,RED,20040,18129
IR,RED,20038,18128
IR,RED,20026,18120
IR,RED,20039,18131
IR,RED,20028,18131
IR,RED,20034,18112
IR,RED,20025,18119
IR,RED,20031,18131
IR,RED,20020,18131
IR,RED,20037,18128
IR,RED,20035,18119
IR,RED,20033,18127
IR,RED,20033,18116
IR,RED,20026,18126
IR,RED,20033,18122
IR,RED,20019,18134
IR,RED,20023,18121
IR,RED,20019,18129
IR,RED,20023,18126
IR,RED,20024,18127
IR,RED,20025,18133
IR,RED,20020,18130
IR,RED,20031,18132
IR,RED,20034,18118
IR,RED,20031,18133
IR,RED,20025,18140
IR,RED,20029,18129
IR,RED,20024,18125
IR,RED,20028,18129
IR,RED,20032,18134
IR,RED,20016,18131
IR,RED,20018,18138
IR,RED,20026,18132
IR,RED,20026,18139
IR,RED,20029,18142
IR,RED,20028,18126
IR,RED,20026,18135
IR,RED,20034,18138
IR,RED,20027,18143
IR,RED,20030,18141
IR,RED,20025,18139
IR,RED,20030,18145
IR,RED,20032,18146
IR,RED,20029,18143
IR,RED,20029,18146
IR,RED,20041,18137
IR,RED,20032,18151
IR,RED,20039,18144
IR,RED,20033,18151
IR,RED,20036,18148
IR,RED,20041,18147
IR,RED,20038,18151
IR,RED,20041,18152
IR,RED,20032,18148
IR,RED,20037,18150
IR,RED,20042,18152
IR,RED,20035,18144
IR,RED,20038,18143
IR,RED,20044,18146
IR,RED,20031,18131
IR,RED,20041,18127
IR,RED,20030,18135
IR,RED,20030,18147
IR,RED,20021,18135
IR,RED,20018,18137
IR,RED,20031,18129
IR,RED,20023,18130
IR,RED,20033,18134
IR,RED,20021,18128
IR,RED,20023,18128
IR,RED,20020,18132
IR,RED,20029,18120
IR,RED,20022,18125
IR,RED,20023,18125
IR,RED,20024,18131
IR,RED,20027,18132
IR,RED,20022,18129
IR,RED,20022,18129
IR,RED,20023,18124
IR,RED,20027,18123
IR,RED,20020,18126
IR,RED,20027,18134
IR,RED,20027,18129
IR,RED,20025,18124
IR,RED,20027,18125
IR,RED,20030,18122
IR,RED,20025,18131
IR,RED,20022,18120
IR,RED,20025,18116
IR,RED,20015,18126
IR,RED,20018,18130
IR,RED,20024,18132
IR,RED,20029,18132
IR,RED,20028,18127
IR,RED,20021,18134
IR,RED,20030,18133
IR,RED,20027,18126
IR,RED,20033,18137
IR,RED,20028,18136
IR,RED,20030,18137
IR,RED,20020,18142
IR,RED,20032,18133
IR,RED,20032,18143
IR,RED,20033,18131
IR,RED,20035,18137
IR,RED,20036,18136
IR,RED,20029,18134
IR,RED,20031,18146
IR,RED,20037,18135
IR,RED,20024,18138
IR,RED,20028,18137
IR,RED,20029,18141
IR,RED,20034,18149
IR,RED,20033,18143
IR,RED,20035,18151
IR,RED,20027,18141
IR,RED,20028,18151
IR,RED,20037,18151
IR,RED,20028,18130
IR,RED,20031,18146
IR,RED,20026,18146
IR,RED,20028,18151
IR,RED,20033,18139
IR,RED,20028,18140
IR,RED,20025,18126
IR,RED,20022,18132
IR,RED,20010,18114
IR,RED,20025,18119
IR,RED,20023,18112
IR,RED,20022,18114
IR,RED,20013,18119
IR,RED,20012,18108
IR,RED,20011,18112
IR,RED,20010,18118
IR,RED,20008,18112
IR,RED,20014,18109
IR,RED,20012,18104
IR,RED,20003,18104
IR,RED,20007,18106
IR,RED,20003,18106
IR,RED,20002,18108
IR,RED,20013,18093
IR,RED,20011,18101
IR,RED,20011,18104
IR,RED,20011,18097
IR,RED,20004,18096
IR,RED,20010,18093
IR,RED,20004,18109
IR,RED,20006,18096
IR,RED,20015,18096
IR,RED,20009,18092
IR,RED,20008,18086
IR,RED,20009,18090
IR,RED,20008,18097
IR,RED,20012,18093
IR,RED,20008,18099
IR,RED,19996,18085
IR,RED,20004,18084
IR,RED,20006,18090
IR,RED,20001,18094
IR,RED,20012,18090
IR,RED,20010,18102
IR,RED,20001,18099
IR,RED,20008,18103
IR,RED,19995,18094
IR,RED,20010,18103
IR,RED,20008,18100
IR,RED,20015,18103
IR,RED,20007,18106
IR,RED,20010,18100
IR,RED,20006,18104
IR,RED,20008,18102
IR,RED,20016,18094
IR,RED,20007,18111
IR,RED,20012,18104
IR,RED,20010,18102
IR,RED,20023,18109
IR,RED,20015,18110
IR,RED,20005,18105
IR,RED,20014,18117
IR,RED,20006,18112
IR,RED,20016,18107
IR,RED,20013,18109
IR,RED,20007,18119
IR,RED,20001,18112
IR,RED,20002,18120
IR,RED,20002,18111
IR,RED,20003,18110
IR,RED,20005,18105
IR,RED,20011,18101
IR,RED,20004,18096
IR,RED,20000,18092
IR,RED,19999,18082
IR,RED,20001,18084
IR,RED,19996,18078
IR,RED,19997,18080
IR,RED,19992,18070
IR,RED,19996,18069
IR,RED,19984,18072
IR,RED,19990,18067
IR,RED,19984,18074
IR,RED,19990,18071
IR,RED,19988,18055
IR,RED,22863,18070
IR,RED,22859,18060
IR,RED,22862,18059
IR,RED,22849,18062
IR,RED,22859,18059
IR,RED,22845,18057
IR,RED,22858,18058
IR,RED,22849,18057
IR,RED,22835,18046
IR,RED,22842,18055
IR,RED,22839,18059
IR,RED,22828,18048
IR,RED,22835,18055
IR,RED,22836,18053
IR,RED,22841,18065
IR,RED,22839,18050
IR,RED,22838,18055
IR,RED,22825,18053
IR,RED,22838,18052
IR,RED,22828,18044
IR,RED,22839,18048
IR,RED,22839,18058
IR,RED,22838,18050
IR,RED,22833,18048
IR,RED,22838,18048
IR,RED,22828,18058
IR,RED,22834,18050
IR,RED,22831,18051
IR,RED,22839,18061
IR,RED,22838,18050
IR,RED,22836,18063
IR,RED,22839,18049
IR,RED,22828,18057
IR,RED,22836,18056
IR,RED,22835,18059
IR,RED,22841,18062
IR,RED,22838,18073
IR,RED,22840,18070
IR,RED,22838,18071
IR,RED,22834,18065
IR,RED,22835,18074
IR,RED,22841,18059
IR,RED,22825,18071
IR,RED,22835,18076
IR,RED,22841,18073
IR,RED,22845,18075
IR,RED,22834,18076
IR,RED,22843,18075
IR,RED,22840,18075
IR,RED,22837,18076
IR,RED,22836,18072
IR,RED,22841,18078
IR,RED,22843,18080
IR,RED,22838,18085
IR,RED,22846,18072
IR,RED,22844,18073
IR,RED,22845,18067
IR,RED,22830,18071
IR,RED,22837,18071
IR,RED,22836,18057
IR,RED,22846,18063
IR,RED,22833,18055
IR,RED,22835,18056
IR,RED,22822,18056
IR,RED,22827,18042
IR,RED,22829,18050
IR,RED,22833,18039
IR,RED,22833,18045
IR,RED,22825,18046
IR,RED,22825,18057
IR,RED,22828,18043
IR,RED,22826,18042
IR,RED,22818,18056
IR,RED,22832,18052
IR,RED,22823,18043
IR,RED,22822,18052
IR,RED,22822,18058
IR,RED,22825,18050
IR,RED,22831,18055
IR,RED,22826,18057
IR,RED,22828,18051
IR,RED,22828,18045
IR,RED,22826,18045
IR,RED,22834,18049
IR,RED,22813,18059
IR,RED,22825,18056
IR,RED,22829,18044
IR,RED,22829,18048
IR,RED,22825,18056
IR,RED,22829,18055
IR,RED,22832,18048
IR,RED,22830,18057
IR,RED,22825,18059
IR,RED,22820,18048
IR,RED,22815,18050
IR,RED,22826,18063
IR,RED,22841,18057
IR,RED,22824,18049
IR,RED,22839,18067
IR,RED,22826,18058
IR,RED,22839,18064
IR,RED,22848,18073
IR,RED,22826,18061
IR,RED,22827,18063
IR,RED,22840,18070
IR,RED,22830,18065
IR,RED,22834,18066
IR,RED,22824,18064
IR,RED,22830,18063
IR,RED,22830,18068
IR,RED,22842,18076
IR,RED,22834,18065
IR,RED,22831,18072
IR,RED,22829,18077
IR,RED,22828,18065
IR,RED,22833,18066
IR,RED,22832,18083
IR,RED,22819,18073
IR,RED,22833,18071
IR,RED,22836,18073
IR,RED,22835,18069
IR,RED,22829,18059
IR,RED,22825,18051
IR,RED,22826,18048
IR,RED,22821,18047
IR,RED,22828,18044
IR,RED,22820,18038
IR,RED,22814,18030
IR,RED,22819,18033
IR,RED,22813,18032
IR,RED,22813,18032
IR,RED,22812,18039
IR,RED,22816,18034
IR,RED,22812,18030
IR,RED,22801,18022
IR,RED,22814,18017
IR,RED,22805,18018
IR,RED,22808,18033
IR,RED,22797,18026
IR,RED,22810,18019
IR,RED,22803,18023
IR,RED,22796,18014
IR,RED,22801,18013
IR,RED,22801,18027
IR,RED,22797,18021
IR,RED,22804,18020
IR,RED,22793,18027
IR,RED,22798,18022
IR,RED,22802,18023
IR,RED,22796,18019
IR,RED,22799,18015
IR,RED,22787,18018
IR,RED,22787,18026
IR,RED,22790,18019
IR,RED,22795,18015
IR,RED,22795,18025
IR,RED,22795,18019
IR,RED,22792,18020
IR,RED,22799,18018
IR,RED,22795,18018
IR,RED,22790,18020
IR,RED,22791,18021
IR,RED,22796,18018
IR,RED,22793,18020
IR,RED,22794,18019
IR,RED,22794,18031
IR,RED,22793,18017
IR,RED,22801,18023
IR,RED,22803,18028
IR,RED,22805,18027
IR,RED,22799,18023
IR,RED,22802,18027
IR,RED,22811,18028
IR,RED,22802,18024
IR,RED,22804,18023
IR,RED,22804,18024
IR,RED,22803,18028
IR,RED,22793,18023
IR,RED,22803,18030
IR,RED,22804,18035
IR,RED,22799,18031
IR,RED,22797,18024
IR,RED,22804,18028
IR,RED,22800,18029
IR,RED,22805,18030
IR,RED,22800,18035
IR,RED,22803,18030
IR,RED,22799,18025
IR,RED,22801,18037
IR,RED,22796,18022
IR,RED,22800,18012
IR,RED,22791,18015
IR,RED,22790,18008
IR,RED,22791,18010
IR,RED,22780,18005
IR,RED,22788,17997
IR,RED,22784,17991
IR,RED,22782,17987
IR,RED,22778,17991
IR,RED,22784,17985
IR,RED,22778,17991
IR,RED,22772,17989
IR,RED,22775,17983
IR,RED,22777,17978
IR,RED,22765,17987
IR,RED,22760,17983
IR,RED,22770,17980
IR,RED,22763,17981
IR,RED,22767,17984
IR,RED,22771,17983
IR,RED,22761,17975
IR,RED,22766,17987
IR,RED,22768,17984
IR,RED,22772,17978
IR,RED,22773,17978
IR,RED,22759,17988
IR,RED,22765,17992
IR,RED,22760,17979
IR,RED,22778,17974
IR,RED,22769,17983
IR,RED,22765,17981
IR,RED,22764,17987
IR,RED,22773,17994
IR,RED,22772,17987
IR,RED,22775,17986
IR,RED,22770,17985
IR,RED,22779,17985
IR,RED,22776,17990
IR,RED,22772,17987
IR,RED,22773,17993
IR,RED,22765,17999
IR,RED,22777,17991
IR,RED,22772,17990
IR,RED,22780,17990
IR,RED,22785,18001
IR,RED,22782,17990
IR,RED,22777,17994
IR,RED,22781,18003
IR,RED,22778,17994
IR,RED,22779,17996
IR,RED,22773,17994
IR,RED,22779,17998
IR,RED,22780,18003
IR,RED,22784,18006
IR,RED,22786,18005
IR,RED,22781,18015
IR,RED,22789,18009
IR,RED,22786,18017
IR,RED,22788,18012
IR,RED,22784,18020
IR,RED,22793,18011
IR,RED,22778,18010
IR,RED,22783,18014
IR,RED,22789,18010
IR,RED,22788,18022
IR,RED,22785,18025
IR,RED,22780,18014
IR,RED,22784,18013
IR,RED,22781,18017
IR,RED,22789,18019
IR,RED,22782,18012
IR,RED,22786,18019
IR,RED,22782,18015
IR,RED,22788,18010
IR,RED,22789,18015
IR,RED,22787,18014
IR,RED,22785,18002
IR,RED,22781,18007
IR,RED,22771,18006
IR,RED,22787,18001
IR,RED,22770,17999
IR,RED,22773,17999
IR,RED,22778,17991
IR,RED,22765,17992
IR,RED,22771,17987
IR,RED,22771,18003
IR,RED,22771,17987
IR,RED,22770,17991
IR,RED,22775,17993
IR,RED,22772,17993
IR,RED,22781,17990
IR,RED,22777,17979
IR,RED,22779,17992
IR,RED,22776,17987
IR,RED,22783,17995
IR,RED,22775,17993
IR,RED,22774,17996
IR,RED,22774,17994
IR,RED,22772,17993
IR,RED,22775,17996
IR,RED,22781,17991
IR,RED,22782,17996
IR,RED,22772,17998
IR,RED,22788,17992
IR,RED,22784,17989
IR,RED,22778,18000
IR,RED,22786,17985
IR,RED,22785,17992
IR,RED,22783,17996
IR,RED,22783,18002
IR,RED,22785,18012
IR,RED,22784,17998
IR,RED,22786,17997
IR,RED,22780,18004
IR,RED,22793,18008
IR,RED,22789,18003
IR,RED,22772,18001
IR,RED,22780,18007
IR,RED,22779,18010
IR,RED,22783,18004
IR,RED,22788,18010
IR,RED,22788,18016
IR,RED,22783,18007
IR,RED,22790,18001
IR,RED,22790,18013
IR,RED,22793,18007
IR,RED,22786,17998
IR,RED,22801,18010
IR,RED,22801,18008
IR,RED,22797,18012
IR,RED,22795,18002
IR,RED,22800,18016
IR,RED,22807,18023
IR,RED,22801,18018
IR,RED,22793,18022
IR,RED,22793,18017
IR,RED,22791,18026
IR,RED,22789,18018
IR,RED,22794,18021
IR,RED,22799,18024
IR,RED,22797,18015
IR,RED,22795,18023
IR,RED,22804,18025
IR,RED,22794,18025
IR,RED,22806,18026
IR,RED,22791,18015
IR,RED,22800,18009
IR,RED,22797,18002
IR,RED,22794,18004
IR,RED,22787,17995
IR,RED,22778,17990
IR,RED,22779,17994
IR,RED,22783,17995
IR,RED,22783,17987
IR,RED,22779,17991
IR,RED,22781,17982
IR,RED,22778,17975
IR,RED,22774,17984
IR,RED,22773,17984
IR,RED,22778,17981
IR,RED,22783,17972
IR,RED,22777,17971
IR,RED,22771,17967
IR,RED,22771,17964
IR,RED,22771,17980
IR,RED,22771,17965
IR,RED,22767,17967
IR,RED,22766,17980
IR,RED,22766,17965
IR,RED,22766,17968
IR,RED,22763,17964
IR,RED,22762,17962
IR,RED,22756,17962
IR,RED,22757,17972
IR,RED,22762,17970
IR,RED,22762,17967
IR,RED,22762,17970
IR,RED,22754,17964
IR,RED,22763,17964
IR,RED,22760,17969
IR,RED,22753,17962
IR,RED,22755,17968
IR,RED,22761,17960
IR,RED,22765,17961
IR,RED,22765,17975
IR,RED,22756,17966
IR,RED,22763,17974
IR,RED,22766,17969
IR,RED,22760,17962
IR,RED,22760,17967
IR,RED,22759,17968
IR,RED,22750,17970
IR,RED,22753,17977
IR,RED,22761,17974
IR,RED,22755,17967
IR,RED,22766,17967
IR,RED,22758,17970
IR,RED,22753,17962
IR,RED,22760,17970
IR,RED,22764,17972
IR,RED,22765,17970
IR,RED,22760,17974
IR,RED,22750,17967
IR,RED,22767,17983
IR,RED,22764,17968
IR,RED,22767,17976
IR,RED,22759,17976
IR,RED,22757,17968
IR,RED,22748,17985
IR,RED,22760,17980
IR,RED,22770,17983
IR,RED,22756,17974
IR,RED,22757,17986
IR,RED,22761,17998
IR,RED,22767,17988
IR,RED,22764,17984
IR,RED,22768,17980
IR,RED,22764,17980
IR,RED,22764,17981
IR,RED,22767,17979
IR,RED,22758,17974
IR,RED,22766,17973
IR,RED,22754,17962
IR,RED,22750,17961
IR,RED,22749,17971
IR,RED,22747,17945
IR,RED,22743,17956
IR,RED,22736,17956
IR,RED,22755,17945
IR,RED,22739,17948
IR,RED,22733,17946
IR,RED,22736,17944
IR,RED,22740,17950
IR,RED,22744,17942
IR,RED,22738,17936
IR,RED,22725,17939
IR,RED,22733,17945
IR,RED,22722,17934
IR,RED,22735,17945
IR,RED,22747,17928
IR,RED,22736,17932
IR,RED,22736,17933
IR,RED,22747,17930
IR,RED,22743,17932
IR,RED,22737,17932
IR,RED,22735,17936
IR,RED,22730,17932
IR,RED,22730,17932
IR,RED,22728,17929
IR,RED,22732,17935
IR,RED,22724,17937
IR,RED,22732,17921
IR,RED,22727,17928
IR,RED,22732,17930
IR,RED,22733,17933
IR,RED,22725,17930
IR,RED,22731,17941
IR,RED,22726,17933
IR,RED,22727,17938
IR,RED,22741,17937
IR,RED,22737,17928
IR,RED,22728,17941
IR,RED,22732,17942
IR,RED,22729,17941
IR,RED,22726,17945
IR,RED,22731,17945
IR,RED,22737,17948
IR,RED,22731,17938
IR,RED,22724,17944
IR,RED,22734,17952
IR,RED,22738,17950
IR,RED,22728,17956
IR,RED,22737,17940
IR,RED,22729,17948
IR,RED,22727,17947
IR,RED,22728,17951
IR,RED,22742,17960
IR,RED,22730,17959
IR,RED,22730,17961
IR,RED,22727,17952
IR,RED,22736,17948
IR,RED,22737,17963
IR,RED,22732,17963
IR,RED,22738,17959
IR,RED,22737,17962
IR,RED,22730,17957
IR,RED,22736,17969
IR,RED,22739,17961
IR,RED,22733,17969
IR,RED,22736,17969
IR,RED,22737,17976
IR,RED,22741,17976
IR,RED,22728,17971
IR,RED,22745,17973
IR,RED,22736,17978
IR,RED,22745,17982
IR,RED,22739,17976
IR,RED,22748,17975
IR,RED,22732,17958
IR,RED,22734,17963
IR,RED,22735,17962
IR,RED,22742,17951
IR,RED,22731,17950
IR,RED,22733,17952
IR,RED,22735,17955
IR,RED,22737,17940
IR,RED,22730,17938
IR,RED,22726,17946
IR,RED,22724,17932
IR,RED,22723,17933
IR,RED,22723,17945
IR,RED,22726,17943
IR,RED,22729,17952
IR,RED,22728,17937
IR,RED,22728,17941
IR,RED,22718,17936
IR,RED,22716,17935
IR,RED,22726,17948
IR,RED,22713,17942
IR,RED,22726,17941
IR,RED,22721,17944
IR,RED,22723,17942
IR,RED,22721,17938
IR,RED,22722,17934
IR,RED,22717,17944
IR,RED,22725,17932
IR,RED,22726,17939
IR,RED,22720,17943
IR,RED,22721,17940
IR,RED,22718,17938
IR,RED,22719,17939
IR,RED,22727,17952
IR,RED,22722,17939
IR,RED,22722,17941
IR,RED,22725,17942
IR,RED,22718,17950
IR,RED,22714,17938
IR,RED,22718,17942
IR,RED,22724,17948
IR,RED,22720,17947
IR,RED,22723,17940
IR,RED,22722,17951
IR,RED,22722,17947
IR,RED,22719,17948
IR,RED,22730,17954
IR,RED,22716,17952
IR,RED,22720,17952
IR,RED,22723,17957
IR,RED,22738,17949
IR,RED,22731,17964
IR,RED,22733,17967
IR,RED,22736,17962
IR,RED,22735,17966
IR,RED,22728,17962
IR,RED,22730,17961
IR,RED,22727,17964
IR,RED,22720,17960
IR,RED,22729,17976
IR,RED,22736,17958
IR,RED,22733,17965
IR,RED,22728,17964
IR,RED,22730,17961
IR,RED,22726,17975
IR,RED,22732,17971
IR,RED,22726,17975
IR,RED,22721,17962
IR,RED,22728,17972
IR,RED,22718,17965
IR,RED,22723,17970
IR,RED,22733,17972
IR,RED,22731,17961
IR,RED,22720,17963
IR,RED,22724,17948
IR,RED,22710,17948
IR,RED,22716,17943
IR,RED,22716,17940
IR,RED,22721,17947
IR,RED,22711,17942
IR,RED,22714,17940
IR,RED,22692,17934
IR,RED,22701,17944
IR,RED,22701,17921
IR,RED,22711,17933
IR,RED,22707,17935
IR,RED,22699,17930
IR,RED,22714,17928
IR,RED,22700,17929
IR,RED,22703,17931
IR,RED,22704,17929
IR,RED,22703,17933
IR,RED,22705,17939
IR,RED,22695,17935
IR,RED,22689,17927
IR,RED,22701,17931
IR,RED,22706,17930
IR,RED,22697,17935
IR,RED,22688,17933
IR,RED,22698,17922
IR,RED,22698,17922
IR,RED,22687,17921
IR,RED,22701,17923
IR,RED,22684,17927
IR,RED,22688,17921
IR,RED,22702,17927
IR,RED,22687,17929
IR,RED,22697,17929
IR,RED,22691,17934
IR,RED,22697,17930
IR,RED,22693,17929
IR,RED,22685,17929
IR,RED,22693,17925
IR,RED,22695,17937
IR,RED,22696,17933
IR,RED,22697,17939
IR,RED,22686,17937
IR,RED,22686,17933
IR,RED,22694,17933
IR,RED,22689,17936
IR,RED,22701,17936
IR,RED,22702,17942
IR,RED,22704,17939
IR,RED,22696,17944
IR,RED,22697,17939
IR,RED,22699,17931
IR,RED,22702,17942
IR,RED,22698,17939
IR,RED,22699,17946
IR,RED,22703,17941
IR,RED,22702,17951
IR,RED,22704,17940
IR,RED,22697,17945
IR,RED,22702,17945
IR,RED,22701,17946
IR,RED,22701,17948
IR,RED,22697,17955
IR,RED,22714,17954
IR,RED,22713,17948
IR,RED,22704,17954
IR,RED,22714,17956
IR,RED,22716,17955
IR,RED,22717,17955
IR,RED,22699,17963
IR,RED,22704,17956
IR,RED,22709,17949
IR,RED,22706,17943
IR,RED,22706,17946
IR,RED,22717,17939
IR,RED,22705,17938
IR,RED,22699,17925
IR,RED,22700,17918
IR,RED,22695,17932
IR,RED,22694,17929
IR,RED,22690,17919
IR,RED,22689,17919
IR,RED,22685,17914
IR,RED,22690,17912
IR,RED,22686,17905
IR,RED,22686,17926
IR,RED,22691,17915
IR,RED,22677,17906
IR,RED,22686,17907
IR,RED,22684,17918
IR,RED,22686,17907
IR,RED,22686,17910
IR,RED,22684,17912
IR,RED,22684,17906
IR,RED,22676,17910
IR,RED,22673,17908
IR,RED,22675,17912
IR,RED,22685,17909
IR,RED,22673,17908
IR,RED,22666,17901
IR,RED,22675,17904
IR,RED,22667,17906
IR,RED,22674,17905
IR,RED,22674,17901
IR,RED,22674,17914
IR,RED,22670,17910
IR,RED,22672,17902
IR,RED,22671,17907
IR,RED,22675,17912
IR,RED,22664,17903
IR,RED,22682,17906
IR,RED,22664,17912
IR,RED,22678,17917
IR,RED,22688,17915
IR,RED,22675,17907
IR,RED,22671,17905
IR,RED,22677,17906
IR,RED,22677,17917
IR,RED,22674,17916
IR,RED,22686,17914
IR,RED,22679,17921
IR,RED,22674,17918
IR,RED,22681,17923
IR,RED,22681,17927
IR,RED,22683,17915
IR,RED,22684,17914
IR,RED,22680,17923
IR,RED,22683,17918
IR,RED,22693,17934
IR,RED,22688,17932
IR,RED,22692,17926
IR,RED,22695,17929
IR,RED,22685,17921
IR,RED,22695,17930
IR,RED,22693,17937
IR,RED,22688,17936
IR,RED,22686,17946
IR,RED,22691,17935
IR,RED,22689,17943
IR,RED,22690,17935
IR,RED,22678,17939
IR,RED,22699,17931
IR,RED,22706,17932
IR,RED,22690,17934
IR,RED,22691,17937
IR,RED,22697,17934
IR,RED,22692,17933
IR,RED,22686,17917
IR,RED,22675,17923
IR,RED,22686,17917
IR,RED,22673,17917
IR,RED,22674,17913
IR,RED,22677,17921
IR,RED,22670,17910
IR,RED,22671,17907
IR,RED,22672,17921
IR,RED,22678,17910
IR,RED,22675,17918
IR,RED,22676,17918
IR,RED,22679,17917
IR,RED,22679,17898
IR,RED,22683,17912
IR,RED,22673,17911
IR,RED,22672,17916
IR,RED,22678,17914
IR,RED,22669,17912
IR,RED,22673,17910
IR,RED,22677,17916
IR,RED,22675,17913
IR,RED,22673,17916
IR,RED,22665,17907
IR,RED,22679,17923
IR,RED,22676,17914
IR,RED,22676,17908
IR,RED,22674,17920
IR,RED,22670,17916
IR,RED,22678,17909
IR,RED,22675,17917
IR,RED,22685,17907
IR,RED,22676,17921
IR,RED,22665,17917
IR,RED,22681,17911
IR,RED,22680,17924
IR,RED,22687,17917
IR,RED,22686,17924
IR,RED,22682,17930
IR,RED,22688,17915
IR,RED,22682,17926
IR,RED,22677,17929
IR,RED,22684,17924
IR,RED,22678,17933
IR,RED,22680,17928
IR,RED,22679,17923
IR,RED,22680,17928
IR,RED,22676,17934
IR,RED,22688,17936
IR,RED,22684,17935
IR,RED,22685,17939
IR,RED,22693,17935
IR,RED,22691,17937
IR,RED,22689,17944
IR,RED,22675,17939
IR,RED,22679,17945
IR,RED,22688,17936
IR,RED,22687,17941
IR,RED,22679,17937
IR,RED,22684,17949
IR,RED,22681,17942
IR,RED,22686,17949
IR,RED,22685,17951
IR,RED,22687,17943
IR,RED,22687,17946
IR,RED,22688,17953
IR,RED,22684,17933
IR,RED,22681,17932
IR,RED,22679,17933
IR,RED,22682,17934
IR,RED,22673,17926
IR,RED,22669,17918
IR,RED,22673,17910
IR,RED,22670,17917
IR,RED,22671,17911
IR,RED,22681,17914
IR,RED,22660,17913
IR,RED,22664,17914
IR,RED,22664,17914
IR,RED,22672,17918
IR,RED,22668,17908
IR,RED,22669,17907
IR,RED,22671,17911
IR,RED,22669,17906
IR,RED,22666,17916
IR,RED,22665,17908
IR,RED,22664,17906
IR,RED,22661,17909
IR,RED,22657,17908
IR,RED,22661,17908
IR,RED,22670,17906
IR,RED,22668,17907
IR,RED,22666,17908
IR,RED,22663,17887
IR,RED,22663,17897
IR,RED,22655,17905
IR,RED,22655,17906
IR,RED,22658,17905
IR,RED,22658,17902
IR,RED,22662,17904
IR,RED,22644,17898
IR,RED,22651,17903
IR,RED,22656,17898
IR,RED,22657,17902
IR,RED,22651,17902
IR,RED,22661,17903
IR,RED,22654,17897
IR,RED,22657,17901
IR,RED,22660,17904
IR,RED,22664,17896
IR,RED,22650,17900
IR,RED,22671,17904
IR,RED,22661,17908
IR,RED,22656,17907
IR,RED,22658,17900
IR,RED,22663,17896
IR,RED,22659,17911
IR,RED,22651,17906
IR,RED,22656,17911
IR,RED,22659,17904
IR,RED,22667,17906
IR,RED,22653,17904
IR,RED,22658,17904
IR,RED,22665,17905
IR,RED,22656,17911
IR,RED,22657,17914
IR,RED,22649,17909
IR,RED,22662,17920
IR,RED,22655,17911
IR,RED,22663,17920
IR,RED,22664,17906
IR,RED,22663,17915
IR,RED,22668,17920
IR,RED,22664,17921
IR,RED,22648,17918
IR,RED,22658,17918
IR,RED,22650,17917
IR,RED,22652,17925
IR,RED,22658,17915
IR,RED,22660,17910
IR,RED,22651,17911
IR,RED,22643,17897
IR,RED,22648,17892
IR,RED,22650,17895
IR,RED,22638,17896
IR,RED,22636,17879
IR,RED,22628,17889
IR,RED,22642,17878
IR,RED,22648,17882
IR,RED,22631,17885
IR,RED,22633,17874
IR,RED,22639,17877
IR,RED,22642,17873
IR,RED,22639,17879
IR,RED,22628,17870
IR,RED,22637,17875
IR,RED,22647,17870
IR,RED,22640,17872
IR,RED,22635,17880
IR,RED,22639,17877
IR,RED,22633,17871
IR,RED,22634,17875
IR,RED,22632,17878
IR,RED,22623,17879
IR,RED,22633,17884
IR,RED,22621,17874
IR,RED,22631,17875
IR,RED,22630,17875
IR,RED,22623,17867
IR,RED,22623,17863
IR,RED,22624,17870
IR,RED,22622,17878
IR,RED,22629,17870
IR,RED,22625,17867
IR,RED,22618,17875
IR,RED,22634,17876
IR,RED,22633,17867
IR,RED,22614,17876
IR,RED,22625,17873
IR,RED,22632,17878
IR,RED,22629,17872
IR,RED,22630,17873
IR,RED,22631,17871
IR,RED,22636,17870
IR,RED,22643,17879
IR,RED,22629,17879
IR,RED,22640,17884
IR,RED,22635,17873
IR,RED,22629,17880
IR,RED,22626,17874
IR,RED,22637,17882
IR,RED,22628,17872
IR,RED,22632,17879
IR,RED,22633,17884
IR,RED,22632,17881
IR,RED,22632,17894
IR,RED,22633,17880
IR,RED,22630,17891
IR,RED,22643,17895
IR,RED,22647,17893
IR,RED,22636,17888
IR,RED,22643,17883
IR,RED,22639,17886
IR,RED,22640,17887
IR,RED,22641,17899
IR,RED,22638,17887
IR,RED,22636,17894
IR,RED,22635,17893
IR,RED,22629,17893
IR,RED,22624,17886
IR,RED,22630,17888
IR,RED,22633,17892
IR,RED,22629,17894
IR,RED,22624,17879
IR,RED,22626,17879
IR,RED,22621,17878
IR,RED,22620,17875
IR,RED,22616,17875
IR,RED,22616,17863
IR,RED,22608,17872
IR,RED,22617,17868
IR,RED,22624,17868
IR,RED,22627,17865
IR,RED,22607,17859
IR,RED,22604,17857
IR,RED,22619,17866
IR,RED,22609,17866
IR,RED,22622,17868
IR,RED,22609,17864
IR,RED,22619,17863
IR,RED,22617,17866
IR,RED,22609,17867
IR,RED,22615,17865
IR,RED,22612,17857
IR,RED,22619,17852
IR,RED,22628,17865
IR,RED,22617,17858
IR,RED,22613,17867
IR,RED,22621,17871
IR,RED,22617,17859
IR,RED,22617,17862
IR,RED,22616,17861
IR,RED,22623,17865
IR,RED,22607,17853
IR,RED,22607,17862
IR,RED,22613,17857
IR,RED,22617,17862
IR,RED,22613,17851
IR,RED,22618,17860
IR,RED,22611,17862
IR,RED,22624,17868
IR,RED,22620,17869
IR,RED,22616,17871
IR,RED,22609,17861
IR,RED,22608,17874
IR,RED,22618,17868
IR,RED,22616,17866
IR,RED,22609,17862
IR,RED,22622,17876
IR,RED,22616,17865
IR,RED,22624,17865
IR,RED,22614,17869
IR,RED,22616,17869
IR,RED,22613,17877
IR,RED,22613,17871
IR,RED,22611,17878
IR,RED,22624,17882
IR,RED,22621,17881
IR,RED,22618,17874
IR,RED,22621,17886
IR,RED,22620,17879
IR,RED,22615,17874
IR,RED,22624,17884
IR,RED,22614,17878
IR,RED,22621,17885
IR,RED,22619,17887
IR,RED,22613,17885
IR,RED,22628,17884
IR,RED,22611,17884
IR,RED,22620,17885
IR,RED,22620,17883
IR,RED,22624,17886
IR,RED,22626,17887
IR,RED,22618,17883
IR,RED,22608,17885
IR,RED,22617,17876
IR,RED,22609,17872
IR,RED,22608,17869
IR,RED,22610,17881
IR,RED,22609,17859
IR,RED,22598,17855
IR,RED,22599,17858
IR,RED,22592,17856
IR,RED,22603,17849
IR,RED,22597,17857
IR,RED,22589,17840
IR,RED,22597,17847
IR,RED,22594,17854
IR,RED,22592,17849
IR,RED,22589,17852
IR,RED,22598,17846
IR,RED,22592,17842
IR,RED,22586,17851
IR,RED,22596,17847
IR,RED,22582,17840
IR,RED,22592,17848
IR,RED,22599,17837
IR,RED,22595,17839
IR,RED,22591,17845
IR,RED,22580,17842
IR,RED,22591,17841
IR,RED,22579,17840
IR,RED,22583,17836
IR,RED,22579,17837
IR,RED,22584,17840
IR,RED,22589,17828
IR,RED,22582,17842
IR,RED,22594,17827
IR,RED,22576,17840
IR,RED,22584,17844
IR,RED,22577,17843
IR,RED,22577,17839
IR,RED,22573,17843
IR,RED,22595,17831
IR,RED,22586,17842
IR,RED,22587,17842
IR,RED,22579,17835
IR,RED,22582,17851
IR,RED,22577,17846
IR,RED,22585,17836
IR,RED,22569,17848
IR,RED,22581,17844
IR,RED,22588,17846
IR,RED,22590,17842
IR,RED,22575,17839
IR,RED,22591,17838
IR,RED,22581,17851
IR,RED,22584,17849
IR,RED,22589,17854
IR,RED,22579,17857
IR,RED,22581,17856
IR,RED,22587,17848
IR,RED,22583,17845
IR,RED,22595,17861
IR,RED,22594,17848
IR,RED,22587,17857
IR,RED,22584,17842
IR,RED,22581,17852
IR,RED,22583,17846
IR,RED,22575,17850
IR,RED,22571,17863
IR,RED,22578,17855
IR,RED,22577,17848
IR,RED,22580,17853
IR,RED,22592,17855
IR,RED,22590,17853
IR,RED,22594,17853
IR,RED,22585,17854
IR,RED,22575,17841
IR,RED,22582,17839
IR,RED,22579,17825
IR,RED,22566,17833
IR,RED,22570,17830
IR,RED,22563,17821
IR,RED,22557,17830
IR,RED,22559,17829
IR,RED,22558,17819
IR,RED,22553,17814
IR,RED,22560,17810
IR,RED,22555,17815
IR,RED,22557,17804
IR,RED,22556,17803
IR,RED,22562,17809
IR,RED,22567,17812
IR,RED,22550,17806
IR,RED,22550,17810
IR,RED,22554,17812
IR,RED,22552,17803
IR,RED,22547,17807
IR,RED,22548,17809
IR,RED,22546,17805
IR,RED,22540,17803
IR,RED,22542,17802
IR,RED,22541,17806
IR,RED,22547,17814
IR,RED,22542,17803
IR,RED,22548,17795
IR,RED,22546,17797
IR,RED,22544,17806
IR,RED,22544,17804
IR,RED,22528,17810
IR,RED,22540,17814
IR,RED,22548,17809
IR,RED,22545,17805
IR,RED,22544,17813
IR,RED,22539,17801
IR,RED,22545,17817
IR,RED,22553,17805
IR,RED,22553,17811
IR,RED,22554,17808
IR,RED,22547,17810
IR,RED,22548,17806
IR,RED,22559,17810
IR,RED,22546,17821
IR,RED,22543,17822
IR,RED,22554,17825
IR,RED,22553,17821
IR,RED,22558,17825
IR,RED,22555,17824
IR,RED,22549,17828
IR,RED,22548,17831
IR,RED,22551,17831
IR,RED,22545,17832
IR,RED,22553,17824
IR,RED,22550,17832
IR,RED,22563,17836
IR,RED,22555,17834
IR,RED,22560,17831
IR,RED,22559,17828
IR,RED,22555,17827
IR,RED,22551,17832
IR,RED,22554,17835
IR,RED,22556,17847
IR,RED,22550,17830
IR,RED,22565,17839
IR,RED,22562,17834
IR,RED,22560,17841
IR,RED,22556,17835
IR,RED,22564,17843
IR,RED,22557,17827
IR,RED,22567,17827
IR,RED,22562,17825
IR,RED,22561,17819
IR,RED,22563,17819
IR,RED,22554,17820
IR,RED,22556,17820
IR,RED,22554,17824
IR,RED,22554,17808
IR,RED,22542,17808
IR,RED,22542,17813
IR,RED,22545,17811
IR,RED,22540,17804
IR,RED,22548,17803
IR,RED,22548,17801
IR,RED,22547,17807
IR,RED,22552,17812
IR,RED,22553,17807
IR,RED,22548,17813
IR,RED,22544,17812
IR,RED,22538,17816
IR,RED,22534,17802
IR,RED,22546,17811
IR,RED,22538,17810
IR,RED,22541,17808
IR,RED,22538,17805
IR,RED,22547,17806
IR,RED,22556,17805
IR,RED,22544,17807
IR,RED,22553,17804
IR,RED,22557,17795
IR,RED,22545,17799
IR,RED,22532,17807
IR,RED,22553,17808
IR,RED,22542,17810
IR,RED,22544,17809
IR,RED,22545,17798
IR,RED,22552,17813
IR,RED,22549,17807
IR,RED,22543,17802
IR,RED,22539,17809
IR,RED,22555,17816
IR,RED,22555,17804
IR,RED,22560,17813
IR,RED,22554,17812
IR,RED,22553,17812
IR,RED,22555,17808
IR,RED,22560,17819
IR,RED,22558,17811
IR,RED,22543,17811
IR,RED,22553,17822
IR,RED,22540,17812
IR,RED,22554,17819
IR,RED,22546,17819
IR,RED,22550,17828
IR,RED,22539,17827
IR,RED,22547,17827
IR,RED,22538,17824
IR,RED,22550,17823
IR,RED,22546,17831
IR,RED,22546,17828
IR,RED,22553,17838
IR,RED,22547,17825
IR,RED,22552,17830
IR,RED,22549,17826
IR,RED,22550,17827
IR,RED,22547,17828
IR,RED,22554,17819
IR,RED,22544,17826
IR,RED,22537,17820
IR,RED,22540,17815
IR,RED,22544,17811
IR,RED,22545,17804
IR,RED,22543,17811
IR,RED,22540,17794
IR,RED,22530,17792
IR,RED,22530,17790
IR,RED,22523,17788
IR,RED,22524,17782
IR,RED,22522,17789
IR,RED,22527,17782
IR,RED,22520,17782
IR,RED,22526,17786
IR,RED,22524,17780
IR,RED,22518,17781
IR,RED,22525,17786
IR,RED,22513,17781
IR,RED,22519,17771
IR,RED,22509,17767
IR,RED,22515,17776
IR,RED,22506,17779
IR,RED,22510,17777
IR,RED,22505,17780
IR,RED,22514,17779
IR,RED,22510,17775
IR,RED,22507,17782
IR,RED,22505,17773
IR,RED,22517,17773
IR,RED,22513,17777
IR,RED,22506,17773
IR,RED,22504,17769
IR,RED,22503,17777
IR,RED,22497,17769
IR,RED,22503,17774
IR,RED,22497,17773
IR,RED,22500,17779
IR,RED,22515,17774
IR,RED,22498,17780
IR,RED,22508,17776
IR,RED,22494,17767
IR,RED,22506,17784
IR,RED,22500,17777
IR,RED,22499,17782
IR,RED,22506,17774
IR,RED,22502,17785
IR,RED,22502,17783
IR,RED,22499,17794
IR,RED,22504,17782
IR,RED,22510,17780
IR,RED,22512,17785
IR,RED,22525,17784
IR,RED,22505,17777
IR,RED,22513,17790
IR,RED,22508,17787
IR,RED,22512,17791
IR,RED,22499,17794
IR,RED,22509,17781
IR,RED,22500,17788
IR,RED,22507,17792
IR,RED,22504,17786
IR,RED,22518,17785
IR,RED,22512,17794
IR,RED,22509,17788
IR,RED,22519,17785
IR,RED,22512,17794
IR,RED,22504,17797
IR,RED,22504,17786
IR,RED,22510,17784
IR,RED,22502,17784
IR,RED,22515,17769
IR,RED,22493,17775
IR,RED,22502,17765
IR,RED,22502,17772
IR,RED,22503,17769
IR,RED,22502,17756
IR,RED,22501,17750
IR,RED,22499,17764
IR,RED,22497,17759
IR,RED,22500,17755
IR,RED,22497,17764
IR,RED,22487,17755
IR,RED,22491,17749
IR,RED,22491,17760
IR,RED,22489,17759
IR,RED,22492,17757
IR,RED,22484,17754
IR,RED,22485,17755
IR,RED,22497,17749
IR,RED,22490,17758
IR,RED,22487,17752
IR,RED,22486,17764
IR,RED,22487,17743
IR,RED,22489,17757
IR,RED,22489,17756
IR,RED,22485,17749
IR,RED,22498,17758
IR,RED,22495,17752
IR,RED,22493,17755
IR,RED,22494,17758
IR,RED,22483,17750
IR,RED,22483,17756
IR,RED,22499,17756
IR,RED,22490,17763
IR,RED,22488,17752
IR,RED,22488,17756
IR,RED,22494,17761
IR,RED,22487,17767
IR,RED,22492,17759
IR,RED,22490,17768
IR,RED,22487,17759
IR,RED,22499,17756
IR,RED,22498,17772
IR,RED,22494,17768
IR,RED,22499,17763
IR,RED,22500,17770
IR,RED,22506,17762
IR,RED,22507,17775
IR,RED,22503,17768
IR,RED,22499,17771
IR,RED,22493,17761
IR,RED,22492,17778
IR,RED,22499,17776
IR,RED,22495,17777
IR,RED,22494,17769
IR,RED,22502,17779
IR,RED,22502,17781
IR,RED,22502,17783
IR,RED,22513,17781
IR,RED,22500,17787
IR,RED,22502,17792
IR,RED,22507,17786
IR,RED,22489,17786
IR,RED,22499,17794
IR,RED,22502,17787
IR,RED,22507,17788
IR,RED,22500,17788
IR,RED,22492,17788
IR,RED,22493,17783
IR,RED,22499,17777
IR,RED,22495,17780
IR,RED,22497,17771
IR,RED,22502,17768
IR,RED,22488,17777
IR,RED,22495,17758
IR,RED,22490,17767
IR,RED,22497,17764
IR,RED,22489,17759
IR,RED,22484,17760
IR,RED,22490,17765
IR,RED,22493,17764
IR,RED,22490,17762
IR,RED,22486,17758
IR,RED,22483,17750
IR,RED,22491,17758
IR,RED,22486,17753
IR,RED,22485,17760
IR,RED,22492,17752
IR,RED,22500,17759
IR,RED,22483,17758
IR,RED,22490,17758
IR,RED,22484,17754
IR,RED,22479,17757
IR,RED,22481,17750
IR,RED,22488,17749
IR,RED,22480,17756
IR,RED,22490,17752
IR,RED,22484,17743
IR,RED,22488,17755
IR,RED,22493,17747
IR,RED,22482,17746
IR,RED,22476,17750
IR,RED,22488,17753
IR,RED,22481,17750
IR,RED,22483,17751
IR,RED,22487,17750
IR,RED,22493,17755
IR,RED,22486,17758
IR,RED,22487,17748
IR,RED,22495,17755
IR,RED,22492,17764
IR,RED,22504,17753
IR,RED,22497,17761
IR,RED,22503,17760
IR,RED,22491,17759
IR,RED,22497,17760
IR,RED,22493,17752
IR,RED,22480,17752
IR,RED,22487,17761
IR,RED,22496,17757
IR,RED,22499,17752
IR,RED,22480,17759
IR,RED,22494,17764
IR,RED,22498,17762
IR,RED,22490,17766
IR,RED,22485,17754
IR,RED,22493,17756
IR,RED,22496,17760
IR,RED,22478,17772
IR,RED,22486,17766
IR,RED,22498,17766
IR,RED,22505,17773
IR,RED,22491,17760
IR,RED,22490,17766
IR,RED,22489,17763
IR,RED,22499,17774
IR,RED,22499,17783
IR,RED,22492,17752
IR,RED,22492,17757
IR,RED,22497,17752
IR,RED,22481,17755
IR,RED,22478,17739
IR,RED,22485,17739
IR,RED,22470,17734
IR,RED,22476,17734
IR,RED,22478,17726
IR,RED,22473,17736
IR,RED,22463,17727
IR,RED,22464,17725
IR,RED,22455,17726
IR,RED,22473,17721
IR,RED,22464,17730
IR,RED,22460,17722
IR,RED,22463,17721
IR,RED,22455,17726
IR,RED,22454,17719
IR,RED,22454,17718
IR,RED,22454,17717
IR,RED,22454,17719
IR,RED,22448,17710
IR,RED,22445,17719
IR,RED,22452,17714
IR,RED,22454,17710
IR,RED,22440,17718
IR,RED,22446,17714
IR,RED,22439,17705
IR,RED,22449,17724
IR,RED,22444,17719
IR,RED,22447,17713
IR,RED,22442,17709
IR,RED,22432,17703
IR,RED,22433,17711
IR,RED,22454,17711
IR,RED,22440,17711
IR,RED,22440,17712
IR,RED,22441,17713
IR,RED,22439,17713
IR,RED,22446,17708
IR,RED,22455,17716
IR,RED,22444,17716
IR,RED,22453,17712
IR,RED,22447,17720
IR,RED,22455,17709
IR,RED,22451,17710
IR,RED,22448,17714
IR,RED,22450,17718
IR,RED,22442,17718
IR,RED,22446,17721
IR,RED,22446,17722
IR,RED,22451,17726
IR,RED,22457,17721
IR,RED,22451,17721
IR,RED,22457,17718
IR,RED,22459,17727
IR,RED,22450,17728
IR,RED,22459,17711
IR,RED,22450,17728
IR,RED,22464,17734
IR,RED,22455,17722
IR,RED,22439,17723
IR,RED,22458,17725
IR,RED,22459,17726
IR,RED,22458,17730
IR,RED,22463,17727
IR,RED,22461,17737
IR,RED,22454,17731
IR,RED,22452,17733
IR,RED,22445,17719
IR,RED,22454,17727
IR,RED,22454,17730
IR,RED,22459,17723
IR,RED,22448,17719
IR,RED,22449,17711
IR,RED,22438,17707
IR,RED,22451,17696
IR,RED,22449,17694
IR,RED,22445,17695
IR,RED,22439,17696
IR,RED,22433,17694
IR,RED,22437,17696
IR,RED,22434,17692
IR,RED,22431,17684
IR,RED,22435,17695
IR,RED,22438,17693
IR,RED,22424,17692
IR,RED,22433,17682
IR,RED,22430,17685
IR,RED,22426,17690
IR,RED,22437,17687
IR,RED,22428,17687
IR,RED,22437,17683
IR,RED,22439,17682
IR,RED,22431,17683
IR,RED,22433,17691
IR,RED,22431,17686
IR,RED,22427,17690
IR,RED,22427,17689
IR,RED,22432,17694
IR,RED,22438,17693
IR,RED,22427,17696
IR,RED,22431,17701
IR,RED,22426,17693
IR,RED,22426,17699
IR,RED,22434,17697
IR,RED,22442,17704
IR,RED,22428,17700
IR,RED,22437,17704
IR,RED,22437,17703
IR,RED,22437,17702
IR,RED,22444,17698
IR,RED,22450,17703
IR,RED,22442,17693
IR,RED,22447,17709
IR,RED,22454,17700
IR,RED,22439,17701
IR,RED,22449,17693
IR,RED,22443,17713
IR,RED,22447,17716
IR,RED,22447,17714
IR,RED,22439,17715
IR,RED,22458,17710
IR,RED,22452,17715
IR,RED,22443,17707
IR,RED,22447,17724
IR,RED,22454,17720
IR,RED,22453,17719
IR,RED,22463,17714
IR,RED,22451,17729
IR,RED,22458,17720
IR,RED,22470,17724
IR,RED,22466,17728
IR,RED,22452,17728
IR,RED,22458,17725
IR,RED,22457,17725
IR,RED,22468,17733
IR,RED,22456,17734
IR,RED,22459,17735
IR,RED,22469,17734
IR,RED,22460,17740
IR,RED,22463,17729
IR,RED,22468,17733
IR,RED,22465,17732
IR,RED,22457,17728
IR,RED,22465,17728
IR,RED,22458,17725
IR,RED,22463,17732
IR,RED,22457,17724
IR,RED,22459,17712
IR,RED,22449,17726
IR,RED,22451,17711
IR,RED,22448,17716
IR,RED,22446,17706
IR,RED,22448,17713
IR,RED,22444,17713
IR,RED,22436,17705
IR,RED,22447,17710
IR,RED,22449,17703
IR,RED,22446,17708
IR,RED,22455,17712
IR,RED,22440,17703
IR,RED,22453,17711
IR,RED,22440,17713
IR,RED,22452,17708
IR,RED,22447,17703
IR,RED,22448,17711
IR,RED,22441,17706
IR,RED,22440,17707
IR,RED,22434,17716
IR,RED,22440,17711
IR,RED,22445,17706
IR,RED,22443,17701
IR,RED,22443,17711
IR,RED,22448,17710
IR,RED,22453,17712
IR,RED,22444,17698
IR,RED,22446,17706
IR,RED,22463,17712
IR,RED,22450,17712
IR,RED,22451,17706
IR,RED,22452,17706
IR,RED,22452,17706
IR,RED,22453,17717
IR,RED,22448,17719
IR,RED,22453,17719
IR,RED,22449,17714
IR,RED,22454,17717
IR,RED,22456,17708
IR,RED,22444,17713
IR,RED,22466,17715
IR,RED,22451,17712
IR,RED,22448,17707
IR,RED,22456,17715
IR,RED,22456,17723
IR,RED,22456,17715
IR,RED,22455,17724
IR,RED,22455,17718
IR,RED,22459,17726
IR,RED,22462,17722
IR,RED,22451,17724
IR,RED,22459,17722
IR,RED,22451,17720
IR,RED,22460,17730
IR,RED,22456,17722
IR,RED,22458,17720
IR,RED,22458,17720
IR,RED,22456,17726
IR,RED,22447,17733
IR,RED,22460,17728
IR,RED,22453,17732
IR,RED,22456,17723
IR,RED,22445,17718
IR,RED,22454,17720
IR,RED,22454,17719
IR,RED,22435,17718
IR,RED,22451,17715
IR,RED,22450,17708
IR,RED,22448,17704
IR,RED,22441,17703
IR,RED,22441,17705
IR,RED,22442,17692
IR,RED,22433,17694
IR,RED,22432,17691
IR,RED,22431,17697
IR,RED,22426,17697
IR,RED,22428,17693
IR,RED,22431,17691
IR,RED,22424,17688
IR,RED,22425,17693
IR,RED,22433,17689
IR,RED,22425,17691
IR,RED,22428,17690
IR,RED,22434,17690
IR,RED,22430,17687
IR,RED,22426,17680
IR,RED,22428,17681
IR,RED,22429,17688
IR,RED,22432,17684
IR,RED,22419,17681
IR,RED,22423,17680
IR,RED,22410,17683
IR,RED,22414,17683
IR,RED,22429,17689
IR,RED,22426,17677
IR,RED,22424,17679
IR,RED,22416,17688
IR,RED,22434,17684
IR,RED,22429,17689
IR,RED,22418,17689
IR,RED,22423,17681
IR,RED,22418,17681
IR,RED,22423,17680
IR,RED,22421,17688
IR,RED,22430,17686
IR,RED,22420,17684
IR,RED,22422,17678
IR,RED,22431,17685
IR,RED,22428,17695
IR,RED,22423,17689
IR,RED,22426,17688
IR,RED,22428,17690
IR,RED,22426,17701
IR,RED,22422,17694
IR,RED,22422,17693
IR,RED,22429,17685
IR,RED,22426,17690
IR,RED,22415,17687
IR,RED,22431,17689
IR,RED,22431,17689
IR,RED,22422,17692
IR,RED,22417,17691
IR,RED,22422,17698
IR,RED,22431,17697
IR,RED,22426,17698
IR,RED,22423,17705
IR,RED,22426,17708
IR,RED,22424,17703
IR,RED,22424,17708
IR,RED,22433,17699
IR,RED,22427,17700
IR,RED,22430,17687
IR,RED,22419,17692
IR,RED,22423,17681
IR,RED,22426,17677
IR,RED,22419,17679
IR,RED,22404,17685
IR,RED,22419,17676
IR,RED,22417,17672
IR,RED,22411,17674
IR,RED,22419,17666
IR,RED,22410,17672
IR,RED,22420,17662
IR,RED,22416,17661
IR,RED,22406,17661
IR,RED,22398,17659
IR,RED,22403,17661
IR,RED,22399,17658
IR,RED,22407,17664
IR,RED,22409,17659
IR,RED,22402,17655
IR,RED,22405,17656
IR,RED,22407,17658
IR,RED,22407,17657
IR,RED,22410,17652
IR,RED,22404,17656
IR,RED,22399,17654
IR,RED,22402,17654
IR,RED,22400,17654
IR,RED,22398,17651
IR,RED,22399,17653
IR,RED,22410,17660
IR,RED,22398,17658
IR,RED,22409,17658
IR,RED,22402,17659
IR,RED,22406,17669
IR,RED,22404,17658
IR,RED,22407,17665
IR,RED,22399,17653
IR,RED,22409,17659
IR,RED,22413,17653
IR,RED,22397,17661
IR,RED,22401,17663
IR,RED,22411,17663
IR,RED,22411,17663
IR,RED,22430,17664
IR,RED,22415,17663
IR,RED,22408,17663
IR,RED,22406,17662
IR,RED,22409,17662
IR,RED,22413,17668
IR,RED,22414,17679
IR,RED,22413,17672
IR,RED,22419,17662
IR,RED,22418,17676
IR,RED,22418,17679
IR,RED,22422,17679
IR,RED,22419,17680
IR,RED,22427,17671
IR,RED,22406,17687
IR,RED,22409,17685
IR,RED,22405,17679
IR,RED,22397,17688
IR,RED,22408,17682
IR,RED,22415,17689
IR,RED,22407,17688
IR,RED,22410,17685
IR,RED,22412,17684
IR,RED,22403,17693
IR,RED,22398,17692
IR,RED,22401,17681
IR,RED,22404,17683
IR,RED,22402,17676
IR,RED,22405,17679
IR,RED,22404,17685
IR,RED,22405,17678
IR,RED,22404,17678
IR,RED,22401,17670
IR,RED,22397,17673
IR,RED,22387,17677
IR,RED,22385,17672
IR,RED,22393,17667
IR,RED,22391,17672
IR,RED,22403,17675
IR,RED,22397,17675
IR,RED,22401,17666
IR,RED,22405,17684
IR,RED,22403,17680
IR,RED,22391,17681
IR,RED,22403,17675
IR,RED,22391,17675
IR,RED,22396,17674
IR,RED,22404,17685
IR,RED,22395,17687
IR,RED,22390,17687
IR,RED,22392,17699
IR,RED,22386,17691
IR,RED,22395,17689
IR,RED,22392,17701
IR,RED,22384,17700
IR,RED,22386,17706
IR,RED,22397,17704
IR,RED,22400,17702
IR,RED,22397,17710
IR,RED,22398,17720
IR,RED,22402,17719
IR,RED,22413,17721
IR,RED,22405,17719
IR,RED,22403,17724
IR,RED,22417,17718
IR,RED,22433,17732
IR,RED,22426,17724
IR,RED,22424,17734
IR,RED,22422,17737
IR,RED,22423,17734
IR,RED,22423,17738
IR,RED,22426,17737
IR,RED,22423,17735
IR,RED,22429,17736
IR,RED,22432,17738
IR,RED,22424,17740
IR,RED,22436,17737
IR,RED,22423,17752
IR,RED,22424,17749
IR,RED,22425,17747
IR,RED,22431,17744
IR,RED,22426,17746
IR,RED,22432,17742
IR,RED,22436,17753
IR,RED,22438,17745
IR,RED,22440,17750
IR,RED,22428,17749
IR,RED,22441,17753
IR,RED,22432,17754
IR,RED,22437,17757
IR,RED,22435,17759
IR,RED,22447,17759
IR,RED,22445,17749
IR,RED,22443,17757
IR,RED,22452,17750
IR,RED,22437,17756
IR,RED,22445,17744
IR,RED,22443,17752
IR,RED,22449,17739
IR,RED,22434,17738
IR,RED,22428,17734
IR,RED,22431,17726
IR,RED,22420,17717
IR,RED,22427,17734
IR,RED,22429,17722
IR,RED,22432,17722
IR,RED,22422,17715
IR,RED,22427,17724
IR,RED,22425,17721
IR,RED,22431,17710
IR,RED,22414,17712
IR,RED,22414,17709
IR,RED,22411,17706
IR,RED,22414,17714
IR,RED,22412,17703
IR,RED,22411,17710
IR,RED,22419,17708
IR,RED,22410,17710
IR,RED,22408,17703
IR,RED,22408,17712
IR,RED,22415,17709
IR,RED,22419,17712
IR,RED,22410,17701
IR,RED,22396,17710
IR,RED,22404,17706
IR,RED,22412,17698
IR,RED,22410,17708
IR,RED,22409,17705
IR,RED,22408,17701
IR,RED,22409,17695
IR,RED,22402,17697
IR,RED,22407,17705
IR,RED,22397,17703
IR,RED,22396,17709
IR,RED,22408,17708
IR,RED,22414,17700
IR,RED,22411,17707
IR,RED,22394,17712
IR,RED,22418,17713
IR,RED,22406,17712
IR,RED,22406,17704
IR,RED,22399,17704
IR,RED,22402,17712
IR,RED,22418,17714
IR,RED,22407,17713
IR,RED,22410,17715
IR,RED,22412,17715
IR,RED,22417,17715
IR,RED,22415,17716
IR,RED,22406,17714
IR,RED,22420,17723
IR,RED,22415,17716
IR,RED,22406,17721
IR,RED,22409,17720
IR,RED,22407,17712
IR,RED,22413,17723
IR,RED,22401,17711
IR,RED,22411,17719
IR,RED,22404,17706
IR,RED,22413,17708
IR,RED,22406,17700
IR,RED,22411,17701
IR,RED,22412,17692
IR,RED,22402,17686
IR,RED,22407,17680
IR,RED,22401,17700
IR,RED,22402,17675
IR,RED,22399,17684
IR,RED,22395,17676
IR,RED,22389,17674
IR,RED,22399,17676
IR,RED,22391,17670
IR,RED,22388,17669
IR,RED,22378,17671
IR,RED,22388,17670
IR,RED,22388,17671
IR,RED,22389,17667
IR,RED,22393,17671
IR,RED,22399,17670
IR,RED,22383,17671
IR,RED,22395,17675
IR,RED,22398,17669
IR,RED,22392,17676
IR,RED,22393,17675
IR,RED,22390,17669
IR,RED,22392,17676
IR,RED,22391,17682
IR,RED,22403,17681
IR,RED,22400,17679
IR,RED,22407,17668
IR,RED,22396,17673
IR,RED,22398,17675
IR,RED,22399,17676
IR,RED,22405,17671
IR,RED,22405,17670
IR,RED,22400,17667
IR,RED,22408,17667
IR,RED,22396,17669
IR,RED,22398,17665
IR,RED,22386,17667
IR,RED,22389,17673
IR,RED,22389,17666
IR,RED,22390,17658
IR,RED,22397,17671
IR,RED,22407,17672
IR,RED,22395,17665
IR,RED,22395,17663
IR,RED,22385,17668
IR,RED,22391,17665
IR,RED,22384,17664
IR,RED,22392,17674
IR,RED,22394,17673
IR,RED,22394,17672
IR,RED,22392,17667
IR,RED,22394,17673
IR,RED,22384,17673
IR,RED,22402,17665
IR,RED,22390,17667
IR,RED,22385,17666
IR,RED,22387,17650
IR,RED,22392,17656
IR,RED,22381,17649
IR,RED,22379,17646
IR,RED,22378,17653
IR,RED,22378,17644
IR,RED,22375,17632
IR,RED,22378,17637
IR,RED,22365,17636
IR,RED,22359,17628
IR,RED,22371,17626
IR,RED,22371,17630
IR,RED,22369,17613
IR,RED,22360,17617
IR,RED,22372,17618
IR,RED,22364,17623
IR,RED,22376,17619
IR,RED,22371,17618
IR,RED,22376,17625
IR,RED,22373,17615
IR,RED,22370,17618
IR,RED,22360,17616
IR,RED,22374,17615
IR,RED,22369,17620
IR,RED,22383,17616
IR,RED,22376,17615
IR,RED,22373,17612
IR,RED,22374,17620
IR,RED,22382,17620
IR,RED,22378,17620
IR,RED,22382,17631
IR,RED,22395,17619
IR,RED,22392,17626
IR,RED,22392,17630
IR,RED,22401,17617
IR,RED,22400,17628
IR,RED,22392,17618
IR,RED,22392,17623
IR,RED,22389,17622
IR,RED,22384,17621
IR,RED,22389,17620
IR,RED,22390,17617
IR,RED,22381,17622
IR,RED,22387,17626
IR,RED,22390,17624
IR,RED,22388,17624
IR,RED,22392,17631
IR,RED,22389,17625
IR,RED,22392,17632
IR,RED,22395,17631
IR,RED,22391,17631
IR,RED,22394,17635
IR,RED,22401,17638
IR,RED,22399,17639
IR,RED,22386,17634
IR,RED,22387,17635
IR,RED,22388,17637
IR,RED,22392,17630
IR,RED,22392,17634
IR,RED,22395,17625
IR,RED,22403,17635
IR,RED,22396,17631
IR,RED,22393,17623
IR,RED,22389,17627
IR,RED,22409,17618
IR,RED,22396,17619
IR,RED,22396,17610
IR,RED,22404,17607
IR,RED,22408,17613
IR,RED,22390,17612
IR,RED,22399,17599
IR,RED,22395,17604
IR,RED,22402,17599
IR,RED,22402,17597
IR,RED,22404,17590
IR,RED,22401,17601
IR,RED,22395,17593
IR,RED,22396,17593
IR,RED,22402,17595
IR,RED,22397,17597
IR,RED,22395,17594
IR,RED,22393,17593
IR,RED,22399,17587
IR,RED,22399,17591
IR,RED,22394,17584
IR,RED,22399,17593
IR,RED,22392,17592
IR,RED,22399,17596
IR,RED,22395,17590
IR,RED,22387,17589
IR,RED,22383,17584
IR,RED,22391,17590
IR,RED,22384,17590
IR,RED,22390,17587
IR,RED,22393,17584
IR,RED,22388,17589
IR,RED,22376,17590
IR,RED,22394,17582
IR,RED,22389,17598
IR,RED,22385,17589
IR,RED,22389,17595
IR,RED,22392,17591
IR,RED,22402,17589
IR,RED,22397,17587
IR,RED,22408,17599
IR,RED,22402,17589
IR,RED,22415,17595
IR,RED,22417,17588
IR,RED,22431,17601
IR,RED,22427,17599
IR,RED,22436,17599
IR,RED,22437,17602
IR,RED,22431,17608
IR,RED,22449,17602
IR,RED,22438,17610
IR,RED,22446,17605
IR,RED,22443,17600
IR,RED,22442,17607
IR,RED,22450,17608
IR,RED,22446,17610
IR,RED,22440,17613
IR,RED,22437,17606
IR,RED,22437,17614
IR,RED,22446,17624
IR,RED,22437,17616
IR,RED,22447,17612
IR,RED,22451,17614
IR,RED,22449,17613
IR,RED,22444,17606
IR,RED,22434,17597
IR,RED,22437,17604
IR,RED,22446,17592
IR,RED,22443,17583
IR,RED,22427,17583
IR,RED,22437,17582
IR,RED,22432,17573
IR,RED,22437,17580
IR,RED,22444,17571
IR,RED,22430,17568
IR,RED,22428,17570
IR,RED,22427,17565
IR,RED,22432,17568
IR,RED,22429,17565
IR,RED,22421,17562
IR,RED,22426,17570
IR,RED,22430,17571
IR,RED,22425,17568
IR,RED,22425,17577
IR,RED,22419,17571
IR,RED,22420,17570
IR,RED,22427,17572
IR,RED,22420,17576
IR,RED,22425,17568
IR,RED,22436,17573
IR,RED,22434,17571
IR,RED,22429,17581
IR,RED,22431,17578
IR,RED,22433,17579
IR,RED,22429,17573
IR,RED,22440,17584
IR,RED,22435,17575
IR,RED,22433,17578
IR,RED,22427,17577
IR,RED,22445,17581
IR,RED,22431,17581
IR,RED,22433,17583
IR,RED,22433,17581
IR,RED,22453,17578
IR,RED,22437,17582
IR,RED,22463,17586
IR,RED,22462,17581
IR,RED,22472,17595
IR,RED,22486,17601
IR,RED,22487,17603
IR,RED,22505,17607
IR,RED,22504,17614
IR,RED,22500,17622
IR,RED,22514,17623
IR,RED,22501,17625
IR,RED,22497,17621
IR,RED,22497,17623
IR,RED,22498,17617
IR,RED,22483,17629
IR,RED,22491,17625
IR,RED,22489,17624
IR,RED,22471,17609
IR,RED,22476,17624
IR,RED,22470,17618
IR,RED,22479,17628
IR,RED,22483,17618
IR,RED,22468,17621
IR,RED,22482,17623
IR,RED,22475,17631
IR,RED,22466,17623
IR,RED,22466,17628
IR,RED,22485,17630
IR,RED,22485,17622
IR,RED,22484,17620
IR,RED,22484,17625
IR,RED,22480,17618
IR,RED,22469,17619
IR,RED,22472,17603
IR,RED,22472,17609
IR,RED,22478,17606
IR,RED,22475,17604
IR,RED,22477,17606
IR,RED,22466,17596
IR,RED,22471,17592
IR,RED,22470,17604
IR,RED,22478,17601
IR,RED,22478,17598
IR,RED,22473,17601
IR,RED,22480,17597
IR,RED,22478,17595
IR,RED,22488,17603
IR,RED,22482,17599
IR,RED,22475,17607
IR,RED,22471,17602
IR,RED,22476,17604
IR,RED,22477,17608
IR,RED,22482,17610
IR,RED,22481,17608
IR,RED,22471,17610
IR,RED,22469,17604
IR,RED,22477,17620
IR,RED,22482,17612
IR,RED,22476,17608
IR,RED,22474,17610
IR,RED,22482,17600
IR,RED,22479,17610
IR,RED,22483,17608
IR,RED,22482,17623
IR,RED,22484,17622
IR,RED,22484,17611
IR,RED,22484,17621
IR,RED,22490,17625
IR,RED,22484,17617
IR,RED,22496,17614
IR,RED,22491,17625
IR,RED,22492,17618
IR,RED,22495,17631
IR,RED,22498,17632
IR,RED,22500,17625
IR,RED,22493,17635
IR,RED,22503,17637
IR,RED,22509,17644
IR,RED,22507,17640
IR,RED,22525,17645
IR,RED,22516,17641
IR,RED,22521,17646
IR,RED,22528,17638
IR,RED,22520,17643
IR,RED,22526,17656
IR,RED,22521,17650
IR,RED,22522,17649
IR,RED,22510,17648
IR,RED,22515,17654
IR,RED,22527,17655
IR,RED,22516,17653
IR,RED,22524,17649
IR,RED,22524,17647
IR,RED,22520,17642
IR,RED,22523,17634
IR,RED,22515,17636
IR,RED,22524,17629
IR,RED,22519,17622
IR,RED,22512,17613
IR,RED,22512,17617
IR,RED,22507,17620
IR,RED,22509,17616
IR,RED,22500,17610
IR,RED,22499,17611
IR,RED,22497,17616
IR,RED,22490,17608
IR,RED,22489,17607
IR,RED,22495,17611
IR,RED,22491,17613
IR,RED,22482,17608
IR,RED,22479,17608
IR,RED,22472,17607
IR,RED,22482,17602
IR,RED,22467,17609
IR,RED,22463,17605
IR,RED,22478,17605
IR,RED,22468,17606
IR,RED,22470,17607
IR,RED,22491,17617
IR,RED,22483,17608
IR,RED,22481,17602
IR,RED,22484,17610
IR,RED,22488,17606
IR,RED,22487,17606
IR,RED,22491,17609
IR,RED,22501,17611
IR,RED,22488,17616
IR,RED,22501,17603
IR,RED,22490,17615
IR,RED,22489,17605
IR,RED,22498,17614
IR,RED,22501,17607
IR,RED,22501,17608
IR,RED,22504,17622
IR,RED,22509,17627
IR,RED,22499,17617
IR,RED,22513,17622
IR,RED,22515,17632
IR,RED,22510,17628
IR,RED,22512,17625
IR,RED,22502,17621
IR,RED,22516,17623
IR,RED,22507,17632
IR,RED,22512,17627
IR,RED,22507,17631
IR,RED,22519,17635
IR,RED,22510,17634
IR,RED,22512,17632
IR,RED,22504,17639
IR,RED,22516,17637
IR,RED,22512,17632
IR,RED,22509,17636
IR,RED,22499,18110
IR,RED,22497,18973
IR,RED,22497,18972
IR,RED,22494,18971
IR,RED,22508,18967
IR,RED,22493,18968
IR,RED,22507,18976
IR,RED,22498,18965
IR,RED,22499,18962
IR,RED,22491,18953
IR,RED,22491,18955
IR,RED,22478,18950
IR,RED,22483,18948
IR,RED,22485,18939
IR,RED,22493,18937
IR,RED,22494,18936
IR,RED,22491,18934
IR,RED,22480,18936
IR,RED,22484,18941
IR,RED,22479,18925
IR,RED,22492,18932
IR,RED,22480,18933
IR,RED,22475,18928
IR,RED,22470,18926
IR,RED,22480,18913
IR,RED,22476,18924
IR,RED,22481,18919
IR,RED,22473,18920
IR,RED,22481,18928
IR,RED,22481,18921
IR,RED,22470,18922
IR,RED,22470,18910
IR,RED,22484,18922
IR,RED,22472,18909
IR,RED,22473,18909
IR,RED,22480,18910
IR,RED,22470,18915
IR,RED,22462,18904
IR,RED,22471,18902
IR,RED,22469,18903
IR,RED,22472,18902
IR,RED,22470,18907
IR,RED,22475,18912
IR,RED,22467,18910
IR,RED,22462,18912
IR,RED,22470,18906
IR,RED,22482,18909
IR,RED,22483,18920
IR,RED,22484,18917
IR,RED,22479,18921
IR,RED,22486,18921
IR,RED,22476,18921
IR,RED,22480,18916
IR,RED,22479,18919
IR,RED,22474,18920
IR,RED,22492,18927
IR,RED,22481,18916
IR,RED,22482,18929
IR,RED,22479,18927
IR,RED,22477,18930
IR,RED,22480,18926
IR,RED,22486,18929
IR,RED,22488,18943
IR,RED,22489,18939
IR,RED,22487,18939
IR,RED,22481,18941
IR,RED,22482,18937
IR,RED,22481,18943
IR,RED,22482,18935
IR,RED,22485,18949
IR,RED,22488,18943
IR,RED,22486,18949
IR,RED,22494,18943
IR,RED,22488,18948
IR,RED,22485,18956
IR,RED,22486,18944
IR,RED,22488,18938
IR,RED,22488,18931
IR,RED,22483,18931
IR,RED,22495,18924
IR,RED,22475,18928
IR,RED,22484,18928
IR,RED,22487,18918
IR,RED,22489,18913
IR,RED,22483,18914
IR,RED,22486,18906
IR,RED,22490,18900
IR,RED,22486,18904
IR,RED,22474,18905
IR,RED,22478,18904
IR,RED,22475,18886
IR,RED,22479,18903
IR,RED,22477,18904
IR,RED,22482,18910
IR,RED,22476,18908
IR,RED,22476,18901
IR,RED,22477,18904
IR,RED,22480,18907
IR,RED,22475,18907
IR,RED,22475,18906
IR,RED,22489,18911
IR,RED,22476,18920
IR,RED,22490,18912
IR,RED,22477,18912
IR,RED,22473,18908
IR,RED,22477,18916
IR,RED,22480,18919
IR,RED,22473,18907
IR,RED,22479,18919
IR,RED,22463,18915
IR,RED,22483,18920
IR,RED,22486,18911
IR,RED,22486,18918
IR,RED,22478,18910
IR,RED,22478,18915
IR,RED,22489,18922
IR,RED,22472,18916
IR,RED,22477,18924
IR,RED,22481,18923
IR,RED,22479,18923
IR,RED,22477,18920
IR,RED,22470,18933
IR,RED,22469,18925
IR,RED,22482,18938
IR,RED,22487,18940
IR,RED,22493,18941
IR,RED,22497,18960
IR,RED,22489,18944
IR,RED,22503,18944
IR,RED,22501,18948
IR,RED,22494,18955
IR,RED,22498,18946
IR,RED,22502,18955
IR,RED,22504,18953
IR,RED,22503,18945
IR,RED,22511,18958
IR,RED,22498,18953
IR,RED,22506,18958
IR,RED,22515,18960
IR,RED,22516,18969
IR,RED,22535,18963
IR,RED,22534,18970
IR,RED,22524,18970
IR,RED,22529,18966
IR,RED,22532,18972
IR,RED,22541,18981
IR,RED,22532,18972
IR,RED,22542,18970
IR,RED,22550,18964
IR,RED,22545,18967
IR,RED,22547,18963
IR,RED,22555,18969
IR,RED,22556,18962
IR,RED,22573,18967
IR,RED,22578,18968
IR,RED,22581,18957
IR,RED,22594,18966
IR,RED,22593,18961
IR,RED,22589,18970
IR,RED,22588,18965
IR,RED,22573,18971
IR,RED,22583,18971
IR,RED,22578,18968
IR,RED,22573,18969
IR,RED,22568,18965
IR,RED,22572,18969
IR,RED,22576,18970
IR,RED,22577,18975
IR,RED,22576,18966
IR,RED,22578,18981
IR,RED,22568,18969
IR,RED,22574,18980
IR,RED,22565,18973
IR,RED,22546,18968
IR,RED,22531,18967
IR,RED,22520,18971
IR,RED,22513,18947
IR,RED,22496,18950
IR,RED,22485,18941
IR,RED,22485,18952
IR,RED,22486,18945
IR,RED,22485,18942
IR,RED,22488,18941
IR,RED,22496,18948
IR,RED,22499,18946
IR,RED,22495,18955
IR,RED,22519,18949
IR,RED,22527,18960
IR,RED,22519,18964
IR,RED,22524,18968
IR,RED,22544,18975
IR,RED,22548,18969
IR,RED,22552,18978
IR,RED,22546,18979
IR,RED,22562,18973
IR,RED,22564,18989
IR,RED,22564,18981
IR,RED,22574,18985
IR,RED,22567,18986
IR,RED,22577,18987
IR,RED,22555,18997
IR,RED,22570,18983
IR,RED,22568,18986
IR,RED,22557,18996
IR,RED,22552,18985
IR,RED,22554,18996
IR,RED,22532,18982
IR,RED,22532,18982
IR,RED,22520,18973
IR,RED,22513,18985
IR,RED,22502,18974
IR,RED,22495,18969
IR,RED,22488,18974
IR,RED,22468,18960
IR,RED,22469,18951
IR,RED,22460,18941
IR,RED,22454,18935
IR,RED,22461,18939
IR,RED,22475,18940
IR,RED,22488,18933
IR,RED,22495,18944
IR,RED,22528,18942
IR,RED,22528,18954
IR,RED,22541,18944
IR,RED,22538,18960
IR,RED,22542,18949
IR,RED,22539,18959
IR,RED,22543,18945
IR,RED,22540,18955
IR,RED,22528,18941
IR,RED,22530,18946
IR,RED,22531,18950
IR,RED,22521,18938
IR,RED,22513,18936
IR,RED,22505,18944
IR,RED,22502,18933
IR,RED,22496,18925
IR,RED,22506,18936
IR,RED,22500,18920
IR,RED,22501,18926
IR,RED,22492,18923
IR,RED,22498,18929
IR,RED,22504,18924
IR,RED,22503,18926
IR,RED,22504,18934
IR,RED,22512,18930
IR,RED,22527,18939
IR,RED,22532,18931
IR,RED,22544,18939
IR,RED,22548,18943
IR,RED,22541,18946
IR,RED,22550,18941
IR,RED,22549,18957
IR,RED,22563,18949
IR,RED,22546,18943
IR,RED,22552,18947
IR,RED,22545,18947
IR,RED,22530,18955
IR,RED,22541,18954
IR,RED,22536,18939
IR,RED,22539,18944
IR,RED,22550,18954
IR,RED,22545,18954
IR,RED,22561,18952
IR,RED,22571,18965
IR,RED,22562,18961
IR,RED,22560,18968
IR,RED,22570,18960
IR,RED,22570,18967
IR,RED,22556,18975
IR,RED,22561,18972
IR,RED,22551,18969
IR,RED,22549,18974
IR,RED,22547,18976
IR,RED,22538,18968
IR,RED,22536,18972
IR,RED,22540,18970
IR,RED,22552,18973
IR,RED,22553,18974
IR,RED,22548,18972
IR,RED,22554,18974
IR,RED,22545,18967
IR,RED,22553,18958
IR,RED,22558,18948
IR,RED,22544,18954
IR,RED,22546,18944
IR,RED,22550,18934
IR,RED,22556,18951
IR,RED,22562,18938
IR,RED,22564,18948
IR,RED,22559,18933
IR,RED,22561,18944
IR,RED,22559,18934
IR,RED,22556,18939
IR,RED,22560,18938
IR,RED,22557,18939
IR,RED,22551,18940
IR,RED,22556,18948
IR,RED,22561,18948
IR,RED,22567,18937
IR,RED,22574,18941
IR,RED,22569,18937
IR,RED,22579,18945
IR,RED,22567,18939
IR,RED,22573,18947
IR,RED,22575,18938
IR,RED,22573,18946
IR,RED,22567,18936
IR,RED,22576,18943
IR,RED,22568,18953
IR,RED,22572,18939
IR,RED,22583,18945
IR,RED,22591,18955
IR,RED,22600,18956
IR,RED,22606,18960
IR,RED,22609,18964
IR,RED,22615,18964
IR,RED,22633,18962
IR,RED,22631,18974
IR,RED,22647,18973
IR,RED,22644,18972
IR,RED,22645,18985
IR,RED,22643,18974
IR,RED,22655,18982
IR,RED,22652,18985
IR,RED,22640,18986
IR,RED,22630,18992
IR,RED,22632,18979
IR,RED,22624,18983
IR,RED,22613,18970
IR,RED,22605,18977
IR,RED,22596,18970
IR,RED,22593,18974
IR,RED,22580,18974
IR,RED,22568,18965
IR,RED,22563,18969
IR,RED,22574,18969
IR,RED,22570,18973
IR,RED,22571,18961
IR,RED,22568,18953
IR,RED,22583,18967
IR,RED,22555,18955
IR,RED,22564,18959
IR,RED,22548,18958
IR,RED,22529,18949
IR,RED,22519,18945
IR,RED,22509,18936
IR,RED,22503,18932
IR,RED,22487,18926
IR,RED,22482,18924
IR,RED,22480,18909
IR,RED,22475,18911
IR,RED,22475,18905
IR,RED,22459,18896
IR,RED,22466,18894
IR,RED,22467,18893
IR,RED,22462,18885
IR,RED,22450,18888
IR,RED,22458,18890
IR,RED,22451,18890
IR,RED,22467,18883
IR,RED,22466,18885
IR,RED,22476,18889
IR,RED,22477,18887
IR,RED,22469,18883
IR,RED,22465,18889
IR,RED,22469,18884
IR,RED,22467,18888
IR,RED,22473,18895
IR,RED,22482,18887
IR,RED,22486,18886
IR,RED,22477,18901
IR,RED,22494,18899
IR,RED,22492,18900
IR,RED,22488,18904
IR,RED,22493,18894
IR,RED,22494,18898
IR,RED,22507,18893
IR,RED,22513,18902
IR,RED,22503,18912
IR,RED,22496,18901
IR,RED,22498,18911
IR,RED,22498,18906
IR,RED,22497,18914
IR,RED,22501,18913
IR,RED,22502,18910
IR,RED,22506,18915
IR,RED,22516,18918
IR,RED,22514,18917
IR,RED,22514,18915
IR,RED,22524,18932
IR,RED,22523,18935
IR,RED,22535,18934
IR,RED,22536,18939
IR,RED,22534,18935
IR,RED,22533,18934
IR,RED,22532,18946
IR,RED,22541,18949
IR,RED,22542,18958
IR,RED,22553,18957
IR,RED,22548,18956
IR,RED,22542,18963
IR,RED,22554,18969
IR,RED,22540,18971
IR,RED,22557,18979
IR,RED,22553,18967
IR,RED,22547,18977
IR,RED,22538,18987
IR,RED,22554,18981
IR,RED,22553,18978
IR,RED,22552,18984
IR,RED,22559,18990
IR,RED,22558,18989
IR,RED,22556,18992
IR,RED,22576,18990
IR,RED,22563,18989
IR,RED,22570,18998
IR,RED,22579,18991
IR,RED,22579,18988
IR,RED,22590,18986
IR,RED,22588,18988
IR,RED,22589,18979
IR,RED,22587,18976
IR,RED,22581,18982
IR,RED,22598,18982
IR,RED,22580,18978
IR,RED,22578,18978
IR,RED,22582,18980
IR,RED,22581,18988
IR,RED,22575,18976
IR,RED,22574,18981
IR,RED,22580,18987
IR,RED,22567,18987
IR,RED,22572,19001
IR,RED,22583,18985
IR,RED,22581,18985
IR,RED,22582,18992
IR,RED,22590,18991
IR,RED,22590,18996
IR,RED,22588,19002
IR,RED,22588,18998
IR,RED,22574,18994
IR,RED,22584,18999
IR,RED,22582,19001
IR,RED,22587,19010
IR,RED,22606,19012
IR,RED,22616,19005
IR,RED,22606,19007
IR,RED,22610,19020
IR,RED,22629,19023
IR,RED,22608,19022
IR,RED,22607,19007
IR,RED,22615,19015
IR,RED,22614,19024
IR,RED,22610,19028
IR,RED,22619,19016
IR,RED,22610,19010
IR,RED,22637,19017
IR,RED,22625,19024
IR,RED,22622,19025
IR,RED,22629,19027
IR,RED,22620,19030
IR,RED,22644,19032
IR,RED,22645,19039
IR,RED,22644,19035
IR,RED,22646,19036
IR,RED,22643,19041
IR,RED,22645,19035
IR,RED,22652,19040
IR,RED,22653,19043
IR,RED,22657,19046
IR,RED,22662,19048
IR,RED,22666,19049
IR,RED,22656,19053
IR,RED,22658,19051
IR,RED,22661,19045
IR,RED,22663,19050
IR,RED,22661,19052
IR,RED,22672,19048
IR,RED,22667,19055
IR,RED,22675,19035
IR,RED,22672,19033
IR,RED,22664,19026
IR,RED,22676,19021
IR,RED,22663,19023
IR,RED,22667,19017
IR,RED,22654,19014
IR,RED,22647,19016
IR,RED,22650,19010
IR,RED,22627,19012
IR,RED,22626,19009
IR,RED,22609,19007
IR,RED,22601,18998
IR,RED,22604,18991
IR,RED,22593,18988
IR,RED,22585,18985
IR,RED,22580,18987
IR,RED,22578,18980
IR,RED,22564,18975
IR,RED,22560,18971
IR,RED,22558,18960
IR,RED,22554,18972
IR,RED,22542,18967
IR,RED,22541,18967
IR,RED,22549,18973
IR,RED,22539,18966
IR,RED,22538,18963
IR,RED,22523,18952
IR,RED,22519,18953
IR,RED,22517,18960
IR,RED,22518,18962
IR,RED,22526,18956
IR,RED,22512,18942
IR,RED,22504,18958
IR,RED,22512,18954
IR,RED,22509,18960
IR,RED,22504,18959
IR,RED,22513,18960
IR,RED,22508,18948
IR,RED,22505,18960
IR,RED,22509,18953
IR,RED,22509,18957
IR,RED,22513,18965
IR,RED,22515,18962
IR,RED,22514,18959
IR,RED,22526,18968
IR,RED,22526,18965
IR,RED,22536,18960
IR,RED,22528,18968
IR,RED,22535,18987
IR,RED,22541,18976
IR,RED,22533,18979
IR,RED,22537,18977
IR,RED,22531,18976
IR,RED,22518,18973
IR,RED,22501,18966
IR,RED,22494,18961
IR,RED,22468,18959
IR,RED,22461,18946
IR,RED,22456,18941
IR,RED,22433,18939
IR,RED,22430,18922
IR,RED,22417,18907
IR,RED,22426,18910
IR,RED,22438,18921
IR,RED,22455,18907
IR,RED,22452,18908
IR,RED,22470,18922
IR,RED,22478,18922
IR,RED,22472,18927
IR,RED,22485,18915
IR,RED,22483,18918
IR,RED,22494,18917
IR,RED,22476,18922
IR,RED,22487,18924
IR,RED,22485,18921
IR,RED,22482,18931
IR,RED,22483,18921
IR,RED,22476,18925
IR,RED,22479,18927
IR,RED,22479,18929
IR,RED,22481,18928
IR,RED,22477,18920
IR,RED,22488,18930
IR,RED,22492,18935
IR,RED,22487,18934
IR,RED,22494,18945
IR,RED,22493,18938
IR,RED,22494,18946
IR,RED,22501,18947
IR,RED,22491,18946
IR,RED,22497,18953
IR,RED,22497,18958
IR,RED,22502,18958
IR,RED,22506,18960
IR,RED,22495,18960
IR,RED,22499,18961
IR,RED,22493,18966
IR,RED,22500,18965
IR,RED,22479,18962
IR,RED,22480,18977
IR,RED,22487,18973
IR,RED,22489,18955
IR,RED,22493,18970
IR,RED,22492,18970
IR,RED,22504,18976
IR,RED,22502,18982
IR,RED,22507,18988
IR,RED,22524,18978
IR,RED,22527,19000
IR,RED,22535,18993
IR,RED,22553,18993
IR,RED,22562,19010
IR,RED,22563,19011
IR,RED,22578,19022
IR,RED,22585,19031
IR,RED,22589,19026
IR,RED,22607,19034
IR,RED,22625,19034
IR,RED,22654,19051
IR,RED,22674,19046
IR,RED,22694,19063
IR,RED,22721,19068
IR,RED,22738,19086
IR,RED,22770,19086
IR,RED,22784,19092
IR,RED,22786,19106
IR,RED,22815,19114
IR,RED,22809,19127
IR,RED,22828,19130
IR,RED,22816,19148
IR,RED,22813,19145
IR,RED,22817,19143
IR,RED,22812,19153
IR,RED,22811,19157
IR,RED,22792,19151
IR,RED,22779,19145
IR,RED,22771,19143
IR,RED,22762,19149
IR,RED,22764,19146
IR,RED,22758,19145
IR,RED,22749,19145
IR,RED,22751,19147
IR,RED,22746,19145
IR,RED,22723,19142
IR,RED,22704,19134
IR,RED,22711,19126
IR,RED,22690,19133
IR,RED,22695,19133
IR,RED,22681,19129
IR,RED,22677,19129
IR,RED,22660,19123
IR,RED,22671,19123
IR,RED,22666,19128
IR,RED,22677,19116
IR,RED,22671,19125
IR,RED,22670,19131
IR,RED,22669,19128
IR,RED,22660,19125
IR,RED,22670,19132
IR,RED,22661,19125
IR,RED,22675,19122
IR,RED,22674,19122
IR,RED,22679,19127
IR,RED,22684,19125
IR,RED,22677,19122
IR,RED,22682,19135
IR,RED,22698,19136
IR,RED,22691,19136
IR,RED,22705,19137
IR,RED,22700,19130
IR,RED,22689,19129
IR,RED,22690,19134
IR,RED,22670,19122
IR,RED,22660,19133
IR,RED,22658,19127
IR,RED,22662,19126
IR,RED,22666,19114
IR,RED,22666,19119
IR,RED,22660,19112
IR,RED,22656,19109
IR,RED,22659,19096
IR,RED,22662,19094
IR,RED,22656,19092
IR,RED,22645,19088
IR,RED,22640,19074
IR,RED,22643,19077
IR,RED,22618,19063
IR,RED,22619,19055
IR,RED,22610,19040
IR,RED,22615,19039
IR,RED,22615,19040
IR,RED,22608,19028
IR,RED,22607,19032
IR,RED,22613,19033
IR,RED,22619,19024
IR,RED,22633,19025
IR,RED,22627,19023
IR,RED,22632,19019
IR,RED,22635,19018
IR,RED,22630,19016
IR,RED,22635,19007
IR,RED,22634,19006
IR,RED,22631,19013
IR,RED,22641,19010
IR,RED,22637,19000
IR,RED,22628,19003
IR,RED,22634,19005
IR,RED,22630,18999
IR,RED,22620,19001
IR,RED,22626,19003
IR,RED,22624,18991
IR,RED,22626,18991
IR,RED,22633,18991
IR,RED,22647,18996
IR,RED,22667,19006
IR,RED,22679,18994
IR,RED,22677,19001
IR,RED,22690,19007
IR,RED,22699,19005
IR,RED,22719,19004
IR,RED,22713,19010
IR,RED,22713,19005
IR,RED,22721,19018
IR,RED,22717,19020
IR,RED,22718,19025
IR,RED,22715,19032
IR,RED,22717,19027
IR,RED,22715,19029
IR,RED,22707,19035
IR,RED,22709,19033
IR,RED,22715,19038
IR,RED,22711,19044
IR,RED,22720,19036
IR,RED,22721,19049
IR,RED,22719,19036
IR,RED,22734,19049
IR,RED,22739,19038
IR,RED,22772,19051
IR,RED,22798,19061
IR,RED,22836,19072
IR,RED,22867,19106
IR,RED,22911,19125
IR,RED,22946,19141
IR,RED,22961,19166
IR,RED,23010,19185
IR,RED,23020,19196
IR,RED,23046,19221
IR,RED,23055,19229
IR,RED,23066,19242
IR,RED,23073,19257
IR,RED,23074,19266
IR,RED,23069,19269
IR,RED,23063,19272
IR,RED,23059,19280
IR,RED,23053,19284
IR,RED,23046,19286
IR,RED,23026,19287
IR,RED,23018,19277
IR,RED,23014,19271
IR,RED,22988,19267
IR,RED,22972,19268
IR,RED,22951,19253
IR,RED,22932,19248
IR,RED,22925,19235
IR,RED,22886,19235
IR,RED,22865,19220
IR,RED,22859,19208
IR,RED,22840,19201
IR,RED,22833,19208
IR,RED,22837,19214
IR,RED,22841,19203
IR,RED,22848,19206
IR,RED,22847,19211
IR,RED,22847,19202
IR,RED,22853,19210
IR,RED,22878,19215
IR,RED,22867,19212
IR,RED,22886,19216
IR,RED,22886,19220
IR,RED,22891,19223
IR,RED,22896,19223
IR,RED,22901,19228
IR,RED,22896,19234
IR,RED,22905,19231
IR,RED,22906,19245
IR,RED,22906,19240
IR,RED,22907,19241
IR,RED,22911,19255
IR,RED,22907,19243
IR,RED,22903,19233
IR,RED,22901,19244
IR,RED,22891,19234
IR,RED,22894,19227
IR,RED,22874,19215
IR,RED,22879,19221
IR,RED,22878,19208
IR,RED,22860,19209
IR,RED,22866,19188
IR,RED,22872,19179
IR,RED,22846,19186
IR,RED,22847,19183
IR,RED,22832,19181
IR,RED,22823,19166
IR,RED,22822,19161
IR,RED,22792,19159
IR,RED,22790,19159
IR,RED,22795,19158
IR,RED,22789,19160
IR,RED,22784,19148
IR,RED,22780,19150
IR,RED,22785,19149
IR,RED,22767,19142
IR,RED,22770,19149
IR,RED,22777,19129
IR,RED,22781,19136
IR,RED,22786,19143
IR,RED,22775,19132
IR,RED,22785,19149
IR,RED,22781,19146
IR,RED,22791,19140
IR,RED,22793,19140
IR,RED,22788,19139
IR,RED,22791,19141
IR,RED,22787,19141
IR,RED,22777,19132
IR,RED,22768,19134
IR,RED,22759,19129
IR,RED,22750,19118
IR,RED,22757,19124
IR,RED,22763,19136
IR,RED,22762,19127
IR,RED,22753,19128
IR,RED,22762,19130
IR,RED,22757,19126
IR,RED,22769,19122
IR,RED,22746,19132
IR,RED,22755,19124
IR,RED,22757,19127
IR,RED,22757,19130
IR,RED,22757,19133
IR,RED,22746,19124
IR,RED,22740,19120
IR,RED,22749,19125
IR,RED,22743,19125
IR,RED,22756,19115
IR,RED,22742,19116
IR,RED,22733,19119
IR,RED,22732,19104
IR,RED,22728,19098
IR,RED,22724,19089
IR,RED,22731,19080
IR,RED,22720,19076
IR,RED,22703,19071
IR,RED,22718,19064
IR,RED,22696,19064
IR,RED,22695,19055
IR,RED,22685,19052
IR,RED,22667,19051
IR,RED,22660,19045
IR,RED,22669,19047
IR,RED,22661,19041
IR,RED,22673,19047
IR,RED,22666,19053
IR,RED,22670,19040
IR,RED,22655,19040
IR,RED,22659,19040
IR,RED,22655,19040
IR,RED,22656,19040
IR,RED,22659,19035
IR,RED,22651,19044
IR,RED,22655,19040
IR,RED,22643,19040
IR,RED,22646,19038
IR,RED,22640,19038
IR,RED,22643,19021
IR,RED,22643,19031
IR,RED,22637,19041
IR,RED,22638,19037
IR,RED,22639,19040
IR,RED,22634,19035
IR,RED,22627,19042
IR,RED,22636,19036
IR,RED,22643,19032
IR,RED,22636,19036
IR,RED,22651,19036
IR,RED,22654,19038
IR,RED,22647,19046
IR,RED,22647,19055
IR,RED,22646,19042
IR,RED,22649,19042
IR,RED,22637,19040
IR,RED,22647,19042
IR,RED,22643,19043
IR,RED,22646,19050
IR,RED,22642,19045
IR,RED,22642,19047
IR,RED,22637,19051
IR,RED,22634,19047
IR,RED,22642,19045
IR,RED,22643,19053
IR,RED,22637,19049
IR,RED,22656,19042
IR,RED,22653,19045
IR,RED,22649,19049
IR,RED,22665,19030
IR,RED,22669,19042
IR,RED,22676,19033
IR,RED,22695,19039
IR,RED,22685,19037
IR,RED,22694,19042
IR,RED,22700,19039
IR,RED,22687,19033
IR,RED,22693,19036
IR,RED,22689,19042
IR,RED,22694,19033
IR,RED,22690,19037
IR,RED,22678,19040
IR,RED,22687,19043
IR,RED,22668,19040
IR,RED,22671,19033
IR,RED,22676,19035
IR,RED,22671,19038
IR,RED,22679,19033
IR,RED,22688,19052
IR,RED,22694,19038
IR,RED,22694,19045
IR,RED,22702,19050
IR,RED,22699,19052
IR,RED,22702,19051
IR,RED,22705,19049
IR,RED,22706,19054
IR,RED,22713,19046
IR,RED,22715,19050
IR,RED,22707,19057
IR,RED,22708,19056
IR,RED,22707,19051
IR,RED,22708,19051
IR,RED,22715,19058
IR,RED,22718,19045
IR,RED,22722,19042
IR,RED,22709,19053
IR,RED,22702,19053
IR,RED,22713,19054
IR,RED,22716,19057
IR,RED,22708,19049
IR,RED,22722,19067
IR,RED,22716,19054
IR,RED,22718,19051
IR,RED,22707,19059
IR,RED,22699,19061
IR,RED,22710,19043
IR,RED,22712,19050
IR,RED,22704,19057
IR,RED,22702,19057
IR,RED,22703,19059
IR,RED,22702,19055
IR,RED,22695,19048
IR,RED,22703,19041
IR,RED,22695,19038
IR,RED,22700,19046
IR,RED,22697,19029
IR,RED,22692,19032
IR,RED,22691,19018
IR,RED,22700,19027
IR,RED,22701,19031
IR,RED,22706,19020
IR,RED,22715,19024
IR,RED,22712,19018
IR,RED,22710,19016
IR,RED,22712,19026
IR,RED,22721,19026
IR,RED,22726,19027
IR,RED,22719,19026
IR,RED,22721,19019
IR,RED,22717,19023
IR,RED,22724,19016
IR,RED,22729,19018
IR,RED,22722,19023
IR,RED,22734,19027
IR,RED,22721,19018
IR,RED,22723,19029
IR,RED,22725,19026
IR,RED,22706,19011
IR,RED,22712,19016
IR,RED,22714,19015
IR,RED,22717,19032
IR,RED,22724,19029
IR,RED,22715,19031
IR,RED,22711,19019
IR,RED,22720,19032
IR,RED,22709,19021
IR,RED,22716,19026
IR,RED,22710,19027
IR,RED,22710,19024
IR,RED,22710,19030
IR,RED,22720,19030
IR,RED,22708,19035
IR,RED,22716,19030
IR,RED,22711,19038
IR,RED,22725,19032
IR,RED,22730,19036
IR,RED,22721,19036
IR,RED,22731,19048
IR,RED,22717,19038
IR,RED,22721,19043
IR,RED,22710,19031
IR,RED,22705,19048
IR,RED,22708,19058
IR,RED,22715,19044
IR,RED,22711,19046
IR,RED,22712,19055
IR,RED,22711,19046
IR,RED,22712,19048
IR,RED,22712,19049
IR,RED,22714,19046
IR,RED,22710,19050
IR,RED,22716,19044
IR,RED,22711,19043
IR,RED,22705,19037
IR,RED,22712,19024
IR,RED,22710,19037
IR,RED,22702,19037
IR,RED,22702,19035
IR,RED,22706,19016
IR,RED,22700,19024
IR,RED,22709,19019
IR,RED,22700,19027
IR,RED,22708,19033
IR,RED,22703,19032
IR,RED,22707,19020
IR,RED,22694,19023
IR,RED,22700,19019
IR,RED,22694,19030
IR,RED,22705,19040
IR,RED,22699,19028
IR,RED,22705,19038
IR,RED,22711,19040
IR,RED,22713,19038
IR,RED,22701,19034
IR,RED,22706,19042
IR,RED,22706,19043
IR,RED,22703,19038
IR,RED,22693,19042
IR,RED,22695,19041
IR,RED,22691,19041
IR,RED,22689,19044
IR,RED,22696,19051
IR,RED,22689,19044
IR,RED,22690,19056
IR,RED,22697,19049
IR,RED,22690,19054
IR,RED,22703,19046
IR,RED,22700,19055
IR,RED,22701,19053
IR,RED,22693,19045
IR,RED,22702,19053
IR,RED,22701,19055
IR,RED,22698,19057
IR,RED,22705,19060
IR,RED,22710,19053
IR,RED,22715,19059
IR,RED,22723,19063
IR,RED,22727,19066
IR,RED,22721,19071
IR,RED,22737,19081
IR,RED,22739,19079
IR,RED,22755,19088
IR,RED,22760,19092
IR,RED,22761,19087
IR,RED,22780,19100
IR,RED,22762,19100
IR,RED,22775,19111
IR,RED,22770,19111
IR,RED,22782,19115
IR,RED,22768,19120
IR,RED,22796,19116
IR,RED,22775,19114
IR,RED,22783,19111
IR,RED,22778,19105
IR,RED,22779,19097
IR,RED,22773,19100
IR,RED,22773,19102
IR,RED,22771,19091
IR,RED,22781,19087
IR,RED,22782,19080
IR,RED,22770,19082
IR,RED,22779,19094
IR,RED,22780,19078
IR,RED,22785,19088
IR,RED,22792,19092
IR,RED,22777,19098
IR,RED,22782,19101
IR,RED,22772,19086
IR,RED,22766,19101
IR,RED,22760,19084
IR,RED,22758,19081
IR,RED,22731,19084
IR,RED,22729,19078
IR,RED,22723,19090
IR,RED,22714,19071
IR,RED,22705,19079
IR,RED,22713,19079
IR,RED,22720,19076
IR,RED,22714,19075
IR,RED,22712,19077
IR,RED,22716,19080
IR,RED,22721,19073
IR,RED,22712,19077
IR,RED,22718,19080
IR,RED,22712,19085
IR,RED,22710,19082
IR,RED,22703,19079
IR,RED,22709,19086
IR,RED,22700,19084
IR,RED,22703,19074
IR,RED,22701,19086
IR,RED,22716,19073
IR,RED,22713,19082
IR,RED,22709,19088
IR,RED,22705,19089
IR,RED,22711,19083
IR,RED,22713,19096
IR,RED,22720,19096
IR,RED,22723,19102
IR,RED,22733,19108
IR,RED,22723,19096
IR,RED,22730,19095
IR,RED,22729,19099
IR,RED,22737,19109
IR,RED,22736,19111
IR,RED,22729,19110
IR,RED,22730,19113
IR,RED,22727,19113
IR,RED,22724,19126
IR,RED,22722,19118
IR,RED,22729,19119
IR,RED,22730,19120
IR,RED,22718,19112
IR,RED,22718,19103
IR,RED,22719,19111
IR,RED,22709,19102
IR,RED,22712,19095
IR,RED,22717,19094
IR,RED,22714,19090
IR,RED,22712,19083
IR,RED,22705,19081
IR,RED,22706,19082
IR,RED,22708,19073
IR,RED,22695,19071
IR,RED,22704,19075
IR,RED,22690,19077
IR,RED,22690,19064
IR,RED,22681,19055
IR,RED,22678,19060
IR,RED,22680,19076
IR,RED,22684,19067
IR,RED,22691,19069
IR,RED,22682,19065
IR,RED,22671,19065
IR,RED,22677,19080
IR,RED,22675,19055
IR,RED,22674,19066
IR,RED,22671,19063
IR,RED,22668,19072
IR,RED,22683,19065
IR,RED,22683,19067
IR,RED,22670,19076
IR,RED,22670,19073
IR,RED,22676,19062
IR,RED,22678,19068
IR,RED,22675,19068
IR,RED,22680,19070
IR,RED,22670,19064
IR,RED,22677,19068
IR,RED,22671,19073
IR,RED,22672,19084
IR,RED,22666,19071
IR,RED,22682,19067
IR,RED,22669,19082
IR,RED,22676,19079
IR,RED,22681,19077
IR,RED,22681,19076
IR,RED,22678,19082
IR,RED,22677,19083
IR,RED,22688,19093
IR,RED,22686,19089
IR,RED,22681,19079
IR,RED,22669,19089
IR,RED,22681,19086
IR,RED,22693,19095
IR,RED,22688,19097
IR,RED,22699,19097
IR,RED,22688,19098
IR,RED,22697,19111
IR,RED,22693,19103
IR,RED,22701,19103
IR,RED,22702,19111
IR,RED,22705,19109
IR,RED,22702,19104
IR,RED,22697,19105
IR,RED,22698,19104
IR,RED,22705,19105
IR,RED,22696,19092
IR,RED,22699,19093
IR,RED,22700,19077
IR,RED,22685,19089
IR,RED,22677,19076
IR,RED,22671,19078
IR,RED,22684,19065
IR,RED,22677,19070
IR,RED,22680,19065
IR,RED,22674,19063
IR,RED,22666,19071
IR,RED,22665,19062
IR,RED,22663,19063
IR,RED,22661,19057
IR,RED,22657,19059
IR,RED,22660,19057
IR,RED,22661,19055
IR,RED,22647,19055
IR,RED,22652,19058
IR,RED,22640,19050
IR,RED,22647,19043
IR,RED,22637,19057
IR,RED,22641,19044
IR,RED,22638,19057
IR,RED,22635,19054
IR,RED,22629,19059
IR,RED,22635,19056
IR,RED,22634,19048
IR,RED,22633,19057
IR,RED,22630,19054
IR,RED,22637,19051
IR,RED,22632,19055
IR,RED,22653,19064
IR,RED,22642,19060
IR,RED,22641,19058
IR,RED,22643,19046
IR,RED,22639,19052
IR,RED,22642,19063
IR,RED,22636,19061
IR,RED,22640,19058
IR,RED,22645,19057
IR,RED,22639,19055
IR,RED,22632,19056
IR,RED,22638,19065
IR,RED,22635,19065
IR,RED,22636,19063
IR,RED,22636,19061
IR,RED,22635,19054
IR,RED,22637,19067
IR,RED,22633,19074
IR,RED,22638,19065
IR,RED,22644,19066
IR,RED,22641,19066
IR,RED,22635,19069
IR,RED,22637,19085
IR,RED,22640,19070
IR,RED,22646,19070
IR,RED,22638,19074
IR,RED,22642,19078
IR,RED,22639,19074
IR,RED,22636,19078
IR,RED,22631,19077
IR,RED,22640,19077
IR,RED,22631,19066
IR,RED,22624,19070
IR,RED,22634,19069
IR,RED,22631,19054
IR,RED,22621,19043
IR,RED,22615,19043
IR,RED,22623,19033
IR,RED,22628,19040
IR,RED,22620,19036
IR,RED,22627,19029
IR,RED,22617,19026
IR,RED,22612,19034
IR,RED,22613,19030
IR,RED,22607,19021
IR,RED,22607,19034
IR,RED,22606,19021
IR,RED,22612,19030
IR,RED,22605,19025
IR,RED,22611,19024
IR,RED,22601,19024
IR,RED,22606,19017
IR,RED,22601,19018
IR,RED,22604,19016
IR,RED,22600,19020
IR,RED,22607,19024
IR,RED,22603,19021
IR,RED,22600,19022
IR,RED,22595,19022
IR,RED,22598,19029
IR,RED,22595,19020
IR,RED,22597,19017
IR,RED,22600,19021
IR,RED,22600,19030
IR,RED,22590,19028
IR,RED,22590,19026
IR,RED,22608,19031
IR,RED,22596,19030
IR,RED,22597,19033
IR,RED,22593,19030
IR,RED,22600,19026
IR,RED,22600,19030
IR,RED,22595,19030
IR,RED,22591,19040
IR,RED,22595,19040
IR,RED,22593,19038
IR,RED,22601,19048
IR,RED,22606,19047
IR,RED,22605,19043
IR,RED,22611,19040
IR,RED,22607,19045
IR,RED,22604,19046
IR,RED,22603,19046
IR,RED,22615,19052
IR,RED,22601,19049
IR,RED,22615,19055
IR,RED,22610,19054
IR,RED,22616,19057
IR,RED,22611,19060
IR,RED,22612,19064
IR,RED,22624,19059
IR,RED,22614,19056
IR,RED,22614,19064
IR,RED,22626,19067
IR,RED,22616,19064
IR,RED,22621,19064
IR,RED,22618,19062
IR,RED,22617,19057
IR,RED,22608,19047
IR,RED,22603,19046
IR,RED,22608,19048
IR,RED,22609,19044
IR,RED,22607,19035
IR,RED,22603,19032
IR,RED,22599,19025
IR,RED,22600,19029
IR,RED,22604,19024
IR,RED,22590,19023
IR,RED,22601,19035
IR,RED,22595,19030
IR,RED,22601,19040
IR,RED,22604,19033
IR,RED,22607,19035
IR,RED,22602,19035
IR,RED,22595,19038
IR,RED,22595,19034
IR,RED,22596,19039
IR,RED,22599,19040
IR,RED,22601,19039
IR,RED,22594,19035
IR,RED,22589,19045
IR,RED,22592,19046
IR,RED,22594,19037
IR,RED,22594,19047
IR,RED,22595,19034
IR,RED,22593,19045
IR,RED,22602,19051
IR,RED,22581,19049
IR,RED,22590,19048
IR,RED,22592,19050
IR,RED,22583,19048
IR,RED,22591,19041
IR,RED,22587,19050
IR,RED,22590,19047
IR,RED,22594,19053
IR,RED,22593,19062
IR,RED,22604,19063
IR,RED,22608,19058
IR,RED,22599,19063
IR,RED,22611,19072
IR,RED,22600,19073
IR,RED,22604,19070
IR,RED,22608,19063
IR,RED,22608,19069
IR,RED,22612,19070
IR,RED,22622,19071
IR,RED,22623,19066
IR,RED,22625,19073
IR,RED,22620,19085
IR,RED,22621,19084
IR,RED,22617,19092
IR,RED,22626,19095
IR,RED,22624,19087
IR,RED,22625,19092
IR,RED,22625,19100
IR,RED,22633,19102
IR,RED,22627,19109
IR,RED,22620,19104
IR,RED,22621,19099
IR,RED,22625,19110
IR,RED,22634,19102
IR,RED,22618,19091
IR,RED,22614,19098
IR,RED,22625,19089
IR,RED,22619,19081
IR,RED,22613,19081
IR,RED,22616,19073
IR,RED,22610,19059
IR,RED,22612,19070
IR,RED,22602,19056
IR,RED,22608,19073
IR,RED,22598,19069
IR,RED,22597,19065
IR,RED,22603,19061
IR,RED,22612,19067
IR,RED,22595,19060
IR,RED,22593,19065
IR,RED,22595,19061
IR,RED,22613,19062
IR,RED,22599,19063
IR,RED,22610,19066
IR,RED,22595,19067
IR,RED,22608,19075
IR,RED,22597,19066
IR,RED,22599,19063
IR,RED,22598,19069
IR,RED,22612,19069
IR,RED,22604,19069
IR,RED,22598,19070
IR,RED,22606,19066
IR,RED,22601,19072
IR,RED,22601,19068
IR,RED,22601,19071
IR,RED,22599,19069
IR,RED,22606,19061
IR,RED,22600,19061
IR,RED,22591,19065
IR,RED,22591,19069
IR,RED,22601,19073
IR,RED,22594,19062
IR,RED,22603,19069
IR,RED,22592,19061
IR,RED,22604,19070
IR,RED,22598,19065
IR,RED,22606,19073
IR,RED,22601,19063
IR,RED,22584,19084
IR,RED,22585,19069
IR,RED,22592,19084
IR,RED,22593,19079
IR,RED,22604,19081
IR,RED,22591,19080
IR,RED,22596,19070
IR,RED,22591,19081
IR,RED,22603,19082
IR,RED,22595,19088
IR,RED,22595,19088
IR,RED,22599,19085
IR,RED,22597,19093
IR,RED,22605,19088
IR,RED,22600,19087
IR,RED,22609,19085
IR,RED,22595,19090
IR,RED,22592,19085
IR,RED,22591,19078
IR,RED,22590,19079
IR,RED,22592,19066
IR,RED,22583,19065
IR,RED,22587,19066
IR,RED,22593,19061
IR,RED,22586,19064
IR,RED,22576,19052
IR,RED,22570,19040
IR,RED,22565,19049
IR,RED,22573,19045
IR,RED,22570,19047
IR,RED,22565,19046
IR,RED,22570,19042
IR,RED,22558,19053
IR,RED,22562,19043
IR,RED,22561,19039
IR,RED,22575,19042
IR,RED,22564,19042
IR,RED,22562,19042
IR,RED,22564,19046
IR,RED,22569,19045
IR,RED,22572,19039
IR,RED,22567,19048
IR,RED,22568,19045
IR,RED,22558,19039
IR,RED,22558,19037
IR,RED,22558,19048
IR,RED,22554,19043
IR,RED,22560,19037
IR,RED,22559,19034
IR,RED,22562,19040
IR,RED,22559,19041
IR,RED,22553,19036
IR,RED,22554,19042
IR,RED,22547,19039
IR,RED,22564,19042
IR,RED,22559,19046
IR,RED,22555,19045
IR,RED,22566,19042
IR,RED,22554,19040
IR,RED,22547,19037
IR,RED,22555,19043
IR,RED,22551,19042
IR,RED,22554,19042
IR,RED,22553,19047
IR,RED,22549,19044
IR,RED,22556,19046
IR,RED,22545,19048
IR,RED,22539,19056
IR,RED,22539,19050
IR,RED,22555,19044
IR,RED,22548,19054
IR,RED,22549,19055
IR,RED,22551,19058
IR,RED,22562,19048
IR,RED,22550,19061
IR,RED,22558,19062
IR,RED,22554,19058
IR,RED,22567,19056
IR,RED,22561,19048
IR,RED,22560,19054
IR,RED,22550,19042
IR,RED,22550,19042
IR,RED,22547,19034
IR,RED,22543,19023
IR,RED,22542,19022
IR,RED,22539,19024
IR,RED,22530,19019
IR,RED,22538,19016
IR,RED,22535,19014
IR,RED,22536,19018
IR,RED,22534,19005
IR,RED,22536,19001
IR,RED,22524,19005
IR,RED,22508,19000
IR,RED,22524,19009
IR,RED,22525,19003
IR,RED,22519,19009
IR,RED,22523,19005
IR,RED,22528,19005
IR,RED,22531,19012
IR,RED,22533,19011
IR,RED,22531,19010
IR,RED,22526,19002
IR,RED,22530,19006
IR,RED,22518,19011
IR,RED,22532,19009
IR,RED,22512,19008
IR,RED,22518,19005
IR,RED,22526,19003
IR,RED,22519,19006
IR,RED,22515,18997
IR,RED,22513,19008
IR,RED,22513,19005
IR,RED,22518,19001
IR,RED,22519,19004
IR,RED,22502,19002
IR,RED,22502,19004
IR,RED,22517,19006
IR,RED,22509,19000
IR,RED,22517,19014
IR,RED,22502,19015
IR,RED,22508,19014
IR,RED,22516,19011
IR,RED,22508,19005
IR,RED,22512,19011
IR,RED,22518,19015
IR,RED,22501,19008
IR,RED,22514,19009
IR,RED,22500,19021
IR,RED,22494,19008
IR,RED,22502,19006
IR,RED,22511,19017
IR,RED,22506,19010
IR,RED,22506,19019
IR,RED,22491,19015
IR,RED,22500,19016
IR,RED,22503,19020
IR,RED,22504,19016
IR,RED,22508,19015
IR,RED,22504,19015
IR,RED,22498,19027
IR,RED,22512,19015
IR,RED,22512,19012
IR,RED,22498,19002
IR,RED,22505,19004
IR,RED,22503,19012
IR,RED,22508,18990
IR,RED,22498,18990
IR,RED,22483,18984
IR,RED,22493,18975
IR,RED,22486,18981
IR,RED,22487,18976
IR,RED,22482,18984
IR,RED,22483,18971
IR,RED,22472,18963
IR,RED,22466,18962
IR,RED,22470,18971
IR,RED,22452,18966
IR,RED,22459,18963
IR,RED,22457,18961
IR,RED,22458,18962
IR,RED,22455,18964
IR,RED,22459,18961
IR,RED,22459,18961
IR,RED,22449,18960
IR,RED,22456,18955
IR,RED,22451,18963
IR,RED,22457,18963
IR,RED,22467,18968
IR,RED,22466,18970
IR,RED,22462,18958
IR,RED,22456,18963
IR,RED,22457,18966
IR,RED,22453,18960
IR,RED,22458,18974
IR,RED,22450,18966
IR,RED,22460,18967
IR,RED,22458,18970
IR,RED,22454,18966
IR,RED,22464,18974
IR,RED,22461,18976
IR,RED,22453,18968
IR,RED,22467,18969
IR,RED,22453,18969
IR,RED,22468,18977
IR,RED,22458,18971
IR,RED,22463,18980
IR,RED,22463,18978
IR,RED,22463,18980
IR,RED,22465,18986
IR,RED,22474,18988
IR,RED,22475,18994
IR,RED,22472,18994
IR,RED,22472,18991
IR,RED,22478,18988
IR,RED,22463,18986
IR,RED,22474,18985
IR,RED,22456,18990
IR,RED,22464,18989
IR,RED,22474,18995
IR,RED,22473,18997
IR,RED,22471,19000
IR,RED,22470,19003
IR,RED,22467,18999
IR,RED,22481,19001
IR,RED,22484,18997
IR,RED,22480,19003
IR,RED,22481,18991
IR,RED,22484,19003
IR,RED,22490,18989
IR,RED,22476,18979
IR,RED,22469,18978
IR,RED,22471,18977
IR,RED,22474,18973
IR,RED,22471,18973
IR,RED,22465,18971
IR,RED,22468,18967
IR,RED,22463,18960
IR,RED,22461,18971
IR,RED,22464,18969
IR,RED,22465,18964
IR,RED,22460,18972
IR,RED,22459,18967
IR,RED,22459,18966
IR,RED,22465,18969
IR,RED,22463,18974
IR,RED,22459,18977
IR,RED,22461,18969
IR,RED,22463,18970
IR,RED,22462,18976
IR,RED,22458,18971
IR,RED,22467,18979
IR,RED,22472,18971
IR,RED,22464,18968
IR,RED,22467,18965
IR,RED,22474,18964
IR,RED,22470,18972
IR,RED,22467,18966
IR,RED,22476,18971
IR,RED,22464,18975
IR,RED,22464,18975
IR,RED,22473,18977
IR,RED,22466,18966
IR,RED,22471,18976
IR,RED,22468,18975
IR,RED,22475,18981
IR,RED,22474,18978
IR,RED,22471,18977
IR,RED,22461,18981
IR,RED,22470,18985
IR,RED,22460,18990
IR,RED,22470,18981
IR,RED,22470,18983
IR,RED,22466,18979
IR,RED,22463,18980
IR,RED,22475,18988
IR,RED,22472,18982
IR,RED,22469,18985
IR,RED,22470,18976
IR,RED,22474,18995
IR,RED,22470,19006
IR,RED,22469,18993
IR,RED,22469,19000
IR,RED,22466,19007
IR,RED,22474,18996
IR,RED,22477,18995
IR,RED,22476,18993
IR,RED,22467,18988
IR,RED,22471,19000
IR,RED,22477,18995
IR,RED,22485,18988
IR,RED,22470,18979
IR,RED,22467,18975
IR,RED,22464,18965
IR,RED,22458,18972
IR,RED,22462,18967
IR,RED,22470,18961
IR,RED,22463,18963
IR,RED,22453,18956
IR,RED,22463,18952
IR,RED,22452,18949
IR,RED,22455,18954
IR,RED,22446,18950
IR,RED,22453,18960
IR,RED,22444,18951
IR,RED,22452,18949
IR,RED,22443,18950
IR,RED,22453,18959
IR,RED,22454,18950
IR,RED,22444,18952
IR,RED,22450,18947
IR,RED,22449,18963
IR,RED,22437,18957
IR,RED,22448,18958
IR,RED,22435,18952
IR,RED,22446,18953
IR,RED,22430,18946
IR,RED,22438,18947
IR,RED,22440,18945
IR,RED,22442,18953
IR,RED,22424,18949
IR,RED,22436,18948
IR,RED,22438,18949
IR,RED,22433,18938
IR,RED,22430,18947
IR,RED,22430,18942
IR,RED,22426,18946
IR,RED,22421,18959
IR,RED,22433,18943
IR,RED,22439,18949
IR,RED,22422,18948
IR,RED,22433,18955
IR,RED,22437,18951
IR,RED,22428,18956
IR,RED,22429,18955
IR,RED,22429,18964
IR,RED,22436,18955
IR,RED,22436,18955
IR,RED,22436,18957
IR,RED,22427,18959
IR,RED,22436,18954
IR,RED,22435,18966
IR,RED,22422,18971
IR,RED,22426,18962
IR,RED,22422,18955
IR,RED,22434,18963
IR,RED,22432,18966
IR,RED,22430,18970
IR,RED,22428,18963
IR,RED,22431,18959
IR,RED,22434,18957
IR,RED,22433,18962
IR,RED,22428,18963
IR,RED,22423,18961
IR,RED,22425,18952
IR,RED,22420,18943
IR,RED,22422,18938
IR,RED,22415,18934
IR,RED,22415,18937
IR,RED,22413,18932
IR,RED,22417,18924
IR,RED,22401,18926
IR,RED,22413,18910
IR,RED,22389,18916
IR,RED,22391,18907
IR,RED,22391,18904
IR,RED,22394,18905
IR,RED,22390,18907
IR,RED,22383,18917
IR,RED,22392,18905
IR,RED,22384,18903
IR,RED,22394,18911
IR,RED,22390,18913
IR,RED,22392,18909
IR,RED,22384,18905
IR,RED,22384,18910
IR,RED,22395,18910
IR,RED,22388,18916
IR,RED,22385,18898
IR,RED,22383,18902
IR,RED,22390,18902
IR,RED,22396,18900
IR,RED,22394,18909
IR,RED,22390,18900
IR,RED,22401,18900
IR,RED,22390,18899
IR,RED,22391,18906
IR,RED,22390,18899
IR,RED,22389,18896
IR,RED,22396,18903
IR,RED,22391,18889
IR,RED,22389,18903
IR,RED,22390,18901
IR,RED,22392,18900
IR,RED,22382,18910
IR,RED,22398,18901
IR,RED,22384,18910
IR,RED,22387,18912
IR,RED,22393,18905
IR,RED,22374,18912
IR,RED,22393,18912
IR,RED,22383,18912
IR,RED,22376,18905
IR,RED,22386,18909
IR,RED,22384,18913
IR,RED,22391,18910
IR,RED,22386,18920
IR,RED,22380,18910
IR,RED,22380,18913
IR,RED,22385,18918
IR,RED,22394,18916
IR,RED,22374,18912
IR,RED,22380,18920
IR,RED,22378,18924
IR,RED,22378,18920
IR,RED,22376,18919
IR,RED,22376,18916
IR,RED,22383,18909
IR,RED,22382,18911
IR,RED,22372,18907
IR,RED,22371,18895
IR,RED,22367,18899
IR,RED,22369,18892
IR,RED,22363,18885
IR,RED,22359,18885
IR,RED,22372,18882
IR,RED,22367,18877
IR,RED,22360,18878
IR,RED,22355,18881
IR,RED,22354,18874
IR,RED,22352,18872
IR,RED,22347,18871
IR,RED,22345,18868
IR,RED,22343,18864
IR,RED,22345,18867
IR,RED,22350,18854
IR,RED,22349,18870
IR,RED,22340,18867
IR,RED,22335,18858
IR,RED,22339,18855
IR,RED,22340,18856
IR,RED,22339,18859
IR,RED,22345,18856
IR,RED,22345,18862
IR,RED,22336,18859
IR,RED,22341,18856
IR,RED,22349,18866
IR,RED,22347,18872
IR,RED,22345,18874
IR,RED,22343,18864
IR,RED,22346,18866
IR,RED,22337,18858
IR,RED,22347,18861
IR,RED,22345,18864
IR,RED,22345,18863
IR,RED,22337,18862
IR,RED,22348,18864
IR,RED,22352,18855
IR,RED,22343,18864
IR,RED,22346,18874
IR,RED,22354,18873
IR,RED,22348,18871
IR,RED,22340,18865
IR,RED,22351,18872
IR,RED,22348,18870
IR,RED,22348,18877
IR,RED,22351,18874
IR,RED,22356,18880
IR,RED,22344,18886
IR,RED,22342,18885
IR,RED,22351,18879
IR,RED,22341,18880
IR,RED,22352,18890
IR,RED,22353,18887
IR,RED,22349,18894
IR,RED,22349,18890
IR,RED,22351,18893
IR,RED,22352,18897
IR,RED,22349,18892
IR,RED,22342,18889
IR,RED,22349,18898
IR,RED,22355,18897
IR,RED,22357,18901
IR,RED,22354,18894
IR,RED,22350,18889
IR,RED,22364,18901
IR,RED,22350,18895
IR,RED,22355,18883
IR,RED,22349,18882
IR,RED,22338,18868
IR,RED,22351,18875
IR,RED,22364,18866
IR,RED,22353,18859
IR,RED,22342,18853
IR,RED,22340,18855
IR,RED,22342,18853
IR,RED,22340,18847
IR,RED,22333,18850
IR,RED,22335,18862
IR,RED,22329,18857
IR,RED,22333,18864
IR,RED,22334,18852
IR,RED,22338,18856
IR,RED,22337,18846
IR,RED,22336,18845
IR,RED,22336,18860
IR,RED,22338,18848
IR,RED,22331,18844
IR,RED,22334,18844
IR,RED,22335,18851
IR,RED,22340,18860
IR,RED,22334,18852
IR,RED,22334,18855
IR,RED,22337,18844
IR,RED,22335,18852
IR,RED,22336,18846
IR,RED,22334,18851
IR,RED,22337,18848
IR,RED,22332,18855
IR,RED,22331,18866
IR,RED,22328,18854
IR,RED,22332,18843
IR,RED,22338,18850
IR,RED,22339,18852
IR,RED,22323,18855
IR,RED,22323,18867
IR,RED,22327,18863
IR,RED,22343,18857
IR,RED,22341,18866
IR,RED,22343,18866
IR,RED,22339,18853
IR,RED,22337,18860
IR,RED,22342,18867
IR,RED,22354,18870
IR,RED,22339,18866
IR,RED,22335,18865
IR,RED,22349,18863
IR,RED,22347,18871
IR,RED,22343,18869
IR,RED,22351,18871
IR,RED,22344,18865
IR,RED,22338,18868
IR,RED,22345,18858
IR,RED,22349,18867
IR,RED,22331,18864
IR,RED,22345,18871
IR,RED,22341,18880
IR,RED,22345,18877
IR,RED,22355,18893
IR,RED,22349,18889
IR,RED,22350,18888
IR,RED,22339,18883
IR,RED,22347,18878
IR,RED,22345,18875
IR,RED,22346,18867
IR,RED,22344,18861
IR,RED,22346,18866
IR,RED,22329,18862
IR,RED,22331,18847
IR,RED,22339,18846
IR,RED,22331,18834
IR,RED,22326,18843
IR,RED,22323,18831
IR,RED,22330,18837
IR,RED,22329,18833
IR,RED,22333,18829
IR,RED,22321,18836
IR,RED,22331,18831
IR,RED,22335,18837
IR,RED,22325,18834
IR,RED,22315,18850
IR,RED,22320,18832
IR,RED,22315,18836
IR,RED,22316,18830
IR,RED,22303,18829
IR,RED,22321,18830
IR,RED,22325,18839
IR,RED,22317,18827
IR,RED,22315,18830
IR,RED,22335,18830
IR,RED,22321,18825
IR,RED,22315,18828
IR,RED,22318,18828
IR,RED,22313,18825
IR,RED,22313,18830
IR,RED,22318,18833
IR,RED,22322,18833
IR,RED,22320,18826
IR,RED,22315,18826
IR,RED,22311,18835
IR,RED,22310,18830
IR,RED,22317,18835
IR,RED,22307,18840
IR,RED,22324,18832
IR,RED,22320,18830
IR,RED,22316,18840
IR,RED,22317,18831
IR,RED,22316,18836
IR,RED,22314,18837
IR,RED,22319,18834
IR,RED,22308,18838
IR,RED,22314,18833
IR,RED,22318,18843
IR,RED,22313,18840
IR,RED,22312,18832
IR,RED,22321,18843
IR,RED,22319,18846
IR,RED,22328,18845
IR,RED,22324,18853
IR,RED,22320,18848
IR,RED,22317,18855
IR,RED,22322,18855
IR,RED,22318,18856
IR,RED,22328,18852
IR,RED,22332,18852
IR,RED,22334,18860
IR,RED,22332,18862
IR,RED,22325,18855
IR,RED,22339,18849
IR,RED,22319,18862
IR,RED,22333,18851
IR,RED,22325,18851
IR,RED,22322,18840
IR,RED,22319,18847
IR,RED,22318,18834
IR,RED,22324,18829
IR,RED,22314,18821
IR,RED,22314,18829
IR,RED,22316,18818
IR,RED,22312,18819
IR,RED,22311,18818
IR,RED,22313,18825
IR,RED,22306,18817
IR,RED,22308,18811
IR,RED,22312,18812
IR,RED,22309,18802
IR,RED,22303,18808
IR,RED,22303,18802
IR,RED,22295,18807
IR,RED,22303,18819
IR,RED,22308,18806
IR,RED,22303,18800
IR,RED,22304,18806
IR,RED,22299,18808
IR,RED,22293,18801
IR,RED,22304,18809
IR,RED,22289,18814
IR,RED,22291,18814
IR,RED,22297,18799
IR,RED,22295,18811
IR,RED,22304,18800
IR,RED,22294,18793
IR,RED,22299,18796
IR,RED,22300,18807
IR,RED,22302,18800
IR,RED,22298,18798
IR,RED,22309,18803
IR,RED,22299,18798
IR,RED,22298,18798
IR,RED,22294,18793
IR,RED,22302,18807
IR,RED,22294,18786
IR,RED,22290,18803
IR,RED,22293,18797
IR,RED,22288,18804
IR,RED,22297,18803
IR,RED,22299,18812
IR,RED,22293,18808
IR,RED,22296,18812
IR,RED,22300,18798
IR,RED,22302,18816
IR,RED,22309,18806
IR,RED,22303,18813
IR,RED,22304,18811
IR,RED,22311,18821
IR,RED,22316,18808
IR,RED,22317,18825
IR,RED,22305,18808
IR,RED,22309,18822
IR,RED,22287,18823
IR,RED,22302,18820
IR,RED,22305,18829
IR,RED,22313,18832
IR,RED,22299,18832
IR,RED,22305,18827
IR,RED,22296,18832
IR,RED,22313,18828
IR,RED,22317,18839
IR,RED,22303,18832
IR,RED,22311,18829
IR,RED,22306,18833
IR,RED,22306,18834
IR,RED,22313,18829
IR,RED,22313,18823
IR,RED,22304,18833
IR,RED,22307,18807
IR,RED,22304,18814
IR,RED,22310,18801
IR,RED,22307,18808
IR,RED,22314,18811
IR,RED,22304,18801
IR,RED,22296,18802
IR,RED,22297,18802
IR,RED,22306,18803
IR,RED,22298,18797
IR,RED,22301,18792
IR,RED,22303,18798
IR,RED,22297,18797
IR,RED,22303,18791
IR,RED,22298,18799
IR,RED,22305,18796
IR,RED,22302,18799
IR,RED,22304,18799
IR,RED,22306,18799
IR,RED,22308,18789
IR,RED,22297,18793
IR,RED,22314,18796
IR,RED,22307,18807
IR,RED,22302,18797
IR,RED,22302,18787
IR,RED,22303,18799
IR,RED,22306,18804
IR,RED,22304,18801
IR,RED,22310,18796
IR,RED,22298,18797
IR,RED,22300,18798
IR,RED,22300,18794
IR,RED,22312,18793
IR,RED,22303,18800
IR,RED,22304,18798
IR,RED,22299,18810
IR,RED,22310,18801
IR,RED,22305,18802
IR,RED,22309,18807
IR,RED,22300,18801
IR,RED,22305,18809
IR,RED,22299,18803
IR,RED,22300,18809
IR,RED,22306,18810
IR,RED,22313,18815
IR,RED,22299,18813
IR,RED,22314,18814
IR,RED,22318,18822
IR,RED,22314,18818
IR,RED,22325,18822
IR,RED,22320,18830
IR,RED,22313,18822
IR,RED,22315,18833
IR,RED,22322,18819
IR,RED,22327,18836
IR,RED,22330,18832
IR,RED,22328,18828
IR,RED,22331,18820
IR,RED,22330,18824
IR,RED,22330,18829
IR,RED,22329,18834
IR,RED,22330,18837
IR,RED,22326,18829
IR,RED,22334,18837
IR,RED,22330,18841
IR,RED,22325,18834
IR,RED,22325,18825
IR,RED,22324,18820
IR,RED,22314,18819
IR,RED,22326,18823
IR,RED,22324,18809
IR,RED,22320,18814
IR,RED,22311,18802
IR,RED,22320,18802
IR,RED,22307,18804
IR,RED,22318,18793
IR,RED,22320,18798
IR,RED,22306,18801
IR,RED,22303,18804
IR,RED,22303,18798
IR,RED,22298,18796
IR,RED,22305,18791
IR,RED,22294,18798
IR,RED,22312,18794
IR,RED,22313,18800
IR,RED,22313,18795
IR,RED,22305,18794
IR,RED,22310,18788
IR,RED,22301,18797
IR,RED,22291,18802
IR,RED,22310,18791
IR,RED,22303,18795
IR,RED,22307,18795
IR,RED,22312,18787
IR,RED,22314,18802
IR,RED,22310,18781
IR,RED,22313,18791
IR,RED,22300,18793
IR,RED,22305,18798
IR,RED,22307,18789
IR,RED,22307,18788
IR,RED,22291,18793
IR,RED,22300,18789
IR,RED,22308,18791
IR,RED,22306,18803
IR,RED,22304,18795
IR,RED,22313,18798
IR,RED,22306,18805
IR,RED,22308,18804
IR,RED,22313,18799
IR,RED,22312,18804
IR,RED,22308,18798
IR,RED,22304,18804
IR,RED,22306,18797
IR,RED,22312,18811
IR,RED,22312,18806
IR,RED,22312,18804
IR,RED,22314,18799
IR,RED,22308,18802
IR,RED,22317,18803
IR,RED,22311,18802
IR,RED,22317,18808
IR,RED,22311,18810
IR,RED,22317,18806
IR,RED,22315,18811
IR,RED,22312,18813
IR,RED,22310,18804
IR,RED,22309,18817
IR,RED,22311,18813
IR,RED,22311,18820
IR,RED,22309,18803
IR,RED,22317,18814
IR,RED,22310,18811
IR,RED,22310,18806
IR,RED,22304,18807
IR,RED,22299,18806
IR,RED,22300,18783
IR,RED,22294,18783
IR,RED,22291,18782
IR,RED,22288,18775
IR,RED,22285,18779
IR,RED,22283,18777
IR,RED,22278,18764
IR,RED,22288,18771
IR,RED,22281,18766
IR,RED,22286,18761
IR,RED,22281,18763
IR,RED,22277,18760
IR,RED,22278,18766
IR,RED,22274,18767
IR,RED,22272,18755
IR,RED,22276,18757
IR,RED,22273,18762
IR,RED,22281,18766
IR,RED,22266,18763
IR,RED,22277,18750
IR,RED,22280,18769
IR,RED,22286,18768
IR,RED,22285,18763
IR,RED,22286,18760
IR,RED,22283,18761
IR,RED,22286,18759
IR,RED,22283,18764
IR,RED,22278,18763
IR,RED,22279,18757
IR,RED,22274,18754
IR,RED,22279,18754
IR,RED,22276,18752
IR,RED,22269,18751
IR,RED,22263,18754
IR,RED,22260,18746
IR,RED,22264,18752
IR,RED,22264,18759
IR,RED,22261,18752
IR,RED,22268,18761
IR,RED,22264,18757
IR,RED,22260,18759
IR,RED,22264,18755
IR,RED,22274,18757
IR,RED,22273,18753
IR,RED,22267,18757
IR,RED,22274,18760
IR,RED,22270,18757
IR,RED,22262,18759
IR,RED,22269,18757
IR,RED,22272,18766
IR,RED,22279,18755
IR,RED,22274,18766
IR,RED,22277,18765
IR,RED,22281,18774
IR,RED,22281,18767
IR,RED,22275,18779
IR,RED,22279,18769
IR,RED,22283,18775
IR,RED,22272,18770
IR,RED,22267,18778
IR,RED,22269,18769
IR,RED,22271,18774
IR,RED,22268,18772
IR,RED,22265,18778
IR,RED,22264,18774
IR,RED,22267,18768
IR,RED,22261,18771
IR,RED,22274,18760
IR,RED,22260,18755
IR,RED,22254,18747
IR,RED,22253,18740
IR,RED,22250,18744
IR,RED,22253,18739
IR,RED,22247,18731
IR,RED,22248,18732
IR,RED,22233,18734
IR,RED,22228,18736
IR,RED,22235,18723
IR,RED,22244,18726
IR,RED,22224,18720
IR,RED,22228,18726
IR,RED,22233,18719
IR,RED,22239,18726
IR,RED,22242,18715
IR,RED,22241,18713
IR,RED,22241,18714
IR,RED,22241,18724
IR,RED,22233,18726
IR,RED,22239,18721
IR,RED,22240,18719
IR,RED,22228,18725
IR,RED,22231,18725
IR,RED,22229,18731
IR,RED,22229,18727
IR,RED,22239,18719
IR,RED,22235,18722
IR,RED,22228,18724
IR,RED,22225,18726
IR,RED,22229,18734
IR,RED,22246,18727
IR,RED,22231,18724
IR,RED,22242,18723
IR,RED,22236,18727
IR,RED,22237,18739
IR,RED,22249,18744
IR,RED,22239,18740
IR,RED,22246,18743
IR,RED,22246,18743
IR,RED,22247,18746
IR,RED,22251,18737
IR,RED,22255,18749
IR,RED,22237,18749
IR,RED,22246,18746
IR,RED,22257,18761
IR,RED,22258,18762
IR,RED,22269,18766
IR,RED,22265,18750
IR,RED,22252,18761
IR,RED,22255,18758
IR,RED,22272,18766
IR,RED,22264,18767
IR,RED,22267,18760
IR,RED,22262,18768
IR,RED,22269,18771
IR,RED,22271,18773
IR,RED,22281,18776
IR,RED,22282,18770
IR,RED,22278,18775
IR,RED,22275,18775
IR,RED,22267,18778
IR,RED,22271,18785
IR,RED,22276,18782
IR,RED,22279,18793
IR,RED,22270,18776
IR,RED,22283,18789
IR,RED,22285,18784
IR,RED,22274,18771
IR,RED,22279,18771
IR,RED,22272,18768
IR,RED,22279,18766
IR,RED,22270,18753
IR,RED,22268,18755
IR,RED,22267,18758
IR,RED,22264,18753
IR,RED,22275,18746
IR,RED,22267,18753
IR,RED,22263,18746
IR,RED,22259,18747
IR,RED,22261,18747
IR,RED,22255,18742
IR,RED,22258,18751
IR,RED,22262,18737
IR,RED,22256,18744
IR,RED,22258,18743
IR,RED,22266,18736
IR,RED,22262,18738
IR,RED,22270,18754
IR,RED,22268,18753
IR,RED,22257,18740
IR,RED,22264,18743
IR,RED,22256,18749
IR,RED,22247,18750
IR,RED,22265,18749
IR,RED,22269,18760
IR,RED,22261,18748
IR,RED,22243,18747
IR,RED,22249,18751
IR,RED,22264,18753
IR,RED,22253,18748
IR,RED,22255,18753
IR,RED,22251,18755
IR,RED,22247,18752
IR,RED,22253,18752
IR,RED,22263,18766
IR,RED,22264,18762
IR,RED,22271,18761
IR,RED,22269,18757
IR,RED,22269,18760
IR,RED,22269,18762
IR,RED,22270,18762
IR,RED,22260,18757
IR,RED,22266,18762
IR,RED,22269,18751
IR,RED,22267,18772
IR,RED,22260,18768
IR,RED,22270,18772
IR,RED,22282,18778
IR,RED,22278,18778
IR,RED,22274,18775
IR,RED,22266,18766
IR,RED,22270,18763
IR,RED,22277,18771
IR,RED,22273,18774
IR,RED,22272,18775
IR,RED,22277,18779
IR,RED,22279,18781
IR,RED,22277,18778
IR,RED,22271,18789
IR,RED,22279,18778
IR,RED,22270,18792
IR,RED,22279,18788
IR,RED,22280,18791
IR,RED,22279,18786
IR,RED,22281,18779
IR,RED,22284,18776
IR,RED,22279,18770
IR,RED,22270,18775
IR,RED,22272,18768
IR,RED,22275,18761
IR,RED,22275,18755
IR,RED,22272,18747
IR,RED,22275,18752
IR,RED,22271,18751
IR,RED,22269,18739
IR,RED,22260,18740
IR,RED,22267,18741
IR,RED,22260,18748
IR,RED,22257,18734
IR,RED,22263,18754
IR,RED,22265,18739
IR,RED,22260,18744
IR,RED,22245,18734
IR,RED,22261,18736
IR,RED,22256,18740
IR,RED,22266,18749
IR,RED,22262,18736
IR,RED,22250,18741
IR,RED,22257,18745
IR,RED,22258,18743
IR,RED,22258,18737
IR,RED,22259,18754
IR,RED,22257,18735
IR,RED,22247,18740
IR,RED,22248,18734
IR,RED,22248,18732
IR,RED,22247,18737
IR,RED,22252,18732
IR,RED,22252,18744
IR,RED,22253,18736
IR,RED,22251,18739
IR,RED,22253,18740
IR,RED,22245,18742
IR,RED,22251,18747
IR,RED,22252,18745
IR,RED,22263,18746
IR,RED,22257,18751
IR,RED,22250,18754
IR,RED,22256,18747
IR,RED,22253,18753
IR,RED,22248,18750
IR,RED,22254,18750
IR,RED,22257,18748
IR,RED,22263,18742
IR,RED,22260,18748
IR,RED,22252,18760
IR,RED,22268,18756
IR,RED,22269,18764
IR,RED,22261,18754
IR,RED,22265,18763
IR,RED,22244,18761
IR,RED,22255,18758
IR,RED,22264,18761
IR,RED,22263,18759
IR,RED,22274,18777
IR,RED,22267,18765
IR,RED,22267,18765
IR,RED,22261,18763
IR,RED,22264,18772
IR,RED,22265,18764
IR,RED,22262,18770
IR,RED,22269,18760
IR,RED,22257,18759
IR,RED,22264,18767
IR,RED,22256,18758
IR,RED,22260,18741
IR,RED,22256,18748
IR,RED,22245,18741
IR,RED,22245,18731
IR,RED,22248,18732
IR,RED,22244,18727
IR,RED,22243,18727
IR,RED,22248,18724
IR,RED,22241,18720
IR,RED,22243,18714
IR,RED,22237,18711
IR,RED,22224,18720
IR,RED,22237,18713
IR,RED,22239,18719
IR,RED,22226,18711
IR,RED,22230,18711
IR,RED,22227,18715
IR,RED,22233,18718
IR,RED,22228,18712
IR,RED,22219,18711
IR,RED,22217,18722
IR,RED,22214,18708
IR,RED,22223,18708
IR,RED,22213,18714
IR,RED,22219,18718
IR,RED,22214,18706
IR,RED,22205,18701
IR,RED,22215,18709
IR,RED,22224,18713
IR,RED,22214,18703
IR,RED,22212,18704
IR,RED,22218,18710
IR,RED,22216,18701
IR,RED,22220,18709
IR,RED,22209,18712
IR,RED,22217,18700
IR,RED,22219,18715
IR,RED,22215,18709
IR,RED,22225,18712
IR,RED,22219,18714
IR,RED,22219,18709
IR,RED,22211,18707
IR,RED,22221,18715
IR,RED,22223,18709
IR,RED,22214,18715
IR,RED,22219,18707
IR,RED,22207,18711
IR,RED,22213,18721
IR,RED,22211,18719
IR,RED,22220,18724
IR,RED,22212,18715
IR,RED,22212,18721
IR,RED,22220,18722
IR,RED,22226,18731
IR,RED,22220,18728
IR,RED,22210,18721
IR,RED,22217,18729
IR,RED,22220,18732
IR,RED,22226,18736
IR,RED,22212,18737
IR,RED,22221,18722
IR,RED,22225,18733
IR,RED,22215,18736
IR,RED,22214,18746
IR,RED,22220,18731
IR,RED,22225,18734
IR,RED,22227,18740
IR,RED,22220,18726
IR,RED,22221,18732
IR,RED,22207,18728
IR,RED,22217,18713
IR,RED,22217,18712
IR,RED,22212,18708
IR,RED,22213,18704
IR,RED,22217,18702
IR,RED,22222,18700
IR,RED,22209,18705
IR,RED,22219,18697
IR,RED,22208,18692
IR,RED,22215,18707
IR,RED,22209,18692
IR,RED,22210,18695
IR,RED,22205,18687
IR,RED,22205,18696
IR,RED,22204,18694
IR,RED,22208,18685
IR,RED,22199,18681
IR,RED,22189,18687
IR,RED,22206,18693
IR,RED,22201,18687
IR,RED,22205,18690
IR,RED,22213,18695
IR,RED,22209,18695
IR,RED,22208,18696
IR,RED,22202,18680
IR,RED,22199,18701
IR,RED,22204,18694
IR,RED,22212,18691
IR,RED,22211,18693
IR,RED,22200,18694
IR,RED,22193,18685
IR,RED,22193,18680
IR,RED,22195,18683
IR,RED,22201,18702
IR,RED,22207,18684
IR,RED,22200,18694
IR,RED,22198,18701
IR,RED,22203,18696
IR,RED,22196,18699
IR,RED,22199,18708
IR,RED,22204,18707
IR,RED,22212,18708
IR,RED,22214,18710
IR,RED,22215,18711
IR,RED,22210,18706
IR,RED,22213,18710
IR,RED,22205,18713
IR,RED,22199,18711
IR,RED,22205,18712
IR,RED,22205,18720
IR,RED,22215,18713
IR,RED,22206,18722
IR,RED,22206,18717
IR,RED,22213,18722
IR,RED,22214,18731
IR,RED,22212,18734
IR,RED,22225,18727
IR,RED,22222,18729
IR,RED,22230,18733
IR,RED,22219,18728
IR,RED,22241,18735
IR,RED,22232,18741
IR,RED,22236,18739
IR,RED,22233,18742
IR,RED,22238,18737
IR,RED,22233,18742
IR,RED,22247,18745
IR,RED,22243,18745
IR,RED,22240,18750
IR,RED,22226,18736
IR,RED,22221,18732
IR,RED,22237,18728
IR,RED,22228,18723
IR,RED,22227,18716
IR,RED,22233,18715
IR,RED,22233,18709
IR,RED,22233,18698
IR,RED,22228,18713
IR,RED,22222,18706
IR,RED,22217,18704
IR,RED,22219,18709
IR,RED,22215,18694
IR,RED,22207,18707
IR,RED,22210,18697
IR,RED,22207,18699
IR,RED,22207,18695
IR,RED,22208,18693
IR,RED,22204,18701
IR,RED,22215,18700
IR,RED,22212,18702
IR,RED,22206,18701
IR,RED,22209,18711
IR,RED,22216,18699
IR,RED,22207,18704
IR,RED,22214,18708
IR,RED,22211,18701
IR,RED,22213,18703
IR,RED,22211,18692
IR,RED,22209,18700
IR,RED,22209,18703
IR,RED,22201,18705
IR,RED,22206,18695
IR,RED,22210,18702
IR,RED,22217,18707
IR,RED,22203,18700
IR,RED,22217,18700
IR,RED,22202,18696
IR,RED,22205,18704
IR,RED,22214,18710
IR,RED,22205,18703
IR,RED,22208,18705
IR,RED,22216,18710
IR,RED,22209,18709
IR,RED,22218,18709
IR,RED,22208,18713
IR,RED,22212,18720
IR,RED,22212,18705
IR,RED,22210,18715
IR,RED,22211,18716
IR,RED,22214,18714
IR,RED,22206,18714
IR,RED,22216,18711
IR,RED,22218,18728
IR,RED,22210,18719
IR,RED,22206,18717
IR,RED,22205,18707
IR,RED,22214,18725
IR,RED,22214,18721
IR,RED,22211,18715
IR,RED,22210,18720
IR,RED,22212,18723
IR,RED,22211,18715
IR,RED,22217,18721
IR,RED,22203,18728
IR,RED,22220,18717
IR,RED,22203,18726
IR,RED,22218,18737
IR,RED,22217,18723
IR,RED,22213,18717
IR,RED,22218,18730
IR,RED,22209,18717
IR,RED,22208,18708
IR,RED,22205,18707
IR,RED,22214,18705
IR,RED,22199,18700
IR,RED,22190,18696
IR,RED,22199,18690
IR,RED,22197,18686
IR,RED,22193,18684
IR,RED,22189,18677
IR,RED,22199,18681
IR,RED,22190,18684
IR,RED,22195,18689
IR,RED,22187,18685
IR,RED,22192,18679
IR,RED,22181,18671
IR,RED,22172,18670
IR,RED,22168,18679
IR,RED,22169,18675
IR,RED,22173,18676
IR,RED,22172,18667
IR,RED,22176,18673
IR,RED,22170,18671
IR,RED,22173,18671
IR,RED,22171,18671
IR,RED,22171,18664
IR,RED,22173,18658
IR,RED,22178,18668
IR,RED,22177,18670
IR,RED,22164,18670
IR,RED,22173,18667
IR,RED,22170,18666
IR,RED,22171,18679
IR,RED,22169,18662
IR,RED,22171,18667
IR,RED,22169,18669
IR,RED,22165,18667
IR,RED,22173,18677
IR,RED,22172,18676
IR,RED,22177,18671
IR,RED,22179,18673
IR,RED,22182,18661
IR,RED,22180,18672
IR,RED,22171,18677
IR,RED,22179,18675
IR,RED,22189,18672
IR,RED,22179,18673
IR,RED,22176,18677
IR,RED,22178,18681
IR,RED,22175,18685
IR,RED,22178,18675
IR,RED,22175,18681
IR,RED,22175,18675
IR,RED,22185,18680
IR,RED,22183,18684
IR,RED,22182,18692
IR,RED,22192,18696
IR,RED,22189,18690
IR,RED,22181,18692
IR,RED,22182,18698
IR,RED,22183,18691
IR,RED,22179,18696
IR,RED,22177,18691
IR,RED,22177,18694
IR,RED,22173,18698
IR,RED,22188,18690
IR,RED,22177,18696
IR,RED,22177,18688
IR,RED,22179,18707
IR,RED,22181,18698
IR,RED,22196,18705
IR,RED,22183,18693
IR,RED,22177,18701
IR,RED,22170,18690
IR,RED,22173,18676
IR,RED,22173,18678
IR,RED,22177,18667
IR,RED,22175,18669
IR,RED,22172,18665
IR,RED,22169,18672
IR,RED,22170,18661
IR,RED,22171,18666
IR,RED,22167,18655
IR,RED,22167,18657
IR,RED,22164,18659
IR,RED,22157,18645
IR,RED,22157,18642
IR,RED,22154,18645
IR,RED,22158,18641
IR,RED,22159,18644
IR,RED,22160,18643
IR,RED,22144,18641
IR,RED,22140,18641
IR,RED,22141,18638
IR,RED,22140,18647
IR,RED,22151,18643
IR,RED,22139,18643
IR,RED,22134,18641
IR,RED,22143,18638
IR,RED,22152,18640
IR,RED,22131,18653
IR,RED,22145,18640
IR,RED,22139,18652
IR,RED,22137,18647
IR,RED,22144,18645
IR,RED,22132,18650
IR,RED,22137,18648
IR,RED,22126,18647
IR,RED,22140,18644
IR,RED,22147,18645
IR,RED,22135,18643
IR,RED,22141,18648
IR,RED,22142,18647
IR,RED,22148,18649
IR,RED,22141,18662
IR,RED,22150,18647
IR,RED,22146,18650
IR,RED,22149,18642
IR,RED,22140,18648
IR,RED,22146,18655
IR,RED,22158,18655
IR,RED,22156,18650
IR,RED,22146,18651
IR,RED,22149,18654
IR,RED,22148,18650
IR,RED,22154,18659
IR,RED,22154,18664
IR,RED,22147,18666
IR,RED,22162,18657
IR,RED,22152,18663
IR,RED,22155,18658
IR,RED,22146,18667
IR,RED,22159,18678
IR,RED,22164,18670
IR,RED,22157,18659
IR,RED,22156,18672
IR,RED,22163,18670
IR,RED,22160,18673
IR,RED,22157,18682
IR,RED,22156,18677
IR,RED,22165,18694
IR,RED,22171,18674
IR,RED,22165,18678
IR,RED,22162,18682
IR,RED,22167,18683
IR,RED,22171,18674
IR,RED,22167,18681
IR,RED,22180,18673
IR,RED,22169,18682
IR,RED,22166,18667
IR,RED,22159,18667
IR,RED,22150,18658
IR,RED,22157,18656
IR,RED,22155,18650
IR,RED,22146,18647
IR,RED,22146,18644
IR,RED,22151,18642
IR,RED,22151,18640
IR,RED,22155,18641
IR,RED,22162,18644
IR,RED,22163,18639
IR,RED,22157,18637
IR,RED,22155,18645
IR,RED,22158,18633
IR,RED,22156,18650
IR,RED,22152,18642
IR,RED,22155,18642
IR,RED,22151,18642
IR,RED,22153,18645
IR,RED,22157,18646
IR,RED,22147,18651
IR,RED,22159,18650
IR,RED,22147,18657
IR,RED,22160,18655
IR,RED,22150,18639
IR,RED,22146,18653
IR,RED,22152,18645
IR,RED,22151,18658
IR,RED,22153,18652
IR,RED,22158,18647
IR,RED,22147,18651
IR,RED,22139,18651
IR,RED,22155,18655
IR,RED,22153,18657
IR,RED,22148,18664
IR,RED,22151,18660
IR,RED,22149,18664
IR,RED,22163,18655
IR,RED,22158,18666
IR,RED,22164,18663
IR,RED,22167,18664
IR,RED,22157,18658
IR,RED,22161,18650
IR,RED,22158,18659
IR,RED,22170,18657
IR,RED,22162,18665
IR,RED,22176,18666
IR,RED,22172,18671
IR,RED,22179,18670
IR,RED,22167,18679
IR,RED,22167,18677
IR,RED,22174,18673
IR,RED,22188,18679
IR,RED,22178,18681
IR,RED,22174,18675
IR,RED,22177,18680
IR,RED,22166,18678
IR,RED,22171,18680
IR,RED,22177,18678
IR,RED,22178,18680
IR,RED,22177,18680
IR,RED,22186,18688
IR,RED,22182,18688
IR,RED,22183,18696
IR,RED,22171,18689
IR,RED,22179,18686
IR,RED,22174,18687
IR,RED,22175,18690
IR,RED,22176,18686
IR,RED,22171,18676
IR,RED,22171,18679
IR,RED,22166,18676
IR,RED,22156,18665
IR,RED,22164,18655
IR,RED,22165,18654
IR,RED,22150,18645
IR,RED,22148,18643
IR,RED,22142,18648
IR,RED,22137,18642
IR,RED,22139,18632
IR,RED,22139,18634
IR,RED,22126,18638
IR,RED,22126,18633
IR,RED,22134,18635
IR,RED,22131,18636
IR,RED,22133,18641
IR,RED,22126,18629
IR,RED,22130,18625
IR,RED,22124,18637
IR,RED,22130,18634
IR,RED,22127,18635
IR,RED,22131,18628
IR,RED,22142,18634
IR,RED,22132,18635
IR,RED,22132,18634
IR,RED,22136,18629
IR,RED,22135,18628
IR,RED,22143,18633
IR,RED,22145,18636
IR,RED,22137,18636
IR,RED,22139,18639
IR,RED,22137,18639
IR,RED,22138,18642
IR,RED,22138,18633
IR,RED,22138,18642
IR,RED,22139,18643
IR,RED,22134,18643
IR,RED,22126,18647
IR,RED,22138,18635
IR,RED,22137,18649
IR,RED,22136,18639
IR,RED,22128,18640
IR,RED,22131,18649
IR,RED,22126,18643
IR,RED,22134,18648
IR,RED,22123,18651
IR,RED,22127,18649
IR,RED,22135,18643
IR,RED,22129,18651
IR,RED,22133,18645
IR,RED,22135,18654
IR,RED,22127,18655
IR,RED,22132,18644
IR,RED,22129,18660
IR,RED,22125,18663
IR,RED,22130,18661
IR,RED,22133,18670
IR,RED,22130,18658
IR,RED,22132,18668
IR,RED,22133,18659
IR,RED,22134,18658
IR,RED,22130,18665
IR,RED,22135,18662
IR,RED,22136,18658
IR,RED,22136,18662
IR,RED,22136,18669
IR,RED,22143,18666
IR,RED,22136,18669
IR,RED,22145,18674
IR,RED,22142,18681
IR,RED,22148,18676
IR,RED,22141,18676
IR,RED,22146,18678
IR,RED,22140,18670
IR,RED,22149,18664
IR,RED,22136,18657
IR,RED,22134,18653
IR,RED,22129,18645
IR,RED,22135,18649
IR,RED,22122,18642
IR,RED,22129,18636
IR,RED,22128,18645
IR,RED,22132,18645
IR,RED,22126,18641
IR,RED,22124,18649
IR,RED,22131,18637
IR,RED,22119,18635
IR,RED,22124,18641
IR,RED,22126,18633
IR,RED,22107,18629
IR,RED,22114,18630
IR,RED,22111,18629
IR,RED,22116,18635
IR,RED,22115,18639
IR,RED,22119,18636
IR,RED,22117,18635
IR,RED,22121,18631
IR,RED,22121,18632
IR,RED,22115,18637
IR,RED,22122,18627
IR,RED,22114,18622
IR,RED,22118,18628
IR,RED,22110,18623
IR,RED,22112,18629
IR,RED,22104,18625
IR,RED,22107,18622
IR,RED,22109,18628
IR,RED,22116,18630
IR,RED,22113,18630
IR,RED,22109,18627
IR,RED,22104,18628
IR,RED,22104,18625
IR,RED,22111,18632
IR,RED,22122,18639
IR,RED,22116,18634
IR,RED,22122,18645
IR,RED,22111,18634
IR,RED,22121,18634
IR,RED,22117,18636
IR,RED,22121,18641
IR,RED,22113,18650
IR,RED,22122,18647
IR,RED,22127,18645
IR,RED,22119,18647
IR,RED,22118,18645
IR,RED,22119,18646
IR,RED,22128,18641
IR,RED,22131,18660
IR,RED,22130,18655
IR,RED,22138,18656
IR,RED,22129,18654
IR,RED,22125,18663
IR,RED,22127,18676
IR,RED,22134,18658
IR,RED,22136,18658
IR,RED,22137,18663
IR,RED,22140,18656
IR,RED,22145,18675
IR,RED,22135,18663
IR,RED,22150,18672
IR,RED,22145,18673
IR,RED,22149,18669
IR,RED,22141,18666
IR,RED,22142,18684
IR,RED,22134,18680
IR,RED,22151,18672
IR,RED,22145,18671
IR,RED,22145,18665
IR,RED,22138,18662
IR,RED,22130,18658
IR,RED,22135,18655
IR,RED,22145,18646
IR,RED,22140,18657
IR,RED,22128,18647
IR,RED,22127,18636
IR,RED,22127,18645
IR,RED,22141,18649
IR,RED,22133,18643
IR,RED,22131,18654
IR,RED,22128,18639
IR,RED,22123,18646
IR,RED,22119,18639
IR,RED,22137,18648
IR,RED,22125,18638
IR,RED,22125,18644
IR,RED,22121,18647
IR,RED,22129,18656
IR,RED,22134,18655
IR,RED,22119,18643
IR,RED,22124,18645
IR,RED,22126,18642
IR,RED,22118,18651
IR,RED,22123,18656
IR,RED,22129,18647
IR,RED,22123,18647
IR,RED,22131,18650
IR,RED,22123,18656
IR,RED,22121,18644
IR,RED,22130,18647
IR,RED,22125,18650
IR,RED,22122,18643
IR,RED,22124,18647
IR,RED,22124,18649
IR,RED,22129,18661
IR,RED,22135,18658
IR,RED,22139,18660
IR,RED,22125,18669
IR,RED,22118,18655
IR,RED,22140,18669
IR,RED,22137,18656
IR,RED,22131,18660
IR,RED,22144,18674
IR,RED,22148,18681
IR,RED,22150,18665
IR,RED,22140,18677
IR,RED,22134,18671
IR,RED,22149,18678
IR,RED,22148,18672
IR,RED,22147,18682
IR,RED,22146,18682
IR,RED,22151,18675
IR,RED,22153,18685
IR,RED,22157,18686
IR,RED,22162,18685
IR,RED,22163,18679
IR,RED,22151,18681
IR,RED,22160,18685
IR,RED,22156,18695
IR,RED,22147,18693
IR,RED,22155,18692
IR,RED,22153,18688
IR,RED,22157,18691
IR,RED,22150,18691
IR,RED,22163,18696
IR,RED,22164,18689
IR,RED,22152,18689
IR,RED,22161,18681
IR,RED,22161,18685
IR,RED,22148,18676
IR,RED,22132,18667
IR,RED,22140,18663
IR,RED,22138,18664
IR,RED,22143,18663
IR,RED,22145,18657
IR,RED,22140,18642
IR,RED,22139,18648
IR,RED,22135,18655
IR,RED,22138,18648
IR,RED,22135,18648
IR,RED,22127,18642
IR,RED,22137,18650
IR,RED,22130,18638
IR,RED,22126,18646
IR,RED,22125,18645
IR,RED,22123,18648
IR,RED,22126,18650
IR,RED,22135,18655
IR,RED,22126,18648
IR,RED,22125,18642
IR,RED,22126,18647
IR,RED,22126,18645
IR,RED,22117,18645
IR,RED,22132,18655
IR,RED,22132,18658
IR,RED,22126,18642
IR,RED,22130,18643
IR,RED,22128,18640
IR,RED,22120,18653
IR,RED,22121,18644
IR,RED,22118,18654
IR,RED,22127,18654
IR,RED,22123,18655
IR,RED,22127,18646
IR,RED,22121,18644
IR,RED,22126,18644
IR,RED,22117,18649
IR,RED,22118,18651
IR,RED,22117,18654
IR,RED,22128,18634
IR,RED,22127,18650
IR,RED,22131,18655
IR,RED,22126,18657
IR,RED,22130,18663
IR,RED,22130,18653
IR,RED,22122,18654
IR,RED,22126,18652
IR,RED,22126,18654
IR,RED,22131,18663
IR,RED,22124,18669
IR,RED,22122,18657
IR,RED,22122,18659
IR,RED,22119,18663
IR,RED,22134,18671
IR,RED,22124,18669
IR,RED,22128,18669
IR,RED,22126,18674
IR,RED,22133,18671
IR,RED,22124,18673
IR,RED,22135,18672
IR,RED,22126,18674
IR,RED,22119,18672
IR,RED,22118,18669
IR,RED,22132,18671
IR,RED,22126,18665
IR,RED,22124,18661
IR,RED,22111,18648
IR,RED,22115,18657
IR,RED,22108,18644
IR,RED,22122,18642
IR,RED,22102,18629
IR,RED,22109,18629
IR,RED,22112,18635
IR,RED,22112,18631
IR,RED,22106,18630
IR,RED,22097,18625
IR,RED,22113,18623
IR,RED,22100,18624
IR,RED,22104,18626
IR,RED,22093,18626
IR,RED,22095,18632
IR,RED,22090,18623
IR,RED,22086,18618
IR,RED,22099,18628
IR,RED,22089,18620
IR,RED,22090,18624
IR,RED,22090,18622
IR,RED,22092,18608
IR,RED,22088,18611
IR,RED,22089,18622
IR,RED,22093,18608
IR,RED,22092,18615
IR,RED,22090,18618
IR,RED,22087,18615
IR,RED,22085,18613
IR,RED,22089,18622
IR,RED,22086,18610
IR,RED,22085,18623
IR,RED,22087,18622
IR,RED,22086,18620
IR,RED,22094,18609
IR,RED,22096,18624
IR,RED,22080,18624
IR,RED,22087,18622
IR,RED,22097,18624
IR,RED,22079,18630
IR,RED,22090,18625
IR,RED,22078,18613
IR,RED,22082,18623
IR,RED,22094,18626
IR,RED,22088,18621
IR,RED,22086,18631
IR,RED,22088,18625
IR,RED,22086,18629
IR,RED,22090,18628
IR,RED,22088,18627
IR,RED,22094,18632
IR,RED,22098,18636
IR,RED,22094,18639
IR,RED,22097,18640
IR,RED,22098,18636
IR,RED,22097,18635
IR,RED,22100,18642
IR,RED,22089,18638
IR,RED,22084,18644
IR,RED,22089,18645
IR,RED,22092,18645
IR,RED,22090,18647
IR,RED,22090,18651
IR,RED,22086,18649
IR,RED,22092,18646
IR,RED,22094,18642
IR,RED,22093,18644
IR,RED,22089,18638
IR,RED,22098,18635
IR,RED,22084,18633
IR,RED,22080,18621
IR,RED,22086,18621
IR,RED,22087,18618
IR,RED,22083,18611
IR,RED,22083,18604
IR,RED,22077,18605
IR,RED,22076,18597
IR,RED,22075,18609
IR,RED,22070,18600
IR,RED,22070,18594
IR,RED,22063,18594
IR,RED,22072,18602
IR,RED,22067,18604
IR,RED,22069,18597
IR,RED,22072,18600
IR,RED,22073,18598
IR,RED,22071,18596
IR,RED,22066,18586
IR,RED,22074,18592
IR,RED,22068,18593
IR,RED,22066,18589
IR,RED,22073,18591
IR,RED,22073,18599
IR,RED,22070,18597
IR,RED,22073,18593
IR,RED,22063,18598
IR,RED,22072,18595
IR,RED,22064,18599
IR,RED,22073,18590
IR,RED,22069,18595
IR,RED,22065,18592
IR,RED,22061,18593
IR,RED,22059,18596
IR,RED,22064,18597
IR,RED,22061,18603
IR,RED,22071,18600
IR,RED,22068,18603
IR,RED,22059,18603
IR,RED,22071,18600
IR,RED,22065,18603
IR,RED,22072,18599
IR,RED,22067,18604
IR,RED,22070,18606
IR,RED,22076,18616
IR,RED,22074,18609
IR,RED,22078,18618
IR,RED,22076,18626
IR,RED,22075,18613
IR,RED,22076,18616
IR,RED,22084,18608
IR,RED,22076,18620
IR,RED,22071,18619
IR,RED,22079,18618
IR,RED,22088,18622
IR,RED,22086,18628
IR,RED,22081,18617
IR,RED,22078,18624
IR,RED,22089,18630
IR,RED,22091,18631
IR,RED,22083,18633
IR,RED,22083,18637
IR,RED,22084,18643
IR,RED,22082,18635
IR,RED,22091,18637
IR,RED,22086,18634
IR,RED,22084,18625
IR,RED,22085,18644
IR,RED,22087,18648
IR,RED,22086,18635
IR,RED,22084,18647
IR,RED,22075,18638
IR,RED,22080,18624
IR,RED,22080,18631
IR,RED,22069,18628
IR,RED,22072,18618
IR,RED,22078,18616
IR,RED,22068,18608
IR,RED,22070,18612
IR,RED,22078,18615
IR,RED,22071,18618
IR,RED,22078,18617
IR,RED,22075,18608
IR,RED,22077,18611
IR,RED,22074,18617
IR,RED,22084,18607
IR,RED,22072,18597
IR,RED,22060,18602
IR,RED,22064,18604
IR,RED,22070,18601
IR,RED,22063,18600
IR,RED,22074,18604
IR,RED,22062,18600
IR,RED,22063,18597
IR,RED,22074,18595
IR,RED,22064,18609
IR,RED,22071,18607
IR,RED,22063,18614
IR,RED,22059,18598
IR,RED,22074,18600
IR,RED,22074,18601
IR,RED,22075,18607
IR,RED,22068,18615
IR,RED,22068,18612
IR,RED,22066,18606
IR,RED,22053,18603
IR,RED,22064,18594
IR,RED,22060,18613
IR,RED,22060,18606
IR,RED,22066,18610
IR,RED,22058,18605
IR,RED,22079,18617
IR,RED,22075,18615
IR,RED,22070,18606
IR,RED,22061,18613
IR,RED,22066,18626
IR,RED,22064,18612
IR,RED,22067,18617
IR,RED,22063,18615
IR,RED,22078,18620
IR,RED,22072,18611
IR,RED,22080,18619
IR,RED,22082,18618
IR,RED,22078,18625
IR,RED,22077,18613
IR,RED,22078,18619
IR,RED,22082,18621
IR,RED,22076,18620
IR,RED,22077,18624
IR,RED,22083,18626
IR,RED,22085,18630
IR,RED,22081,18638
IR,RED,22077,18638
IR,RED,22072,18628
IR,RED,22080,18632
IR,RED,22085,18619
IR,RED,22088,18630
IR,RED,22087,18633
IR,RED,22078,18634
IR,RED,22088,18627
IR,RED,22088,18621
IR,RED,22080,18627
IR,RED,22081,18621
IR,RED,22070,18624
IR,RED,22078,18620
IR,RED,22073,18611
IR,RED,22088,18609
IR,RED,22075,18606
IR,RED,22075,18612
IR,RED,22075,18599
IR,RED,22073,18607
IR,RED,22069,18596
IR,RED,22076,18612
IR,RED,22059,18596
IR,RED,22055,18602
IR,RED,22074,18596
IR,RED,22052,18594
IR,RED,22060,18591
IR,RED,22060,18597
IR,RED,22059,18596
IR,RED,22068,18590
IR,RED,22053,18591
IR,RED,22053,18590
IR,RED,22053,18592
IR,RED,22056,18593
IR,RED,22054,18584
IR,RED,22059,18595
IR,RED,22054,18583
IR,RED,22040,18596
IR,RED,22057,18584
IR,RED,22061,18590
IR,RED,22062,18590
IR,RED,22055,18586
IR,RED,22050,18586
IR,RED,22054,18593
IR,RED,22059,18588
IR,RED,22043,18592
IR,RED,22043,18594
IR,RED,22059,18588
IR,RED,22050,18595
IR,RED,22055,18595
IR,RED,22053,18593
IR,RED,22045,18593
IR,RED,22054,18592
IR,RED,22053,18594
IR,RED,22057,18602
IR,RED,22054,18602
IR,RED,22058,18592
IR,RED,22055,18603
IR,RED,22059,18599
IR,RED,22066,18596
IR,RED,22059,18599
IR,RED,22052,18601
IR,RED,22056,18599
IR,RED,22059,18605
IR,RED,22062,18602
IR,RED,22057,18609
IR,RED,22062,18608
IR,RED,22064,18614
IR,RED,22064,18607
IR,RED,22062,18613
IR,RED,22065,18614
IR,RED,22055,18608
IR,RED,22060,18621
IR,RED,22056,18619
IR,RED,22063,18622
IR,RED,22063,18615
IR,RED,22050,18621
IR,RED,22057,18619
IR,RED,22056,18624
IR,RED,22064,18623
IR,RED,22059,18619
IR,RED,22063,18626
IR,RED,22060,18617
IR,RED,22064,18609
IR,RED,22055,18601
IR,RED,22052,18597
IR,RED,22058,18596
IR,RED,22050,18590
IR,RED,22043,18585
IR,RED,22047,18577
IR,RED,22039,18586
IR,RED,22051,18581
IR,RED,22046,18579
IR,RED,22033,18569
IR,RED,22047,18576
IR,RED,22022,18574
IR,RED,22039,18569
IR,RED,22036,18575
IR,RED,22021,18561
IR,RED,22027,18570
IR,RED,22035,18565
IR,RED,22030,18577
IR,RED,22031,18571
IR,RED,22033,18576
IR,RED,22024,18567
IR,RED,22027,18568
IR,RED,22028,18563
IR,RED,22024,18568
IR,RED,22015,18569
IR,RED,22018,18566
IR,RED,22018,18566
IR,RED,22019,18569
IR,RED,22009,18560
IR,RED,22018,18574
IR,RED,22029,18571
IR,RED,22019,18553
IR,RED,22024,18569
IR,RED,22018,18560
IR,RED,22021,18568
IR,RED,22004,18572
IR,RED,22022,18570
IR,RED,22015,18580
IR,RED,22024,18568
IR,RED,22012,18570
IR,RED,22022,18568
IR,RED,22019,18568
IR,RED,22030,18573
IR,RED,22035,18567
IR,RED,22036,18577
IR,RED,22030,18577
IR,RED,22026,18580
IR,RED,22030,18577
IR,RED,22026,18576
IR,RED,22028,18581
IR,RED,22031,18584
IR,RED,22035,18575
IR,RED,22036,18578
IR,RED,22041,18584
IR,RED,22041,18586
IR,RED,22029,18585
IR,RED,22035,18580
IR,RED,22043,18593
IR,RED,22043,18584
IR,RED,22041,18588
IR,RED,22033,18596
IR,RED,22041,18591
IR,RED,22038,18596
IR,RED,22040,18597
IR,RED,22041,18595
IR,RED,22033,18598
IR,RED,22037,18600
IR,RED,22044,18601
IR,RED,22046,18607
IR,RED,22050,18595
IR,RED,22054,18604
IR,RED,22034,18602
IR,RED,22044,18601
IR,RED,22039,18588
IR,RED,22029,18599
IR,RED,22028,18578
IR,RED,22042,18587
IR,RED,22032,18582
IR,RED,22030,18570
IR,RED,22034,18565
IR,RED,22025,18571
IR,RED,22015,18587
IR,RED,22023,18576
IR,RED,22028,18564
IR,RED,22022,18573
IR,RED,22023,18569
IR,RED,22006,18565
IR,RED,22024,18558
IR,RED,22020,18556
IR,RED,22019,18553
IR,RED,22011,18551
IR,RED,22018,18558
IR,RED,22019,18556
IR,RED,22016,18558
IR,RED,22017,18574
IR,RED,22022,18558
IR,RED,22027,18569
IR,RED,22017,18565
IR,RED,22024,18566
IR,RED,22025,18570
IR,RED,22019,18562
IR,RED,22020,18560
IR,RED,22019,18568
IR,RED,22017,18564
IR,RED,22016,18559
IR,RED,22022,18566
IR,RED,22013,18554
IR,RED,22015,18556
IR,RED,22010,18558
IR,RED,22017,18568
IR,RED,22014,18565
IR,RED,22025,18555
IR,RED,22016,18572
IR,RED,22024,18566
IR,RED,22024,18574
IR,RED,22023,18577
IR,RED,22027,18581
IR,RED,22020,18571
IR,RED,22020,18581
IR,RED,22019,18574
IR,RED,22029,18590
IR,RED,22025,18589
IR,RED,22027,18575
IR,RED,22030,18589
IR,RED,22032,18584
IR,RED,22034,18594
IR,RED,22023,18597
IR,RED,22039,18584
IR,RED,22040,18595
IR,RED,22032,18592
IR,RED,22037,18601
IR,RED,22039,18597
IR,RED,22041,18591
IR,RED,22040,18605
IR,RED,22028,18600
IR,RED,22035,18592
IR,RED,22041,18603
IR,RED,22056,18610
IR,RED,22044,18604
IR,RED,22044,18611
IR,RED,22048,18613
IR,RED,22050,18614
IR,RED,22048,18623
IR,RED,22056,18621
IR,RED,22053,18612
IR,RED,22052,18615
IR,RED,22041,18604
IR,RED,22040,18607
IR,RED,22043,18598
IR,RED,22041,18600
IR,RED,22040,18589
IR,RED,22038,18585
IR,RED,22034,18586
IR,RED,22029,18586
IR,RED,22037,18588
IR,RED,22018,18580
IR,RED,22033,18589
IR,RED,22042,18576
IR,RED,22028,18572
IR,RED,22031,18584
IR,RED,22033,18578
IR,RED,22035,18581
IR,RED,22032,18581
IR,RED,22029,18575
IR,RED,22037,18586
IR,RED,22022,18581
IR,RED,22011,18579
IR,RED,22029,18573
IR,RED,22022,18584
IR,RED,22017,18582
IR,RED,22027,18579
IR,RED,22026,18579
IR,RED,22020,18581
IR,RED,22032,18579
IR,RED,22020,18575
IR,RED,22018,18572
IR,RED,22019,18579
IR,RED,22015,18572
IR,RED,22016,18568
IR,RED,22018,18581
IR,RED,22017,18580
IR,RED,22014,18578
IR,RED,22013,18570
IR,RED,22010,18581
IR,RED,22014,18575
IR,RED,22018,18578
IR,RED,22019,18579
IR,RED,22013,18583
IR,RED,22011,18584
IR,RED,22012,18581
IR,RED,22014,18582
IR,RED,22010,18587
IR,RED,22017,18590
IR,RED,22025,18579
IR,RED,22018,18585
IR,RED,22028,18591
IR,RED,22023,18589
IR,RED,22021,18595
IR,RED,22016,18597
IR,RED,22019,18591
IR,RED,22019,18593
IR,RED,22038,18596
IR,RED,22031,18595
IR,RED,22027,18593
IR,RED,22021,18595
IR,RED,22030,18595
IR,RED,22025,18598
IR,RED,22038,18596
IR,RED,22030,18603
IR,RED,22034,18600
IR,RED,22034,18605
IR,RED,22027,18605
IR,RED,22029,18600
IR,RED,22032,18605
IR,RED,22019,18608
IR,RED,22023,18607
IR,RED,22022,18592
IR,RED,22027,18593
IR,RED,22029,18600
IR,RED,22018,18589
IR,RED,22021,18586
IR,RED,22015,18570
IR,RED,22011,18575
IR,RED,22011,18577
IR,RED,22023,18570
IR,RED,22011,18574
IR,RED,22008,18568
IR,RED,22012,18554
IR,RED,22007,18563
IR,RED,22006,18565
IR,RED,22006,18571
IR,RED,22009,18566
IR,RED,22013,18571
IR,RED,22003,18561
IR,RED,22004,18564
IR,RED,21993,18556
IR,RED,21994,18558
IR,RED,21994,18558
IR,RED,22008,18560
IR,RED,22002,18562
IR,RED,21989,18568
IR,RED,21993,18564
IR,RED,22002,18555
IR,RED,21997,18557
IR,RED,22003,18555
IR,RED,22008,18566
IR,RED,22009,18561
IR,RED,22008,18569
IR,RED,21996,18563
IR,RED,21989,18556
IR,RED,21990,18558
IR,RED,21988,18561
IR,RED,21997,18567
IR,RED,21987,18555
IR,RED,21995,18565
IR,RED,21992,18552
IR,RED,21993,18563
IR,RED,21995,18563
IR,RED,21999,18568
IR,RED,21998,18566
IR,RED,21995,18564
IR,RED,21987,18575
IR,RED,21993,18569
IR,RED,21993,18567
IR,RED,21991,18574
IR,RED,21997,18564
IR,RED,21999,18568
IR,RED,22001,18574
IR,RED,22002,18575
IR,RED,22006,18573
IR,RED,21996,18580
IR,RED,21992,18576
IR,RED,22000,18583
IR,RED,21996,18568
IR,RED,22004,18578
IR,RED,21986,18575
IR,RED,21990,18580
IR,RED,21996,18576
IR,RED,21991,18588
IR,RED,22004,18576
IR,RED,21996,18584
IR,RED,21995,18578
IR,RED,21986,18590
IR,RED,22005,18588
IR,RED,22000,18589
IR,RED,21995,18580
IR,RED,22000,18581
IR,RED,22003,18582
IR,RED,21994,18583
IR,RED,22001,18572
IR,RED,21987,18563
IR,RED,21992,18570
IR,RED,21985,18564
IR,RED,21988,18554
IR,RED,21988,18555
IR,RED,21987,18553
IR,RED,21992,18552
IR,RED,21985,18549
IR,RED,21980,18535
IR,RED,21981,18540
IR,RED,21975,18537
IR,RED,21966,18534
IR,RED,21968,18534
IR,RED,21982,18535
IR,RED,21962,18540
IR,RED,21976,18526
IR,RED,21979,18532
IR,RED,21964,18536
IR,RED,21959,18533
IR,RED,21970,18527
IR,RED,21964,18530
IR,RED,21963,18528
IR,RED,21959,18537
IR,RED,21965,18525
IR,RED,21962,18526
IR,RED,21949,18531
IR,RED,21973,18528
IR,RED,21963,18527
IR,RED,21970,18529
IR,RED,21960,18531
IR,RED,21972,18529
IR,RED,21958,18535
IR,RED,21961,18533
IR,RED,21956,18526
IR,RED,21959,18532
IR,RED,21963,18527
IR,RED,21961,18534
IR,RED,21961,18525
IR,RED,21961,18527
IR,RED,21967,18529
IR,RED,21962,18529
IR,RED,21963,18529
IR,RED,21972,18537
IR,RED,21966,18533
IR,RED,21967,18545
IR,RED,21971,18550
IR,RED,21962,18537
IR,RED,21977,18529
IR,RED,21965,18537
IR,RED,21969,18537
IR,RED,21974,18533
IR,RED,21976,18551
IR,RED,21971,18547
IR,RED,21971,18536
IR,RED,21977,18554
IR,RED,21974,18548
IR,RED,21978,18549
IR,RED,21973,18546
IR,RED,21974,18561
IR,RED,21981,18553
IR,RED,21977,18551
IR,RED,21978,18545
IR,RED,21979,18568
IR,RED,21982,18558
IR,RED,21967,18557
IR,RED,21979,18553
IR,RED,21981,18560
IR,RED,21988,18565
IR,RED,21978,18563
IR,RED,21980,18564
IR,RED,21975,18559
IR,RED,21984,18552
IR,RED,21978,18557
IR,RED,21978,18549
IR,RED,21972,18546
IR,RED,21976,18546
IR,RED,21971,18536
IR,RED,21979,18541
IR,RED,21970,18526
IR,RED,21975,18525
IR,RED,21975,18521
IR,RED,21969,18522
IR,RED,21959,18536
IR,RED,21969,18515
IR,RED,21978,18528
IR,RED,21971,18523
IR,RED,21958,18530
IR,RED,21974,18512
IR,RED,21959,18522
IR,RED,21961,18525
IR,RED,21969,18517
IR,RED,21954,18530
IR,RED,21962,18524
IR,RED,21968,18529
IR,RED,21961,18524
IR,RED,21976,18525
IR,RED,21969,18523
IR,RED,21968,18517
IR,RED,21961,18524
IR,RED,21955,18524
IR,RED,21975,18522
IR,RED,21961,18522
IR,RED,21960,18530
IR,RED,21968,18526
IR,RED,21969,18529
IR,RED,21960,18526
IR,RED,21965,18529
IR,RED,21953,18539
IR,RED,21967,18537
IR,RED,21959,18537
IR,RED,21962,18531
IR,RED,21969,18536
IR,RED,21967,18529
IR,RED,21969,18543
IR,RED,21967,18541
IR,RED,21970,18531
IR,RED,21973,18543
IR,RED,21973,18546
IR,RED,21972,18545
IR,RED,21968,18548
IR,RED,21979,18546
IR,RED,21983,18554
IR,RED,21976,18552
IR,RED,21980,18547
IR,RED,21972,18549
IR,RED,21977,18557
IR,RED,21973,18556
IR,RED,21976,18561
IR,RED,21978,18557
IR,RED,21976,18567
IR,RED,21980,18562
IR,RED,21973,18565
IR,RED,21975,18551
IR,RED,21979,18562
IR,RED,21987,18555
IR,RED,21987,18564
IR,RED,21981,18562
IR,RED,21989,18563
IR,RED,21992,18570
IR,RED,21980,18574
IR,RED,21985,18567
IR,RED,21980,18558
IR,RED,21988,18558
IR,RED,21976,18559
IR,RED,21971,18558
IR,RED,21985,18553
IR,RED,21982,18545
IR,RED,21972,18538
IR,RED,21972,18530
IR,RED,21972,18534
IR,RED,21962,18524
IR,RED,21965,18525
IR,RED,21963,18527
IR,RED,21953,18529
IR,RED,21965,18519
IR,RED,21953,18522
IR,RED,21961,18506
IR,RED,21960,18521
IR,RED,21951,18521
IR,RED,21960,18526
IR,RED,21945,18515
IR,RED,21944,18518
IR,RED,21950,18519
IR,RED,21955,18526
IR,RED,21953,18527
IR,RED,21949,18521
IR,RED,21951,18520
IR,RED,21952,18519
IR,RED,21948,18521
IR,RED,21949,18526
IR,RED,21950,18529
IR,RED,21946,18523
IR,RED,21943,18533
IR,RED,21946,18526
IR,RED,21945,18514
IR,RED,21951,18514
IR,RED,21955,18523
IR,RED,21940,18517
IR,RED,21943,18518
IR,RED,21939,18523
IR,RED,21953,18521
IR,RED,21959,18523
IR,RED,21952,18518
IR,RED,21944,18519
IR,RED,21949,18518
IR,RED,21948,18521
IR,RED,21956,18527
IR,RED,21962,18529
IR,RED,21950,18522
IR,RED,21948,18529
IR,RED,21955,18534
IR,RED,21962,18537
IR,RED,21948,18519
IR,RED,21946,18532
IR,RED,21947,18521
IR,RED,21952,18531
IR,RED,21954,18526
IR,RED,21949,18523
IR,RED,21959,18532
IR,RED,21956,18539
IR,RED,21958,18527
IR,RED,21965,18531
IR,RED,21958,18534
IR,RED,21950,18530
IR,RED,21952,18537
IR,RED,21961,18534
IR,RED,21952,18537
IR,RED,21962,18531
IR,RED,21957,18535
IR,RED,21961,18544
IR,RED,21958,18555
IR,RED,21953,18545
IR,RED,21952,18550
IR,RED,21949,18537
IR,RED,21949,18537
IR,RED,21949,18535
IR,RED,21955,18525
IR,RED,21949,18515
IR,RED,21937,18507
IR,RED,21943,18506
IR,RED,21946,18498
IR,RED,21928,18502
IR,RED,21932,18506
IR,RED,21934,18500
IR,RED,21931,18496
IR,RED,21930,18498
IR,RED,21922,18496
IR,RED,21934,18495
IR,RED,21928,18490
IR,RED,21921,18486
IR,RED,21919,18494
IR,RED,21917,18491
IR,RED,21927,18491
IR,RED,21925,18480
IR,RED,21914,18489
IR,RED,21920,18487
IR,RED,21917,18483
IR,RED,21916,18487
IR,RED,21919,18476
IR,RED,21924,18490
IR,RED,21917,18488
IR,RED,21914,18486
IR,RED,21909,18485
IR,RED,21923,18481
IR,RED,21919,18477
IR,RED,21916,18474
IR,RED,21913,18486
IR,RED,21910,18480
IR,RED,21900,18480
IR,RED,21905,18483
IR,RED,21903,18471
IR,RED,21908,18475
IR,RED,21901,18486
IR,RED,21906,18479
IR,RED,21907,18485
IR,RED,21903,18483
IR,RED,21910,18488
IR,RED,21915,18488
IR,RED,21923,18485
IR,RED,21916,18498
IR,RED,21913,18486
IR,RED,21912,18482
IR,RED,21909,18487
IR,RED,21911,18488
IR,RED,21914,18484
IR,RED,21911,18496
IR,RED,21914,18502
IR,RED,21915,18489
IR,RED,21919,18492
IR,RED,21915,18503
IR,RED,21922,18499
IR,RED,21927,18502
IR,RED,21926,18511
IR,RED,21925,18504
IR,RED,21918,18504
IR,RED,21923,18510
IR,RED,21926,18505
IR,RED,21934,18516
IR,RED,21926,18509
IR,RED,21939,18514
IR,RED,21932,18520
IR,RED,21930,18523
IR,RED,21933,18520
IR,RED,21937,18527
IR,RED,21927,18526
IR,RED,21936,18519
IR,RED,21938,18513
IR,RED,21943,18526
IR,RED,21934,18507
IR,RED,21936,18501
IR,RED,21920,18503
IR,RED,21935,18498
IR,RED,21921,18496
IR,RED,21922,18491
IR,RED,21926,18492
IR,RED,21909,18496
IR,RED,21909,18487
IR,RED,21906,18482
IR,RED,21911,18480
IR,RED,21916,18485
IR,RED,21913,18495
IR,RED,21915,18482
IR,RED,21905,18476
IR,RED,21908,18487
IR,RED,21910,18483
IR,RED,21909,18466
IR,RED,21916,18475
IR,RED,21907,18479
IR,RED,21909,18475
IR,RED,21906,18479
IR,RED,21913,18484
IR,RED,21906,18484
IR,RED,21912,18475
IR,RED,21914,18483
IR,RED,21903,18478
IR,RED,21910,18477
IR,RED,21906,18479
IR,RED,21911,18478
IR,RED,21910,18478
IR,RED,21895,18478
IR,RED,21906,18477
IR,RED,21905,18478
IR,RED,21908,18481
IR,RED,21914,18493
IR,RED,21913,18488
IR,RED,21910,18490
IR,RED,21913,18498
IR,RED,21915,18503
IR,RED,21925,18500
IR,RED,21915,18493
IR,RED,21923,18501
IR,RED,21926,18498
IR,RED,21919,18493
IR,RED,21921,18504
IR,RED,21925,18507
IR,RED,21938,18509
IR,RED,21927,18501
IR,RED,21934,18504
IR,RED,21927,18497
IR,RED,21923,18513
IR,RED,21926,18512
IR,RED,21928,18521
IR,RED,21923,18511
IR,RED,21925,18514
IR,RED,21930,18522
IR,RED,21934,18513
IR,RED,21928,18521
IR,RED,21930,18514
IR,RED,21924,18525
IR,RED,21925,18521
IR,RED,21942,18524
IR,RED,21940,18521
IR,RED,21934,18530
IR,RED,21934,18534
IR,RED,21939,18523
IR,RED,21927,18523
IR,RED,21929,18525
IR,RED,21927,18517
IR,RED,21925,18517
IR,RED,21935,18516
IR,RED,21919,18519
IR,RED,21919,18507
IR,RED,21918,18502
IR,RED,21915,18497
IR,RED,21915,18494
IR,RED,21906,18491
IR,RED,21915,18483
IR,RED,21904,18491
IR,RED,21914,18491
IR,RED,21919,18485
IR,RED,21907,18488
IR,RED,21907,18488
IR,RED,21901,18489
IR,RED,21897,18488
IR,RED,21903,18484
IR,RED,21901,18481
IR,RED,21906,18479
IR,RED,21908,18473
IR,RED,21911,18483
IR,RED,21898,18488
IR,RED,21909,18488
IR,RED,21905,18484
IR,RED,21896,18482
IR,RED,21899,18492
IR,RED,21900,18484
IR,RED,21907,18486
IR,RED,21912,18487
IR,RED,21909,18482
IR,RED,21905,18476
IR,RED,21893,18478
IR,RED,21897,18479
IR,RED,21898,18478
IR,RED,21906,18479
IR,RED,21892,18477
IR,RED,21910,18471
IR,RED,21900,18476
IR,RED,21884,18482
IR,RED,21901,18477
IR,RED,21892,18476
IR,RED,21899,18485
IR,RED,21890,18480
IR,RED,21889,18484
IR,RED,21895,18481
IR,RED,21893,18487
IR,RED,21898,18482
IR,RED,21891,18477
IR,RED,21895,18486
IR,RED,21899,18494
IR,RED,21894,18487
IR,RED,21898,18487
IR,RED,21897,18481
IR,RED,21908,18487
IR,RED,21899,18488
IR,RED,21892,18486
IR,RED,21900,18491
IR,RED,21896,18494
IR,RED,21900,18494
IR,RED,21891,18497
IR,RED,21897,18500
IR,RED,21894,18501
IR,RED,21893,18495
IR,RED,21900,18496
IR,RED,21900,18504
IR,RED,21899,18495
IR,RED,21897,18497
IR,RED,21896,18495
IR,RED,21897,18501
IR,RED,21903,18487
IR,RED,21891,18506
IR,RED,21899,18499
IR,RED,21889,18495
IR,RED,21887,18476
IR,RED,21880,18480
IR,RED,21886,18477
IR,RED,21888,18478
IR,RED,21878,18471
IR,RED,21880,18461
IR,RED,21880,18471
IR,RED,21879,18461
IR,RED,21874,18464
IR,RED,21865,18450
IR,RED,21868,18450
IR,RED,21868,18451
IR,RED,21866,18451
IR,RED,21867,18444
IR,RED,21860,18452
IR,RED,21858,18450
IR,RED,21856,18445
IR,RED,21852,18448
IR,RED,21862,18447
IR,RED,21856,18449
IR,RED,21851,18440
IR,RED,21863,18439
IR,RED,21847,18440
IR,RED,21845,18438
IR,RED,21853,18442
IR,RED,21856,18437
IR,RED,21855,18443
IR,RED,21845,18443
IR,RED,21847,18436
IR,RED,21842,18449
IR,RED,21857,18442
IR,RED,21842,18440
IR,RED,21850,18437
IR,RED,21843,18446
IR,RED,21842,18444
IR,RED,21853,18449
IR,RED,21836,18446
IR,RED,21840,18442
IR,RED,21845,18455
IR,RED,21851,18450
IR,RED,21836,18447
IR,RED,21852,18456
IR,RED,21851,18442
IR,RED,21854,18448
IR,RED,21856,18457
IR,RED,21854,18452
IR,RED,21861,18448
IR,RED,21858,18448
IR,RED,21855,18453
IR,RED,21859,18458
IR,RED,21858,18457
IR,RED,21853,18450
IR,RED,21861,18462
IR,RED,21853,18458
IR,RED,21860,18466
IR,RED,21855,18469
IR,RED,21866,18463
IR,RED,21860,18465
IR,RED,21861,18464
IR,RED,21857,18455
IR,RED,21864,18469
IR,RED,21860,18471
IR,RED,21865,18472
IR,RED,21860,18467
IR,RED,21868,18467
IR,RED,21855,18472
IR,RED,21861,18475
IR,RED,21863,18475
IR,RED,21857,18471
IR,RED,21857,18473
IR,RED,21860,18461
IR,RED,21856,18471
IR,RED,21860,18456
IR,RED,21858,18458
IR,RED,21857,18453
IR,RED,21852,18445
IR,RED,21856,18432
IR,RED,21854,18441
IR,RED,21846,18445
IR,RED,21846,18437
IR,RED,21844,18442
IR,RED,21844,18435
IR,RED,21842,18433
IR,RED,21839,18438
IR,RED,21830,18436
IR,RED,21841,18434
IR,RED,21847,18437
IR,RED,21837,18428
IR,RED,21844,18430
IR,RED,21838,18430
IR,RED,21836,18432
IR,RED,21835,18431
IR,RED,21841,18429
IR,RED,21843,18433
IR,RED,21840,18432
IR,RED,21842,18435
IR,RED,21838,18436
IR,RED,21844,18425
IR,RED,21839,18445
IR,RED,21847,18442
IR,RED,21847,18441
IR,RED,21848,18439
IR,RED,21841,18440
IR,RED,21843,18439
IR,RED,21846,18446
IR,RED,21838,18439
IR,RED,21851,18439
IR,RED,21848,18442
IR,RED,21841,18444
IR,RED,21852,18441
IR,RED,21843,18449
IR,RED,21837,18440
IR,RED,21856,18440
IR,RED,21843,18449
IR,RED,21845,18438
IR,RED,21849,18458
IR,RED,21853,18463
IR,RED,21848,18446
IR,RED,21853,18457
IR,RED,21850,18454
IR,RED,21842,18456
IR,RED,21856,18455
IR,RED,21857,18459
IR,RED,21856,18459
IR,RED,21862,18455
IR,RED,21854,18466
IR,RED,21861,18465
IR,RED,21854,18463
IR,RED,21857,18461
IR,RED,21849,18470
IR,RED,21842,18468
IR,RED,21856,18484
IR,RED,21854,18468
IR,RED,21853,18472
IR,RED,21860,18476
IR,RED,21858,18462
IR,RED,21857,18479
IR,RED,21861,18482
IR,RED,21858,18480
IR,RED,21855,18470
IR,RED,21852,18478
IR,RED,21860,18470
IR,RED,21848,18463
IR,RED,21848,18462
IR,RED,21853,18453
IR,RED,21846,18448
IR,RED,21848,18443
IR,RED,21846,18429
IR,RED,21846,18448
IR,RED,21840,18434
IR,RED,21841,18428
IR,RED,21848,18439
IR,RED,21839,18440
IR,RED,21841,18431
IR,RED,21845,18440
IR,RED,21835,18428
IR,RED,21837,18430
IR,RED,21849,18430
IR,RED,21833,18423
IR,RED,21839,18434
IR,RED,21838,18430
IR,RED,21835,18436
IR,RED,21832,18438
IR,RED,21836,18428
IR,RED,21823,18433
IR,RED,21839,18425
IR,RED,21830,18431
IR,RED,21835,18429
IR,RED,21831,18424
IR,RED,21829,18430
IR,RED,21822,18431
IR,RED,21826,18424
IR,RED,21822,18428
IR,RED,21830,18426
IR,RED,21827,18426
IR,RED,21819,18427
IR,RED,21812,18435
IR,RED,21826,18428
IR,RED,21819,18420
IR,RED,21820,18436
IR,RED,21830,18436
IR,RED,21824,18429
IR,RED,21828,18428
IR,RED,21830,18434
IR,RED,21824,18425
IR,RED,21825,18438
IR,RED,21818,18442
IR,RED,21823,18432
IR,RED,21818,18443
IR,RED,21837,18438
IR,RED,21827,18429
IR,RED,21822,18438
IR,RED,21823,18435
IR,RED,21826,18440
IR,RED,21834,18450
IR,RED,21825,18440
IR,RED,21833,18432
IR,RED,21839,18441
IR,RED,21821,18444
IR,RED,21824,18442
IR,RED,21820,18438
IR,RED,21834,18447
IR,RED,21826,18438
IR,RED,21825,18454
IR,RED,21827,18441
IR,RED,21832,18448
IR,RED,21831,18451
IR,RED,21826,18447
IR,RED,21840,18448
IR,RED,21829,18456
IR,RED,21833,18444
IR,RED,21828,18448
IR,RED,21822,18445
IR,RED,21817,18453
IR,RED,21813,18433
IR,RED,21812,18439
IR,RED,21814,18432
IR,RED,21809,18429
IR,RED,21807,18423
IR,RED,21815,18412
IR,RED,21806,18415
IR,RED,21817,18411
IR,RED,21806,18404
IR,RED,21801,18407
IR,RED,21809,18400
IR,RED,21808,18407
IR,RED,21796,18404
IR,RED,21789,18396
IR,RED,21797,18395
IR,RED,21797,18397
IR,RED,21800,18402
IR,RED,21793,18408
IR,RED,21797,18394
IR,RED,21793,18404
IR,RED,21789,18397
IR,RED,21794,18392
IR,RED,21794,18396
IR,RED,21791,18393
IR,RED,21793,18391
IR,RED,21795,18390
IR,RED,21795,18394
IR,RED,21787,18396
IR,RED,21785,18390
IR,RED,21781,18403
IR,RED,21773,18392
IR,RED,21783,18394
IR,RED,21781,18399
IR,RED,21780,18395
IR,RED,21783,18394
IR,RED,21789,18397
IR,RED,21793,18398
IR,RED,21795,18398
IR,RED,21793,18397
IR,RED,21779,18399
IR,RED,21791,18395
IR,RED,21786,18407
IR,RED,21787,18396
IR,RED,21797,18404
IR,RED,21797,18410
IR,RED,21801,18405
IR,RED,21794,18407
IR,RED,21799,18410
IR,RED,21798,18403
IR,RED,21791,18411
IR,RED,21795,18415
IR,RED,21808,18413
IR,RED,21805,18410
IR,RED,21797,18413
IR,RED,21797,18413
IR,RED,21803,18422
IR,RED,21808,18418
IR,RED,21799,18429
IR,RED,21811,18430
IR,RED,21815,18433
IR,RED,21803,18422
IR,RED,21805,18430
IR,RED,21802,18438
IR,RED,21809,18431
IR,RED,21811,18436
IR,RED,21815,18447
IR,RED,21804,18437
IR,RED,21805,18437
IR,RED,21816,18441
IR,RED,21813,18444
IR,RED,21806,18440
IR,RED,21817,18433
IR,RED,21809,18430
IR,RED,21811,18433
IR,RED,21807,18425
IR,RED,21809,18425
IR,RED,21805,18419
IR,RED,21803,18412
IR,RED,21808,18412
IR,RED,21814,18417
IR,RED,21801,18413
IR,RED,21806,18410
IR,RED,21808,18410
IR,RED,21807,18406
IR,RED,21802,18411
IR,RED,21809,18414
IR,RED,21812,18414
IR,RED,21808,18412
IR,RED,21805,18414
IR,RED,21812,18413
IR,RED,21802,18409
IR,RED,21807,18408
IR,RED,21803,18410
IR,RED,21812,18408
IR,RED,21804,18408
IR,RED,21804,18415
IR,RED,21803,18418
IR,RED,21807,18416
IR,RED,21799,18415
IR,RED,21811,18410
IR,RED,21802,18413
IR,RED,21794,18421
IR,RED,21808,18417
IR,RED,21796,18414
IR,RED,21807,18418
IR,RED,21795,18414
IR,RED,21804,18424
IR,RED,21802,18409
IR,RED,21810,18416
IR,RED,21804,18421
IR,RED,21810,18416
IR,RED,21808,18421
IR,RED,21802,18425
IR,RED,21795,18426
IR,RED,21794,18426
IR,RED,21810,18419
IR,RED,21812,18426
IR,RED,21808,18421
IR,RED,21802,18431
IR,RED,21814,18419
IR,RED,21807,18430
IR,RED,21805,18436
IR,RED,21813,18432
IR,RED,21816,18429
IR,RED,21816,18439
IR,RED,21822,18433
IR,RED,21813,18432
IR,RED,21809,18435
IR,RED,21824,18434
IR,RED,21823,18446
IR,RED,21819,18441
IR,RED,21816,18440
IR,RED,21826,18439
IR,RED,21820,18447
IR,RED,21826,18439
IR,RED,21822,18453
IR,RED,21822,18441
IR,RED,21828,18461
IR,RED,21836,18469
IR,RED,21828,18442
IR,RED,21829,18451
IR,RED,21820,18456
IR,RED,21824,18445
IR,RED,21802,18439
IR,RED,21815,18437
IR,RED,21816,18433
IR,RED,21802,18418
IR,RED,21807,18427
IR,RED,21809,18424
IR,RED,21808,18414
IR,RED,21810,18413
IR,RED,21808,18406
IR,RED,21799,18414
IR,RED,21804,18417
IR,RED,21807,18419
IR,RED,21807,18419
IR,RED,21811,18413
IR,RED,21807,18416
IR,RED,21808,18415
IR,RED,21809,18412
IR,RED,21789,18409
IR,RED,21795,18413
IR,RED,21803,18407
IR,RED,21800,18417
IR,RED,21799,18410
IR,RED,21798,18417
IR,RED,21803,18411
IR,RED,21791,18409
IR,RED,21796,18400
IR,RED,21801,18411
IR,RED,21792,18411
IR,RED,21805,18406
IR,RED,21794,18401
IR,RED,21791,18415
IR,RED,21795,18403
IR,RED,21792,18408
IR,RED,21790,18423
IR,RED,21799,18404
IR,RED,21795,18413
IR,RED,21811,18419
IR,RED,21797,18411
IR,RED,21804,18425
IR,RED,21800,18418
IR,RED,21793,18419
IR,RED,21793,18422
IR,RED,21800,18406
IR,RED,21789,18417
IR,RED,21793,18418
IR,RED,21796,18408
IR,RED,21798,18415
IR,RED,21801,18422
IR,RED,21794,18432
IR,RED,21794,18418
IR,RED,21791,18415
IR,RED,21799,18417
IR,RED,21799,18416
IR,RED,21799,18430
IR,RED,21804,18428
IR,RED,21799,18436
IR,RED,21799,18425
IR,RED,21801,18427
IR,RED,21800,18435
IR,RED,21797,18421
IR,RED,21800,18430
IR,RED,21805,18428
IR,RED,21798,18436
IR,RED,21802,18428
IR,RED,21796,18428
IR,RED,21804,18428
IR,RED,21799,18442
IR,RED,21792,18425
IR,RED,21793,18421
IR,RED,21791,18425
IR,RED,21791,18407
IR,RED,21781,18413
IR,RED,21786,18405
IR,RED,21786,18398
IR,RED,21783,18393
IR,RED,21775,18391
IR,RED,21774,18400
IR,RED,21775,18384
IR,RED,21786,18393
IR,RED,21781,18382
IR,RED,21764,18390
IR,RED,21777,18390
IR,RED,21780,18382
IR,RED,21780,18387
IR,RED,21766,18391
IR,RED,21772,18378
IR,RED,21769,18390
IR,RED,21770,18373
IR,RED,21763,18380
IR,RED,21768,18386
IR,RED,21776,18375
IR,RED,21775,18385
IR,RED,21783,18386
IR,RED,21768,18377
IR,RED,21770,18375
IR,RED,21770,18384
IR,RED,21768,18369
IR,RED,21773,18365
IR,RED,21766,18380
IR,RED,21767,18378
IR,RED,21760,18383
IR,RED,21777,18382
IR,RED,21769,18386
IR,RED,21750,18384
IR,RED,21766,18372
IR,RED,21778,18381
IR,RED,21767,18382
IR,RED,21761,18380
IR,RED,21773,18381
IR,RED,21770,18388
IR,RED,21767,18393
IR,RED,21779,18387
IR,RED,21767,18386
IR,RED,21771,18393
IR,RED,21775,18388
IR,RED,21785,18399
IR,RED,21780,18389
IR,RED,21781,18395
IR,RED,21778,18390
IR,RED,21785,18400
IR,RED,21782,18393
IR,RED,21785,18400
IR,RED,21780,18394
IR,RED,21783,18405
IR,RED,21792,18406
IR,RED,21789,18408
IR,RED,21791,18412
IR,RED,21791,18406
IR,RED,21784,18405
IR,RED,21792,18410
IR,RED,21782,18421
IR,RED,21791,18419
IR,RED,21779,18420
IR,RED,21783,18423
IR,RED,21790,18421
IR,RED,21788,18416
IR,RED,21792,18425
IR,RED,21771,18416
IR,RED,21780,18418
IR,RED,21784,18409
IR,RED,21778,18411
IR,RED,21775,18398
IR,RED,21773,18392
IR,RED,21774,18393
IR,RED,21772,18392
IR,RED,21775,18389
IR,RED,21765,18384
IR,RED,21767,18377
IR,RED,21774,18378
IR,RED,21773,18389
IR,RED,21761,18377
IR,RED,21771,18386
IR,RED,21768,18380
IR,RED,21765,18378
IR,RED,21768,18382
IR,RED,21769,18383
IR,RED,21768,18382
IR,RED,21769,18377
IR,RED,21764,18378
IR,RED,21765,18388
IR,RED,21780,18381
IR,RED,21774,18382
IR,RED,21766,18382
IR,RED,21766,18378
IR,RED,21761,18367
IR,RED,21769,18383
IR,RED,21759,18390
IR,RED,21774,18389
IR,RED,21762,18392
IR,RED,21762,18385
IR,RED,21760,18385
IR,RED,21766,18379
IR,RED,21758,18385
IR,RED,21765,18389
IR,RED,21776,18385
IR,RED,21765,18392
IR,RED,21772,18384
IR,RED,21771,18402
IR,RED,21773,18393
IR,RED,21771,18396
IR,RED,21779,18400
IR,RED,21782,18404
IR,RED,21775,18403
IR,RED,21779,18396
IR,RED,21774,18398
IR,RED,21776,18408
IR,RED,21773,18409
IR,RED,21777,18407
IR,RED,21785,18407
IR,RED,21775,18409
IR,RED,21781,18411
IR,RED,21783,18420
IR,RED,21776,18418
IR,RED,21785,18416
IR,RED,21775,18417
IR,RED,21794,18416
IR,RED,21787,18418
IR,RED,21790,18424
IR,RED,21789,18429
IR,RED,21789,18426
IR,RED,21788,18421
IR,RED,21785,18421
IR,RED,21786,18427
IR,RED,21790,18433
IR,RED,21792,18435
IR,RED,21797,18430
IR,RED,21795,18436
IR,RED,21792,18421
IR,RED,21787,18426
IR,RED,21787,18425
IR,RED,21785,18417
IR,RED,21781,18413
IR,RED,21776,18408
IR,RED,21785,18409
IR,RED,21783,18400
IR,RED,21778,18401
IR,RED,21784,18405
IR,RED,21778,18398
IR,RED,21785,18398
IR,RED,21772,18391
IR,RED,21776,18394
IR,RED,21777,18396
IR,RED,21781,18395
IR,RED,21774,18387
IR,RED,21772,18381
IR,RED,21778,18393
IR,RED,21767,18404
IR,RED,21779,18390
IR,RED,21779,18389
IR,RED,21777,18390
IR,RED,21773,18391
IR,RED,21783,18395
IR,RED,21779,18400
IR,RED,21780,18398
IR,RED,21771,18388
IR,RED,21769,18388
IR,RED,21765,18381
IR,RED,21761,18393
IR,RED,21770,18390
IR,RED,21759,18385
IR,RED,21765,18391
IR,RED,21759,18388
IR,RED,21767,18383
IR,RED,21768,18386
IR,RED,21768,18383
IR,RED,21763,18389
IR,RED,21769,18385
IR,RED,21763,18394
IR,RED,21769,18391
IR,RED,21768,18401
IR,RED,21778,18401
IR,RED,21779,18391
IR,RED,21762,18396
IR,RED,21770,18398
IR,RED,21768,18404
IR,RED,21774,18409
IR,RED,21764,18403
IR,RED,21773,18401
IR,RED,21776,18392
IR,RED,21781,18408
IR,RED,21784,18403
IR,RED,21773,18401
IR,RED,21771,18395
IR,RED,21774,18403
IR,RED,21780,18400
IR,RED,21776,18407
IR,RED,21786,18406
IR,RED,21768,18407
IR,RED,21786,18409
IR,RED,21787,18411
IR,RED,21781,18408
IR,RED,21778,18415
IR,RED,21789,18413
IR,RED,21781,18410
IR,RED,21782,18413
IR,RED,21779,18405
IR,RED,21773,18404
IR,RED,21774,18393
IR,RED,21769,18401
IR,RED,21765,18390
IR,RED,21770,18388
IR,RED,21753,18378
IR,RED,21760,18376
IR,RED,21760,18370
IR,RED,21759,18373
IR,RED,21751,18364
IR,RED,21756,18370
IR,RED,21747,18358
IR,RED,21743,18359
IR,RED,21743,18358
IR,RED,21749,18366
IR,RED,21744,18358
IR,RED,21751,18361
IR,RED,21738,18357
IR,RED,21735,18360
IR,RED,21734,18362
IR,RED,21736,18360
IR,RED,21743,18356
IR,RED,21741,18356
IR,RED,21739,18360
IR,RED,21733,18360
IR,RED,21742,18347
IR,RED,21741,18357
IR,RED,21738,18357
IR,RED,21739,18361
IR,RED,21733,18353
IR,RED,21733,18359
IR,RED,21725,18352
IR,RED,21739,18354
IR,RED,21730,18358
IR,RED,21737,18352
IR,RED,21741,18357
IR,RED,21735,18350
IR,RED,21739,18362
IR,RED,21729,18357
IR,RED,21726,18357
IR,RED,21723,18353
IR,RED,21732,18367
IR,RED,21737,18355
IR,RED,21738,18361
IR,RED,21740,18360
IR,RED,21734,18371
IR,RED,21741,18365
IR,RED,21730,18363
IR,RED,21740,18364
IR,RED,21733,18359
IR,RED,21739,18379
IR,RED,21739,18378
IR,RED,21738,18369
IR,RED,21739,18370
IR,RED,21747,18373
IR,RED,21740,18363
IR,RED,21751,18364
IR,RED,21749,18377
IR,RED,21748,18372
IR,RED,21746,18374
IR,RED,21750,18374
IR,RED,21758,18372
IR,RED,21746,18381
IR,RED,21742,18373
IR,RED,21751,18383
IR,RED,21750,18378
IR,RED,21755,18375
IR,RED,21744,18383
IR,RED,21746,18386
IR,RED,21744,18388
IR,RED,21739,18378
IR,RED,21739,18361
IR,RED,21737,18356
IR,RED,21746,18347
IR,RED,21736,18362
IR,RED,21735,18349
IR,RED,21738,18345
IR,RED,21737,18341
IR,RED,21733,18348
IR,RED,21734,18345
IR,RED,21715,18333
IR,RED,21723,18339
IR,RED,21723,18337
IR,RED,21730,18338
IR,RED,21734,18338
IR,RED,21729,18333
IR,RED,21724,18332
IR,RED,21727,18324
IR,RED,21727,18326
IR,RED,21722,18333
IR,RED,21721,18331
IR,RED,21719,18331
IR,RED,21728,18317
IR,RED,21722,18315
IR,RED,21720,18325
IR,RED,21712,18323
IR,RED,21720,18324
IR,RED,21724,18322
IR,RED,21719,18321
IR,RED,21727,18332
IR,RED,21721,18324
IR,RED,21716,18337
IR,RED,21725,18337
IR,RED,21716,18330
IR,RED,21716,18323
IR,RED,21717,18323
IR,RED,21726,18328
IR,RED,21723,18328
IR,RED,21727,18321
IR,RED,21730,18326
IR,RED,21732,18332
IR,RED,21722,18326
IR,RED,21732,18327
IR,RED,21733,18340
IR,RED,21736,18325
IR,RED,21736,18333
IR,RED,21735,18341
IR,RED,21736,18334
IR,RED,21730,18342
IR,RED,21728,18351
IR,RED,21741,18340
IR,RED,21729,18339
IR,RED,21735,18346
IR,RED,21726,18359
IR,RED,21735,18345
IR,RED,21738,18354
IR,RED,21750,18354
IR,RED,21753,18355
IR,RED,21753,18359
IR,RED,21750,18368
IR,RED,21739,18357
IR,RED,21751,18360
IR,RED,21737,18364
IR,RED,21747,18359
IR,RED,21757,18364
IR,RED,21755,18371
IR,RED,21744,18368
IR,RED,21746,18366
IR,RED,21759,18377
IR,RED,21749,18370
IR,RED,21759,18375
IR,RED,21752,18372
IR,RED,21741,18372
IR,RED,21748,18364
IR,RED,21752,18370
IR,RED,21750,18376
IR,RED,21747,18367
IR,RED,21752,18366
IR,RED,21740,18357
IR,RED,21739,18353
IR,RED,21731,18358
IR,RED,21745,18344
IR,RED,21737,18345
IR,RED,21747,18339
IR,RED,21734,18336
IR,RED,21741,18338
IR,RED,21736,18338
IR,RED,21740,18338
IR,RED,21744,18344
IR,RED,21733,18343
IR,RED,21736,18340
IR,RED,21733,18342
IR,RED,21733,18334
IR,RED,21739,18340
IR,RED,21736,18330
IR,RED,21741,18337
IR,RED,21734,18330
IR,RED,21741,18334
IR,RED,21745,18341
IR,RED,21744,18337
IR,RED,21736,18333
IR,RED,21732,18349
IR,RED,21747,18336
IR,RED,21731,18340
IR,RED,21723,18342
IR,RED,21738,18343
IR,RED,21731,18341
IR,RED,21731,18351
IR,RED,21729,18335
IR,RED,21726,18340
IR,RED,21732,18338
IR,RED,21730,18342
IR,RED,21724,18348
IR,RED,21736,18337
IR,RED,21740,18346
IR,RED,21728,18340
IR,RED,21731,18336
IR,RED,21730,18349
IR,RED,21734,18344
IR,RED,21726,18339
IR,RED,21732,18346
IR,RED,21742,18342
IR,RED,21740,18343
IR,RED,21744,18354
IR,RED,21739,18351
IR,RED,21744,18355
IR,RED,21729,18357
IR,RED,21732,18356
IR,RED,21740,18364
IR,RED,21740,18359
IR,RED,21742,18344
IR,RED,21745,18362
IR,RED,21742,18360
IR,RED,21744,18356
IR,RED,21738,18362
IR,RED,21749,18354
IR,RED,21748,18371
IR,RED,21743,18367
IR,RED,21742,18365
IR,RED,21742,18357
IR,RED,21750,18368
IR,RED,21748,18371
IR,RED,21748,18372
IR,RED,21745,18369
IR,RED,21747,18373
IR,RED,21746,18364
IR,RED,21739,18357
IR,RED,21747,18360
IR,RED,21745,18356
IR,RED,21742,18347
IR,RED,21730,18337
IR,RED,21743,18336
IR,RED,21736,18350
IR,RED,21729,18338
IR,RED,21732,18325
IR,RED,21741,18339
IR,RED,21729,18329
IR,RED,21728,18333
IR,RED,21724,18333
IR,RED,21722,18326
IR,RED,21734,18324
IR,RED,21724,18324
IR,RED,21714,18328
IR,RED,21723,18326
IR,RED,21715,18329
IR,RED,21725,18323
IR,RED,21727,18327
IR,RED,21720,18325
IR,RED,21720,18325
IR,RED,21719,18324
IR,RED,21714,18318
IR,RED,21708,18317
IR,RED,21715,18323
IR,RED,21709,18323
IR,RED,21713,18329
IR,RED,21703,18320
IR,RED,21704,18320
IR,RED,21715,18320
IR,RED,21709,18314
IR,RED,21693,18321
IR,RED,21714,18317
IR,RED,21720,18319
IR,RED,21706,18320
IR,RED,21706,18317
IR,RED,21720,18317
IR,RED,21706,18325
IR,RED,21707,18324
IR,RED,21707,18316
IR,RED,21708,18322
IR,RED,21712,18326
IR,RED,21713,18316
IR,RED,21714,18323
IR,RED,21718,18324
IR,RED,21710,18320
IR,RED,21714,18324
IR,RED,21710,18334
IR,RED,21717,18327
IR,RED,21709,18332
IR,RED,21715,18338
IR,RED,21711,18338
IR,RED,21711,18332
IR,RED,21718,18328
IR,RED,21721,18324
IR,RED,21710,18338
IR,RED,21717,18334
IR,RED,21707,18334
IR,RED,21705,18339
IR,RED,21711,18340
IR,RED,21701,18339
IR,RED,21714,18339
IR,RED,21711,18340
IR,RED,21717,18337
IR,RED,21707,18342
IR,RED,21716,18350
IR,RED,21712,18337
IR,RED,21721,18344
IR,RED,21720,18355
IR,RED,21711,18346
IR,RED,21714,18342
IR,RED,21718,18327
IR,RED,21712,18336
IR,RED,21709,18335
IR,RED,21694,18330
IR,RED,21707,18319
IR,RED,21689,18303
IR,RED,21704,18306
IR,RED,21695,18302
IR,RED,21693,18305
IR,RED,21693,18295
IR,RED,21684,18294
IR,RED,21688,18291
IR,RED,21672,18293
IR,RED,21674,18293
IR,RED,21676,18287
IR,RED,21678,18295
IR,RED,21677,18282
IR,RED,21677,18274
IR,RED,21680,18276
IR,RED,21672,18278
IR,RED,21675,18294
IR,RED,21680,18278
IR,RED,21671,18281
IR,RED,21667,18278
IR,RED,21670,18278
IR,RED,21661,18269
IR,RED,21673,18282
IR,RED,21663,18276
IR,RED,21667,18271
IR,RED,21653,18281
IR,RED,21664,18278
IR,RED,21662,18269
IR,RED,21651,18265
IR,RED,21649,18269
IR,RED,21650,18274
IR,RED,21649,18264
IR,RED,21646,18262
IR,RED,21648,18271
IR,RED,21646,18267
IR,RED,21644,18269
IR,RED,21643,18270
IR,RED,21631,18272
IR,RED,21618,18264
IR,RED,21608,18263
IR,RED,21604,18251
IR,RED,21595,18259
IR,RED,21585,18254
IR,RED,21584,18250
IR,RED,21566,18250
IR,RED,21565,18235
IR,RED,21545,18235
IR,RED,21513,18223
IR,RED,21499,18225
IR,RED,21479,18209
IR,RED,21470,18205
IR,RED,21460,18203
IR,RED,21448,18191
IR,RED,21446,18191
IR,RED,21437,18189
IR,RED,21449,18202
IR,RED,21442,18190
IR,RED,21441,18190
IR,RED,21433,18186
IR,RED,21426,18188
IR,RED,21422,18185
IR,RED,21412,18176
IR,RED,21392,18175
IR,RED,21392,18163
IR,RED,21390,18164
IR,RED,21384,18157
IR,RED,21376,18160
IR,RED,21361,18147
IR,RED,21358,18146
IR,RED,21336,18146
IR,RED,21332,18129
IR,RED,21311,18121
IR,RED,21309,18113
IR,RED,21303,18097
IR,RED,21296,18092
IR,RED,21282,18088
IR,RED,21284,18081
IR,RED,21285,18069
IR,RED,21273,18062
IR,RED,21259,18056
IR,RED,21258,18048
IR,RED,21241,18044
IR,RED,21231,18032
IR,RED,21219,18025
IR,RED,21192,18011
IR,RED,21181,18009
IR,RED,21168,18011
IR,RED,21180,17996
IR,RED,21183,17985
IR,RED,21193,17984
IR,RED,21204,17985
IR,RED,21207,17991
IR,RED,21221,17985
IR,RED,21212,17982
IR,RED,21208,17983
IR,RED,21202,17982
IR,RED,21209,17966
IR,RED,21218,17964
IR,RED,21210,17968
IR,RED,21223,17953
IR,RED,21226,17955
IR,RED,21221,17953
IR,RED,21229,17950
IR,RED,21240,17941
IR,RED,21245,17947
IR,RED,21256,17953
IR,RED,21272,17948
IR,RED,21286,17951
IR,RED,21292,17951
IR,RED,21311,17965
IR,RED,21317,17966
IR,RED,21340,17969
IR,RED,21345,17983
IR,RED,21361,17978
IR,RED,21364,17990
IR,RED,21377,17995
IR,RED,21376,17992
IR,RED,21396,17992
IR,RED,21406,18001
IR,RED,21411,18006
IR,RED,21419,18009
IR,RED,21429,18009
IR,RED,21423,18009
IR,RED,21428,18014
IR,RED,21413,18004
IR,RED,21414,17994
IR,RED,21418,17995
IR,RED,21413,17988
IR,RED,21431,18013
IR,RED,21446,18010
IR,RED,21463,18016
IR,RED,21477,18027
IR,RED,21500,18033
IR,RED,21507,18038
IR,RED,21530,18046
IR,RED,21584,18075
IR,RED,21647,18098
IR,RED,21736,18150
IR,RED,21860,18209
IR,RED,21974,18287
IR,RED,22067,18338
IR,RED,22162,18391
IR,RED,22306,18461
IR,RED,22520,18580
IR,RED,22763,18746
IR,RED,23129,18967
IR,RED,23635,19267
IR,RED,24786,19758
IR,RED,26572,20558
IR,RED,30441,22312
IR,RED,38675,28397
IR,RED,46783,37537
IR,RED,55054,43608
IR,RED,63227,46863
IR,RED,65535,55074
IR,RED,65535,56669
IR,RED,65535,55723
IR,RED,65535,53527
IR,RED,65535,50341
IR,RED,65535,49152
IR,RED,65535,43388
IR,RED,65535,40960
IR,RED,65535,38035
IR,RED,65535,36455
IR,RED,64213,35468
IR,RED,63743,35074
IR,RED,64653,35472
IR,RED,65535,36654
IR,RED,65535,38569
IR,RED,65535,41080
IR,RED,65535,43777
IR,RED,65535,46446
IR,RED,65535,48885
IR,RED,65535,50440
IR,RED,65535,50975
IR,RED,65535,49856
IR,RED,65535,46216
IR,RED,59497,40960
IR,RED,57344,34899
IR,RED,49152,32768
IR,RED,40960,28207
IR,RED,38551,27793
IR,RED,38246,27577
IR,RED,37963,27337
IR,RED,37678,27176
IR,RED,37384,26985
IR,RED,37103,26842
IR,RED,36880,26691
IR,RED,36614,26523
IR,RED,36349,26327
IR,RED,36071,26131
IR,RED,35814,25951
IR,RED,35617,25784
IR,RED,35451,25682
IR,RED,35319,25603
IR,RED,35194,25569
IR,RED,35074,25288
IR,RED,34965,25225
IR,RED,34836,25150
IR,RED,34741,25098
IR,RED,34645,25035
IR,RED,34556,24999
IR,RED,34492,24961
IR,RED,34416,24948
IR,RED,34343,24927
IR,RED,34276,24888
IR,RED,34188,24850
IR,RED,34102,24809
IR,RED,33991,24753
IR,RED,33881,24705
IR,RED,33799,24648
IR,RED,33714,24587
IR,RED,33244,24534
IR,RED,33158,24475
IR,RED,33080,24409
IR,RED,33007,24365
IR,RED,32935,24296
IR,RED,32863,24239
IR,RED,32798,24186
IR,RED,32747,24152
IR,RED,32701,24128
IR,RED,32656,24117
IR,RED,32612,24086
IR,RED,32578,24066
IR,RED,32529,24053
IR,RED,32491,24025
IR,RED,32433,23992
IR,RED,32372,23962
IR,RED,32331,23925
IR,RED,32289,23890
IR,RED,32243,23858
IR,RED,32198,23823
IR,RED,32164,23796
IR,RED,32113,23760
IR,RED,32064,23720
IR,RED,32026,23700
IR,RED,31994,23667
IR,RED,31963,23633
IR,RED,31914,23609
IR,RED,31876,23581
IR,RED,31837,23571
IR,RED,31806,23537
IR,RED,31782,23518
IR,RED,31756,23508
IR,RED,31738,23506
IR,RED,31700,23495
IR,RED,31682,23475
IR,RED,31650,23456
IR,RED,31627,23434
IR,RED,31593,23421
IR,RED,31558,23402
IR,RED,31538,23391
IR,RED,31518,23369
IR,RED,31497,23339
IR,RED,31470,23332
IR,RED,31459,23321
IR,RED,31418,23307
IR,RED,31400,23298
IR,RED,31381,23275
IR,RED,31366,23261
IR,RED,31336,23243
IR,RED,31307,23228
IR,RED,31287,23215
IR,RED,31264,23200
IR,RED,31262,23191
IR,RED,31232,23188
IR,RED,31221,23182
IR,RED,31199,23167
IR,RED,31181,23149
IR,RED,31160,23134
IR,RED,31128,23125
IR,RED,31124,23102
IR,RED,31101,23087
IR,RED,31076,23079
IR,RED,31061,23054
IR,RED,31047,23057
IR,RED,31032,23052
IR,RED,31016,23035
IR,RED,31003,23032
IR,RED,30993,23015
IR,RED,30967,23004
IR,RED,30965,23004
IR,RED,30939,22987
IR,RED,30925,22993
IR,RED,30905,22975
IR,RED,30889,22943
IR,RED,30876,22940
IR,RED,30851,22919
IR,RED,30825,22902
IR,RED,30814,22896
IR,RED,30796,22872
IR,RED,30785,22859
IR,RED,30783,22842
IR,RED,30754,22838
IR,RED,30747,22840
IR,RED,30733,22816
IR,RED,30723,22811
IR,RED,30708,22802
IR,RED,30700,22795
IR,RED,30683,22784
IR,RED,30663,22779
IR,RED,30654,22769
IR,RED,30649,22756
IR,RED,30637,22753
IR,RED,30625,22741
IR,RED,30621,22730
IR,RED,30601,22726
IR,RED,30603,22733
IR,RED,30582,22714
IR,RED,30569,22708
IR,RED,30563,22705
IR,RED,30566,22697
IR,RED,30547,22690
IR,RED,30534,22686
IR,RED,30526,22666
IR,RED,30516,22672
IR,RED,30493,22661
IR,RED,30485,22660
IR,RED,30476,22640
IR,RED,30493,22638
IR,RED,30482,22635
IR,RED,30470,22624
IR,RED,30441,22619
IR,RED,30448,22616
IR,RED,30436,22604
IR,RED,30419,22591
IR,RED,30411,22585
IR,RED,30397,22571
IR,RED,30399,22577
IR,RED,30397,22554
IR,RED,30370,22551
IR,RED,30369,22555
IR,RED,30367,22542
IR,RED,30361,22543
IR,RED,30342,22531
IR,RED,30349,22523
IR,RED,30316,22505
IR,RED,30316,22505
IR,RED,30312,22492
IR,RED,30306,22485
IR,RED,30288,22479
IR,RED,30282,22475
IR,RED,30268,22461
IR,RED,30265,22470
IR,RED,30253,22452
IR,RED,30254,22443
IR,RED,30245,22438
IR,RED,30235,22427
IR,RED,30221,22424
IR,RED,30216,22423
IR,RED,30217,22419
IR,RED,30190,22417
IR,RED,30175,22410
IR,RED,30157,22394
IR,RED,30148,22377
IR,RED,30142,22356
IR,RED,30129,22359
IR,RED,30108,22345
IR,RED,30102,22326
IR,RED,30094,22324
IR,RED,30080,22316
IR,RED,30060,22296
IR,RED,30049,22291
IR,RED,30040,22292
IR,RED,30036,22278
IR,RED,30030,22265
IR,RED,30015,22260
IR,RED,30013,22255
IR,RED,30003,22253
IR,RED,30008,22239
IR,RED,29983,22239
IR,RED,30000,22235
IR,RED,29987,22220
IR,RED,29981,22233
IR,RED,29965,22239
IR,RED,29962,22231
IR,RED,29973,22221
IR,RED,29955,22215
IR,RED,29945,22205
IR,RED,29938,22208
IR,RED,29939,22194
IR,RED,29932,22191
IR,RED,29915,22189
IR,RED,29928,22197
IR,RED,29930,22196
IR,RED,29925,22191
IR,RED,29905,22185
IR,RED,29909,22186
IR,RED,29909,22188
IR,RED,29907,22178
IR,RED,29895,22176
IR,RED,29882,22170
IR,RED,29862,22167
IR,RED,29856,22145
IR,RED,29850,22158
IR,RED,29853,22155
IR,RED,29858,22146
IR,RED,29854,22150
IR,RED,29847,22135
IR,RED,29828,22138
IR,RED,29824,22121
IR,RED,29815,22123
IR,RED,29801,22122
IR,RED,29801,22122
IR,RED,29799,22109
IR,RED,29772,22114
IR,RED,29770,22108
IR,RED,29778,22100
IR,RED,29770,22102
IR,RED,29778,22090
IR,RED,29775,22096
IR,RED,29750,22088
IR,RED,29743,22086
IR,RED,29740,22080
IR,RED,29737,22072
IR,RED,29706,22062
IR,RED,29716,22058
IR,RED,29720,22058
IR,RED,29730,22062
IR,RED,29726,22069
IR,RED,29705,22058
IR,RED,29704,22047
IR,RED,29684,22051
IR,RED,29683,22044
IR,RED,29676,22039
IR,RED,29669,22024
IR,RED,29659,22014
IR,RED,29646,22004
IR,RED,29634,22004
IR,RED,29631,21990
IR,RED,29622,21976
IR,RED,29611,21973
IR,RED,29597,21975
IR,RED,29595,21967
IR,RED,29594,21964
IR,RED,29605,21968
IR,RED,29582,21958
IR,RED,29593,21953
IR,RED,29589,21936
IR,RED,29580,21938
IR,RED,29579,21940
IR,RED,29576,21938
IR,RED,29576,21935
IR,RED,29570,21938
IR,RED,29556,21937
IR,RED,29562,21939
IR,RED,29564,21925
IR,RED,29538,21921
IR,RED,29546,21918
IR,RED,29525,21919
IR,RED,29530,21914
IR,RED,29533,21908
IR,RED,29530,21915
IR,RED,29514,21910
IR,RED,29521,21909
IR,RED,29503,21899
IR,RED,29506,21893
IR,RED,29509,21893
IR,RED,29508,21897
IR,RED,29492,21896
IR,RED,29489,21890
IR,RED,29490,21890
IR,RED,29480,21885
IR,RED,29475,21877
IR,RED,29481,21880
IR,RED,29473,21895
IR,RED,29474,21879
IR,RED,29467,21879
IR,RED,29462,21876
IR,RED,29458,21872
IR,RED,29463,21872
IR,RED,29449,21866
IR,RED,29445,21861
IR,RED,29441,21854
IR,RED,29425,21857
IR,RED,29433,21859
IR,RED,29433,21868
IR,RED,29436,21853
IR,RED,29427,21854
IR,RED,29425,21848
IR,RED,29411,21858
IR,RED,29411,21841
IR,RED,29401,21842
IR,RED,29413,21850
IR,RED,29405,21831
IR,RED,29385,21831
IR,RED,29397,21842
IR,RED,29377,21835
IR,RED,29387,21832
IR,RED,29380,21828
IR,RED,29375,21820
IR,RED,29375,21820
IR,RED,29366,21810
IR,RED,29356,21806
IR,RED,29346,21797
IR,RED,29339,21792
IR,RED,29323,21778
IR,RED,29325,21769
IR,RED,29325,21766
IR,RED,29318,21766
IR,RED,29298,21757
IR,RED,29285,21763
IR,RED,29288,21763
IR,RED,29302,21756
IR,RED,29297,21759
IR,RED,29291,21752
IR,RED,29290,21759
IR,RED,29279,21753
IR,RED,29275,21747
IR,RED,29276,21743
IR,RED,29274,21742
IR,RED,29280,21738
IR,RED,29259,21738
IR,RED,29272,21737
IR,RED,29252,21726
IR,RED,29250,21726
IR,RED,29249,21729
IR,RED,29248,21715
IR,RED,29244,21714
IR,RED,29224,21710
IR,RED,29228,21711
IR,RED,29225,21701
IR,RED,29222,21705
IR,RED,29210,21699
IR,RED,29207,21703
IR,RED,29216,21694
IR,RED,29200,21703
IR,RED,29202,21702
IR,RED,29186,21702
IR,RED,29197,21694
IR,RED,29184,21704
IR,RED,29183,21683
IR,RED,29159,21675
IR,RED,29175,21673
IR,RED,29166,21679
IR,RED,29163,21669
IR,RED,29153,21672
IR,RED,29174,21664
IR,RED,29142,21656
IR,RED,29146,21658
IR,RED,29136,21662
IR,RED,29144,21658
IR,RED,29129,21652
IR,RED,29137,21657
IR,RED,29132,21645
IR,RED,29121,21640
IR,RED,29115,21654
IR,RED,29104,21654
IR,RED,29097,21642
IR,RED,29097,21642
IR,RED,29094,21635
IR,RED,29108,21639
IR,RED,29099,21633
IR,RED,29098,21630
IR,RED,29091,21630
IR,RED,29089,21621
IR,RED,29083,21625
IR,RED,29078,21617
IR,RED,29074,21623
IR,RED,29066,21608
IR,RED,29054,21607
IR,RED,29055,21604
IR,RED,29049,21593
IR,RED,29041,21577
IR,RED,29030,21580
IR,RED,29024,21572
IR,RED,29018,21568
IR,RED,28999,21554
IR,RED,29010,21542
IR,RED,28995,21539
IR,RED,28992,21521
IR,RED,28980,21521
IR,RED,28973,21531
IR,RED,28983,21537
IR,RED,28983,21527
IR,RED,28983,21541
IR,RED,28990,21536
IR,RED,28989,21535
IR,RED,28993,21531
IR,RED,28987,21527
IR,RED,28986,21539
IR,RED,28978,21536
IR,RED,28975,21540
IR,RED,28976,21530
IR,RED,28971,21530
IR,RED,28973,21525
IR,RED,28978,21517
IR,RED,28959,21526
IR,RED,28956,21517
IR,RED,28959,21520
IR,RED,28957,21517
IR,RED,28951,21524
IR,RED,28952,21514
IR,RED,28958,21516
IR,RED,28948,21513
IR,RED,28954,23260
IR,RED,28937,23266
IR,RED,28936,23276
IR,RED,28946,23261
IR,RED,28937,23242
IR,RED,28936,23252
IR,RED,28941,23255
IR,RED,28936,23254
IR,RED,28930,23251
IR,RED,28913,23244
IR,RED,28913,23244
IR,RED,28912,23242
IR,RED,28911,23236
IR,RED,28907,23230
IR,RED,28897,23238
IR,RED,28894,23230
IR,RED,28893,23227
IR,RED,28884,23226
IR,RED,28870,23210
IR,RED,28883,23217
IR,RED,28863,23215
IR,RED,28876,23210
IR,RED,28864,23208
IR,RED,28872,23215
IR,RED,28857,23207
IR,RED,28855,23210
IR,RED,28852,23207
IR,RED,28870,23204
IR,RED,28840,23217
IR,RED,28845,23210
IR,RED,28848,23191
IR,RED,28823,23182
IR,RED,28834,23190
IR,RED,28834,23177
IR,RED,28835,23187
IR,RED,28825,23181
IR,RED,28816,23181
IR,RED,28813,23185
IR,RED,28820,23179
IR,RED,28813,23171
IR,RED,28801,23165
IR,RED,28797,23159
IR,RED,28780,23157
IR,RED,28779,23147
IR,RED,28768,23135
IR,RED,28780,23124
IR,RED,28761,23126
IR,RED,28764,23122
IR,RED,28766,23136
IR,RED,28765,23121
IR,RED,28759,23123
IR,RED,28768,23119
IR,RED,28761,23117
IR,RED,28761,23119
IR,RED,28754,23119
IR,RED,28761,23115
IR,RED,28756,23116
IR,RED,28753,23126
IR,RED,28747,23115
IR,RED,28748,23124
IR,RED,28737,23122
IR,RED,28740,23117
IR,RED,28726,23110
IR,RED,28736,23118
IR,RED,28735,23106
IR,RED,28729,23120
IR,RED,28725,23114
IR,RED,28732,23103
IR,RED,28728,23105
IR,RED,28716,23104
IR,RED,28717,23105
IR,RED,28713,23093
IR,RED,28707,23094
IR,RED,28715,23093
IR,RED,28710,23096
IR,RED,28700,23101
IR,RED,28696,23093
IR,RED,28695,23099
IR,RED,28701,23087
IR,RED,28696,23089
IR,RED,28691,23086
IR,RED,28695,23089
IR,RED,28685,23088
IR,RED,28684,23087
IR,RED,28688,23090
IR,RED,28682,23086
IR,RED,28683,23076
IR,RED,28674,23075
IR,RED,28691,23073
IR,RED,28661,23077
IR,RED,28670,23079
IR,RED,28666,23078
IR,RED,28668,23083
IR,RED,28657,23078
IR,RED,28663,23075
IR,RED,28655,23076
IR,RED,28658,23071
IR,RED,28657,23080
IR,RED,28657,23073
IR,RED,28654,24576
IR,RED,28662,24568
IR,RED,28646,24578
IR,RED,28636,24569
IR,RED,28641,24573
IR,RED,28643,24579
IR,RED,28647,24577
IR,RED,28649,24571
IR,RED,28635,24570
IR,RED,28626,24566
IR,RED,28625,24561
IR,RED,28631,24558
IR,RED,28621,24554
IR,RED,28624,24552
IR,RED,28611,24554
IR,RED,28597,24538
IR,RED,28596,24529
IR,RED,28594,24524
IR,RED,28597,24526
IR,RED,28589,24518
IR,RED,28590,24524
IR,RED,28589,24515
IR,RED,28604,24525
IR,RED,28591,24520
IR,RED,28587,24517
IR,RED,28582,24519
IR,RED,28573,24525
IR,RED,28585,24513
IR,RED,28581,24513
IR,RED,28590,24521
IR,RED,28574,24514
IR,RED,28569,24514
IR,RED,28576,24515
IR,RED,28584,24506
IR,RED,28571,24499
IR,RED,28571,24516
IR,RED,28572,24515
IR,RED,28559,24509
IR,RED,28574,24512
IR,RED,28557,24504
IR,RED,28562,24503
IR,RED,28549,24510
IR,RED,28544,24499
IR,RED,28535,24492
IR,RED,28536,24491
IR,RED,28537,24496
IR,RED,28533,24503
IR,RED,28535,24489
IR,RED,28536,24482
IR,RED,28528,24477
IR,RED,28534,24489
IR,RED,28532,24488
IR,RED,28530,24481
IR,RED,28527,24485
IR,RED,28513,24478
IR,RED,28513,24479
IR,RED,28510,24481
IR,RED,28502,24489
IR,RED,28506,24472
IR,RED,28499,24478
IR,RED,28502,24465
IR,RED,28504,24471
IR,RED,28491,24463
IR,RED,28490,24456
IR,RED,28485,24467
IR,RED,28481,24462
IR,RED,28492,24460
IR,RED,28481,24466
IR,RED,28484,24469
IR,RED,28488,24466
IR,RED,28472,24458
IR,RED,28469,24462
IR,RED,28475,24461
IR,RED,28480,24460
IR,RED,28477,24471
IR,RED,28481,24461
IR,RED,28473,24473
IR,RED,28479,24472
IR,RED,28462,24460
IR,RED,28475,24463
IR,RED,28474,24473
IR,RED,28470,24478
IR,RED,28465,24464
IR,RED,28477,24473
IR,RED,28450,24469
IR,RED,28471,24475
IR,RED,28469,24458
IR,RED,28452,24468
IR,RED,28447,24453
IR,RED,28447,24445
IR,RED,28436,24424
IR,RED,28435,24442
IR,RED,28443,24415
IR,RED,28427,24424
IR,RED,28425,24415
IR,RED,28430,24414
IR,RED,28427,24405
IR,RED,28427,24407
IR,RED,28429,24416
IR,RED,28421,24401
IR,RED,28409,24402
IR,RED,28404,24400
IR,RED,28407,24396
IR,RED,28409,24388
IR,RED,28404,24393
IR,RED,28407,24405
IR,RED,28407,24394
IR,RED,28399,24395
IR,RED,28394,24394
IR,RED,28398,24394
IR,RED,28391,24389
IR,RED,28395,24389
IR,RED,28397,24396
IR,RED,28390,24394
IR,RED,28381,24387
IR,RED,28391,24382
IR,RED,28379,24377
IR,RED,28375,24366
IR,RED,28376,24381
IR,RED,28375,24374
IR,RED,28371,24384
IR,RED,28375,24383
IR,RED,28369,24380
IR,RED,28371,24387
IR,RED,28375,24381
IR,RED,28373,24384
IR,RED,28367,24366
IR,RED,28367,24386
IR,RED,28363,24371
IR,RED,28360,24368
IR,RED,28362,24365
IR,RED,28355,24372
IR,RED,28340,24357
IR,RED,28335,24359
IR,RED,28346,24354
IR,RED,28341,24363
IR,RED,28345,24358
IR,RED,28351,24364
IR,RED,28339,24368
IR,RED,28336,24359
IR,RED,28328,24353
IR,RED,28335,24361
IR,RED,28324,24360
IR,RED,28316,24353
IR,RED,28316,24336
IR,RED,28313,24347
IR,RED,28301,24351
IR,RED,28306,24348
IR,RED,28313,24338
IR,RED,28301,24328
IR,RED,28302,24341
IR,RED,28287,24334
IR,RED,28296,24343
IR,RED,28285,24336
IR,RED,28286,24339
IR,RED,28288,24335
IR,RED,28298,24335
IR,RED,28283,24336
IR,RED,28305,24343
IR,RED,28270,24320
IR,RED,28282,24327
IR,RED,28263,24320
IR,RED,28274,24313
IR,RED,28258,24309
IR,RED,28253,24290
IR,RED,28252,24291
IR,RED,28248,24290
IR,RED,28251,24287
IR,RED,28251,24280
IR,RED,28246,24277
IR,RED,28241,24266
IR,RED,28241,24270
IR,RED,28241,24265
IR,RED,28241,24271
IR,RED,28232,24260
IR,RED,28239,24269
IR,RED,28230,24258
IR,RED,28224,24260
IR,RED,28226,24269
IR,RED,28233,24270
IR,RED,28226,24258
IR,RED,28222,24268
IR,RED,28224,24271
IR,RED,28213,24255
IR,RED,28208,24265
IR,RED,28206,24258
IR,RED,28218,24263
IR,RED,28213,24264
IR,RED,28215,24259
IR,RED,28227,24259
IR,RED,28220,24254
IR,RED,28225,24238
IR,RED,28213,24251
IR,RED,28205,24247
IR,RED,28201,24251
IR,RED,28200,24258
IR,RED,28199,24255
IR,RED,28192,24244
IR,RED,28204,24247
IR,RED,28208,24248
IR,RED,28192,24255
IR,RED,28194,24244
IR,RED,28190,24248
IR,RED,28183,24237
IR,RED,28186,24249
IR,RED,28187,24244
IR,RED,28171,24245
IR,RED,28188,24238
IR,RED,28171,24237
IR,RED,28163,24233
IR,RED,28165,24235
IR,RED,28180,24240
IR,RED,28162,24228
IR,RED,28157,24236
IR,RED,28159,24246
IR,RED,28157,24226
IR,RED,28143,24213
IR,RED,28152,24229
IR,RED,28145,24223
IR,RED,28150,24221
IR,RED,28150,24228
IR,RED,28152,24231
IR,RED,28142,24232
IR,RED,28128,24222
IR,RED,28136,24225
IR,RED,28132,24216
IR,RED,28135,24213
IR,RED,28125,24217
IR,RED,28132,24225
IR,RED,28118,24225
IR,RED,28132,24218
IR,RED,28122,24216
IR,RED,28115,24216
IR,RED,28119,24206
IR,RED,28110,24203
IR,RED,28108,24215
IR,RED,28105,24208
IR,RED,28096,24191
IR,RED,28098,24171
IR,RED,28088,24181
IR,RED,28087,24175
IR,RED,28079,24172
IR,RED,28070,24159
IR,RED,28076,24163
IR,RED,28075,24168
IR,RED,28086,24168
IR,RED,28085,24168
IR,RED,28071,24177
IR,RED,28072,24166
IR,RED,28067,24171
IR,RED,28067,24163
IR,RED,28070,24164
IR,RED,28059,24174
IR,RED,28068,24159
IR,RED,28072,24156
IR,RED,28067,24170
IR,RED,28065,24162
IR,RED,28063,24176
IR,RED,28072,24166
IR,RED,28068,24166
IR,RED,28058,24168
IR,RED,28068,24166
IR,RED,28063,24166
IR,RED,28064,24184
IR,RED,28059,24175
IR,RED,28064,24173
IR,RED,28064,24179
IR,RED,28058,24173
IR,RED,28054,24169
IR,RED,28061,24175
IR,RED,28068,24184
IR,RED,28060,24179
IR,RED,28055,24177
IR,RED,28063,24171
IR,RED,28074,24165
IR,RED,28067,24169
IR,RED,28057,24172
IR,RED,28061,24172
IR,RED,28045,24165
IR,RED,28059,24175
IR,RED,28062,24177
IR,RED,28045,24169
IR,RED,28038,24170
IR,RED,28048,24169
IR,RED,28044,24173
IR,RED,28046,24157
IR,RED,28029,24160
IR,RED,28055,24171
IR,RED,28041,24175
IR,RED,28037,24178
IR,RED,28037,24175
IR,RED,28049,24167
IR,RED,28036,24164
IR,RED,28037,24162
IR,RED,28038,24168
IR,RED,28044,24173
IR,RED,28036,24162
IR,RED,28030,24155
IR,RED,28025,24160
IR,RED,28022,24160
IR,RED,28035,24163
IR,RED,28030,24174
IR,RED,28021,24166
IR,RED,28024,24179
IR,RED,28022,24172
IR,RED,28032,24160
IR,RED,28026,24164
IR,RED,28024,24168
IR,RED,28014,24170
IR,RED,28007,24159
IR,RED,28000,24146
IR,RED,28008,24146
IR,RED,28004,24138
IR,RED,28002,24133
IR,RED,27999,24137
IR,RED,28004,24132
IR,RED,28000,24135
IR,RED,27999,24131
IR,RED,27991,24134
IR,RED,27994,24139
IR,RED,27995,24129
IR,RED,27989,24144
IR,RED,27993,24143
IR,RED,27992,24127
IR,RED,27989,24136
IR,RED,27982,24139
IR,RED,27984,24124
IR,RED,27987,24129
IR,RED,27976,24124
IR,RED,27967,24128
IR,RED,27963,24122
IR,RED,27953,24110
IR,RED,27963,24112
IR,RED,27956,24110
IR,RED,27955,24111
IR,RED,27964,24115
IR,RED,27953,24101
IR,RED,27940,24107
IR,RED,27948,24113
IR,RED,27963,24099
IR,RED,27947,24099
IR,RED,27947,24101
IR,RED,27937,24107
IR,RED,27942,24108
IR,RED,27935,24093
IR,RED,27944,24097
IR,RED,27928,24097
IR,RED,27929,24103
IR,RED,27923,24091
IR,RED,27919,24081
IR,RED,27923,24087
IR,RED,27911,24089
IR,RED,27923,24099
IR,RED,27924,24085
IR,RED,27918,24087
IR,RED,27920,24077
IR,RED,27910,24076
IR,RED,27894,24072
IR,RED,27896,24063
IR,RED,27896,24067
IR,RED,27893,24070
IR,RED,27893,24069
IR,RED,27898,24079
IR,RED,27887,24072
IR,RED,27887,24066
IR,RED,27878,24070
IR,RED,27885,24065
IR,RED,27880,24056
IR,RED,27886,24076
IR,RED,27877,24079
IR,RED,27881,24065
IR,RED,27880,24072
IR,RED,27874,24068
IR,RED,27867,24063
IR,RED,27883,24071
IR,RED,27876,24055
IR,RED,27867,24062
IR,RED,27869,24063
IR,RED,27875,24064
IR,RED,27864,24056
IR,RED,27874,24072
IR,RED,27872,24058
IR,RED,27857,24062
IR,RED,27856,24061
IR,RED,27867,24050
IR,RED,27848,24049
IR,RED,27851,24042
IR,RED,27846,24036
IR,RED,27845,24035
IR,RED,27848,24039
IR,RED,27867,24033
IR,RED,27853,24028
IR,RED,27856,24046
IR,RED,27839,24038
IR,RED,27851,24040
IR,RED,27844,24030
IR,RED,27836,24033
IR,RED,27822,24026
IR,RED,27849,24027
IR,RED,27840,24033
IR,RED,27845,24040
IR,RED,27834,24028
IR,RED,27833,24031
IR,RED,27828,24024
IR,RED,27821,24029
IR,RED,27822,24019
IR,RED,27832,24027
IR,RED,27837,24023
IR,RED,27827,24017
IR,RED,27817,24012
IR,RED,27807,24026
IR,RED,27822,24006
IR,RED,27811,24026
IR,RED,27824,24007
IR,RED,27803,24019
IR,RED,27816,24016
IR,RED,27794,24010
IR,RED,27803,24014
IR,RED,27806,24010
IR,RED,27796,24011
IR,RED,27806,24019
IR,RED,27794,24006
IR,RED,27801,24009
IR,RED,27789,23991
IR,RED,27787,24002
IR,RED,27786,24004
IR,RED,27784,23993
IR,RED,27782,23999
IR,RED,27782,24000
IR,RED,27778,24004
IR,RED,27780,24006
IR,RED,27782,23996
IR,RED,27772,24002
IR,RED,27764,23996
IR,RED,27779,24002
IR,RED,27778,23985
IR,RED,27767,23989
IR,RED,27778,23989
IR,RED,27768,24000
IR,RED,27771,24008
IR,RED,27773,24005
IR,RED,27769,23995
IR,RED,27765,23992
IR,RED,27763,23997
IR,RED,27755,23991
IR,RED,27761,23997
IR,RED,27757,23993
IR,RED,27758,23999
IR,RED,27757,24006
IR,RED,27755,23996
IR,RED,27751,23998
IR,RED,27762,23989
IR,RED,27746,23993
IR,RED,27746,23990
IR,RED,27740,23990
IR,RED,27732,23980
IR,RED,27726,23957
IR,RED,27724,23960
IR,RED,27720,23948
IR,RED,27715,23953
IR,RED,27707,23945
IR,RED,27709,23946
IR,RED,27699,23940
IR,RED,27716,23946
IR,RED,27703,23955
IR,RED,27706,23942
IR,RED,27702,23932
IR,RED,27695,23946
IR,RED,27697,23935
IR,RED,27700,23932
IR,RED,27705,23943
IR,RED,27707,23934
IR,RED,27687,23939
IR,RED,27701,23939
IR,RED,27698,23941
IR,RED,27684,23937
IR,RED,27693,23937
IR,RED,27691,23932
IR,RED,27679,23929
IR,RED,27693,23929
IR,RED,27691,23934
IR,RED,27681,23922
IR,RED,27681,23931
IR,RED,27683,23932
IR,RED,27682,23926
IR,RED,27686,23934
IR,RED,27684,23928
IR,RED,27688,23935
IR,RED,27674,23942
IR,RED,27679,23925
IR,RED,27678,23920
IR,RED,27670,23927
IR,RED,27675,23917
IR,RED,27682,23928
IR,RED,27685,23926
IR,RED,27677,23928
IR,RED,27674,23927
IR,RED,27669,23927
IR,RED,27671,23931
IR,RED,27668,23928
IR,RED,27663,23927
IR,RED,27663,23918
IR,RED,27658,23932
IR,RED,27665,23929
IR,RED,27668,23918
IR,RED,27655,23919
IR,RED,27658,23924
IR,RED,27639,23933
IR,RED,27648,23919
IR,RED,27648,23919
IR,RED,27659,23908
IR,RED,27661,23922
IR,RED,27649,23932
IR,RED,27666,23927
IR,RED,27659,23922
IR,RED,27646,23915
IR,RED,27652,23922
IR,RED,27644,23928
IR,RED,27637,23927
IR,RED,27646,23931
IR,RED,27646,23930
IR,RED,27637,23927
IR,RED,27634,23933
IR,RED,27642,23915
IR,RED,27638,23922
IR,RED,27636,23919
IR,RED,27634,23913
IR,RED,27625,23914
IR,RED,27625,23909
IR,RED,27618,23899
IR,RED,27615,23910
IR,RED,27617,23901
IR,RED,27618,23889
IR,RED,27613,23897
IR,RED,27611,23891
IR,RED,27620,23893
IR,RED,27606,23890
IR,RED,27611,23879
IR,RED,27611,23887
IR,RED,27617,23882
IR,RED,27606,23886
IR,RED,27596,23893
IR,RED,27606,23882
IR,RED,27590,23879
IR,RED,27603,23881
IR,RED,27606,23880
IR,RED,27603,23889
IR,RED,27596,23888
IR,RED,27578,23885
IR,RED,27595,23887
IR,RED,27593,23878
IR,RED,27598,23878
IR,RED,27587,23877
IR,RED,27602,23884
IR,RED,27587,23884
IR,RED,27582,23878
IR,RED,27589,23881
IR,RED,27592,23884
IR,RED,27595,23882
IR,RED,27589,23884
IR,RED,27597,23888
IR,RED,27584,23887
IR,RED,27584,23874
IR,RED,27586,23875
IR,RED,27579,23877
IR,RED,27579,23876
IR,RED,27584,23877
IR,RED,27576,23870
IR,RED,27583,23874
IR,RED,27566,23878
IR,RED,27576,23873
IR,RED,27563,23876
IR,RED,27578,23870
IR,RED,27580,23868
IR,RED,27566,23865
IR,RED,27566,23879
IR,RED,27562,23857
IR,RED,27563,23858
IR,RED,27558,23858
IR,RED,27544,23869
IR,RED,27560,23874
IR,RED,27552,23864
IR,RED,27580,23864
IR,RED,27556,23862
IR,RED,27560,23871
IR,RED,27549,23852
IR,RED,27553,23862
IR,RED,27555,23868
IR,RED,27551,23858
IR,RED,27548,23863
IR,RED,27544,23864
IR,RED,27556,23865
IR,RED,27553,23860
IR,RED,27547,23874
IR,RED,27555,23860
IR,RED,27555,23856
IR,RED,27535,23859
IR,RED,27536,23859
IR,RED,27521,23857
IR,RED,27521,23864
IR,RED,27529,23858
IR,RED,27528,23840
IR,RED,27512,23845
IR,RED,27512,23836
IR,RED,27511,23835
IR,RED,27499,23823
IR,RED,27504,23814
IR,RED,27494,23821
IR,RED,27499,23818
IR,RED,27508,23823
IR,RED,27499,23828
IR,RED,27508,23816
IR,RED,27499,23834
IR,RED,27489,23821
IR,RED,27499,23827
IR,RED,27494,23820
IR,RED,27495,23832
IR,RED,27496,23824
IR,RED,27507,23828
IR,RED,27496,23822
IR,RED,27492,23825
IR,RED,27501,23822
IR,RED,27505,23823
IR,RED,27488,23817
IR,RED,27491,23824
IR,RED,27493,23820
IR,RED,27490,23816
IR,RED,27490,23827
IR,RED,27479,23826
IR,RED,27490,23817
IR,RED,27481,23814
IR,RED,27499,23812
IR,RED,27487,23803
IR,RED,27487,23815
IR,RED,27484,23822
IR,RED,27489,23831
IR,RED,27480,23804
IR,RED,27471,23811
IR,RED,27476,23814
IR,RED,27475,23804
IR,RED,27489,23805
IR,RED,27476,23800
IR,RED,27474,23806
IR,RED,27462,23807
IR,RED,27468,23801
IR,RED,27469,23802
IR,RED,27459,23795
IR,RED,27462,23799
IR,RED,27463,23788
IR,RED,27456,23804
IR,RED,27448,23798
IR,RED,27452,23797
IR,RED,27445,23796
IR,RED,27434,23801
IR,RED,27440,23792
IR,RED,27448,23792
IR,RED,27432,23782
IR,RED,27440,23792
IR,RED,27447,23788
IR,RED,27443,23785
IR,RED,27462,23788
IR,RED,27444,23791
IR,RED,27443,23790
IR,RED,27447,23793
IR,RED,27449,23809
IR,RED,27440,23795
IR,RED,27455,23796
IR,RED,27443,23803
IR,RED,27451,23802
IR,RED,27451,23797
IR,RED,27451,23805
IR,RED,27432,23794
IR,RED,27435,23800
IR,RED,27445,23801
IR,RED,27430,23786
IR,RED,27428,23787
IR,RED,27417,23778
IR,RED,27417,23770
IR,RED,27418,23771
IR,RED,27415,23779
IR,RED,27408,23774
IR,RED,27410,23768
IR,RED,27401,23771
IR,RED,27399,23769
IR,RED,27407,23772
IR,RED,27410,23760
IR,RED,27389,23771
IR,RED,27412,23768
IR,RED,27403,23769
IR,RED,27399,23758
IR,RED,27394,23749
IR,RED,27400,23755
IR,RED,27402,23750
IR,RED,27405,23763
IR,RED,27407,23753
IR,RED,27398,23764
IR,RED,27390,23759
IR,RED,27397,23767
IR,RED,27406,23751
IR,RED,27406,23763
IR,RED,27395,23756
IR,RED,27384,23751
IR,RED,27396,23759
IR,RED,27409,23761
IR,RED,27393,23750
IR,RED,27399,23755
IR,RED,27399,23757
IR,RED,27382,23757
IR,RED,27388,23750
IR,RED,27386,23758
IR,RED,27376,23756
IR,RED,27381,23757
IR,RED,27389,23752
IR,RED,27387,23756
IR,RED,27391,23749
IR,RED,27382,23755
IR,RED,27375,23744
IR,RED,27386,23750
IR,RED,27380,23749
IR,RED,27374,23751
IR,RED,27387,23757
IR,RED,27375,23757
IR,RED,27370,23754
IR,RED,27370,23751
IR,RED,27367,23753
IR,RED,27375,23757
IR,RED,27359,23753
IR,RED,27374,23745
IR,RED,27361,23748
IR,RED,27361,23755
IR,RED,27361,23760
IR,RED,27372,23752
IR,RED,27374,23761
IR,RED,27374,23761
IR,RED,27368,23763
IR,RED,27372,23764
IR,RED,27366,23764
IR,RED,27368,23773
IR,RED,27365,23761
IR,RED,27361,23766
IR,RED,27373,23770
IR,RED,27375,23764
IR,RED,27366,23771
IR,RED,27376,23762
IR,RED,27372,23753
IR,RED,27354,23762
IR,RED,27366,23760
IR,RED,27363,23752
IR,RED,27355,23751
IR,RED,27357,23748
IR,RED,27355,23732
IR,RED,27351,23742
IR,RED,27347,23729
IR,RED,27347,23715
IR,RED,27349,23739
IR,RED,27353,23724
IR,RED,27351,23733
IR,RED,27346,23737
IR,RED,27337,23735
IR,RED,27336,23730
IR,RED,27357,23727
IR,RED,27341,23744
IR,RED,27336,23733
IR,RED,27352,23734
IR,RED,27342,23723
IR,RED,27340,23734
IR,RED,27353,23737
IR,RED,27358,23735
IR,RED,27346,23740
IR,RED,27335,23740
IR,RED,27347,23731
IR,RED,27335,23736
IR,RED,27343,23737
IR,RED,27347,23731
IR,RED,27335,23739
IR,RED,27329,23736
IR,RED,27332,23721
IR,RED,27325,23734
IR,RED,27321,23734
IR,RED,27324,23733
IR,RED,27319,23725
IR,RED,27319,23723
IR,RED,27328,23711
IR,RED,27314,23729
IR,RED,27311,23714
IR,RED,27309,23725
IR,RED,27320,23722
IR,RED,27304,23721
IR,RED,27313,23711
IR,RED,27303,23720
IR,RED,27313,23713
IR,RED,27304,23724
IR,RED,27310,23717
IR,RED,27311,23726
IR,RED,27299,23723
IR,RED,27307,23710
IR,RED,27294,23719
IR,RED,27286,23716
IR,RED,27294,23717
IR,RED,27296,23716
IR,RED,27285,23709
IR,RED,27292,23717
IR,RED,27292,23723
IR,RED,27293,23714
IR,RED,27289,23716
IR,RED,27293,23721
IR,RED,27292,23708
IR,RED,27296,23714
IR,RED,27290,23717
IR,RED,27292,23705
IR,RED,27292,23706
IR,RED,27297,23716
IR,RED,27281,23713
IR,RED,27289,23712
IR,RED,27291,23718
IR,RED,27301,23721
IR,RED,27297,23723
IR,RED,27285,23719
IR,RED,27284,23716
IR,RED,27284,23704
IR,RED,27299,23708
IR,RED,27282,23700
IR,RED,27262,23702
IR,RED,27268,23698
IR,RED,27264,23678
IR,RED,27266,23682
IR,RED,27276,23680
IR,RED,27269,23680
IR,RED,27249,23678
IR,RED,27252,23684
IR,RED,27250,23676
IR,RED,27247,23683
IR,RED,27257,23674
IR,RED,27249,23683
IR,RED,27248,23668
IR,RED,27239,23666
IR,RED,27241,23674
IR,RED,27245,23667
IR,RED,27250,23669
IR,RED,27239,23668
IR,RED,27242,23657
IR,RED,27247,23658
IR,RED,27223,23667
IR,RED,27229,23665
IR,RED,27238,23656
IR,RED,27231,23652
IR,RED,27218,23652
IR,RED,27217,23652
IR,RED,27218,23659
IR,RED,27209,23657
IR,RED,27208,23642
IR,RED,27210,23643
IR,RED,27211,23642
IR,RED,27211,23640
IR,RED,27204,23650
IR,RED,27204,23640
IR,RED,27202,23634
IR,RED,27198,23645
IR,RED,27213,23642
IR,RED,27202,23641
IR,RED,27210,23653
IR,RED,27196,23651
IR,RED,27196,23644
IR,RED,27196,23644
IR,RED,27196,23631
IR,RED,27195,23632
IR,RED,27194,23625
IR,RED,27202,23636
IR,RED,27197,23638
IR,RED,27201,23638
IR,RED,27193,23643
IR,RED,27198,23640
IR,RED,27194,23640
IR,RED,27193,23643
IR,RED,27180,23635
IR,RED,27192,23634
IR,RED,27199,23647
IR,RED,27198,23635
IR,RED,27196,23643
IR,RED,27209,23649
IR,RED,27200,23644
IR,RED,27211,23644
IR,RED,27189,23651
IR,RED,27202,23653
IR,RED,27191,23652
IR,RED,27195,23647
IR,RED,27197,23648
IR,RED,27201,23652
IR,RED,27182,23637
IR,RED,27198,23657
IR,RED,27196,23657
IR,RED,27185,23649
IR,RED,27180,23646
IR,RED,27173,23634
IR,RED,27168,23628
IR,RED,27166,23629
IR,RED,27166,23624
IR,RED,27154,23613
IR,RED,27149,23616
IR,RED,27160,23609
IR,RED,27160,23613
IR,RED,27153,23606
IR,RED,27154,23602
IR,RED,27143,23603
IR,RED,27147,23597
IR,RED,27153,23608
IR,RED,27145,23596
IR,RED,27160,23599
IR,RED,27153,23599
IR,RED,27162,23598
IR,RED,27151,23601
IR,RED,27143,23601
IR,RED,27157,23594
IR,RED,27143,23606
IR,RED,27148,23588
IR,RED,27147,23589
IR,RED,27140,23595
IR,RED,27132,23588
IR,RED,27140,23591
IR,RED,27134,23594
IR,RED,27149,23589
IR,RED,27129,23585
IR,RED,27129,23580
IR,RED,27131,23583
IR,RED,27132,23587
IR,RED,27133,23584
IR,RED,27119,23594
IR,RED,27142,23598
IR,RED,27129,23592
IR,RED,27123,23590
IR,RED,27126,23594
IR,RED,27121,23598
IR,RED,27117,23590
IR,RED,27108,23580
IR,RED,27109,23579
IR,RED,27116,23588
IR,RED,27111,23582
IR,RED,27103,23578
IR,RED,27109,23587
IR,RED,27112,23594
IR,RED,27098,23580
IR,RED,27113,23583
IR,RED,27119,23585
IR,RED,27112,23582
IR,RED,27102,23588
IR,RED,27102,23583
IR,RED,27104,23583
IR,RED,27107,23582
IR,RED,27096,23579
IR,RED,27104,23575
IR,RED,27105,23571
IR,RED,27096,23571
IR,RED,27094,23570
IR,RED,27098,23571
IR,RED,27098,23574
IR,RED,27104,23582
IR,RED,27096,23581
IR,RED,27090,23586
IR,RED,27096,23573
IR,RED,27093,23589
IR,RED,27104,23591
IR,RED,27098,23588
IR,RED,27094,23584
IR,RED,27089,23590
IR,RED,27082,23587
IR,RED,27084,23578
IR,RED,27087,23583
IR,RED,27076,23582
IR,RED,27072,23563
IR,RED,27083,23568
IR,RED,27068,23562
IR,RED,27061,23550
IR,RED,27070,23559
IR,RED,27059,23543
IR,RED,27059,23547
IR,RED,27067,23538
IR,RED,27072,23550
IR,RED,27067,23555
IR,RED,27068,23552
IR,RED,27060,23560
IR,RED,27068,23546
IR,RED,27064,23559
IR,RED,27067,23555
IR,RED,27068,23558
IR,RED,27065,23552
IR,RED,27072,23562
IR,RED,27067,23555
IR,RED,27056,23560
IR,RED,27062,23554
IR,RED,27057,23564
IR,RED,27059,23567
IR,RED,27057,23565
IR,RED,27061,23561
IR,RED,27065,23563
IR,RED,27068,23557
IR,RED,27069,23560
IR,RED,27060,23553
IR,RED,27066,23553
IR,RED,27071,23555
IR,RED,27064,23562
IR,RED,27058,23553
IR,RED,27062,23554
IR,RED,27049,23562
IR,RED,27058,23564
IR,RED,27064,23560
IR,RED,27056,23555
IR,RED,27055,23562
IR,RED,27053,23550
IR,RED,27049,23543
IR,RED,27043,23551
IR,RED,27038,23540
IR,RED,27042,23536
IR,RED,27029,23534
IR,RED,27031,23533
IR,RED,27031,23537
IR,RED,27031,23540
IR,RED,27031,23534
IR,RED,27025,23535
IR,RED,27034,23535
IR,RED,27021,23546
IR,RED,27007,23535
IR,RED,27019,23528
IR,RED,27017,23533
IR,RED,27019,23537
IR,RED,27015,23536
IR,RED,27015,23531
IR,RED,27014,23535
IR,RED,27016,23530
IR,RED,27022,23532
IR,RED,27011,23533
IR,RED,27020,23537
IR,RED,27011,23539
IR,RED,27012,23543
IR,RED,27014,23533
IR,RED,27013,23536
IR,RED,27018,23537
IR,RED,27015,23544
IR,RED,27009,23542
IR,RED,27020,23544
IR,RED,27012,23543
IR,RED,27016,23533
IR,RED,27007,23538
IR,RED,27000,23538
IR,RED,27016,23522
IR,RED,26992,23519
IR,RED,26993,23524
IR,RED,27006,23528
IR,RED,27009,23519
IR,RED,26991,23518
IR,RED,27001,23523
IR,RED,26998,23522
IR,RED,27006,23518
IR,RED,27010,23523
IR,RED,27013,23524
IR,RED,26998,23526
IR,RED,27000,23521
IR,RED,27012,23522
IR,RED,27007,23518
IR,RED,27007,23519
IR,RED,27008,23525
IR,RED,27006,23517
IR,RED,27004,23519
IR,RED,27008,23515
IR,RED,27001,23517
IR,RED,27015,23523
IR,RED,27001,23509
IR,RED,26999,23523
IR,RED,27007,23517
IR,RED,27012,23527
IR,RED,27000,23520
IR,RED,27004,23520
IR,RED,27002,23530
IR,RED,27002,23520
IR,RED,27001,23513
IR,RED,26987,23515
IR,RED,27001,23511
IR,RED,26991,23514
IR,RED,26983,23509
IR,RED,26986,23503
IR,RED,26996,23511
IR,RED,26982,23503
IR,RED,26979,23513
IR,RED,26975,23501
IR,RED,26974,23498
IR,RED,26973,23506
IR,RED,26966,23501
IR,RED,26967,23505
IR,RED,26958,23502
IR,RED,26961,23500
IR,RED,26962,23496
IR,RED,26959,23497
IR,RED,26949,23500
IR,RED,26961,23489
IR,RED,26963,23483
IR,RED,26957,23498
IR,RED,26955,23498
IR,RED,26944,23495
IR,RED,26943,23495
IR,RED,26952,23485
IR,RED,26947,23489
IR,RED,26940,23492
IR,RED,26946,23492
IR,RED,26946,23498
IR,RED,26956,23485
IR,RED,26938,23492
IR,RED,26946,23497
IR,RED,26935,23491
IR,RED,26951,23489
IR,RED,26950,23501
IR,RED,26947,23472
IR,RED,26948,23493
IR,RED,26946,23497
IR,RED,26943,23494
IR,RED,26943,23477
IR,RED,26947,23488
IR,RED,26927,23480
IR,RED,26938,23475
IR,RED,26928,23461
IR,RED,26919,23463
IR,RED,26912,23460
IR,RED,26917,23453
IR,RED,26913,23467
IR,RED,26909,23465
IR,RED,26914,23444
IR,RED,26909,23451
IR,RED,26920,23464
IR,RED,26896,23449
IR,RED,26912,23448
IR,RED,26904,23447
IR,RED,26917,23440
IR,RED,26913,23453
IR,RED,26900,23454
IR,RED,26901,23442
IR,RED,26894,23435
IR,RED,26902,23434
IR,RED,26902,23439
IR,RED,26910,23433
IR,RED,26903,23435
IR,RED,26897,23444
IR,RED,26912,23444
IR,RED,26908,23453
IR,RED,26900,23444
IR,RED,26899,23437
IR,RED,26908,23444
IR,RED,26898,23440
IR,RED,26905,23440
IR,RED,26907,23451
IR,RED,26898,23442
IR,RED,26902,23439
IR,RED,26900,23452
IR,RED,26905,23444
IR,RED,26895,23443
IR,RED,26894,23439
IR,RED,26888,23440
IR,RED,26894,23436
IR,RED,26902,23433
IR,RED,26883,23447
IR,RED,26894,23445
IR,RED,26889,23453
IR,RED,26891,23437
IR,RED,26891,23446
IR,RED,26886,23436
IR,RED,26881,23450
IR,RED,26897,23447
IR,RED,26893,23453
IR,RED,26890,23439
IR,RED,26901,23451
IR,RED,26886,23438
IR,RED,26890,23455
IR,RED,26882,23453
IR,RED,26891,23458
IR,RED,26885,23453
IR,RED,26887,23452
IR,RED,26881,23463
IR,RED,26889,23457
IR,RED,26885,23452
IR,RED,26884,23456
IR,RED,26888,23449
IR,RED,26884,23458
IR,RED,26884,23457
IR,RED,26887,23467
IR,RED,26883,23464
IR,RED,26882,23460
IR,RED,26889,23460
IR,RED,26876,23450
IR,RED,26879,23457
IR,RED,26872,23439
IR,RED,26873,23445
IR,RED,26860,23421
IR,RED,26866,23433
IR,RED,26859,23429
IR,RED,26867,23414
IR,RED,26847,23416
IR,RED,26845,23425
IR,RED,26853,23416
IR,RED,26834,23419
IR,RED,26845,23418
IR,RED,26848,23412
IR,RED,26842,23412
IR,RED,26838,23413
IR,RED,26836,23410
IR,RED,26848,23410
IR,RED,26851,23423
IR,RED,26827,23399
IR,RED,26827,23405
IR,RED,26830,23397
IR,RED,26834,23405
IR,RED,26830,23404
IR,RED,26830,23397
IR,RED,26830,23400
IR,RED,26833,23406
IR,RED,26835,23394
IR,RED,26821,23391
IR,RED,26818,23395
IR,RED,26823,23393
IR,RED,26818,23385
IR,RED,26814,23393
IR,RED,26833,23405
IR,RED,26824,23396
IR,RED,26814,23386
IR,RED,26818,23394
IR,RED,26815,23388
IR,RED,26811,23384
IR,RED,26815,23394
IR,RED,26812,23401
IR,RED,26815,23390
IR,RED,26806,23392
IR,RED,26818,23403
IR,RED,26807,23397
IR,RED,26811,23399
IR,RED,26808,23395
IR,RED,26815,23393
IR,RED,26813,23394
IR,RED,26803,23397
IR,RED,26799,23388
IR,RED,26801,23394
IR,RED,26792,23401
IR,RED,26790,23385
IR,RED,26789,23395
IR,RED,26801,23392
IR,RED,26798,23392
IR,RED,26797,23385
IR,RED,26801,23389
IR,RED,26792,23385
IR,RED,26793,23392
IR,RED,26798,23384
IR,RED,26778,23401
IR,RED,26788,23389
IR,RED,26789,23387
IR,RED,26802,23394
IR,RED,26795,23391
IR,RED,26794,23398
IR,RED,26793,23397
IR,RED,26776,23381
IR,RED,26790,23381
IR,RED,26792,23377
IR,RED,26776,23379
IR,RED,26774,23378
IR,RED,26770,23354
IR,RED,26760,23360
IR,RED,26766,23355
IR,RED,26767,23353
IR,RED,26761,23348
IR,RED,26757,23348
IR,RED,26761,23361
IR,RED,26762,23363
IR,RED,26756,23352
IR,RED,26770,23360
IR,RED,26754,23358
IR,RED,26755,23360
IR,RED,26750,23354
IR,RED,26753,23344
IR,RED,26760,23345
IR,RED,26747,23349
IR,RED,26751,23342
IR,RED,26761,23355
IR,RED,26748,23354
IR,RED,26752,23346
IR,RED,26754,23345
IR,RED,26752,23360
IR,RED,26762,23354
IR,RED,26757,23347
IR,RED,26759,23350
IR,RED,26756,23348
IR,RED,26754,23352
IR,RED,26753,23350
IR,RED,26747,23339
IR,RED,26746,23342
IR,RED,26749,23350
IR,RED,26763,23346
IR,RED,26751,23342
IR,RED,26749,23347
IR,RED,26746,23350
IR,RED,26733,23356
IR,RED,26745,23347
IR,RED,26737,23348
IR,RED,26737,23359
IR,RED,26734,23357
IR,RED,26734,23341
IR,RED,26732,23349
IR,RED,26736,23344
IR,RED,26745,23341
IR,RED,26744,23348
IR,RED,26738,23347
IR,RED,26737,23349
IR,RED,26737,23347
IR,RED,26727,23345
IR,RED,26729,23344
IR,RED,26737,23354
IR,RED,26732,23344
IR,RED,26733,23356
IR,RED,26740,23351
IR,RED,26729,23342
IR,RED,26737,23342
IR,RED,26722,23356
IR,RED,26743,23352
IR,RED,26738,23353
IR,RED,26728,23342
IR,RED,26739,23336
IR,RED,26729,23349
IR,RED,26723,23352
IR,RED,26725,23353
IR,RED,26730,23360
IR,RED,26743,23357
IR,RED,26724,23369
IR,RED,26722,23365
IR,RED,26722,23356
IR,RED,26711,23352
IR,RED,26713,23340
IR,RED,26718,23342
IR,RED,26711,23336
IR,RED,26707,23328
IR,RED,26709,23320
IR,RED,26709,23334
IR,RED,26709,23317
IR,RED,26707,23319
IR,RED,26710,23321
IR,RED,26684,23324
IR,RED,26690,23327
IR,RED,26701,23321
IR,RED,26691,23314
IR,RED,26688,23324
IR,RED,26700,23297
IR,RED,26691,23315
IR,RED,26699,23302
IR,RED,26687,23310
IR,RED,26689,23308
IR,RED,26695,23309
IR,RED,26693,23310
IR,RED,26688,23307
IR,RED,26692,23305
IR,RED,26692,23303
IR,RED,26693,23309
IR,RED,26696,23308
IR,RED,26694,23296
IR,RED,26690,23305
IR,RED,26695,23299
IR,RED,26678,23300
IR,RED,26689,23293
IR,RED,26677,23286
IR,RED,26681,23299
IR,RED,26677,23300
IR,RED,26688,23295
IR,RED,26682,23290
IR,RED,26677,23279
IR,RED,26675,23287
IR,RED,26667,23281
IR,RED,26668,23292
IR,RED,26666,23292
IR,RED,26666,23290
IR,RED,26671,23290
IR,RED,26661,23285
IR,RED,26667,23282
IR,RED,26652,23267
IR,RED,26653,23269
IR,RED,26650,23270
IR,RED,26648,23270
IR,RED,26655,23282
IR,RED,26652,23268
IR,RED,26653,23280
IR,RED,26651,23290
IR,RED,26649,23271
IR,RED,26647,23274
IR,RED,26639,23262
IR,RED,26643,23274
IR,RED,26641,23261
IR,RED,26644,23280
IR,RED,26644,23267
IR,RED,26642,23270
IR,RED,26635,23287
IR,RED,26651,23272
IR,RED,26632,23272
IR,RED,26636,23273
IR,RED,26638,23268
IR,RED,26630,23278
IR,RED,26641,23277
IR,RED,26634,23266
IR,RED,26650,23273
IR,RED,26643,23279
IR,RED,26636,23277
IR,RED,26640,23272
IR,RED,26629,23269
IR,RED,26639,23272
IR,RED,26636,23259
IR,RED,26619,23250
IR,RED,26614,23240
IR,RED,26613,23244
IR,RED,26607,23231
IR,RED,26616,23233
IR,RED,26601,23226
IR,RED,26607,23230
IR,RED,26604,23236
IR,RED,26598,23239
IR,RED,26603,23234
IR,RED,26613,23244
IR,RED,26603,23240
IR,RED,26611,23226
IR,RED,26601,23233
IR,RED,26604,23228
IR,RED,26606,23230
IR,RED,26608,23246
IR,RED,26597,23238
IR,RED,26600,23223
IR,RED,26605,23228
IR,RED,26600,23227
IR,RED,26609,23229
IR,RED,26599,23219
IR,RED,26607,23229
IR,RED,26607,23231
IR,RED,26594,23227
IR,RED,26584,23220
IR,RED,26596,23225
IR,RED,26599,23225
IR,RED,26591,23229
IR,RED,26604,23224
IR,RED,26586,23225
IR,RED,26596,23225
IR,RED,26588,23231
IR,RED,26603,23220
IR,RED,26579,23217
IR,RED,26592,23213
IR,RED,26589,23225
IR,RED,26583,23220
IR,RED,26585,23230
IR,RED,26578,23223
IR,RED,26582,23216
IR,RED,26584,23208
IR,RED,26595,23220
IR,RED,26572,23214
IR,RED,26593,23211
IR,RED,26576,23220
IR,RED,26573,23204
IR,RED,26563,23224
IR,RED,26561,23207
IR,RED,26569,23214
IR,RED,26566,23207
IR,RED,26567,23218
IR,RED,26569,23216
IR,RED,26577,23212
IR,RED,26563,23218
IR,RED,26571,23215
IR,RED,26579,23219
IR,RED,26570,23204
IR,RED,26560,23215
IR,RED,26575,23217
IR,RED,26580,23222
IR,RED,26564,23219
IR,RED,26575,23227
IR,RED,26585,23226
IR,RED,26571,23230
IR,RED,26590,23239
IR,RED,26568,23232
IR,RED,26564,23224
IR,RED,26565,23219
IR,RED,26559,23223
IR,RED,26562,23216
IR,RED,26560,23216
IR,RED,26558,23196
IR,RED,26560,23202
IR,RED,26550,23201
IR,RED,26559,23199
IR,RED,26545,23198
IR,RED,26544,23188
IR,RED,26548,23186
IR,RED,26550,23191
IR,RED,26547,23192
IR,RED,26548,23198
IR,RED,26542,23191
IR,RED,26549,23190
IR,RED,26536,23185
IR,RED,26538,23181
IR,RED,26541,23184
IR,RED,26530,23187
IR,RED,26545,23184
IR,RED,26537,23189
IR,RED,26534,23185
IR,RED,26531,23179
IR,RED,26532,23187
IR,RED,26525,23186
IR,RED,26526,23178
IR,RED,26525,23176
IR,RED,26523,23174
IR,RED,26535,23174
IR,RED,26520,23173
IR,RED,26530,23184
IR,RED,26517,23182
IR,RED,26522,23181
IR,RED,26518,23175
IR,RED,26518,23166
IR,RED,26520,23183
IR,RED,26520,23169
IR,RED,26524,23182
IR,RED,26522,23179
IR,RED,26523,23184
IR,RED,26515,23186
IR,RED,26511,23183
IR,RED,26517,23175
IR,RED,26528,23182
IR,RED,26523,23191
IR,RED,26522,23189
IR,RED,26514,23186
IR,RED,26522,23191
IR,RED,26510,23186
IR,RED,26525,23184
IR,RED,26521,23187
IR,RED,26528,23189
IR,RED,26518,23181
IR,RED,26524,23187
IR,RED,26513,23191
IR,RED,26526,23184
IR,RED,26516,23182
IR,RED,26514,23183
IR,RED,26517,23178
IR,RED,26516,23180
IR,RED,26505,23183
IR,RED,26513,23179
IR,RED,26513,23189
IR,RED,26506,23187
IR,RED,26498,23180
IR,RED,26507,23193
IR,RED,26501,23182
IR,RED,26507,23197
IR,RED,26495,23175
IR,RED,26512,23193
IR,RED,26510,23192
IR,RED,26500,23187
IR,RED,26495,23190
IR,RED,26498,23192
IR,RED,26489,23184
IR,RED,26494,23179
IR,RED,26495,23176
IR,RED,26485,23169
IR,RED,26485,23168
IR,RED,26479,23159
IR,RED,26467,23152
IR,RED,26460,23154
IR,RED,26467,23148
IR,RED,26465,23145
IR,RED,26468,23154
IR,RED,26463,23151
IR,RED,26460,23145
IR,RED,26471,23142
IR,RED,26468,23146
IR,RED,26450,23137
IR,RED,26456,23145
IR,RED,26457,23147
IR,RED,26462,23142
IR,RED,26454,23137
IR,RED,26460,23138
IR,RED,26470,23149
IR,RED,26466,23140
IR,RED,26463,23149
IR,RED,26470,23140
IR,RED,26472,23148
IR,RED,26473,23142
IR,RED,26476,23141
IR,RED,26471,23142
IR,RED,26468,23147
IR,RED,26459,23144
IR,RED,26470,23148
IR,RED,26461,23137
IR,RED,26467,23145
IR,RED,26471,23140
IR,RED,26475,23149
IR,RED,26466,23145
IR,RED,26467,23147
IR,RED,26463,23148
IR,RED,26476,23148
IR,RED,26466,23140
IR,RED,26455,23138
IR,RED,26451,23148
IR,RED,26456,23136
IR,RED,26449,23142
IR,RED,26450,23143
IR,RED,26455,23142
IR,RED,26445,23138
IR,RED,26451,23131
IR,RED,26443,23133
IR,RED,26436,23127
IR,RED,26448,23139
IR,RED,26449,23137
IR,RED,26438,23144
IR,RED,26437,23134
IR,RED,26436,23138
IR,RED,26446,23134
IR,RED,26437,23125
IR,RED,26433,23126
IR,RED,26421,23131
IR,RED,26435,23144
IR,RED,26427,23125
IR,RED,26426,23133
IR,RED,26425,23117
IR,RED,26437,23128
IR,RED,26427,23136
IR,RED,26432,23135
IR,RED,26427,23157
IR,RED,26439,23150
IR,RED,26425,23156
IR,RED,26437,23149
IR,RED,26438,23154
IR,RED,26440,23154
IR,RED,26443,23149
IR,RED,26444,23148
IR,RED,26436,23153
IR,RED,26442,23136
IR,RED,26427,23144
IR,RED,26435,23144
IR,RED,26429,23136
IR,RED,26432,23141
IR,RED,26416,23124
IR,RED,26424,23125
IR,RED,26427,23104
IR,RED,26419,23110
IR,RED,26418,23118
IR,RED,26426,23121
IR,RED,26417,23116
IR,RED,26421,23111
IR,RED,26416,23108
IR,RED,26410,23099
IR,RED,26413,23106
IR,RED,26418,23104
IR,RED,26414,23102
IR,RED,26404,23102
IR,RED,26403,23095
IR,RED,26395,23089
IR,RED,26406,23085
IR,RED,26392,23107
IR,RED,26402,23092
IR,RED,26388,23093
IR,RED,26396,23092
IR,RED,26393,23092
IR,RED,26386,23093
IR,RED,26383,23089
IR,RED,26386,23092
IR,RED,26382,23077
IR,RED,26399,23076
IR,RED,26387,23082
IR,RED,26391,23077
IR,RED,26396,23085
IR,RED,26388,23077
IR,RED,26395,23085
IR,RED,26391,23090
IR,RED,26390,23092
IR,RED,26403,23083
IR,RED,26401,23088
IR,RED,26395,23083
IR,RED,26394,23084
IR,RED,26392,23077
IR,RED,26388,23078
IR,RED,26397,23082
IR,RED,26406,23087
IR,RED,26400,23090
IR,RED,26392,23092
IR,RED,26385,23076
IR,RED,26398,23091
IR,RED,26397,23084
IR,RED,26389,23083
IR,RED,26388,23091
IR,RED,26388,23089
IR,RED,26393,23091
IR,RED,26382,23088
IR,RED,26393,23093
IR,RED,26379,23094
IR,RED,26379,23092
IR,RED,26386,23089
IR,RED,26382,23088
IR,RED,26392,23094
IR,RED,26392,23095
IR,RED,26380,23085
IR,RED,26381,23088
IR,RED,26370,23097
IR,RED,26377,23089
IR,RED,26373,23092
IR,RED,26372,23089
IR,RED,26387,23091
IR,RED,26376,23097
IR,RED,26385,23086
IR,RED,26360,23092
IR,RED,26366,23085
IR,RED,26360,23079
IR,RED,26364,23085
IR,RED,26360,23070
IR,RED,26342,23064
IR,RED,26344,23057
IR,RED,26342,23052
IR,RED,26350,23049
IR,RED,26349,23052
IR,RED,26344,23050
IR,RED,26340,23045
IR,RED,26340,23052
IR,RED,26337,23059
IR,RED,26342,23056
IR,RED,26346,23051
IR,RED,26349,23049
IR,RED,26335,23050
IR,RED,26339,23039
IR,RED,26343,23040
IR,RED,26351,23044
IR,RED,26348,23047
IR,RED,26344,23044
IR,RED,26332,23046
IR,RED,26333,23032
IR,RED,26343,23049
IR,RED,26341,23043
IR,RED,26337,23061
IR,RED,26335,23041
IR,RED,26337,23045
IR,RED,26349,23051
IR,RED,26344,23053
IR,RED,26351,23053
IR,RED,26346,23057
IR,RED,26351,23049
IR,RED,26340,23053
IR,RED,26344,23040
IR,RED,26339,23046
IR,RED,26344,23056
IR,RED,26340,23054
IR,RED,26349,23050
IR,RED,26343,23053
IR,RED,26350,23057
IR,RED,26337,23058
IR,RED,26338,23059
IR,RED,26336,23057
IR,RED,26334,23059
IR,RED,26328,23056
IR,RED,26332,23056
IR,RED,26330,23057
IR,RED,26334,23037
IR,RED,26325,23046
IR,RED,26326,23040
IR,RED,26336,23036
IR,RED,26322,23041
IR,RED,26324,23050
IR,RED,26313,23052
IR,RED,26321,23032
IR,RED,26318,23043
IR,RED,26313,23053
IR,RED,26316,23049
IR,RED,26312,23048
IR,RED,26314,23049
IR,RED,26310,23048
IR,RED,26316,23048
IR,RED,26317,23052
IR,RED,26325,23057
IR,RED,26318,23049
IR,RED,26320,23046
IR,RED,26337,23063
IR,RED,26335,23070
IR,RED,26334,23057
IR,RED,26339,23077
IR,RED,26331,23071
IR,RED,26331,23075
IR,RED,26334,23063
IR,RED,26334,23055
IR,RED,26317,23057
IR,RED,26331,23059
IR,RED,26320,23059
IR,RED,26333,23046
IR,RED,26314,23059
IR,RED,26301,23049
IR,RED,26304,23037
IR,RED,26299,23038
IR,RED,26295,23028
IR,RED,26291,23032
IR,RED,26295,23039
IR,RED,26293,23031
IR,RED,26297,23022
IR,RED,26299,23032
IR,RED,26286,23026
IR,RED,26290,23029
IR,RED,26300,23023
IR,RED,26292,23018
IR,RED,26292,23022
IR,RED,26279,23021
IR,RED,26295,23027
IR,RED,26290,23027
IR,RED,26289,23032
IR,RED,26294,23030
IR,RED,26289,23023
IR,RED,26290,23022
IR,RED,26286,23020
IR,RED,26282,23018
IR,RED,26274,23031
IR,RED,26285,23015
IR,RED,26278,23027
IR,RED,26287,23025
IR,RED,26267,23025
IR,RED,26294,23023
IR,RED,26283,23008
IR,RED,26280,23029
IR,RED,26278,23023
IR,RED,26281,23022
IR,RED,26277,23019
IR,RED,26283,23022
IR,RED,26267,23011
IR,RED,26279,23024
IR,RED,26273,23031
IR,RED,26282,23023
IR,RED,26272,23017
IR,RED,26276,23024
IR,RED,26265,23010
IR,RED,26271,23025
IR,RED,26267,23012
IR,RED,26268,23009
IR,RED,26278,23010
IR,RED,26262,23018
IR,RED,26274,23016
IR,RED,26257,23010
IR,RED,26268,23011
IR,RED,26260,23015
IR,RED,26254,23011
IR,RED,26251,23011
IR,RED,26259,23013
IR,RED,26249,23008
IR,RED,26270,23006
IR,RED,26258,23007
IR,RED,26270,23004
IR,RED,26246,23009
IR,RED,26254,23024
IR,RED,26259,23009
IR,RED,26267,23024
IR,RED,26263,23023
IR,RED,26255,23014
IR,RED,26252,23012
IR,RED,26260,23016
IR,RED,26277,23026
IR,RED,26266,23026
IR,RED,26254,23026
IR,RED,26260,23016
IR,RED,26255,23010
IR,RED,26249,23019
IR,RED,26243,23006
IR,RED,26249,23011
IR,RED,26231,23000
IR,RED,26236,22989
IR,RED,26230,22994
IR,RED,26223,22986
IR,RED,26219,22984
IR,RED,26212,22983
IR,RED,26220,22969
IR,RED,26223,22977
IR,RED,26223,22976
IR,RED,26226,22978
IR,RED,26230,22971
IR,RED,26215,22980
IR,RED,26212,22974
IR,RED,26229,22976
IR,RED,26221,22971
IR,RED,26218,22972
IR,RED,26217,22964
IR,RED,26219,22972
IR,RED,26227,22972
IR,RED,26224,22971
IR,RED,26225,22970
IR,RED,26220,22966
IR,RED,26216,22949
IR,RED,26212,22956
IR,RED,26219,22966
IR,RED,26213,22961
IR,RED,26206,22967
IR,RED,26215,22965
IR,RED,26217,22964
IR,RED,26204,22957
IR,RED,26204,22950
IR,RED,26202,22961
IR,RED,26209,22962
IR,RED,26208,22958
IR,RED,26196,22954
IR,RED,26192,22954
IR,RED,26200,22951
IR,RED,26192,22961
IR,RED,26200,22948
IR,RED,26186,22955
IR,RED,26187,22952
IR,RED,26186,22946
IR,RED,26186,22948
IR,RED,26172,22942
IR,RED,26173,22942
IR,RED,26169,22952
IR,RED,26172,22947
IR,RED,26171,22935
IR,RED,26180,22937
IR,RED,26173,22936
IR,RED,26155,22940
IR,RED,26165,22928
IR,RED,26173,22946
IR,RED,26176,22946
IR,RED,26168,22924
IR,RED,26168,22931
IR,RED,26174,22929
IR,RED,26165,22930
IR,RED,26172,22940
IR,RED,26164,22940
IR,RED,26170,22942
IR,RED,26170,22946
IR,RED,26174,22939
IR,RED,26169,22950
IR,RED,26168,22943
IR,RED,26160,22947
IR,RED,26172,22954
IR,RED,26179,22962
IR,RED,26182,22961
IR,RED,26170,22958
IR,RED,26183,22953
IR,RED,26166,22954
IR,RED,26176,22946
IR,RED,26170,22945
IR,RED,26169,22948
IR,RED,26154,22948
IR,RED,26164,22937
IR,RED,26152,22929
IR,RED,26154,22934
IR,RED,26149,22924
IR,RED,26149,22920
IR,RED,26155,22933
IR,RED,26149,22922
IR,RED,26140,22925
IR,RED,26143,22927
IR,RED,26146,22920
IR,RED,26147,22926
IR,RED,26144,22921
IR,RED,26141,22925
IR,RED,26143,22919
IR,RED,26160,22917
IR,RED,26138,22927
IR,RED,26152,22933
IR,RED,26143,22922
IR,RED,26146,22931
IR,RED,26147,22919
IR,RED,26144,22932
IR,RED,26144,22937
IR,RED,26155,22926
IR,RED,26150,22913
IR,RED,26142,22933
IR,RED,26142,22926
IR,RED,26139,22927
IR,RED,26141,22927
IR,RED,26144,22922
IR,RED,26129,22928
IR,RED,26139,22928
IR,RED,26139,22926
IR,RED,26138,22921
IR,RED,26142,22918
IR,RED,26129,22928
IR,RED,26133,22922
IR,RED,26135,22928
IR,RED,26131,22931
IR,RED,26117,22934
IR,RED,26126,22924
IR,RED,26130,22930
IR,RED,26122,22931
IR,RED,26132,22928
IR,RED,26125,22920
IR,RED,26130,22930
IR,RED,26129,22918
IR,RED,26134,22931
IR,RED,26141,22928
IR,RED,26134,22935
IR,RED,26128,22927
IR,RED,26144,22935
IR,RED,26138,22926
IR,RED,26132,22927
IR,RED,26135,22924
IR,RED,26124,22920
IR,RED,26132,22940
IR,RED,26136,22944
IR,RED,26130,22933
IR,RED,26134,22944
IR,RED,26124,22934
IR,RED,26129,22944
IR,RED,26118,22938
IR,RED,26133,22931
IR,RED,26126,22942
IR,RED,26135,22949
IR,RED,26128,22951
IR,RED,26130,22954
IR,RED,26138,22947
IR,RED,26126,22940
IR,RED,26115,22952
IR,RED,26119,22945
IR,RED,26130,22941
IR,RED,26124,22934
IR,RED,26106,22935
IR,RED,26112,22916
IR,RED,26115,22922
IR,RED,26111,22922
IR,RED,26107,22920
IR,RED,26122,22932
IR,RED,26102,22933
IR,RED,26110,22921
IR,RED,26108,22918
IR,RED,26116,22927
IR,RED,26117,22928
IR,RED,26117,22926
IR,RED,26108,22923
IR,RED,26110,22924
IR,RED,26114,22925
IR,RED,26114,22923
IR,RED,26117,22925
IR,RED,26116,22931
IR,RED,26109,22929
IR,RED,26116,22933
IR,RED,26113,22930
IR,RED,26110,22915
IR,RED,26100,22927
IR,RED,26122,22932
IR,RED,26115,22929
IR,RED,26118,22935
IR,RED,26117,22923
IR,RED,26116,22925
IR,RED,26109,22933
IR,RED,26109,22919
IR,RED,26119,22924
IR,RED,26105,22929
IR,RED,26113,22927
IR,RED,26108,22927
IR,RED,26110,22935
IR,RED,26107,22933
IR,RED,26108,22933
IR,RED,26107,22936
IR,RED,26104,22932
IR,RED,26109,22930
IR,RED,26110,22935
IR,RED,26108,22938
IR,RED,26109,22930
IR,RED,26100,22936
IR,RED,26097,22933
IR,RED,26095,22919
IR,RED,26109,22924
IR,RED,26102,22936
IR,RED,26100,22944
IR,RED,26109,22927
IR,RED,26110,22938
IR,RED,26101,22929
IR,RED,26098,22941
IR,RED,26101,22933
IR,RED,26099,22931
IR,RED,26104,22934
IR,RED,26103,22934
IR,RED,26104,22939
IR,RED,26116,22940
IR,RED,26116,22942
IR,RED,26109,22947
IR,RED,26118,22947
IR,RED,26111,22940
IR,RED,26107,22933
IR,RED,26116,22948
IR,RED,26115,22946
IR,RED,26113,22955
IR,RED,26126,22937
IR,RED,26120,22957
IR,RED,26115,22933
IR,RED,26111,22940
IR,RED,26110,22939
IR,RED,26103,22930
IR,RED,26085,22918
IR,RED,26089,22925
IR,RED,26083,22910
IR,RED,26063,22905
IR,RED,26070,22903
IR,RED,26074,22897
IR,RED,26086,22892
IR,RED,26085,22913
IR,RED,26078,22905
IR,RED,26091,22900
IR,RED,26089,22904
IR,RED,26074,22892
IR,RED,26068,22904
IR,RED,26071,22901
IR,RED,26073,22897
IR,RED,26065,22896
IR,RED,26074,22897
IR,RED,26076,22895
IR,RED,26072,22902
IR,RED,26076,22897
IR,RED,26085,22893
IR,RED,26091,22902
IR,RED,26081,22894
IR,RED,26088,22908
IR,RED,26090,22911
IR,RED,26087,22916
IR,RED,26083,22909
IR,RED,26093,22916
IR,RED,26077,22902
IR,RED,26092,22914
IR,RED,26093,22907
IR,RED,26086,22907
IR,RED,26091,22913
IR,RED,26085,22908
IR,RED,26080,22909
IR,RED,26063,22905
IR,RED,26078,22910
IR,RED,26082,22904
IR,RED,26073,22910
IR,RED,26076,22907
IR,RED,26072,22910
IR,RED,26073,22912
IR,RED,26080,22909
IR,RED,26076,22917
IR,RED,26072,22902
IR,RED,26074,22906
IR,RED,26071,22909
IR,RED,26063,22910
IR,RED,26062,22911
IR,RED,26072,22910
IR,RED,26076,22913
IR,RED,26077,22905
IR,RED,26072,22910
IR,RED,26077,22908
IR,RED,26077,22915
IR,RED,26071,22909
IR,RED,26073,22911
IR,RED,26075,22909
IR,RED,26072,22899
IR,RED,26072,22905
IR,RED,26068,22905
IR,RED,26064,22896
IR,RED,26068,22911
IR,RED,26057,22905
IR,RED,26065,22901
IR,RED,26056,22899
IR,RED,26054,22899
IR,RED,26058,22886
IR,RED,26059,22889
IR,RED,26049,22886
IR,RED,26066,22882
IR,RED,26054,22889
IR,RED,26061,22885
IR,RED,26053,22871
IR,RED,26049,22873
IR,RED,26028,22865
IR,RED,26029,22869
IR,RED,26032,22868
IR,RED,26042,22863
IR,RED,26031,22860
IR,RED,26038,22866
IR,RED,26018,22861
IR,RED,26027,22864
IR,RED,26026,22862
IR,RED,26025,22854
IR,RED,26026,22860
IR,RED,26020,22859
IR,RED,26030,22864
IR,RED,26030,22861
IR,RED,26030,22865
IR,RED,26022,22857
IR,RED,26014,22860
IR,RED,26017,22855
IR,RED,26028,22845
IR,RED,26016,22856
IR,RED,26016,22852
IR,RED,26021,22858
IR,RED,26014,22852
IR,RED,26016,22851
IR,RED,26013,22859
IR,RED,26017,22860
IR,RED,26002,22853
IR,RED,26008,22849
IR,RED,26001,22860
IR,RED,26009,22854
IR,RED,26013,22854
IR,RED,26013,22855
IR,RED,26007,22863
IR,RED,26007,22853
IR,RED,26009,22856
IR,RED,25999,22846
IR,RED,25996,22852
IR,RED,26004,22853
IR,RED,26005,22856
IR,RED,26013,22861
IR,RED,26001,22853
IR,RED,26008,22850
IR,RED,25999,22860
IR,RED,26003,22857
IR,RED,26002,22864
IR,RED,26009,22852
IR,RED,26001,22855
IR,RED,26006,22848
IR,RED,25996,22866
IR,RED,25996,22861
IR,RED,25998,22862
IR,RED,25999,22864
IR,RED,25999,22856
IR,RED,25995,22859
IR,RED,26008,22862
IR,RED,25991,22856
IR,RED,25986,22867
IR,RED,25994,22851
IR,RED,25996,22864
IR,RED,25990,22862
IR,RED,25990,22859
IR,RED,25978,22861
IR,RED,25983,22850
IR,RED,25980,22857
IR,RED,25980,22837
IR,RED,25974,22844
IR,RED,25971,22836
IR,RED,25980,22830
IR,RED,25973,22825
IR,RED,25967,22824
IR,RED,25967,22824
IR,RED,25967,22813
IR,RED,25960,22816
IR,RED,25965,22823
IR,RED,25954,22824
IR,RED,25960,22825
IR,RED,25966,22817
IR,RED,25972,22823
IR,RED,25964,22819
IR,RED,25961,22831
IR,RED,25962,22812
IR,RED,25964,22821
IR,RED,25957,22824
IR,RED,25968,22825
IR,RED,25967,22815
IR,RED,25956,22828
IR,RED,25970,22822
IR,RED,25967,22822
IR,RED,25960,22817
IR,RED,25961,22822
IR,RED,25964,22836
IR,RED,25961,22820
IR,RED,25964,22828
IR,RED,25950,22829
IR,RED,25975,22824
IR,RED,25964,22825
IR,RED,25961,22828
IR,RED,25965,22823
IR,RED,25964,22823
IR,RED,25963,22828
IR,RED,25972,22825
IR,RED,25960,22844
IR,RED,25967,22822
IR,RED,25957,22827
IR,RED,25953,22819
IR,RED,25958,22820
IR,RED,25947,22829
IR,RED,25951,22823
IR,RED,25954,22824
IR,RED,25954,22821
IR,RED,25952,22830
IR,RED,25954,22829
IR,RED,25956,22824
IR,RED,25949,22834
IR,RED,25962,22815
IR,RED,25957,22826
IR,RED,25953,22822
IR,RED,25956,22824
IR,RED,25951,22818
IR,RED,25956,22816
IR,RED,25949,22818
IR,RED,25946,22817
IR,RED,25956,22823
IR,RED,25949,22817
IR,RED,25942,22820
IR,RED,25940,22823
IR,RED,25939,22825
IR,RED,25944,22819
IR,RED,25949,22828
IR,RED,25947,22829
IR,RED,25957,22824
IR,RED,25958,22829
IR,RED,25954,22841
IR,RED,25958,22826
IR,RED,25942,22828
IR,RED,25952,22821
IR,RED,25944,22827
IR,RED,25943,22811
IR,RED,25943,22818
IR,RED,25937,22807
IR,RED,25939,22809
IR,RED,25935,22807
IR,RED,25942,22814
IR,RED,25938,22806
IR,RED,25953,22804
IR,RED,25958,22808
IR,RED,25946,22808
IR,RED,25941,22808
IR,RED,25938,22805
IR,RED,25934,22800
IR,RED,25951,22808
IR,RED,25941,22815
IR,RED,25947,22818
IR,RED,25947,22819
IR,RED,25949,22819
IR,RED,25943,22809
IR,RED,25941,22811
IR,RED,25946,22804
IR,RED,25942,22809
IR,RED,25943,22801
IR,RED,25949,22804
IR,RED,25945,22810
IR,RED,25951,22820
IR,RED,25934,22814
IR,RED,25943,22811
IR,RED,25933,22805
IR,RED,25942,22809
IR,RED,25934,22818
IR,RED,25936,22811
IR,RED,25940,22820
IR,RED,25944,22814
IR,RED,25927,22802
IR,RED,25933,22809
IR,RED,25924,22807
IR,RED,25924,22811
IR,RED,25924,22796
IR,RED,25924,22810
IR,RED,25924,22799
IR,RED,25915,22805
IR,RED,25932,22807
IR,RED,25923,22798
IR,RED,25923,22799
IR,RED,25928,22794
IR,RED,25916,22777
IR,RED,25918,22796
IR,RED,25911,22790
IR,RED,25916,22794
IR,RED,25911,22790
IR,RED,25905,22790
IR,RED,25907,22793
IR,RED,25895,22788
IR,RED,25903,22797
IR,RED,25906,22784
IR,RED,25901,22790
IR,RED,25902,22793
IR,RED,25909,22792
IR,RED,25911,22784
IR,RED,25900,22792
IR,RED,25905,22794
IR,RED,25899,22798
IR,RED,25909,22805
IR,RED,25912,22802
IR,RED,25912,22797
IR,RED,25919,22800
IR,RED,25899,22801
IR,RED,25901,22800
IR,RED,25902,22790
IR,RED,25898,22791
IR,RED,25900,22796
IR,RED,25892,22791
IR,RED,25890,22771
IR,RED,25893,22775
IR,RED,25894,22767
IR,RED,25884,22776
IR,RED,25898,22773
IR,RED,25885,22777
IR,RED,25880,22766
IR,RED,25882,22774
IR,RED,25892,22769
IR,RED,25899,22767
IR,RED,25882,22760
IR,RED,25877,22762
IR,RED,25883,22759
IR,RED,25868,22766
IR,RED,25877,22757
IR,RED,25881,22751
IR,RED,25884,22748
IR,RED,25888,22758
IR,RED,25871,22764
IR,RED,25874,22758
IR,RED,25882,22758
IR,RED,25875,22740
IR,RED,25881,22754
IR,RED,25872,22760
IR,RED,25870,22746
IR,RED,25877,22741
IR,RED,25869,22747
IR,RED,25872,22750
IR,RED,25862,22747
IR,RED,25862,22747
IR,RED,25860,22739
IR,RED,25867,22745
IR,RED,25866,22746
IR,RED,25857,22750
IR,RED,25848,22742
IR,RED,25862,22742
IR,RED,25853,22735
IR,RED,25857,22728
IR,RED,25855,22731
IR,RED,25845,22735
IR,RED,25850,22729
IR,RED,25839,22733
IR,RED,25842,22743
IR,RED,25846,22737
IR,RED,25849,22734
IR,RED,25844,22727
IR,RED,25844,22734
IR,RED,25844,22738
IR,RED,25841,22733
IR,RED,25833,22728
IR,RED,25837,22727
IR,RED,25850,22735
IR,RED,25839,22743
IR,RED,25837,22740
IR,RED,25833,22734
IR,RED,25838,22735
IR,RED,25846,22736
IR,RED,25841,22734
IR,RED,25841,22735
IR,RED,25838,22742
IR,RED,25836,22732
IR,RED,25847,22749
IR,RED,25834,22747
IR,RED,25839,22745
IR,RED,25836,22753
IR,RED,25844,22754
IR,RED,25836,22744
IR,RED,25831,22743
IR,RED,25830,22743
IR,RED,25825,22736
IR,RED,25832,22730
IR,RED,25833,22732
IR,RED,25826,22731
IR,RED,25825,22728
IR,RED,25819,22717
IR,RED,25818,22709
IR,RED,25810,22713
IR,RED,25812,22705
IR,RED,25796,22708
IR,RED,25803,22706
IR,RED,25807,22695
IR,RED,25806,22706
IR,RED,25802,22702
IR,RED,25796,22707
IR,RED,25802,22700
IR,RED,25794,22695
IR,RED,25806,22696
IR,RED,25813,22698
IR,RED,25808,22696
IR,RED,25804,22701
IR,RED,25810,22703
IR,RED,25808,22705
IR,RED,25802,22705
IR,RED,25814,22710
IR,RED,25810,22700
IR,RED,25801,22710
IR,RED,25816,22700
IR,RED,25793,22698
IR,RED,25810,22706
IR,RED,25808,22701
IR,RED,25802,22695
IR,RED,25808,22696
IR,RED,25800,22696
IR,RED,25789,22697
IR,RED,25812,22712
IR,RED,25794,22700
IR,RED,25802,22708
IR,RED,25802,22703
IR,RED,25800,22704
IR,RED,25801,22704
IR,RED,25798,22699
IR,RED,25802,22701
IR,RED,25799,22704
IR,RED,25794,22703
IR,RED,25802,22692
IR,RED,25811,22706
IR,RED,25801,22701
IR,RED,25800,22706
IR,RED,25817,22711
IR,RED,25807,22707
IR,RED,25797,22717
IR,RED,25806,22715
IR,RED,25795,22708
IR,RED,25797,22707
IR,RED,25797,22715
IR,RED,25802,22701
IR,RED,25802,22709
IR,RED,25802,22714
IR,RED,25814,22720
IR,RED,25807,22705
IR,RED,25798,22724
IR,RED,25799,22715
IR,RED,25810,22728
IR,RED,25809,22721
IR,RED,25810,22730
IR,RED,25797,22728
IR,RED,25802,22730
IR,RED,25810,22738
IR,RED,25812,22742
IR,RED,25814,22731
IR,RED,25812,22732
IR,RED,25811,22745
IR,RED,25813,22737
IR,RED,25812,22731
IR,RED,25804,22726
IR,RED,25793,22722
IR,RED,25803,22726
IR,RED,25790,22714
IR,RED,25806,22713
IR,RED,25795,22706
IR,RED,25787,22698
IR,RED,25779,22697
IR,RED,25779,22696
IR,RED,25780,22704
IR,RED,25780,22693
IR,RED,25787,22696
IR,RED,25782,22700
IR,RED,25789,22702
IR,RED,25787,22700
IR,RED,25787,22699
IR,RED,25782,22690
IR,RED,25783,22693
IR,RED,25785,22687
IR,RED,25794,22695
IR,RED,25801,22692
IR,RED,25788,22690
IR,RED,25785,22693
IR,RED,25773,22698
IR,RED,25781,22687
IR,RED,25793,22694
IR,RED,25788,22687
IR,RED,25788,22696
IR,RED,25784,22693
IR,RED,25787,22684
IR,RED,25781,22689
IR,RED,25779,22696
IR,RED,25783,22685
IR,RED,25780,22692
IR,RED,25786,22691
IR,RED,25784,22690
IR,RED,25787,22685
IR,RED,25784,22690
IR,RED,25781,22696
IR,RED,25782,22692
IR,RED,25789,22691
IR,RED,25789,22696
IR,RED,25776,22690
IR,RED,25785,22689
IR,RED,25775,22691
IR,RED,25770,22680
IR,RED,25764,22679
IR,RED,25770,22683
IR,RED,25776,22685
IR,RED,25770,22689
IR,RED,25772,22697
IR,RED,25772,22681
IR,RED,25767,22687
IR,RED,25772,22689
IR,RED,25773,22695
IR,RED,25764,22682
IR,RED,25760,22685
IR,RED,25769,22681
IR,RED,25757,22676
IR,RED,25753,22676
IR,RED,25753,22680
IR,RED,25755,22691
IR,RED,25760,22690
IR,RED,25763,22690
IR,RED,25753,22690
IR,RED,25764,22685
IR,RED,25767,22697
IR,RED,25757,22693
IR,RED,25767,22695
IR,RED,25757,22700
IR,RED,25769,22691
IR,RED,25772,22697
IR,RED,25766,22699
IR,RED,25771,22700
IR,RED,25777,22706
IR,RED,25760,22703
IR,RED,25763,22693
IR,RED,25770,22693
IR,RED,25758,22698
IR,RED,25762,22697
IR,RED,25764,22693
IR,RED,25747,22681
IR,RED,25759,22679
IR,RED,25753,22675
IR,RED,25743,22672
IR,RED,25740,22673
IR,RED,25746,22669
IR,RED,25745,22667
IR,RED,25751,22662
IR,RED,25756,22668
IR,RED,25739,22663
IR,RED,25745,22674
IR,RED,25737,22667
IR,RED,25738,22667
IR,RED,25745,22664
IR,RED,25745,22669
IR,RED,25746,22657
IR,RED,25734,22660
IR,RED,25743,22676
IR,RED,25745,22665
IR,RED,25736,22656
IR,RED,25744,22662
IR,RED,25754,22665
IR,RED,25756,22669
IR,RED,25746,22675
IR,RED,25746,22677
IR,RED,25744,22675
IR,RED,25745,22664
IR,RED,25748,22670
IR,RED,25746,22660
IR,RED,25743,22662
IR,RED,25752,22669
IR,RED,25734,22675
IR,RED,25739,22667
IR,RED,25747,22671
IR,RED,25736,22668
IR,RED,25732,22673
IR,RED,25741,22671
IR,RED,25739,22671
IR,RED,25747,22676
IR,RED,25742,22671
IR,RED,25737,22681
IR,RED,25743,22669
IR,RED,25735,22672
IR,RED,25740,22670
IR,RED,25734,22672
IR,RED,25739,22675
IR,RED,25739,22673
IR,RED,25734,22670
IR,RED,25742,22669
IR,RED,25744,22681
IR,RED,25749,22675
IR,RED,25739,22675
IR,RED,25744,22676
IR,RED,25740,22670
IR,RED,25737,22685
IR,RED,25746,22676
IR,RED,25742,22681
IR,RED,25747,22694
IR,RED,25745,22675
IR,RED,25732,22690
IR,RED,25741,22685
IR,RED,25739,22671
IR,RED,25737,22685
IR,RED,25745,22689
IR,RED,25747,22688
IR,RED,25744,22684
IR,RED,25731,22702
IR,RED,25745,22694
IR,RED,25744,22687
IR,RED,25745,22678
IR,RED,25746,22688
IR,RED,25749,22700
IR,RED,25764,22691
IR,RED,25748,22695
IR,RED,25739,22697
IR,RED,25748,22686
IR,RED,25727,22677
IR,RED,25739,22677
IR,RED,25724,22673
IR,RED,25727,22673
IR,RED,25720,22666
IR,RED,25730,22663
IR,RED,25727,22660
IR,RED,25733,22658
IR,RED,25705,22660
IR,RED,25717,22663
IR,RED,25709,22654
IR,RED,25716,22651
IR,RED,25709,22653
IR,RED,25717,22651
IR,RED,25714,22646
IR,RED,25723,22660
IR,RED,25708,22659
IR,RED,25711,22658
IR,RED,25718,22652
IR,RED,25710,22660
IR,RED,25710,22659
IR,RED,25710,22653
IR,RED,25715,22662
IR,RED,25706,22652
IR,RED,25702,22647
IR,RED,25695,22653
IR,RED,25702,22663
IR,RED,25710,22653
IR,RED,25716,22652
IR,RED,25704,22650
IR,RED,25705,22647
IR,RED,25712,22650
IR,RED,25713,22645
IR,RED,25699,22648
IR,RED,25695,22652
IR,RED,25695,22659
IR,RED,25703,22659
IR,RED,25695,22659
IR,RED,25700,22662
IR,RED,25704,22670
IR,RED,25707,22664
IR,RED,25701,22659
IR,RED,25716,22659
IR,RED,25705,22660
IR,RED,25704,22658
IR,RED,25708,22668
IR,RED,25719,22662
IR,RED,25718,22661
IR,RED,25713,22660
IR,RED,25718,22665
IR,RED,25713,22669
IR,RED,25715,22667
IR,RED,25707,22666
IR,RED,25701,22668
IR,RED,25700,22657
IR,RED,25708,22661
IR,RED,25708,22661
IR,RED,25695,22660
IR,RED,25694,22661
IR,RED,25698,22664
IR,RED,25695,22669
IR,RED,25699,22677
IR,RED,25696,22675
IR,RED,25697,22676
IR,RED,25696,22670
IR,RED,25698,22676
IR,RED,25701,22682
IR,RED,25698,22676
IR,RED,25701,22677
IR,RED,25693,22679
IR,RED,25709,22679
IR,RED,25704,22674
IR,RED,25699,22680
IR,RED,25695,22678
IR,RED,25696,22677
IR,RED,25698,22685
IR,RED,25694,22676
IR,RED,25699,22681
IR,RED,25689,22681
IR,RED,25689,22670
IR,RED,25676,22660
IR,RED,25688,22663
IR,RED,25670,22666
IR,RED,25677,22657
IR,RED,25682,22654
IR,RED,25672,22650
IR,RED,25686,22636
IR,RED,25680,22648
IR,RED,25675,22645
IR,RED,25681,22651
IR,RED,25678,22659
IR,RED,25685,22648
IR,RED,25680,22654
IR,RED,25685,22658
IR,RED,25689,22659
IR,RED,25679,22649
IR,RED,25696,22658
IR,RED,25696,22662
IR,RED,25699,22664
IR,RED,25684,22657
IR,RED,25688,22653
IR,RED,25694,22660
IR,RED,25694,22670
IR,RED,25693,22675
IR,RED,25704,22671
IR,RED,25703,22668
IR,RED,25697,22673
IR,RED,25683,22672
IR,RED,25706,22674
IR,RED,25703,22678
IR,RED,25698,22677
IR,RED,25698,22673
IR,RED,25695,22681
IR,RED,25695,22676
IR,RED,25710,22679
IR,RED,25700,22675
IR,RED,25692,22679
IR,RED,25698,22682
IR,RED,25698,22681
IR,RED,25687,22664
IR,RED,25688,22673
IR,RED,25693,22680
IR,RED,25693,22676
IR,RED,25700,22670
IR,RED,25701,22679
IR,RED,25694,22685
IR,RED,25694,22677
IR,RED,25700,22682
IR,RED,25688,22680
IR,RED,25713,22674
IR,RED,25691,22674
IR,RED,25704,22677
IR,RED,25680,22674
IR,RED,25680,22663
IR,RED,25687,22672
IR,RED,25666,22664
IR,RED,25679,22680
IR,RED,25678,22666
IR,RED,25684,22677
IR,RED,25691,22677
IR,RED,25682,22678
IR,RED,25693,22670
IR,RED,25685,22687
IR,RED,25689,22680
IR,RED,25693,22701
IR,RED,25690,22688
IR,RED,25692,22694
IR,RED,25690,22685
IR,RED,25680,22703
IR,RED,25695,22699
IR,RED,25695,22706
IR,RED,25696,22701
IR,RED,25708,22715
IR,RED,25693,22711
IR,RED,25698,22698
IR,RED,25689,22697
IR,RED,25692,22706
IR,RED,25687,22707
IR,RED,25683,22699
IR,RED,25693,22697
IR,RED,25675,22689
IR,RED,25677,22691
IR,RED,25682,22684
IR,RED,25669,22676
IR,RED,25674,22664
IR,RED,25665,22679
IR,RED,25676,22676
IR,RED,25666,22670
IR,RED,25657,22660
IR,RED,25671,22662
IR,RED,25668,22666
IR,RED,25662,22668
IR,RED,25670,22660
IR,RED,25674,22669
IR,RED,25665,22674
IR,RED,25662,22667
IR,RED,25672,22669
IR,RED,25667,22685
IR,RED,25676,22659
IR,RED,25669,22672
IR,RED,25660,22666
IR,RED,25655,22671
IR,RED,25653,22662
IR,RED,25658,22663
IR,RED,25655,22666
IR,RED,25668,22654
IR,RED,25655,22662
IR,RED,25661,22660
IR,RED,25660,22662
IR,RED,25669,22660
IR,RED,25665,22659
IR,RED,25660,22656
IR,RED,25651,22664
IR,RED,25652,22663
IR,RED,25655,22662
IR,RED,25648,22659
IR,RED,25648,22658
IR,RED,25659,22647
IR,RED,25655,22654
IR,RED,25645,22644
IR,RED,25646,22664
IR,RED,25643,22641
IR,RED,25637,22646
IR,RED,25647,22642
IR,RED,25637,22646
IR,RED,25651,22644
IR,RED,25632,22642
IR,RED,25648,22646
IR,RED,25630,22649
IR,RED,25644,22645
IR,RED,25623,22636
IR,RED,25631,22638
IR,RED,25640,22637
IR,RED,25616,22643
IR,RED,25624,22641
IR,RED,25631,22651
IR,RED,25629,22648
IR,RED,25642,22643
IR,RED,25622,22643
IR,RED,25633,22642
IR,RED,25629,22640
IR,RED,25631,22640
IR,RED,25624,22639
IR,RED,25640,22639
IR,RED,25635,22645
IR,RED,25639,22648
IR,RED,25631,22654
IR,RED,25635,22651
IR,RED,25644,22651
IR,RED,25642,22649
IR,RED,25624,22646
IR,RED,25630,22651
IR,RED,25624,22652
IR,RED,25637,22655
IR,RED,25639,22659
IR,RED,25633,22648
IR,RED,25625,22648
IR,RED,25631,22639
IR,RED,25610,22633
IR,RED,25619,22634
IR,RED,25606,22621
IR,RED,25611,22622
IR,RED,25614,22607
IR,RED,25612,22611
IR,RED,25604,22601
IR,RED,25601,22614
IR,RED,25608,22606
IR,RED,25604,22613
IR,RED,25593,22618
IR,RED,25384,22621
IR,RED,25385,22617
IR,RED,25380,22607
IR,RED,25380,22610
IR,RED,25384,22613
IR,RED,25375,22618
IR,RED,25391,22620
IR,RED,25381,22616
IR,RED,25390,22623
IR,RED,25383,22616
IR,RED,25396,22626
IR,RED,25376,22622
IR,RED,25384,22634
IR,RED,25400,22625
IR,RED,25379,22616
IR,RED,25401,22627
IR,RED,25397,22619
IR,RED,25389,22633
IR,RED,25382,22625
IR,RED,25399,22632
IR,RED,25398,22628
IR,RED,25406,22621
IR,RED,25397,22631
IR,RED,25402,22618
IR,RED,25388,22628
IR,RED,25389,22620
IR,RED,25379,22619
IR,RED,25385,22626
IR,RED,25385,22625
IR,RED,25382,22620
IR,RED,25380,22623
IR,RED,25370,22619
IR,RED,25383,22623
IR,RED,25383,22629
IR,RED,25384,22627
IR,RED,25383,22623
IR,RED,25382,22625
IR,RED,25377,22630
IR,RED,25390,22624
IR,RED,25375,22618
IR,RED,25382,22614
IR,RED,25379,22631
IR,RED,25379,22620
IR,RED,25384,22625
IR,RED,25397,22628
IR,RED,25389,22631
IR,RED,25384,22626
IR,RED,25390,22628
IR,RED,25374,22638
IR,RED,25392,22637
IR,RED,25388,22642
IR,RED,25382,22634
IR,RED,25377,22627
IR,RED,25386,22636
IR,RED,25394,22626
IR,RED,25396,22632
IR,RED,25375,22633
IR,RED,25380,22644
IR,RED,25381,22627
IR,RED,25366,22628
IR,RED,25373,22629
IR,RED,25371,22633
IR,RED,25383,22635
IR,RED,25362,22628
IR,RED,25353,22622
IR,RED,25363,22612
IR,RED,25361,22620
IR,RED,25373,22623
IR,RED,25359,22610
IR,RED,25366,22609
IR,RED,25350,22613
IR,RED,25355,22610
IR,RED,25359,22610
IR,RED,25351,22601
IR,RED,25355,22616
IR,RED,25347,22606
IR,RED,25350,22599
IR,RED,25354,22610
IR,RED,25346,22609
IR,RED,25341,22616
IR,RED,25353,22608
IR,RED,25368,22609
IR,RED,25356,22611
IR,RED,25351,22621
IR,RED,25355,22611
IR,RED,25355,22615
IR,RED,25360,22620
IR,RED,25350,22615
IR,RED,25358,22617
IR,RED,25366,22616
IR,RED,25362,22606
IR,RED,25342,22611
IR,RED,25355,22619
IR,RED,25344,22626
IR,RED,25343,22617
IR,RED,25345,22616
IR,RED,25350,22606
IR,RED,25343,22612
IR,RED,25352,22603
IR,RED,25350,22609
IR,RED,25353,22603
IR,RED,25344,22612
IR,RED,25342,22610
IR,RED,25357,22615
IR,RED,25353,22612
IR,RED,25348,22617
IR,RED,25349,22621
IR,RED,25364,22624
IR,RED,25359,22630
IR,RED,25369,22628
IR,RED,25351,22626
IR,RED,25364,22629
IR,RED,25359,22622
IR,RED,25360,22630
IR,RED,25358,22627
IR,RED,25358,22640
IR,RED,25366,22625
IR,RED,25364,22636
IR,RED,25358,22644
IR,RED,25367,22642
IR,RED,25357,22638
IR,RED,25368,22647
IR,RED,25357,22641
IR,RED,25363,22647
IR,RED,25359,22640
IR,RED,25361,22647
IR,RED,25355,22636
IR,RED,25366,22639
IR,RED,25366,22646
IR,RED,25369,22648
IR,RED,25367,22652
IR,RED,25371,22651
IR,RED,25363,22656
IR,RED,25366,22652
IR,RED,25367,22650
IR,RED,25365,22644
IR,RED,25362,22642
IR,RED,25356,22638
IR,RED,25349,22639
IR,RED,25345,22646
IR,RED,25345,22620
IR,RED,25354,22638
IR,RED,25355,22620
IR,RED,25347,22621
IR,RED,25359,22605
IR,RED,25348,22614
IR,RED,25349,22621
IR,RED,25338,22608
IR,RED,25349,22614
IR,RED,25351,22621
IR,RED,25337,22611
IR,RED,25340,22624
IR,RED,25354,22607
IR,RED,25356,22610
IR,RED,25350,22612
IR,RED,25360,22624
IR,RED,25358,22630
IR,RED,25354,22627
IR,RED,25349,22612
IR,RED,25347,22628
IR,RED,25343,22614
IR,RED,25351,22625
IR,RED,25353,22627
IR,RED,25349,22633
IR,RED,25343,22621
IR,RED,25345,22616
IR,RED,25346,22625
IR,RED,25353,22623
IR,RED,25358,22622
IR,RED,25350,22615
IR,RED,25353,22630
IR,RED,25347,22620
IR,RED,25353,22626
IR,RED,25337,22621
IR,RED,25340,22622
IR,RED,25332,22621
IR,RED,25338,22612
IR,RED,25339,22624
IR,RED,25338,22600
IR,RED,25342,22611
IR,RED,25342,22615
IR,RED,25329,22609
IR,RED,25322,22612
IR,RED,25322,22613
IR,RED,25323,22620
IR,RED,25333,22616
IR,RED,25330,22618
IR,RED,25337,22621
IR,RED,25321,22624
IR,RED,25326,22619
IR,RED,25315,22613
IR,RED,25328,22606
IR,RED,25315,22606
IR,RED,25325,22610
IR,RED,25321,22608
IR,RED,25316,22606
IR,RED,25324,22606
IR,RED,25325,22609
IR,RED,25313,22611
IR,RED,25326,22615
IR,RED,25326,22606
IR,RED,25319,22614
IR,RED,25317,22616
IR,RED,25316,22613
IR,RED,25320,22609
IR,RED,25319,22601
IR,RED,25326,22620
IR,RED,25316,22609
IR,RED,25317,22618
IR,RED,25325,22609
IR,RED,25316,22614
IR,RED,25318,22606
IR,RED,25318,22606
IR,RED,25310,22610
IR,RED,25308,22605
IR,RED,25311,22591
IR,RED,25305,22611
IR,RED,25310,22593
IR,RED,25316,22590
IR,RED,25320,22601
IR,RED,25309,22591
IR,RED,25310,22593
IR,RED,25321,22590
IR,RED,25313,22592
IR,RED,25310,22595
IR,RED,25324,22581
IR,RED,25312,22585
IR,RED,25317,22579
IR,RED,25302,22585
IR,RED,25303,22588
IR,RED,25309,22586
IR,RED,25291,22590
IR,RED,25306,22583
IR,RED,25287,22579
IR,RED,25284,22574
IR,RED,25289,22570
IR,RED,25295,22580
IR,RED,25286,22571
IR,RED,25286,22570
IR,RED,25284,22569
IR,RED,25279,22567
IR,RED,25287,22567
IR,RED,25281,22572
IR,RED,25280,22551
IR,RED,25280,22543
IR,RED,25279,22554
IR,RED,25279,22557
IR,RED,25283,22545
IR,RED,25273,22550
IR,RED,25268,22555
IR,RED,25277,22552
IR,RED,25274,22534
IR,RED,25264,22542
IR,RED,25257,22530
IR,RED,25258,22536
IR,RED,25261,22548
IR,RED,25264,22544
IR,RED,25275,22536
IR,RED,25262,22540
IR,RED,25268,22543
IR,RED,25260,22546
IR,RED,25261,22549
IR,RED,25272,22546
IR,RED,25256,22548
IR,RED,25256,22548
IR,RED,25267,22550
IR,RED,25262,22547
IR,RED,25270,22554
IR,RED,25264,22552
IR,RED,25268,22547
IR,RED,25256,22553
IR,RED,25271,22559
IR,RED,25266,22553
IR,RED,25268,22555
IR,RED,25260,22552
IR,RED,25264,22561
IR,RED,25265,22564
IR,RED,25260,22559
IR,RED,25270,22556
IR,RED,25262,22572
IR,RED,25264,22566
IR,RED,25258,22568
IR,RED,25271,22561
IR,RED,25273,22562
IR,RED,25266,22558
IR,RED,25263,22563
IR,RED,25268,22561
IR,RED,25263,22547
IR,RED,25257,22539
IR,RED,25255,22543
IR,RED,25247,22538
IR,RED,25256,22530
IR,RED,25243,22533
IR,RED,25255,22531
IR,RED,25247,22532
IR,RED,25240,22534
IR,RED,25237,22531
IR,RED,25249,22530
IR,RED,25243,22532
IR,RED,25248,22514
IR,RED,25242,22522
IR,RED,25245,22535
IR,RED,25242,22537
IR,RED,25249,22529
IR,RED,25266,22527
IR,RED,25239,22530
IR,RED,25234,22526
IR,RED,25243,22527
IR,RED,25227,22533
IR,RED,25236,22528
IR,RED,25239,22534
IR,RED,25237,22542
IR,RED,25230,22538
IR,RED,25249,22528
IR,RED,25248,22533
IR,RED,25241,22532
IR,RED,25247,22528
IR,RED,25249,22531
IR,RED,25240,22537
IR,RED,25242,22533
IR,RED,25234,22537
IR,RED,25233,22533
IR,RED,25243,22548
IR,RED,25244,22532
IR,RED,25237,22537
IR,RED,25238,22525
IR,RED,25237,22537
IR,RED,25235,22533
IR,RED,25235,22531
IR,RED,25240,22530
IR,RED,25229,22525
IR,RED,25239,22538
IR,RED,25234,22531
IR,RED,25237,22535
IR,RED,25226,22531
IR,RED,25230,22539
IR,RED,25234,22539
IR,RED,25226,22531
IR,RED,25228,22537
IR,RED,25230,22537
IR,RED,25224,22533
IR,RED,25228,22534
IR,RED,25233,22526
IR,RED,25231,22543
IR,RED,25236,22544
IR,RED,25236,22546
IR,RED,25234,22546
IR,RED,25240,22553
IR,RED,25235,22554
IR,RED,25235,22554
IR,RED,25246,22550
IR,RED,25246,22553
IR,RED,25243,22559
IR,RED,25233,22552
IR,RED,25238,22550
IR,RED,25239,22559
IR,RED,25234,22539
IR,RED,25241,22543
IR,RED,25233,22545
IR,RED,25237,22535
IR,RED,25224,22528
IR,RED,25226,22525
IR,RED,25206,22521
IR,RED,25221,22529
IR,RED,25217,22513
IR,RED,25215,22525
IR,RED,25228,22518
IR,RED,25228,22533
IR,RED,25228,22530
IR,RED,25224,22531
IR,RED,25225,22537
IR,RED,25236,22538
IR,RED,25226,22535
IR,RED,25223,22534
IR,RED,25229,22531
IR,RED,25231,22533
IR,RED,25231,22545
IR,RED,25230,22535
IR,RED,25233,22538
IR,RED,25226,22543
IR,RED,25244,22537
IR,RED,25232,22546
IR,RED,25231,22546
IR,RED,25230,22541
IR,RED,25242,22544
IR,RED,25226,22542
IR,RED,25234,22538
IR,RED,25226,22539
IR,RED,25223,22544
IR,RED,25222,22545
IR,RED,25236,22544
IR,RED,25219,22537
IR,RED,25231,22544
IR,RED,25238,22541
IR,RED,25224,22545
IR,RED,25214,22539
IR,RED,25224,22532
IR,RED,25224,22548
IR,RED,25220,22543
IR,RED,25223,22539
IR,RED,25211,22537
IR,RED,25226,22544
IR,RED,25222,22538
IR,RED,25223,22543
IR,RED,25216,22545
IR,RED,25218,22540
IR,RED,25230,22548
IR,RED,25228,22534
IR,RED,25215,22545
IR,RED,25206,22543
IR,RED,25221,22546
IR,RED,25222,22528
IR,RED,25227,22536
IR,RED,25212,22537
IR,RED,25208,22537
IR,RED,25218,22536
IR,RED,25208,22549
IR,RED,25208,22552
IR,RED,25199,22547
IR,RED,25217,22544
IR,RED,25224,22558
IR,RED,25214,22552
IR,RED,25216,22546
IR,RED,25221,22544
IR,RED,25219,22552
IR,RED,25213,22550
IR,RED,25214,22547
IR,RED,25208,22548
IR,RED,25215,22539
IR,RED,25211,22544
IR,RED,25212,22534
IR,RED,25208,22530
IR,RED,25205,22525
IR,RED,25198,22515
IR,RED,25197,22510
IR,RED,25187,22514
IR,RED,25188,22511
IR,RED,25195,22518
IR,RED,25170,22515
IR,RED,25202,22519
IR,RED,25179,22511
IR,RED,25185,22517
IR,RED,25191,22508
IR,RED,25177,22504
IR,RED,25173,22505
IR,RED,25174,22495
IR,RED,25179,22502
IR,RED,25176,22502
IR,RED,25178,22490
IR,RED,25169,22500
IR,RED,25175,22492
IR,RED,25165,22498
IR,RED,25174,22495
IR,RED,25176,22501
IR,RED,25167,22504
IR,RED,25156,22487
IR,RED,25154,22493
IR,RED,25160,22487
IR,RED,25162,22476
IR,RED,25150,22485
IR,RED,25165,22493
IR,RED,25157,22484
IR,RED,25163,22490
IR,RED,25159,22481
IR,RED,25167,22472
IR,RED,25152,22479
IR,RED,25148,22482
IR,RED,25140,22476
IR,RED,25138,22480
IR,RED,25154,22480
IR,RED,25132,22481
IR,RED,25137,22482
IR,RED,25136,22480
IR,RED,25144,22481
IR,RED,25140,22483
IR,RED,25138,22477
IR,RED,25138,22481
IR,RED,25136,22487
IR,RED,25133,22469
IR,RED,25142,22486
IR,RED,25141,22473
IR,RED,25146,22478
IR,RED,25139,22487
IR,RED,25143,22485
IR,RED,25136,22483
IR,RED,25147,22484
IR,RED,25144,22483
IR,RED,25154,22478
IR,RED,25140,22477
IR,RED,25155,22481
IR,RED,25133,22491
IR,RED,25146,22483
IR,RED,25148,22487
IR,RED,25147,22486
IR,RED,25141,22489
IR,RED,25149,22481
IR,RED,25144,22480
IR,RED,25134,22487
IR,RED,25144,22493
IR,RED,25138,22482
IR,RED,25136,22478
IR,RED,25137,22479
IR,RED,25133,22469
IR,RED,25141,22468
IR,RED,25124,22459
IR,RED,25138,22454
IR,RED,25112,22451
IR,RED,25112,22442
IR,RED,25115,22442
IR,RED,25117,22437
IR,RED,25122,22443
IR,RED,25129,22438
IR,RED,25136,22436
IR,RED,25121,22441
IR,RED,25112,22444
IR,RED,25106,22428
IR,RED,25127,22430
IR,RED,25107,22425
IR,RED,25114,22429
IR,RED,25109,22434
IR,RED,25101,22440
IR,RED,25105,22428
IR,RED,25116,22427
IR,RED,25100,22427
IR,RED,25109,22423
IR,RED,25112,22437
IR,RED,25099,22425
IR,RED,25107,22428
IR,RED,25098,22438
IR,RED,25098,22440
IR,RED,25106,22425
IR,RED,25103,22433
IR,RED,25099,22422
IR,RED,25099,22440
IR,RED,25099,22427
IR,RED,25093,22426
IR,RED,25102,22435
IR,RED,25098,22442
IR,RED,25092,22436
IR,RED,25095,22429
IR,RED,25094,22439
IR,RED,25115,22436
IR,RED,25114,22439
IR,RED,25101,22437
IR,RED,25106,22440
IR,RED,25107,22447
IR,RED,25109,22440
IR,RED,25102,22444
IR,RED,25122,22447
IR,RED,25103,22438
IR,RED,25107,22438
IR,RED,25105,22439
IR,RED,25107,22443
IR,RED,25110,22447
IR,RED,25100,22439
IR,RED,25098,22442
IR,RED,25098,22433
IR,RED,25102,22445
IR,RED,25097,22448
IR,RED,25082,22436
IR,RED,25097,22438
IR,RED,25106,22448
IR,RED,25100,22446
IR,RED,25092,22456
IR,RED,25106,22453
IR,RED,25114,22450
IR,RED,25109,22444
IR,RED,25104,22453
IR,RED,25094,22446
IR,RED,25100,22434
IR,RED,25089,22447
IR,RED,25094,22433
IR,RED,25085,22427
IR,RED,25087,22422
IR,RED,25076,22413
IR,RED,25074,22419
IR,RED,25075,22408
IR,RED,25086,22415
IR,RED,25072,22409
IR,RED,25081,22404
IR,RED,25081,22419
IR,RED,25081,22418
IR,RED,25084,22405
IR,RED,25080,22405
IR,RED,25084,22407
IR,RED,25078,22411
IR,RED,25066,22403
IR,RED,25081,22403
IR,RED,25071,22415
IR,RED,25074,22414
IR,RED,25067,22416
IR,RED,25075,22410
IR,RED,25072,22416
IR,RED,25072,22405
IR,RED,25075,22403
IR,RED,25083,22417
IR,RED,25079,22419
IR,RED,25085,22412
IR,RED,25082,22412
IR,RED,25088,22418
IR,RED,25085,22419
IR,RED,25082,22413
IR,RED,25085,22414
IR,RED,25077,22411
IR,RED,25081,22418
IR,RED,25089,22420
IR,RED,25078,22417
IR,RED,25091,22420
IR,RED,25075,22420
IR,RED,25093,22422
IR,RED,25081,22428
IR,RED,25086,22428
IR,RED,25087,22426
IR,RED,25084,22422
IR,RED,25076,22431
IR,RED,25079,22424
IR,RED,25091,22424
IR,RED,25078,22413
IR,RED,25087,22434
IR,RED,25085,22429
IR,RED,25096,22425
IR,RED,25092,22420
IR,RED,25087,22423
IR,RED,25083,22421
IR,RED,25085,22428
IR,RED,25098,22431
IR,RED,25092,22439
IR,RED,25087,22440
IR,RED,25091,22442
IR,RED,25086,22437
IR,RED,25091,22441
IR,RED,25087,22444
IR,RED,25095,22437
IR,RED,25088,22442
IR,RED,25105,22454
IR,RED,25099,22448
IR,RED,25094,22450
IR,RED,25093,22450
IR,RED,25107,22443
IR,RED,25092,22449
IR,RED,25106,22428
IR,RED,25100,22444
IR,RED,25102,22435
IR,RED,25086,22430
IR,RED,25084,22429
IR,RED,25074,22421
IR,RED,25081,22420
IR,RED,25074,22419
IR,RED,25074,22411
IR,RED,25077,22410
IR,RED,25074,22406
IR,RED,25075,22410
IR,RED,25088,22426
IR,RED,25072,22409
IR,RED,25070,22408
IR,RED,25073,22407
IR,RED,25062,22401
IR,RED,25063,22399
IR,RED,25075,22411
IR,RED,25079,22403
IR,RED,25071,22410
IR,RED,25064,22412
IR,RED,25081,22410
IR,RED,25061,22412
IR,RED,25062,22407
IR,RED,25085,22414
IR,RED,25071,22414
IR,RED,25085,22398
IR,RED,25064,22405
IR,RED,25079,22397
IR,RED,25071,22405
IR,RED,25071,22404
IR,RED,25065,22402
IR,RED,25082,22413
IR,RED,25075,22404
IR,RED,25070,22405
IR,RED,25059,22416
IR,RED,25068,22406
IR,RED,25072,22412
IR,RED,25078,22418
IR,RED,25076,22403
IR,RED,25069,22411
IR,RED,25066,22409
IR,RED,25054,22408
IR,RED,25063,22416
IR,RED,25059,22409
IR,RED,25055,22412
IR,RED,25058,22406
IR,RED,25042,22412
IR,RED,25059,22399
IR,RED,25042,22406
IR,RED,25051,22397
IR,RED,25050,22405
IR,RED,25062,22401
IR,RED,25057,22409
IR,RED,25046,22403
IR,RED,25045,22418
IR,RED,25066,22407
IR,RED,25052,22407
IR,RED,25066,22410
IR,RED,25051,22409
IR,RED,25052,22412
IR,RED,25063,22406
IR,RED,25065,22411
IR,RED,25063,22404
IR,RED,25057,22409
IR,RED,25071,22408
IR,RED,25056,22421
IR,RED,25068,22409
IR,RED,25045,22411
IR,RED,25050,22404
IR,RED,25053,22406
IR,RED,25035,22398
IR,RED,25050,22389
IR,RED,25039,22369
IR,RED,25030,22386
IR,RED,25027,22364
IR,RED,25039,22372
IR,RED,25025,22367
IR,RED,25019,22362
IR,RED,25040,22354
IR,RED,25012,22368
IR,RED,25025,22351
IR,RED,25017,22364
IR,RED,25018,22350
IR,RED,25022,22359
IR,RED,25023,22353
IR,RED,25016,22352
IR,RED,25011,22359
IR,RED,25019,22357
IR,RED,25013,22343
IR,RED,25015,22343
IR,RED,25016,22338
IR,RED,25012,22337
IR,RED,25033,22347
IR,RED,25022,22340
IR,RED,25010,22340
IR,RED,25014,22352
IR,RED,25006,22343
IR,RED,24995,22342
IR,RED,24999,22343
IR,RED,25011,22346
IR,RED,25019,22348
IR,RED,25009,22355
IR,RED,25018,22348
IR,RED,25028,22354
IR,RED,25024,22348
IR,RED,25015,22349
IR,RED,25018,22334
IR,RED,25012,22342
IR,RED,25009,22351
IR,RED,25016,22337
IR,RED,25010,22345
IR,RED,25014,22343
IR,RED,25005,22343
IR,RED,25005,22352
IR,RED,25026,22354
IR,RED,25010,22352
IR,RED,25009,22352
IR,RED,25014,22345
IR,RED,25018,22348
IR,RED,25017,22344
IR,RED,25011,22343
IR,RED,25003,22353
IR,RED,25014,22352
IR,RED,25001,22365
IR,RED,25021,22356
IR,RED,25000,22357
IR,RED,25016,22358
IR,RED,25010,22350
IR,RED,25007,22351
IR,RED,25015,22362
IR,RED,25018,22351
IR,RED,25021,22358
IR,RED,25016,22373
IR,RED,25006,22361
IR,RED,25014,22363
IR,RED,25017,22370
IR,RED,25014,22363
IR,RED,25018,22360
IR,RED,25024,22362
IR,RED,25003,22357
IR,RED,25017,22342
IR,RED,25003,22351
IR,RED,24995,22344
IR,RED,24990,22349
IR,RED,24998,22333
IR,RED,24997,22349
IR,RED,25010,22341
IR,RED,24994,22335
IR,RED,24998,22339
IR,RED,25010,22341
IR,RED,24999,22341
IR,RED,24996,22346
IR,RED,25004,22343
IR,RED,25003,22342
IR,RED,25012,22335
IR,RED,25010,22344
IR,RED,25017,22339
IR,RED,24999,22317
IR,RED,24991,22347
IR,RED,24999,22330
IR,RED,25015,22333
IR,RED,25005,22336
IR,RED,24997,22340
IR,RED,24997,22328
IR,RED,25003,22345
IR,RED,24988,22343
IR,RED,25007,22338
IR,RED,24990,22330
IR,RED,25006,22333
IR,RED,24994,22339
IR,RED,25004,22332
IR,RED,24998,22324
IR,RED,24989,22327
IR,RED,24979,22331
IR,RED,24991,22329
IR,RED,24993,22321
IR,RED,24994,22326
IR,RED,24992,22332
IR,RED,24969,22334
IR,RED,24997,22329
IR,RED,24999,22329
IR,RED,24990,22330
IR,RED,24980,22346
IR,RED,24989,22322
IR,RED,24991,22328
IR,RED,24987,22324
IR,RED,24985,22328
IR,RED,24997,22335
IR,RED,24995,22330
IR,RED,24991,22327
IR,RED,24993,22332
IR,RED,24993,22339
IR,RED,24992,22347
IR,RED,24992,22335
IR,RED,24999,22340
IR,RED,25001,22338
IR,RED,25000,22348
IR,RED,25012,22352
IR,RED,24998,22354
IR,RED,24999,22347
IR,RED,25010,22355
IR,RED,25004,22363
IR,RED,24998,22361
IR,RED,25004,22353
IR,RED,25000,22357
IR,RED,25013,22356
IR,RED,24998,22345
IR,RED,24996,22348
IR,RED,24978,22352
IR,RED,24987,22333
IR,RED,24991,22328
IR,RED,25001,22335
IR,RED,24990,22333
IR,RED,25002,22327
IR,RED,24981,22328
IR,RED,24994,22328
IR,RED,24995,22327
IR,RED,25003,22325
IR,RED,24989,22325
IR,RED,24972,22327
IR,RED,24993,22326
IR,RED,24993,22320
IR,RED,24976,22322
IR,RED,24981,22316
IR,RED,24984,22329
IR,RED,24990,22318
IR,RED,24978,22327
IR,RED,24988,22327
IR,RED,24978,22329
IR,RED,24984,22316
IR,RED,24999,22315
IR,RED,24977,22311
IR,RED,24987,22325
IR,RED,24987,22330
IR,RED,24992,22325
IR,RED,24987,22336
IR,RED,25000,22324
IR,RED,24992,22319
IR,RED,24985,22330
IR,RED,24986,22327
IR,RED,24990,22320
IR,RED,25001,22313
IR,RED,24991,22320
IR,RED,24988,22327
IR,RED,24974,22321
IR,RED,24979,22318
IR,RED,24985,22319
IR,RED,24982,22322
IR,RED,24954,22312
IR,RED,24980,22313
IR,RED,24972,22330
IR,RED,24976,22317
IR,RED,24969,22320
IR,RED,24979,22315
IR,RED,24981,22327
IR,RED,24987,22315
IR,RED,24975,22324
IR,RED,24988,22322
IR,RED,24971,22331
IR,RED,24984,22333
IR,RED,24962,22323
IR,RED,24963,22330
IR,RED,24968,22327
IR,RED,24977,22322
IR,RED,24968,22320
IR,RED,24980,22326
IR,RED,24981,22332
IR,RED,24982,22333
IR,RED,24970,22326
IR,RED,24990,22332
IR,RED,24994,22334
IR,RED,24974,22329
IR,RED,24969,22335
IR,RED,24982,22333
IR,RED,24968,22325
IR,RED,24988,22323
IR,RED,24976,22321
IR,RED,24970,22318
IR,RED,24977,22310
IR,RED,24972,22304
IR,RED,24968,22305
IR,RED,24958,22292
IR,RED,24967,22298
IR,RED,24954,22296
IR,RED,24978,22294
IR,RED,24977,22299
IR,RED,24959,22306
IR,RED,24958,22310
IR,RED,24964,22286
IR,RED,24956,22284
IR,RED,24969,22293
IR,RED,24964,22293
IR,RED,24971,22300
IR,RED,24958,22294
IR,RED,24963,22289
IR,RED,24965,22298
IR,RED,24967,22285
IR,RED,24965,22294
IR,RED,24971,22289
IR,RED,24974,22289
IR,RED,24969,22297
IR,RED,24965,22301
IR,RED,24967,22299
IR,RED,24955,22287
IR,RED,24961,22292
IR,RED,24964,22285
IR,RED,24960,22285
IR,RED,24970,22288
IR,RED,24959,22280
IR,RED,24961,22287
IR,RED,24962,22292
IR,RED,24962,22290
IR,RED,24974,22284
IR,RED,24965,22297
IR,RED,24956,22303
IR,RED,24965,22295
IR,RED,24960,22288
IR,RED,24959,22299
IR,RED,24946,22302
IR,RED,24960,22290
IR,RED,24958,22303
IR,RED,24964,22293
IR,RED,24964,22295
IR,RED,24971,22294
IR,RED,24957,22298
IR,RED,24968,22298
IR,RED,24952,22302
IR,RED,24962,22296
IR,RED,24946,22289
IR,RED,24956,22288
IR,RED,24968,22307
IR,RED,24964,22300
IR,RED,24956,22307
IR,RED,24960,22307
IR,RED,24957,22300
IR,RED,24960,22311
IR,RED,24956,22305
IR,RED,24954,22310
IR,RED,24964,22306
IR,RED,24949,22299
IR,RED,24964,22304
IR,RED,24957,22313
IR,RED,24961,22319
IR,RED,24948,22311
IR,RED,24955,22316
IR,RED,24951,22304
IR,RED,24942,22298
IR,RED,24950,22297
IR,RED,24941,22287
IR,RED,24941,22283
IR,RED,24939,22275
IR,RED,24946,22271
IR,RED,24935,22264
IR,RED,24939,22271
IR,RED,24946,22278
IR,RED,24940,22283
IR,RED,24939,22277
IR,RED,24935,22283
IR,RED,24946,22281
IR,RED,24946,22282
IR,RED,24932,22269
IR,RED,24944,22276
IR,RED,24942,22278
IR,RED,24952,22278
IR,RED,24932,22272
IR,RED,24943,22276
IR,RED,24941,22274
IR,RED,24950,22274
IR,RED,24957,22276
IR,RED,24947,22282
IR,RED,24947,22275
IR,RED,24947,22280
IR,RED,24950,22277
IR,RED,24957,22284
IR,RED,24951,22278
IR,RED,24951,22281
IR,RED,24950,22277
IR,RED,24941,22288
IR,RED,24939,22274
IR,RED,24947,22270
IR,RED,24941,22277
IR,RED,24946,22267
IR,RED,24951,22271
IR,RED,24940,22272
IR,RED,24937,22273
IR,RED,24939,22278
IR,RED,24931,22264
IR,RED,24945,22252
IR,RED,24941,22260
IR,RED,24930,22262
IR,RED,24930,22264
IR,RED,24932,22273
IR,RED,24941,22269
IR,RED,24940,22268
IR,RED,24936,22272
IR,RED,24929,22272
IR,RED,24933,22269
IR,RED,24932,22269
IR,RED,24939,22278
IR,RED,24934,22262
IR,RED,24934,22268
IR,RED,24941,22273
IR,RED,24930,22282
IR,RED,24934,22271
IR,RED,24922,22277
IR,RED,24924,22269
IR,RED,24920,22277
IR,RED,24926,22264
IR,RED,24930,22274
IR,RED,24930,22263
IR,RED,24924,22272
IR,RED,24919,22268
IR,RED,24912,22256
IR,RED,24909,22241
IR,RED,24904,22239
IR,RED,24903,22231
IR,RED,24894,22237
IR,RED,24898,22232
IR,RED,24895,22224
IR,RED,24898,22224
IR,RED,24900,22229
IR,RED,24887,22230
IR,RED,24899,22233
IR,RED,24906,22237
IR,RED,24908,22229
IR,RED,24904,22239
IR,RED,24900,22221
IR,RED,24896,22223
IR,RED,24901,22238
IR,RED,24902,22234
IR,RED,24906,22235
IR,RED,24907,22230
IR,RED,24903,22238
IR,RED,24899,22241
IR,RED,24900,22227
IR,RED,24901,22240
IR,RED,24903,22229
IR,RED,24902,22237
IR,RED,24911,22244
IR,RED,24896,22244
IR,RED,24909,22234
IR,RED,24905,22255
IR,RED,24910,22237
IR,RED,24909,22249
IR,RED,24921,22242
IR,RED,24891,22244
IR,RED,24899,22240
IR,RED,24911,22245
IR,RED,24912,22244
IR,RED,24910,22239
IR,RED,24901,22247
IR,RED,24908,22246
IR,RED,24908,22253
IR,RED,24902,22245
IR,RED,24900,22247
IR,RED,24912,22244
IR,RED,24904,22248
IR,RED,24903,22258
IR,RED,24912,22244
IR,RED,24911,22253
IR,RED,24912,22254
IR,RED,24915,22253
IR,RED,24905,22253
IR,RED,24905,22256
IR,RED,24913,22247
IR,RED,24907,22251
IR,RED,24894,22246
IR,RED,24901,22253
IR,RED,24898,22249
IR,RED,24903,22244
IR,RED,24896,22254
IR,RED,24885,22247
IR,RED,24887,22234
IR,RED,24892,22245
IR,RED,24885,22243
IR,RED,24876,22230
IR,RED,24872,22232
IR,RED,24878,22226
IR,RED,24874,22213
IR,RED,24869,22208
IR,RED,24865,22206
IR,RED,24871,22204
IR,RED,24884,22201
IR,RED,24870,22205
IR,RED,24880,22211
IR,RED,24857,22209
IR,RED,24874,22216
IR,RED,24860,22215
IR,RED,24881,22216
IR,RED,24867,22209
IR,RED,24868,22207
IR,RED,24879,22204
IR,RED,24876,22213
IR,RED,24871,22219
IR,RED,24876,22229
IR,RED,24876,22223
IR,RED,24875,22215
IR,RED,24877,22214
IR,RED,24882,22222
IR,RED,24878,22216
IR,RED,24879,22215
IR,RED,24884,22219
IR,RED,24878,22216
IR,RED,24880,22219
IR,RED,24887,22207
IR,RED,24886,22211
IR,RED,24874,22218
IR,RED,24882,22218
IR,RED,24881,22224
IR,RED,24896,22210
IR,RED,24885,22223
IR,RED,24876,22211
IR,RED,24873,22213
IR,RED,24882,22215
IR,RED,24875,22215
IR,RED,24872,22211
IR,RED,24863,22221
IR,RED,24863,22213
IR,RED,24879,22211
IR,RED,24880,22217
IR,RED,24871,22219
IR,RED,24868,22214
IR,RED,24879,22210
IR,RED,24880,22216
IR,RED,24871,22226
IR,RED,24876,22229
IR,RED,24868,22224
IR,RED,24866,22213
IR,RED,24866,22227
IR,RED,24877,22232
IR,RED,24874,22228
IR,RED,24861,22223
IR,RED,24865,22219
IR,RED,24862,22217
IR,RED,24855,22223
IR,RED,24858,22209
IR,RED,24855,22209
IR,RED,24849,22199
IR,RED,24842,22202
IR,RED,24850,22203
IR,RED,24850,22202
IR,RED,24854,22206
IR,RED,24856,22191
IR,RED,24855,22195
IR,RED,24852,22206
IR,RED,24856,22195
IR,RED,24866,22203
IR,RED,24856,22198
IR,RED,24861,22202
IR,RED,24860,22207
IR,RED,24866,22208
IR,RED,24870,22200
IR,RED,24861,22215
IR,RED,24869,22214
IR,RED,24852,22216
IR,RED,24871,22220
IR,RED,24866,22227
IR,RED,24882,22232
IR,RED,24880,22222
IR,RED,24882,22239
IR,RED,24878,22228
IR,RED,24883,22223
IR,RED,24888,22231
IR,RED,24877,22233
IR,RED,24874,22233
IR,RED,24874,22229
IR,RED,24880,22226
IR,RED,24876,22218
IR,RED,24885,22228
IR,RED,24884,22234
IR,RED,24883,22231
IR,RED,24879,22223
IR,RED,24887,22227
IR,RED,24878,22226
IR,RED,24880,22225
IR,RED,24879,22218
IR,RED,24883,22225
IR,RED,24867,22219
IR,RED,24864,22219
IR,RED,24858,22218
IR,RED,24857,22226
IR,RED,24868,22224
IR,RED,24865,22210
IR,RED,24862,22212
IR,RED,24860,22217
IR,RED,24857,22216
IR,RED,24860,22211
IR,RED,24859,22212
IR,RED,24862,22220
IR,RED,24868,22220
IR,RED,24867,22224
IR,RED,24873,22226
IR,RED,24862,22227
IR,RED,24866,22213
IR,RED,24865,22214
IR,RED,24856,22221
IR,RED,24877,22223
IR,RED,24861,22224
IR,RED,24852,22218
IR,RED,24852,22208
IR,RED,24853,22207
IR,RED,24842,22198
IR,RED,24835,22192
IR,RED,24841,22194
IR,RED,24842,22195
IR,RED,24840,22182
IR,RED,24837,22184
IR,RED,24844,22184
IR,RED,24824,22176
IR,RED,24828,22171
IR,RED,24836,22172
IR,RED,24836,22183
IR,RED,24844,22178
IR,RED,24843,22170
IR,RED,24831,22180
IR,RED,24844,22172
IR,RED,24843,22173
IR,RED,24840,22174
IR,RED,24840,22182
IR,RED,24834,22178
IR,RED,24840,22177
IR,RED,24845,22187
IR,RED,24845,22183
IR,RED,24846,22187
IR,RED,24848,22193
IR,RED,24850,22198
IR,RED,24861,22203
IR,RED,24848,22195
IR,RED,24856,22187
IR,RED,24846,22182
IR,RED,24844,22181
IR,RED,24846,22196
IR,RED,24846,22191
IR,RED,24844,22185
IR,RED,24849,22198
IR,RED,24840,22189
IR,RED,24835,22204
IR,RED,24844,22185
IR,RED,24839,22204
IR,RED,24835,22186
IR,RED,24845,22188
IR,RED,24830,22184
IR,RED,24832,22181
IR,RED,24840,22186
IR,RED,24837,22188
IR,RED,24828,22187
IR,RED,24830,22181
IR,RED,24827,22185
IR,RED,24826,22188
IR,RED,24823,22190
IR,RED,24819,22178
IR,RED,24823,22177
IR,RED,24829,22181
IR,RED,24815,22181
IR,RED,24828,22173
IR,RED,24820,22183
IR,RED,24830,22177
IR,RED,24823,22178
IR,RED,24818,22180
IR,RED,24820,22182
IR,RED,24817,22179
IR,RED,24813,22179
IR,RED,24819,22182
IR,RED,24815,22183
IR,RED,24802,22181
IR,RED,24816,22183
IR,RED,24810,22177
IR,RED,24816,22181
IR,RED,24811,22174
IR,RED,24810,22187
IR,RED,24810,22179
IR,RED,24805,22178
IR,RED,24798,22161
IR,RED,24798,22151
IR,RED,24803,22163
IR,RED,24794,22146
IR,RED,24787,22159
IR,RED,24792,22153
IR,RED,24787,22147
IR,RED,24799,22156
IR,RED,24799,22150
IR,RED,24790,22152
IR,RED,24810,22154
IR,RED,24814,22153
IR,RED,24812,22148
IR,RED,24800,22152
IR,RED,24802,22157
IR,RED,24805,22158
IR,RED,24808,22148
IR,RED,24804,22160
IR,RED,24825,22156
IR,RED,24818,22163
IR,RED,24816,22160
IR,RED,24810,22166
IR,RED,24817,22165
IR,RED,24813,22174
IR,RED,24815,22163
IR,RED,24814,22164
IR,RED,24816,22170
IR,RED,24808,22175
IR,RED,24816,22162
IR,RED,24798,22167
IR,RED,24808,22158
IR,RED,24807,22160
IR,RED,24807,22158
IR,RED,24814,22159
IR,RED,24801,22149
IR,RED,24799,22157
IR,RED,24805,22153
IR,RED,24788,22152
IR,RED,24797,22148
IR,RED,24800,22159
IR,RED,24791,22140
IR,RED,24791,22146
IR,RED,24794,22154
IR,RED,24792,22158
IR,RED,24796,22151
IR,RED,24784,22158
IR,RED,24788,22165
IR,RED,24789,22152
IR,RED,24792,22162
IR,RED,24794,22147
IR,RED,24786,22154
IR,RED,24790,22158
IR,RED,24794,22147
IR,RED,24790,22159
IR,RED,24784,22151
IR,RED,24790,22148
IR,RED,24793,22156
IR,RED,24780,22151
IR,RED,24789,22152
IR,RED,24790,22143
IR,RED,24783,22156
IR,RED,24793,22153
IR,RED,24783,22151
IR,RED,24776,22155
IR,RED,24774,22151
IR,RED,24774,22143
IR,RED,24780,22140
IR,RED,24764,22132
IR,RED,24760,22128
IR,RED,24765,22129
IR,RED,24773,22129
IR,RED,24760,22117
IR,RED,24778,22118
IR,RED,24762,22125
IR,RED,24766,22138
IR,RED,24773,22124
IR,RED,24779,22129
IR,RED,24782,22137
IR,RED,24780,22127
IR,RED,24786,22128
IR,RED,24780,22135
IR,RED,24798,22139
IR,RED,24788,22139
IR,RED,24783,22144
IR,RED,24785,22142
IR,RED,24773,22141
IR,RED,24785,22149
IR,RED,24787,22138
IR,RED,24779,22151
IR,RED,24780,22147
IR,RED,24787,22141
IR,RED,24787,22154
IR,RED,24784,22151
IR,RED,24776,22154
IR,RED,24773,22138
IR,RED,24787,22142
IR,RED,24781,22145
IR,RED,24778,22156
IR,RED,24773,22155
IR,RED,24779,22149
IR,RED,24779,22142
IR,RED,24770,22148
IR,RED,24779,22144
IR,RED,24770,22144
IR,RED,24774,22146
IR,RED,24768,22133
IR,RED,24771,22142
IR,RED,24770,22148
IR,RED,24765,22145
IR,RED,24773,22147
IR,RED,24763,22137
IR,RED,24759,22149
IR,RED,24765,22148
IR,RED,24760,22143
IR,RED,24766,22146
IR,RED,24771,22154
IR,RED,24771,22149
IR,RED,24770,22160
IR,RED,24777,22152
IR,RED,24768,22154
IR,RED,24780,22151
IR,RED,24769,22146
IR,RED,24771,22150
IR,RED,24769,22157
IR,RED,24772,22162
IR,RED,24763,22155
IR,RED,24772,22154
IR,RED,24758,22162
IR,RED,24775,22159
IR,RED,24768,22156
IR,RED,24772,22151
IR,RED,24775,22161
IR,RED,24759,22148
IR,RED,24763,22144
IR,RED,24762,22134
IR,RED,24753,22137
IR,RED,24738,22126
IR,RED,24744,22116
IR,RED,24739,22119
IR,RED,24744,22114
IR,RED,24745,22109
IR,RED,24753,22114
IR,RED,24748,22115
IR,RED,24739,22118
IR,RED,24751,22120
IR,RED,24747,22115
IR,RED,24750,22125
IR,RED,24747,22120
IR,RED,24757,22123
IR,RED,24767,22129
IR,RED,24759,22121
IR,RED,24756,22124
IR,RED,24772,22131
IR,RED,24760,22120
IR,RED,24761,22130
IR,RED,24760,22129
IR,RED,24772,22128
IR,RED,24763,22139
IR,RED,24773,22137
IR,RED,24764,22136
IR,RED,24766,22135
IR,RED,24774,22135
IR,RED,24780,22125
IR,RED,24768,22142
IR,RED,24781,22145
IR,RED,24762,22138
IR,RED,24768,22146
IR,RED,24759,22144
IR,RED,24761,22142
IR,RED,24766,22139
IR,RED,24767,22144
IR,RED,24766,22139
IR,RED,24758,22142
IR,RED,24759,22136
IR,RED,24758,22132
IR,RED,24759,22136
IR,RED,24756,22135
IR,RED,24751,22137
IR,RED,24747,22137
IR,RED,24742,22133
IR,RED,24738,22134
IR,RED,24731,22131
IR,RED,24751,22135
IR,RED,24736,22132
IR,RED,24749,22126
IR,RED,24745,22136
IR,RED,24732,22135
IR,RED,24753,22129
IR,RED,24747,22127
IR,RED,24740,22135
IR,RED,24746,22130
IR,RED,24751,22126
IR,RED,24751,22137
IR,RED,24762,22129
IR,RED,24755,22133
IR,RED,24762,22141
IR,RED,24761,22146
IR,RED,24761,22149
IR,RED,24770,22159
IR,RED,24766,22159
IR,RED,24778,22169
IR,RED,24795,22161
IR,RED,24793,22152
IR,RED,24785,22157
IR,RED,24789,22152
IR,RED,24771,22146
IR,RED,24782,22152
IR,RED,24783,22138
IR,RED,24764,22142
IR,RED,24782,22145
IR,RED,24775,22131
IR,RED,24773,22143
IR,RED,24786,22138
IR,RED,24784,22139
IR,RED,24774,22152
IR,RED,24779,22142
IR,RED,24780,22130
IR,RED,24774,22138
IR,RED,24774,22151
IR,RED,24786,22143
IR,RED,24777,22150
IR,RED,24777,22134
IR,RED,24782,22148
IR,RED,24779,22146
IR,RED,24778,22146
IR,RED,24771,22148
IR,RED,24781,22148
IR,RED,24776,22152
IR,RED,24777,22153
IR,RED,24784,22159
IR,RED,24789,22146
IR,RED,24780,22154
IR,RED,24787,22149
IR,RED,24788,22157
IR,RED,24784,22150
IR,RED,24778,22147
IR,RED,24795,22152
IR,RED,24796,22152
IR,RED,24789,22156
IR,RED,24788,22160
IR,RED,24782,22150
IR,RED,24784,22161
IR,RED,24780,22154
IR,RED,24781,22155
IR,RED,24775,22159
IR,RED,24788,22156
IR,RED,24791,22152
IR,RED,24788,22156
IR,RED,24788,22155
IR,RED,24795,22151
IR,RED,24791,22158
IR,RED,24785,22158
IR,RED,24783,22164
IR,RED,24793,22144
IR,RED,24784,22155
IR,RED,24777,22161
IR,RED,24789,22152
IR,RED,24791,22160
IR,RED,24782,22152
IR,RED,24786,22153
IR,RED,24782,22165
IR,RED,24776,22148
IR,RED,24786,22162
IR,RED,24775,22158
IR,RED,24778,22165
IR,RED,24784,22169
IR,RED,24777,22161
IR,RED,24778,22165
IR,RED,24772,22163
IR,RED,24764,22159
IR,RED,24769,22152
IR,RED,24773,22152
IR,RED,24765,22151
IR,RED,24767,22145
IR,RED,24750,22137
IR,RED,24751,22132
IR,RED,24744,22136
IR,RED,24748,22121
IR,RED,24747,22123
IR,RED,24756,22125
IR,RED,24747,22135
IR,RED,24742,22124
IR,RED,24744,22124
IR,RED,24755,22117
IR,RED,24751,22123
IR,RED,24759,22124
IR,RED,24756,22129
IR,RED,24746,22130
IR,RED,24758,22135
IR,RED,24763,22131
IR,RED,24767,22125
IR,RED,24749,22129
IR,RED,24750,22127
IR,RED,24764,22132
IR,RED,24757,22130
IR,RED,24753,22142
IR,RED,24779,22137
IR,RED,24770,22135
IR,RED,24765,22139
IR,RED,24766,22141
IR,RED,24762,22130
IR,RED,24757,22147
IR,RED,24760,22144
IR,RED,24766,22143
IR,RED,24768,22140
IR,RED,24763,22146
IR,RED,24761,22136
IR,RED,24754,22143
IR,RED,24760,22137
IR,RED,24762,22148
IR,RED,24764,22145
IR,RED,24757,22140
IR,RED,24755,22138
IR,RED,24757,22135
IR,RED,24743,22136
IR,RED,24753,22138
IR,RED,24753,22138
IR,RED,24756,22144
IR,RED,24762,22146
IR,RED,24728,22141
IR,RED,24747,22141
IR,RED,24749,22149
IR,RED,24758,22143
IR,RED,24745,22144
IR,RED,24754,22137
IR,RED,24752,22152
IR,RED,24757,22154
IR,RED,24755,22156
IR,RED,24753,22148
IR,RED,24753,22155
IR,RED,24762,22157
IR,RED,24748,22164
IR,RED,24751,22157
IR,RED,24759,22157
IR,RED,24763,22159
IR,RED,24759,22157
IR,RED,24755,22153
IR,RED,24753,22151
IR,RED,24745,22156
IR,RED,24750,22151
IR,RED,24747,22153
IR,RED,24744,22156
IR,RED,24740,22152
IR,RED,24747,22136
IR,RED,24739,22132
IR,RED,24727,22120
IR,RED,24726,22121
IR,RED,24744,22128
IR,RED,24744,22138
IR,RED,24743,22130
IR,RED,24740,22122
IR,RED,24757,22128
IR,RED,24750,22133
IR,RED,24739,22143
IR,RED,24754,22142
IR,RED,24745,22146
IR,RED,24746,22138
IR,RED,24770,22138
IR,RED,24744,22143
IR,RED,24759,22151
IR,RED,24750,22145
IR,RED,24758,22150
IR,RED,24759,22148
IR,RED,24760,22154
IR,RED,24771,22162
IR,RED,24778,22158
IR,RED,24768,22165
IR,RED,24766,22161
IR,RED,24766,22156
IR,RED,24764,22164
IR,RED,24762,22166
IR,RED,24767,22156
IR,RED,24750,22159
IR,RED,24752,22156
IR,RED,24763,22152
IR,RED,24757,22160
IR,RED,24767,22145
IR,RED,24766,22158
IR,RED,24764,22156
IR,RED,24754,22154
IR,RED,24761,22164
IR,RED,24746,22162
IR,RED,24750,22143
IR,RED,24735,22149
IR,RED,24749,22157
IR,RED,24753,22148
IR,RED,24755,22162
IR,RED,24757,22157
IR,RED,24762,22154
IR,RED,24746,22160
IR,RED,24752,22154
IR,RED,24754,22171
IR,RED,24758,22161
IR,RED,24755,22160
IR,RED,24757,22164
IR,RED,24750,22163
IR,RED,24745,22165
IR,RED,24769,22168
IR,RED,24760,22182
IR,RED,24765,22178
IR,RED,24773,22176
IR,RED,24763,22179
IR,RED,24761,22171
IR,RED,24770,22175
IR,RED,24760,22188
IR,RED,24762,22180
IR,RED,24768,22185
IR,RED,24769,22188
IR,RED,24763,22181
IR,RED,24750,22179
IR,RED,24765,22179
IR,RED,24766,22176
IR,RED,24767,22184
IR,RED,24767,22177
IR,RED,24761,22168
IR,RED,24766,22164
IR,RED,24761,22153
IR,RED,24769,22170
IR,RED,24754,22155
IR,RED,24760,22172
IR,RED,24753,22158
IR,RED,24769,22166
IR,RED,24763,22161
IR,RED,24749,22161
IR,RED,24766,22162
IR,RED,24753,22151
IR,RED,24759,22156
IR,RED,24752,22150
IR,RED,24760,22158
IR,RED,24754,22165
IR,RED,24760,22152
IR,RED,24763,22155
IR,RED,24762,22156
IR,RED,24760,22160
IR,RED,24755,22148
IR,RED,24754,22157
IR,RED,24766,22154
IR,RED,24757,22154
IR,RED,24744,22146
IR,RED,24754,22155
IR,RED,24747,22151
IR,RED,24745,22157
IR,RED,24749,22158
IR,RED,24743,22136
IR,RED,24741,22148
IR,RED,24751,22153
IR,RED,24746,22156
IR,RED,24740,22157
IR,RED,24749,22134
IR,RED,24739,22152
IR,RED,24730,22135
IR,RED,24735,22136
IR,RED,24741,22141
IR,RED,24736,22144
IR,RED,24748,22138
IR,RED,24729,22144
IR,RED,24736,22140
IR,RED,24726,22140
IR,RED,24721,22136
IR,RED,24732,22148
IR,RED,24731,22149
IR,RED,24736,22143
IR,RED,24736,22149
IR,RED,24742,22152
IR,RED,24744,22160
IR,RED,24741,22157
IR,RED,24750,22162
IR,RED,24735,22161
IR,RED,24733,22155
IR,RED,24746,22166
IR,RED,24741,22159
IR,RED,24745,22166
IR,RED,24747,22176
IR,RED,24752,22178
IR,RED,24751,22173
IR,RED,24756,22174
IR,RED,24748,22175
IR,RED,24753,22169
IR,RED,24754,22165
IR,RED,24744,22168
IR,RED,24743,22171
IR,RED,24753,22178
IR,RED,24747,22162
IR,RED,24736,22155
IR,RED,24737,22158
IR,RED,24731,22151
IR,RED,24744,22147
IR,RED,24731,22141
IR,RED,24726,22140
IR,RED,24730,22141
IR,RED,24726,22141
IR,RED,24728,22140
IR,RED,24717,22131
IR,RED,24723,22132
IR,RED,24730,22128
IR,RED,24729,22135
IR,RED,24726,22130
IR,RED,24722,22143
IR,RED,24725,22138
IR,RED,24716,22135
IR,RED,24717,22134
IR,RED,24711,22128
IR,RED,24716,22131
IR,RED,24714,22134
IR,RED,24721,22128
IR,RED,24705,22130
IR,RED,24708,22129
IR,RED,24721,22129
IR,RED,24712,22127
IR,RED,24714,22129
IR,RED,24716,22123
IR,RED,24711,22116
IR,RED,24714,22122
IR,RED,24705,22124
IR,RED,24707,22116
IR,RED,24711,22123
IR,RED,24697,22123
IR,RED,24708,22114
IR,RED,24697,22116
IR,RED,24695,22120
IR,RED,24693,22125
IR,RED,24699,22120
IR,RED,24697,22123
IR,RED,24697,22120
IR,RED,24693,22128
IR,RED,24687,22119
IR,RED,24697,22121
IR,RED,24681,22108
IR,RED,24694,22117
IR,RED,24689,22111
IR,RED,24689,22108
IR,RED,24681,22119
IR,RED,24683,22123
IR,RED,24683,22118
IR,RED,24689,22121
IR,RED,24686,22124
IR,RED,24680,22117
IR,RED,24689,22109
IR,RED,24679,22120
IR,RED,24690,22118
IR,RED,24695,22113
IR,RED,24678,22120
IR,RED,24682,22110
IR,RED,24690,22125
IR,RED,24690,22128
IR,RED,24687,22122
IR,RED,24684,22114
IR,RED,24686,22117
IR,RED,24678,22113
IR,RED,24679,22107
IR,RED,24683,22106
IR,RED,24677,22092
IR,RED,24670,22110
IR,RED,24676,22091
IR,RED,24673,22096
IR,RED,24673,22090
IR,RED,24683,22091
IR,RED,24678,22091
IR,RED,24676,22095
IR,RED,24685,22094
IR,RED,24675,22107
IR,RED,24682,22101
IR,RED,24674,22098
IR,RED,24685,22099
IR,RED,24679,22106
IR,RED,24692,22106
IR,RED,24692,22103
IR,RED,24679,22111
IR,RED,24679,22115
IR,RED,24691,22114
IR,RED,24673,22120
IR,RED,24690,22104
IR,RED,24669,22116
IR,RED,24687,22115
IR,RED,24697,22114
IR,RED,24691,22113
IR,RED,24687,22123
IR,RED,24687,22121
IR,RED,24677,22119
IR,RED,24682,22117
IR,RED,24693,22120
IR,RED,24676,22120
IR,RED,24685,22111
IR,RED,24682,22116
IR,RED,24687,22119
IR,RED,24697,22117
IR,RED,24688,22122
IR,RED,24688,22119
IR,RED,24699,22121
IR,RED,24686,22134
IR,RED,24702,22121
IR,RED,24701,22118
IR,RED,24696,22121
IR,RED,24690,22138
IR,RED,24696,22129
IR,RED,24685,22130
IR,RED,24691,22133
IR,RED,24699,22134
IR,RED,24683,22144
IR,RED,24689,22135
IR,RED,24686,22132
IR,RED,24681,22132
IR,RED,24687,22129
IR,RED,24694,22138
IR,RED,24686,22133
IR,RED,24686,22127
IR,RED,24698,22133
IR,RED,24690,22133
IR,RED,24688,22137
IR,RED,24682,22150
IR,RED,24689,22143
IR,RED,24694,22139
IR,RED,24681,22147
IR,RED,24678,22136
IR,RED,24687,22145
IR,RED,24677,22133
IR,RED,24680,22132
IR,RED,24678,22135
IR,RED,24678,22133
IR,RED,24669,22124
IR,RED,24670,22111
IR,RED,24666,22117
IR,RED,24668,22106
IR,RED,24674,22106
IR,RED,24666,22105
IR,RED,24663,22109
IR,RED,24661,22104
IR,RED,24673,22104
IR,RED,24670,22110
IR,RED,24670,22105
IR,RED,24676,22099
IR,RED,24666,22111
IR,RED,24664,22108
IR,RED,24668,22104
IR,RED,24668,22120
IR,RED,24662,22117
IR,RED,24663,22120
IR,RED,24677,22114
IR,RED,24676,22114
IR,RED,24682,22116
IR,RED,24674,22111
IR,RED,24673,22109
IR,RED,24660,22111
IR,RED,24675,22096
IR,RED,24671,22112
IR,RED,24666,22096
IR,RED,24662,22101
IR,RED,24656,22098
IR,RED,24661,22089
IR,RED,24663,22111
IR,RED,24658,22108
IR,RED,24662,22098
IR,RED,24656,22105
IR,RED,24653,22099
IR,RED,24657,22088
IR,RED,24650,22103
IR,RED,24655,22101
IR,RED,24657,22100
IR,RED,24655,22104
IR,RED,24655,22095
IR,RED,24655,22105
IR,RED,24658,22118
IR,RED,24652,22109
IR,RED,24661,22119
IR,RED,24656,22099
IR,RED,24648,22108
IR,RED,24650,22096
IR,RED,24649,22098
IR,RED,24662,22103
IR,RED,24654,22114
IR,RED,24645,22105
IR,RED,24654,22104
IR,RED,24649,22107
IR,RED,24654,22104
IR,RED,24653,22108
IR,RED,24656,22107
IR,RED,24648,22108
IR,RED,24657,22105
IR,RED,24652,22112
IR,RED,24653,22106
IR,RED,24652,22102
IR,RED,24648,22110
IR,RED,24642,22095
IR,RED,24651,22087
IR,RED,24639,22104
IR,RED,24638,22101
IR,RED,24639,22104
IR,RED,24641,22090
IR,RED,24635,22088
IR,RED,24631,22086
IR,RED,24627,22083
IR,RED,24627,22086
IR,RED,24636,22074
IR,RED,24641,22076
IR,RED,24642,22081
IR,RED,24639,22084
IR,RED,24644,22078
IR,RED,24648,22087
IR,RED,24634,22086
IR,RED,24638,22086
IR,RED,24637,22085
IR,RED,24641,22086
IR,RED,24645,22082
IR,RED,24633,22086
IR,RED,24639,22087
IR,RED,24639,22093
IR,RED,24640,22075
IR,RED,24642,22092
IR,RED,24651,22089
IR,RED,24646,22091
IR,RED,24642,22092
IR,RED,24639,22082
IR,RED,24646,22096
IR,RED,24642,22080
IR,RED,24647,22086
IR,RED,24638,22095
IR,RED,24628,22087
IR,RED,24630,22089
IR,RED,24624,22090
IR,RED,24637,22089
IR,RED,24632,22090
IR,RED,24633,22082
IR,RED,24636,22088
IR,RED,24636,22087
IR,RED,24630,22079
IR,RED,24625,22079
IR,RED,24635,22065
IR,RED,24626,22078
IR,RED,24618,22086
IR,RED,24628,22086
IR,RED,24626,22084
IR,RED,24626,22083
IR,RED,24636,22079
IR,RED,24615,22079
IR,RED,24626,22085
IR,RED,24630,22088
IR,RED,24613,22077
IR,RED,24628,22075
IR,RED,24636,22088
IR,RED,24641,22084
IR,RED,24635,22093
IR,RED,24637,22091
IR,RED,24643,22088
IR,RED,24629,22091
IR,RED,24628,22091
IR,RED,24633,22101
IR,RED,24627,22103
IR,RED,24629,22094
IR,RED,24627,22094
IR,RED,24629,22080
IR,RED,24616,22091
IR,RED,24620,22096
IR,RED,24615,22086
IR,RED,24621,22089
IR,RED,24612,22082
IR,RED,24621,22071
IR,RED,24615,22074
IR,RED,24608,22074
IR,RED,24609,22063
IR,RED,24615,22065
IR,RED,24611,22072
IR,RED,24610,22063
IR,RED,24614,22062
IR,RED,24605,22048
IR,RED,24614,22056
IR,RED,24606,22068
IR,RED,24608,22056
IR,RED,24611,22054
IR,RED,24614,22051
IR,RED,24616,22058
IR,RED,24610,22074
IR,RED,24620,22068
IR,RED,24608,22076
IR,RED,24608,22063
IR,RED,24627,22084
IR,RED,24607,22067
IR,RED,24624,22075
IR,RED,24616,22075
IR,RED,24610,22078
IR,RED,24609,22069
IR,RED,24613,22072
IR,RED,24608,22070
IR,RED,24609,22070
IR,RED,24604,22071
IR,RED,24611,22077
IR,RED,24606,22070
IR,RED,24618,22070
IR,RED,24615,22067
IR,RED,24606,22068
IR,RED,24606,22067
IR,RED,24608,22072
IR,RED,24608,22077
IR,RED,24611,22072
IR,RED,24608,22070
IR,RED,24603,22074
IR,RED,24630,22073
IR,RED,24600,22076
IR,RED,24601,22080
IR,RED,24596,22076
IR,RED,24606,22080
IR,RED,24603,22076
IR,RED,24606,22070
IR,RED,24619,22070
IR,RED,24608,22072
IR,RED,24616,22082
IR,RED,24625,22079
IR,RED,24614,22082
IR,RED,24606,22076
IR,RED,24616,22094
IR,RED,24598,22083
IR,RED,24604,22080
IR,RED,24601,22080
IR,RED,24595,22089
IR,RED,24610,22079
IR,RED,24608,22089
IR,RED,24604,22091
IR,RED,24599,22085
IR,RED,24602,22087
IR,RED,24607,22077
IR,RED,24595,22080
IR,RED,24584,22072
IR,RED,24590,22070
IR,RED,24586,22065
IR,RED,24592,22067
IR,RED,24592,22055
IR,RED,24603,22054
IR,RED,24589,22066
IR,RED,24584,22060
IR,RED,24596,22060
IR,RED,24601,22073
IR,RED,24587,22064
IR,RED,24600,22065
IR,RED,24597,22068
IR,RED,24608,22065
IR,RED,24600,22063
IR,RED,24608,22064
IR,RED,24606,22058
IR,RED,24599,22066
IR,RED,24609,22067
IR,RED,24604,22066
IR,RED,24611,22067
IR,RED,24614,22070
IR,RED,24617,22083
IR,RED,24626,22088
IR,RED,24634,22093
IR,RED,24634,22107
IR,RED,24635,22100
IR,RED,24622,22096
IR,RED,24632,22088
IR,RED,24630,22094
IR,RED,24622,22090
IR,RED,24621,22093
IR,RED,24628,22093
IR,RED,24637,22098
IR,RED,24626,22108
IR,RED,24631,22096
IR,RED,24641,22100
IR,RED,24630,22101
IR,RED,24634,22094
IR,RED,24637,22104
IR,RED,24640,22114
IR,RED,24632,22107
IR,RED,24638,22116
IR,RED,24642,22133
IR,RED,24636,22116
IR,RED,24639,22124
IR,RED,24631,22118
IR,RED,24643,22121
IR,RED,24640,22118
IR,RED,24651,22124
IR,RED,24645,22121
IR,RED,24648,22135
IR,RED,24647,22124
IR,RED,24643,22127
IR,RED,24643,22133
IR,RED,24650,22123
IR,RED,24654,22117
IR,RED,24650,22134
IR,RED,24649,22130
IR,RED,24649,22137
IR,RED,24653,22123
IR,RED,24649,22129
IR,RED,24651,22133
IR,RED,24644,22134
IR,RED,24645,22128
IR,RED,24640,22135
IR,RED,24647,22120
IR,RED,24650,22126
IR,RED,24636,22116
IR,RED,24641,22110
IR,RED,24625,22099
IR,RED,24624,22103
IR,RED,24626,22096
IR,RED,24621,22093
IR,RED,24633,22099
IR,RED,24627,22093
IR,RED,24624,22100
IR,RED,24626,22089
IR,RED,24623,22104
IR,RED,24628,22089
IR,RED,24625,22088
IR,RED,24618,22088
IR,RED,24614,22085
IR,RED,24613,22087
IR,RED,24609,22090
IR,RED,24612,22093
IR,RED,24610,22082
IR,RED,24611,22082
IR,RED,24615,22086
IR,RED,24604,22086
IR,RED,24610,22085
IR,RED,24612,22081
IR,RED,24614,22088
IR,RED,24605,22080
IR,RED,24610,22082
IR,RED,24612,22072
IR,RED,24616,22081
IR,RED,24615,22085
IR,RED,24625,22091
IR,RED,24613,22081
IR,RED,24626,22086
IR,RED,24613,22084
IR,RED,24617,22080
IR,RED,24616,22080
IR,RED,24620,22075
IR,RED,24618,22083
IR,RED,24613,22091
IR,RED,24627,22091
IR,RED,24639,22104
IR,RED,24643,22104
IR,RED,24635,22109
IR,RED,24637,22108
IR,RED,24626,22110
IR,RED,24623,22104
IR,RED,24616,22097
IR,RED,24614,22098
IR,RED,24618,22097
IR,RED,24602,22085
IR,RED,24607,22085
IR,RED,24599,22080
IR,RED,24616,22087
IR,RED,24595,22092
IR,RED,24607,22084
IR,RED,24607,22087
IR,RED,24616,22089
IR,RED,24601,22103
IR,RED,24617,22104
IR,RED,24623,22100
IR,RED,24610,22112
IR,RED,24609,22103
IR,RED,24612,22112
IR,RED,24600,22093
IR,RED,24605,22099
IR,RED,24601,22097
IR,RED,24595,22091
IR,RED,24587,22064
IR,RED,24600,22074
IR,RED,24584,22058
IR,RED,24586,22071
IR,RED,24589,22051
IR,RED,24584,22058
IR,RED,24600,22058
IR,RED,24588,22075
IR,RED,24589,22069
IR,RED,24593,22075
IR,RED,24590,22065
IR,RED,24600,22077
IR,RED,24590,22074
IR,RED,24606,22074
IR,RED,24598,22081
IR,RED,24608,22087
IR,RED,24605,22088
IR,RED,24616,22075
IR,RED,24617,22080
IR,RED,24629,22113
IR,RED,24654,22131
IR,RED,24692,22178
IR,RED,24745,22235
IR,RED,24787,22301
IR,RED,24828,22349
IR,RED,24870,22397
IR,RED,24891,22442
IR,RED,24926,22486
IR,RED,24945,22505
IR,RED,24957,22522
IR,RED,24980,22548
IR,RED,24997,22561
IR,RED,24983,22574
IR,RED,24999,22572
IR,RED,24987,22564
IR,RED,24965,22544
IR,RED,24953,22517
IR,RED,24921,22506
IR,RED,24906,22486
IR,RED,24892,22468
IR,RED,24872,22434
IR,RED,24869,22426
IR,RED,24849,22419
IR,RED,24840,22411
IR,RED,24850,22399
IR,RED,24843,22395
IR,RED,24827,22390
IR,RED,24824,22374
IR,RED,24804,22357
IR,RED,24792,22351
IR,RED,24776,22332
IR,RED,24751,22301
IR,RED,24741,22298
IR,RED,24731,22282
IR,RED,24721,22263
IR,RED,24711,22247
IR,RED,24699,22244
IR,RED,24690,22229
IR,RED,24689,22224
IR,RED,24686,22211
IR,RED,24678,22217
IR,RED,24679,22212
IR,RED,24683,22200
IR,RED,24668,22200
IR,RED,24680,22183
IR,RED,24686,22191
IR,RED,24689,22199
IR,RED,24702,22200
IR,RED,24698,22206
IR,RED,24715,22223
IR,RED,24730,22234
IR,RED,24724,22236
IR,RED,24742,22243
IR,RED,24752,22246
IR,RED,24748,22243
IR,RED,24749,22251
IR,RED,24761,22261
IR,RED,24778,22277
IR,RED,24779,22272
IR,RED,24777,22285
IR,RED,24783,22278
IR,RED,24779,22289
IR,RED,24783,22289
IR,RED,24774,22286
IR,RED,24773,22287
IR,RED,24774,22291
IR,RED,24785,22287
IR,RED,24770,22285
IR,RED,24774,22289
IR,RED,24799,22303
IR,RED,24822,22323
IR,RED,24827,22331
IR,RED,24837,22341
IR,RED,24852,22355
IR,RED,24859,22368
IR,RED,24860,22377
IR,RED,24862,22380
IR,RED,24877,22389
IR,RED,24881,22398
IR,RED,24873,22404
IR,RED,24871,22400
IR,RED,24878,22413
IR,RED,24898,22407
IR,RED,24901,22416
IR,RED,24916,22423
IR,RED,24920,22439
IR,RED,24926,22462
IR,RED,24943,22468
IR,RED,24940,22473
IR,RED,24941,22478
IR,RED,24957,22481
IR,RED,24956,22506
IR,RED,24961,22500
IR,RED,24982,22499
IR,RED,24973,22510
IR,RED,24975,22507
IR,RED,24967,22506
IR,RED,24964,22498
IR,RED,24958,22500
IR,RED,24956,22487
IR,RED,24960,22488
IR,RED,24966,22478
IR,RED,24957,22483
IR,RED,24957,22473
IR,RED,24952,22469
IR,RED,24947,22466
IR,RED,24948,22458
IR,RED,24945,22448
IR,RED,24928,22445
IR,RED,24922,22428
IR,RED,24914,22436
IR,RED,24914,22430
IR,RED,24905,22418
IR,RED,24903,22427
IR,RED,24897,22417
IR,RED,24897,22404
IR,RED,24875,22396
IR,RED,24859,22384
IR,RED,24852,22372
IR,RED,24834,22349
IR,RED,24812,22332
IR,RED,24801,22313
IR,RED,24793,22300
IR,RED,24780,22299
IR,RED,24773,22297
IR,RED,24777,22302
IR,RED,24765,22287
IR,RED,24762,22287
IR,RED,24764,22270
IR,RED,24752,22253
IR,RED,24742,22257
IR,RED,24732,22253
IR,RED,24746,22254
IR,RED,24730,22242
IR,RED,24717,22241
IR,RED,24710,22237
IR,RED,24697,22236
IR,RED,24719,22231
IR,RED,24699,22234
IR,RED,24716,22226
IR,RED,24706,22224
IR,RED,24697,22227
IR,RED,24693,22230
IR,RED,24697,22221
IR,RED,24698,22223
IR,RED,24695,22225
IR,RED,24694,22242
IR,RED,24703,22226
IR,RED,24691,22228
IR,RED,24704,22228
IR,RED,24697,22222
IR,RED,24693,22223
IR,RED,24697,22227
IR,RED,24684,22224
IR,RED,24694,22222
IR,RED,24689,22213
IR,RED,24675,22210
IR,RED,24676,22205
IR,RED,24667,22194
IR,RED,24666,22180
IR,RED,24659,22182
IR,RED,24650,22173
IR,RED,24650,22171
IR,RED,24652,22164
IR,RED,24650,22164
IR,RED,24653,22162
IR,RED,24660,22172
IR,RED,24654,22162
IR,RED,24659,22159
IR,RED,24663,22148
IR,RED,24659,22168
IR,RED,24681,22169
IR,RED,24685,22180
IR,RED,24683,22176
IR,RED,24677,22179
IR,RED,24673,22170
IR,RED,24665,22179
IR,RED,24666,22172
IR,RED,24656,22173
IR,RED,24662,22159
IR,RED,24643,22161
IR,RED,24634,22136
IR,RED,24617,22134
IR,RED,24607,22120
IR,RED,24594,22105
IR,RED,24581,22085
IR,RED,24568,22080
IR,RED,24570,22065
IR,RED,24557,22049
IR,RED,24547,22050
IR,RED,24526,22034
IR,RED,24519,22030
IR,RED,24518,22020
IR,RED,24510,22002
IR,RED,24491,21996
IR,RED,24480,21989
IR,RED,24480,21988
IR,RED,24465,21973
IR,RED,24459,21970
IR,RED,24458,21956
IR,RED,24459,21949
IR,RED,24449,21950
IR,RED,24454,21950
IR,RED,24443,21941
IR,RED,24444,21939
IR,RED,24457,21946
IR,RED,24458,21951
IR,RED,24474,21968
IR,RED,24490,21971
IR,RED,24503,21987
IR,RED,24508,22002
IR,RED,24526,22002
IR,RED,24521,22013
IR,RED,24522,22013
IR,RED,24496,21998
IR,RED,24511,21999
IR,RED,24503,21990
IR,RED,24488,21990
IR,RED,24482,21983
IR,RED,24473,21980
IR,RED,24456,21975
IR,RED,24455,21970
IR,RED,24445,21946
IR,RED,24442,21947
IR,RED,24445,21939
IR,RED,24435,21934
IR,RED,24429,21917
IR,RED,24426,21916
IR,RED,24426,21915
IR,RED,24424,21918
IR,RED,24425,21907
IR,RED,24421,21905
IR,RED,24436,21903
IR,RED,24432,21917
IR,RED,24444,21920
IR,RED,24457,21914
IR,RED,24465,21932
IR,RED,24471,21938
IR,RED,24483,21957
IR,RED,24491,21968
IR,RED,24502,21982
IR,RED,24522,21992
IR,RED,24512,22001
IR,RED,24516,21997
IR,RED,24512,22002
IR,RED,24516,21999
IR,RED,24516,21999
IR,RED,24520,22002
IR,RED,24523,22003
IR,RED,24517,21996
IR,RED,24514,21995
IR,RED,24509,22002
IR,RED,24513,21999
IR,RED,24503,21983
IR,RED,24509,21994
IR,RED,24514,21992
IR,RED,24516,21995
IR,RED,24511,21989
IR,RED,24515,21993
IR,RED,24511,21995
IR,RED,24516,21998
IR,RED,24506,21996
IR,RED,24515,22009
IR,RED,24507,22001
IR,RED,24519,22007
IR,RED,24517,22007
IR,RED,24522,21999
IR,RED,24519,22010
IR,RED,24529,22014
IR,RED,24533,22035
IR,RED,24540,22035
IR,RED,24552,22055
IR,RED,24564,22046
IR,RED,24572,22066
IR,RED,24590,22077
IR,RED,24594,22090
IR,RED,24622,22108
IR,RED,24626,22121
IR,RED,24645,22140
IR,RED,24664,22156
IR,RED,24669,22166
IR,RED,24683,22177
IR,RED,24690,22187
IR,RED,24689,22197
IR,RED,24689,22196
IR,RED,24694,22189
IR,RED,24689,22174
IR,RED,24673,22174
IR,RED,24659,22161
IR,RED,24650,22147
IR,RED,24636,22153
IR,RED,24628,22140
IR,RED,24633,22132
IR,RED,24639,22128
IR,RED,24625,22130
IR,RED,24623,22129
IR,RED,24619,22119
IR,RED,24622,22112
IR,RED,24613,22111
IR,RED,24615,22114
IR,RED,24617,22113
IR,RED,24626,22102
IR,RED,24624,22118
IR,RED,24618,22103
IR,RED,24620,22116
IR,RED,24633,22115
IR,RED,24640,22127
IR,RED,24637,22123
IR,RED,24647,22136
IR,RED,24659,22153
IR,RED,24661,22158
IR,RED,24667,22163
IR,RED,24667,22153
IR,RED,24667,22156
IR,RED,24661,22171
IR,RED,24655,22171
IR,RED,24650,22156
IR,RED,24637,22142
IR,RED,24634,22128
IR,RED,24612,22116
IR,RED,24589,22085
IR,RED,24574,22082
IR,RED,24570,22074
IR,RED,24557,22062
IR,RED,24561,22059
IR,RED,24536,22052
IR,RED,24538,22042
IR,RED,24538,22037
IR,RED,24537,22026
IR,RED,24548,22042
IR,RED,24548,22051
IR,RED,24566,22056
IR,RED,24587,22076
IR,RED,24598,22085
IR,RED,24599,22096
IR,RED,24618,22110
IR,RED,24630,22137
IR,RED,24644,22142
IR,RED,24642,22144
IR,RED,24641,22163
IR,RED,24644,22165
IR,RED,24627,22148
IR,RED,24630,22141
IR,RED,24634,22141
IR,RED,24622,22141
IR,RED,24626,22135
IR,RED,24616,22132
IR,RED,24619,22130
IR,RED,24614,22118
IR,RED,24610,22130
IR,RED,24603,22118
IR,RED,24613,22133
IR,RED,24614,22125
IR,RED,24604,22111
IR,RED,24600,22110
IR,RED,24593,22095
IR,RED,24586,22088
IR,RED,24569,22076
IR,RED,24560,22074
IR,RED,24558,22056
IR,RED,24547,22054
IR,RED,24544,22042
IR,RED,24536,22042
IR,RED,24533,22044
IR,RED,24539,22025
IR,RED,24522,22031
IR,RED,24521,22026
IR,RED,24516,22014
IR,RED,24517,22022
IR,RED,24505,22013
IR,RED,24497,22012
IR,RED,24505,22001
IR,RED,24493,21998
IR,RED,24498,22004
IR,RED,24495,21996
IR,RED,24506,21996
IR,RED,24496,21989
IR,RED,24488,21992
IR,RED,24481,21990
IR,RED,24489,21988
IR,RED,24475,21988
IR,RED,24473,21979
IR,RED,24467,21978
IR,RED,24476,21996
IR,RED,24473,21983
IR,RED,24487,21986
IR,RED,24488,21988
IR,RED,24484,21985
IR,RED,24481,21992
IR,RED,24480,21985
IR,RED,24478,21983
IR,RED,24485,21991
IR,RED,24490,21984
IR,RED,24484,21990
IR,RED,24485,21993
IR,RED,24472,22002
IR,RED,24477,22010
IR,RED,24482,22005
IR,RED,24481,21995
IR,RED,24481,21997
IR,RED,24482,21996
IR,RED,24471,21995
IR,RED,24470,21997
IR,RED,24474,21995
IR,RED,24480,21996
IR,RED,24482,22000
IR,RED,24486,22008
IR,RED,24470,22002
IR,RED,24475,21996
IR,RED,24480,22008
IR,RED,24469,21998
IR,RED,24470,21998
IR,RED,24491,21994
IR,RED,24467,21991
IR,RED,24471,21992
IR,RED,24460,21988
IR,RED,24476,21992
IR,RED,24477,21986
IR,RED,24463,21987
IR,RED,24471,21991
IR,RED,24470,21980
IR,RED,24462,21978
IR,RED,24475,21973
IR,RED,24481,21982
IR,RED,24479,21992
IR,RED,24472,21992
IR,RED,24467,21991
IR,RED,24479,21977
IR,RED,24478,21978
IR,RED,24481,21986
IR,RED,24481,21988
IR,RED,24483,21990
IR,RED,24482,21984
IR,RED,24480,21986
IR,RED,24477,21978
IR,RED,24486,21991
IR,RED,24488,21992
IR,RED,24482,21991
IR,RED,24482,21995
IR,RED,24485,21994
IR,RED,24491,22007
IR,RED,24482,21995
IR,RED,24492,21994
IR,RED,24495,22005
IR,RED,24492,22003
IR,RED,24492,22011
IR,RED,24493,22013
IR,RED,24501,22021
IR,RED,24498,22024
IR,RED,24505,22029
IR,RED,24508,22028
IR,RED,24514,22027
IR,RED,24511,22037
IR,RED,24518,22042
IR,RED,24509,22044
IR,RED,24535,22053
IR,RED,24529,22038
IR,RED,24528,22048
IR,RED,24518,22058
IR,RED,24518,22045
IR,RED,24521,22046
IR,RED,24523,22053
IR,RED,24522,22055
IR,RED,24518,22054
IR,RED,24518,22067
IR,RED,24528,22057
IR,RED,24528,22067
IR,RED,24524,22066
IR,RED,24518,22057
IR,RED,24525,22068
IR,RED,24517,22063
IR,RED,24524,22062
IR,RED,24509,22065
IR,RED,24520,22067
IR,RED,24521,22060
IR,RED,24520,22071
IR,RED,24520,22065
IR,RED,24508,22059
IR,RED,24512,22063
IR,RED,24518,22065
IR,RED,24504,22048
IR,RED,24495,22055
IR,RED,24502,22030
IR,RED,24488,22031
IR,RED,24492,22028
IR,RED,24487,22025
IR,RED,24473,22027
IR,RED,24479,22017
IR,RED,24480,22010
IR,RED,24487,22017
IR,RED,24481,22022
IR,RED,24481,22022
IR,RED,24502,22025
IR,RED,24491,22035
IR,RED,24493,22022
IR,RED,24494,22017
IR,RED,24490,22030
IR,RED,24492,22020
IR,RED,24480,22018
IR,RED,24495,22029
IR,RED,24483,22022
IR,RED,24500,22038
IR,RED,24491,22028
IR,RED,24503,22021
IR,RED,24494,22033
IR,RED,24489,22034
IR,RED,24499,22025
IR,RED,24509,22025
IR,RED,24494,22020
IR,RED,24491,22026
IR,RED,24498,22041
IR,RED,24507,22028
IR,RED,24516,22040
IR,RED,24509,22041
IR,RED,24508,22047
IR,RED,24510,22028
IR,RED,24511,22047
IR,RED,24518,22045
IR,RED,24517,22044
IR,RED,24520,22046
IR,RED,24515,22048
IR,RED,24514,22054
IR,RED,24510,22050
IR,RED,24521,22047
IR,RED,24511,22044
IR,RED,24511,22045
IR,RED,24509,22044
IR,RED,24514,22045
IR,RED,24505,22058
IR,RED,24516,22050
IR,RED,24508,22048
IR,RED,24516,22051
IR,RED,24518,22050
IR,RED,24507,22054
IR,RED,24507,22051
IR,RED,24502,22055
IR,RED,24509,22053
IR,RED,24514,22057
IR,RED,24513,22064
IR,RED,24516,22068
IR,RED,24524,22064
IR,RED,24517,22073
IR,RED,24522,22064
IR,RED,24517,22072
IR,RED,24515,22075
IR,RED,24524,22080
IR,RED,24516,22066
IR,RED,24517,22084
IR,RED,24512,22071
IR,RED,24515,22077
IR,RED,24521,22073
IR,RED,24508,22075
IR,RED,24518,22067
IR,RED,24510,22065
IR,RED,24509,22057
IR,RED,24502,22054
IR,RED,24501,22044
IR,RED,24494,22035
IR,RED,24493,22032
IR,RED,24497,22026
IR,RED,24504,22029
IR,RED,24504,22042
IR,RED,24496,22043
IR,RED,24508,22042
IR,RED,24507,22040
IR,RED,24494,22053
IR,RED,24502,22043
IR,RED,24503,22056
IR,RED,24507,22050
IR,RED,24499,22045
IR,RED,24497,22048
IR,RED,24516,22049
IR,RED,24511,22058
IR,RED,24513,22054
IR,RED,24515,22052
IR,RED,24527,22058
IR,RED,24506,22063
IR,RED,24509,22064
IR,RED,24517,22059
IR,RED,24521,22061
IR,RED,24511,22062
IR,RED,24528,22063
IR,RED,24517,22067
IR,RED,24526,22051
IR,RED,24532,22059
IR,RED,24523,22061
IR,RED,24517,22068
IR,RED,24520,22076
IR,RED,24526,22073
IR,RED,24530,22068
IR,RED,24517,22079
IR,RED,24526,22077
IR,RED,24526,22065
IR,RED,24525,22069
IR,RED,24525,22081
IR,RED,24526,22067
IR,RED,24534,22066
IR,RED,24525,22078
IR,RED,24520,22079
IR,RED,24517,22074
IR,RED,24522,22070
IR,RED,24527,22072
IR,RED,24524,22075
IR,RED,24524,22083
IR,RED,24530,22075
IR,RED,24527,22070
IR,RED,24524,22077
IR,RED,24522,22084
IR,RED,24532,22077
IR,RED,24524,22081
IR,RED,24530,22074
IR,RED,24517,22080
IR,RED,24528,22083
IR,RED,24523,22079
IR,RED,24526,22077
IR,RED,24508,22080
IR,RED,24512,22077
IR,RED,24510,22074
IR,RED,24498,22069
IR,RED,24505,22057
IR,RED,24499,22054
IR,RED,24487,22049
IR,RED,24491,22035
IR,RED,24486,22035
IR,RED,24477,22028
IR,RED,24479,22027
IR,RED,24482,22026
IR,RED,24478,22021
IR,RED,24477,22007
IR,RED,24482,22027
IR,RED,24487,22019
IR,RED,24479,22027
IR,RED,24484,22020
IR,RED,24481,22027
IR,RED,24481,22021
IR,RED,24488,22030
IR,RED,24479,22030
IR,RED,24490,22035
IR,RED,24494,22027
IR,RED,24499,22040
IR,RED,24495,22043
IR,RED,24492,22037
IR,RED,24486,22043
IR,RED,24502,22042
IR,RED,24509,22051
IR,RED,24500,22037
IR,RED,24498,22051
IR,RED,24504,22039
IR,RED,24497,22050
IR,RED,24508,22050
IR,RED,24519,22040
IR,RED,24513,22055
IR,RED,24512,22050
IR,RED,24520,22054
IR,RED,24519,22060
IR,RED,24517,22057
IR,RED,24518,22052
IR,RED,24513,22052
IR,RED,24517,22061
IR,RED,24508,22059
IR,RED,24515,22063
IR,RED,24512,22066
IR,RED,24513,22067
IR,RED,24523,22064
IR,RED,24506,22058
IR,RED,24512,22075
IR,RED,24515,22062
IR,RED,24513,22057
IR,RED,24520,22071
IR,RED,24523,22059
IR,RED,24503,22062
IR,RED,24513,22070
IR,RED,24513,22070
IR,RED,24513,22064
IR,RED,24509,22080
IR,RED,24507,22071
IR,RED,24512,22067
IR,RED,24516,22071
IR,RED,24514,22065
IR,RED,24502,22072
IR,RED,24513,22068
IR,RED,24506,22063
IR,RED,24501,22063
IR,RED,24492,22054
IR,RED,24493,22047
IR,RED,24484,22052
IR,RED,24497,22044
IR,RED,24481,22050
IR,RED,24490,22034
IR,RED,24479,22041
IR,RED,24489,22024
IR,RED,24499,22029
IR,RED,24493,22034
IR,RED,24490,22043
IR,RED,24488,22038
IR,RED,24487,22034
IR,RED,24483,22039
IR,RED,24491,22050
IR,RED,24496,22045
IR,RED,24491,22033
IR,RED,24501,22044
IR,RED,24492,22047
IR,RED,24494,22045
IR,RED,24487,22047
IR,RED,24493,22040
IR,RED,24489,22047
IR,RED,24500,22053
IR,RED,24497,22041
IR,RED,24495,22053
IR,RED,24490,22054
IR,RED,24502,22043
IR,RED,24510,22050
IR,RED,24497,22044
IR,RED,24498,22053
IR,RED,24490,22051
IR,RED,24495,22037
IR,RED,24489,22060
IR,RED,24500,22052
IR,RED,24495,22051
IR,RED,24491,22046
IR,RED,24491,22043
IR,RED,24498,22052
IR,RED,24484,22049
IR,RED,24491,22048
IR,RED,24488,22049
IR,RED,24492,22048
IR,RED,24480,22050
IR,RED,24487,22048
IR,RED,24486,22046
IR,RED,24483,22043
IR,RED,24486,22043
IR,RED,24476,22039
IR,RED,24479,22048
IR,RED,24476,22042
IR,RED,24480,22047
IR,RED,24480,22054
IR,RED,24476,22053
IR,RED,24473,22051
IR,RED,24486,22063
IR,RED,24474,22054
IR,RED,24478,22053
IR,RED,24479,22058
IR,RED,24480,22046
IR,RED,24473,22038
IR,RED,24477,22032
IR,RED,24459,22030
IR,RED,24453,22034
IR,RED,24461,22028
IR,RED,24456,22011
IR,RED,24461,22015
IR,RED,24446,22001
IR,RED,24448,22013
IR,RED,24451,22007
IR,RED,24455,22015
IR,RED,24454,22006
IR,RED,24456,22007
IR,RED,24447,22014
IR,RED,24458,22020
IR,RED,24451,22014
IR,RED,24450,22022
IR,RED,24456,22013
IR,RED,24468,22023
IR,RED,24466,22031
IR,RED,24457,22030
IR,RED,24459,22024
IR,RED,24463,22036
IR,RED,24468,22026
IR,RED,24479,22032
IR,RED,24480,22043
IR,RED,24484,22047
IR,RED,24485,22054
IR,RED,24476,22045
IR,RED,24476,22032
IR,RED,24496,22051
IR,RED,24499,22049
IR,RED,24491,22052
IR,RED,24498,22050
IR,RED,24500,22061
IR,RED,24496,22070
IR,RED,24508,22069
IR,RED,24495,22078
IR,RED,24509,22070
IR,RED,24506,22074
IR,RED,24501,22072
IR,RED,24497,22077
IR,RED,24504,22087
IR,RED,24501,22076
IR,RED,24513,22081
IR,RED,24508,22093
IR,RED,24508,22093
IR,RED,24511,22082
IR,RED,24518,22081
IR,RED,24502,22089
IR,RED,24507,22085
IR,RED,24518,22112
IR,RED,24533,22121
IR,RED,24534,22111
IR,RED,24527,22112
IR,RED,24528,22114
IR,RED,24538,22118
IR,RED,24531,22119
IR,RED,24534,22111
IR,RED,24524,22114
IR,RED,24538,22118
IR,RED,24525,22119
IR,RED,24535,22122
IR,RED,24524,22113
IR,RED,24521,22107
IR,RED,24520,22111
IR,RED,24527,22096
IR,RED,24522,22093
IR,RED,24526,22089
IR,RED,24518,22097
IR,RED,24516,22082
IR,RED,24511,22082
IR,RED,24519,22075
IR,RED,24514,22086
IR,RED,24516,22096
IR,RED,24518,22084
IR,RED,24532,22087
IR,RED,24522,22081
IR,RED,24525,22081
IR,RED,24513,22079
IR,RED,24518,22088
IR,RED,24518,22089
IR,RED,24524,22080
IR,RED,24529,22084
IR,RED,24521,22092
IR,RED,24521,22083
IR,RED,24521,22095
IR,RED,24527,22091
IR,RED,24535,22096
IR,RED,24534,22087
IR,RED,24521,22090
IR,RED,24519,22089
IR,RED,24528,22093
IR,RED,24524,22087
IR,RED,24527,22095
IR,RED,24520,22083
IR,RED,24527,22091
IR,RED,24530,22093
IR,RED,24540,22096
IR,RED,24533,22088
IR,RED,24530,22077
IR,RED,24529,22081
IR,RED,24525,22072
IR,RED,24519,22072
IR,RED,24522,22061
IR,RED,24518,22048
IR,RED,24523,22026
IR,RED,24492,21983
IR,RED,24462,21941
IR,RED,24429,21888
IR,RED,24408,21855
IR,RED,24366,21805
IR,RED,24320,21737
IR,RED,24268,21676
IR,RED,24220,21620
IR,RED,24194,21565
IR,RED,24188,21540
IR,RED,24197,21509
IR,RED,24205,21521
IR,RED,24239,21555
IR,RED,24301,21590
IR,RED,24349,21643
IR,RED,24403,21701
IR,RED,24461,21748
IR,RED,24506,21784
IR,RED,24540,21814
IR,RED,24557,21829
IR,RED,24595,21846
IR,RED,24629,21857
IR,RED,24667,21884
IR,RED,24705,21923
IR,RED,24767,21961
IR,RED,24834,22027
IR,RED,24917,22090
IR,RED,25021,22205
IR,RED,25120,22284
IR,RED,25185,22345
IR,RED,25266,22403
IR,RED,25344,22457
IR,RED,25414,22494
IR,RED,25466,22517
IR,RED,25487,22545
IR,RED,25515,22579
IR,RED,25523,22585
IR,RED,25483,22554
IR,RED,25467,22528
IR,RED,25457,22512
IR,RED,25509,22529
IR,RED,25615,22570
IR,RED,25920,22720
IR,RED,26366,22963
IR,RED,27678,23580
IR,RED,29949,24747
IR,RED,32130,26272
IR,RED,33935,27528
IR,RED,36465,28955
IR,RED,40118,32464
IR,RED,41329,33495
IR,RED,43296,34584
IR,RED,45111,35444
IR,RED,47776,36766
IR,RED,51450,38916
IR,RED,55124,41833
IR,RED,63077,44967
IR,RED,65535,48859
IR,RED,65535,53127
IR,RED,65535,56715
IR,RED,65535,58993
IR,RED,65535,60144
IR,RED,65535,59912
IR,RED,65535,58748
IR,RED,65535,57140
IR,RED,65535,55352
IR,RED,65535,53537
IR,RED,65535,51869
IR,RED,65535,50291
IR,RED,65535,49152
IR,RED,65535,47613
IR,RED,65535,46726
IR,RED,65535,46141
IR,RED,65535,45741
IR,RED,65535,45458
IR,RED,65535,45064
IR,RED,65535,44457
IR,RED,65535,43597
IR,RED,65394,42576
IR,RED,63307,41388
IR,RED,60961,39888
IR,RED,58574,38467
IR,RED,57344,37122
IR,RED,53979,35857
IR,RED,52090,34677
IR,RED,50389,33615
IR,RED,49152,32357
IR,RED,47913,31643
IR,RED,46988,31079
IR,RED,46127,30564
IR,RED,45281,30065
IR,RED,44542,29583
IR,RED,43895,29173
IR,RED,43367,28818
IR,RED,42971,28567
IR,RED,42712,28374
IR,RED,42569,28265
IR,RED,42552,28237
IR,RED,42604,28266
IR,RED,42721,28323
IR,RED,42875,28416
IR,RED,42972,28483
IR,RED,43020,28500
IR,RED,43088,28527
IR,RED,43184,28563
IR,RED,43328,28670
IR,RED,43520,28781
IR,RED,43761,28936
IR,RED,44043,29128
IR,RED,44361,29355
IR,RED,44771,29620
IR,RED,45178,29910
IR,RED,45429,30117
IR,RED,45394,30140
IR,RED,45135,29998
IR,RED,44859,29812
IR,RED,44690,29667
IR,RED,44647,29601
IR,RED,44798,29681
IR,RED,45221,29891
IR,RED,45926,30295
IR,RED,46954,30892
IR,RED,48429,31746
IR,RED,50135,32765
IR,RED,51945,33861
IR,RED,53469,34840
IR,RED,54476,35557
IR,RED,55078,36001
IR,RED,55269,36574
IR,RED,55081,36538
IR,RED,54651,36347
IR,RED,54074,36044
IR,RED,53419,35715
IR,RED,52867,35400
IR,RED,52424,35147
IR,RED,52193,35018
IR,RED,52132,34989
IR,RED,52223,35020
IR,RED,52543,35146
IR,RED,53137,35461
IR,RED,54048,35929
IR,RED,55212,36574
IR,RED,56510,37326
IR,RED,57985,38198
IR,RED,59429,39101
IR,RED,60707,39914
IR,RED,61780,40504
IR,RED,62155,40807
IR,RED,61968,40783
IR,RED,61460,40503
IR,RED,60750,40106
IR,RED,59825,39620
IR,RED,58674,38979
IR,RED,57344,38233
IR,RED,55829,37410
IR,RED,54710,36689
IR,RED,53819,36121
IR,RED,53153,35704
IR,RED,52637,35389
IR,RED,52295,35147
IR,RED,52338,35059
IR,RED,52721,35221
IR,RED,53310,35573
IR,RED,54090,35990
IR,RED,54850,36423
IR,RED,55594,36861
IR,RED,56247,37251
IR,RED,56777,37591
IR,RED,57160,37868
IR,RED,57366,38041
IR,RED,57282,38050
IR,RED,56808,37833
IR,RED,56119,37447
IR,RED,55333,36965
IR,RED,54688,36539
IR,RED,54178,36179
IR,RED,53719,35888
IR,RED,53389,35632
IR,RED,53442,35568
IR,RED,53762,35690
IR,RED,54357,36001
IR,RED,55087,36446
IR,RED,55916,36945
IR,RED,56691,37452
IR,RED,57458,37914
IR,RED,58187,38388
IR,RED,58958,38837
IR,RED,59600,39264
IR,RED,60048,39534
IR,RED,60218,39679
IR,RED,60152,39699
IR,RED,59686,39517
IR,RED,58812,39070
IR,RED,57733,38464
IR,RED,56615,37803
IR,RED,55590,37200
IR,RED,54685,36648
IR,RED,53932,36174
IR,RED,53294,35752
IR,RED,52718,35356
IR,RED,52251,35039
IR,RED,52031,34848
IR,RED,52160,34859
IR,RED,52575,35059
IR,RED,53257,35422
IR,RED,54103,35904
IR,RED,55081,36444
IR,RED,55970,37028
IR,RED,56662,37484
IR,RED,56953,37772
IR,RED,56629,37705
IR,RED,55936,37330
IR,RED,54951,36769
IR,RED,53955,36155
IR,RED,53046,35604
IR,RED,52270,35110
IR,RED,51701,34719
IR,RED,51290,34433
IR,RED,50998,34230
IR,RED,50766,34060
IR,RED,50613,33916
IR,RED,50566,33849
IR,RED,50673,33872
IR,RED,50935,33991
IR,RED,51335,34247
IR,RED,51868,34560
IR,RED,52453,34932
IR,RED,52977,35271
IR,RED,53403,35560
IR,RED,53724,35798
IR,RED,53916,35950
IR,RED,53875,35966
IR,RED,53446,35787
IR,RED,52696,35371
IR,RED,51713,34762
IR,RED,50756,34142
IR,RED,49986,33651
IR,RED,49492,32922
IR,RED,49191,32688
IR,RED,49080,32570
IR,RED,49127,32565
IR,RED,49272,32620
IR,RED,49536,32760
IR,RED,49868,32973
IR,RED,50295,33230
IR,RED,50728,33501
IR,RED,51115,33754
IR,RED,51297,33928
IR,RED,51187,33905
IR,RED,50787,33717
IR,RED,50186,33413
IR,RED,49360,32952
IR,RED,48393,32366
IR,RED,47352,31726
IR,RED,46368,31097
IR,RED,45417,30491
IR,RED,44596,29929
IR,RED,43972,29485
IR,RED,43636,29213
IR,RED,43637,29151
IR,RED,43935,29279
IR,RED,44427,29567
IR,RED,45087,29955
IR,RED,45838,30408
IR,RED,46551,30888
IR,RED,47171,31287
IR,RED,47602,31609
IR,RED,47775,31766
IR,RED,47603,31705
IR,RED,47164,31474
IR,RED,46500,31089
IR,RED,45705,30623
IR,RED,44790,30093
IR,RED,43776,29478
IR,RED,42746,28846
IR,RED,41824,28249
IR,RED,40931,27782
IR,RED,40441,27451
IR,RED,40161,27240
IR,RED,40023,27116
IR,RED,40027,27074
IR,RED,40152,27134
IR,RED,40318,27215
IR,RED,40529,27357
IR,RED,40721,27499
IR,RED,40837,27672
IR,RED,40841,27858
IR,RED,40685,28019
IR,RED,40382,28088
IR,RED,39880,28064
IR,RED,39153,27968
IR,RED,38181,27768
IR,RED,37023,27440
IR,RED,35724,26966
IR,RED,34368,26376
IR,RED,32992,25729
IR,RED,31233,24944
IR,RED,29802,23867
IR,RED,28356,22839
IR,RED,26953,21767
IR,RED,25558,20670
IR,RED,23961,19576
IR,RED,22635,18440
IR,RED,21343,17350
IR,RED,20137,16314
IR,RED,18940,15243
IR,RED,17777,14197
IR,RED,16623,13163
IR,RED,15551,12147
IR,RED,14497,11209
IR,RED,13531,10339
IR,RED,12644,9562
IR,RED,11859,8862
IR,RED,11143,8058
IR,RED,10454,7481
IR,RED,9771,6975
IR,RED,9134,6507
IR,RED,8364,6116
IR,RED,7870,5786
IR,RED,7417,5526
IR,RED,7007,5287
IR,RED,6604,5068
IR,RED,6214,4850
IR,RED,5854,4626
IR,RED,5489,4401
IR,RED,5119,4171
IR,RED,4777,3961
IR,RED,4451,3776
IR,RED,4073,3599
IR,RED,3669,3416
IR,RED,3219,3182
IR,RED,2757,2891
IR,RED,2373,2582
IR,RED,2052,2275
IR,RED,1788,1985
IR,RED,1590,1737
IR,RED,1441,1523
IR,RED,1329,1340
IR,RED,1258,1190
IR,RED,1213,1079
IR,RED,1175,974
IR,RED,1155,895
IR,RED,1141,841
IR,RED,1126,786
IR,RED,1130,752
IR,RED,1130,736
IR,RED,1132,728
IR,RED,1146,721
IR,RED,1146,723
IR,RED,1172,731
IR,RED,1172,739
IR,RED,1191,752
IR,RED,1211,757
IR,RED,1237,776
IR,RED,1259,791
IR,RED,1297,816
IR,RED,1337,840
IR,RED,1376,869
IR,RED,1425,916
IR,RED,1475,964
IR,RED,1535,1031
IR,RED,1595,1087
IR,RED,1678,1138
IR,RED,1767,1196
IR,RED,1875,1330
IR,RED,1986,1567
IR,RED,2093,1706
IR,RED,2207,1838
IR,RED,2336,1941
IR,RED,2465,1998
IR,RED,2595,2009
IR,RED,2743,2057
IR,RED,2895,2113
IR,RED,3058,2189
IR,RED,3230,2280
IR,RED,3445,2405
IR,RED,3661,2550
IR,RED,3913,2718
IR,RED,4150,2900
IR,RED,4404,3087
IR,RED,4684,3319
IR,RED,4953,3534
IR,RED,5200,3719
IR,RED,5477,3914
IR,RED,5788,4149
IR,RED,6084,4377
IR,RED,6421,4595
IR,RED,6828,4867
IR,RED,7280,5184
IR,RED,7763,5552
IR,RED,8260,5935
IR,RED,8780,6358
IR,RED,9351,6810
IR,RED,9952,7276
IR,RED,10617,7776
IR,RED,11328,8316
IR,RED,12269,8871
IR,RED,13150,9468
IR,RED,14186,10250
IR,RED,15307,11142
IR,RED,16571,12155
IR,RED,18049,13502
IR,RED,19568,14658
IR,RED,20991,15831
IR,RED,22424,16934
IR,RED,23782,17963
IR,RED,25083,18914
IR,RED,26426,19924
IR,RED,27862,20945
IR,RED,29782,22241
IR,RED,31903,23824
IR,RED,34360,25732
IR,RED,37284,27982
IR,RED,41022,30612
IR,RED,45733,33690
IR,RED,51196,37937
IR,RED,55030,42778
IR,RED,63282,46968
IR,RED,65535,54321
IR,RED,65535,60666
IR,RED,65535,65535
IR,RED,65535,65535
IR,RED,65535,65535
IR,RED,65535,65535
IR,RED,65535,65535
IR,RED,65535,65535
IR,RED,65535,65535
IR,RED,65535,65535
IR,RED,65535,65535
IR,RED,65535,65535
IR,RED,65535,65535
IR,RED,65535,65535
IR,RED,65535,65535
IR,RED,65535,65535
IR,RED,65535,65535
IR,RED,65535,65535
IR,RED,65535,65535
IR,RED,65535,65535
IR,RED,65535,65535
IR,RED,65535,65535
IR,RED,65535,65535
IR,RED,65535,65535
IR,RED,65535,65535
IR,RED,65535,65535
IR,RED,57344,58597
IR,RED,49152,57344
IR,RED,40960,49152
IR,RED,32768,40960
IR,RED,24576,32768
IR,RED,16384,25285
IR,RED,18517,27934
IR,RED,22351,32942
IR,RED,27899,36370
IR,RED,30365,39059
IR,RED,31723,40786
IR,RED,31880,41526
IR,RED,33144,41276
IR,RED,33519,41326
IR,RED,34119,41762
IR,RED,34116,41868
IR,RED,34308,42386
IR,RED,36599,43864
IR,RED,40952,46623
IR,RED,46751,51045
IR,RED,55068,55165
IR,RED,63232,63313
IR,RED,64694,64416
IR,RED,65535,65535
IR,RED,65535,65535
IR,RED,65535,65535
IR,RED,65535,65535
IR,RED,65535,65535
IR,RED,65535,65535
IR,RED,65535,65535
IR,RED,65535,65535
IR,RED,65535,65535
IR,RED,65535,65535
IR,RED,65535,65535
IR,RED,65535,65535
IR,RED,65535,65535
IR,RED,65535,65535
IR,RED,65535,65535
IR,RED,65535,65535
IR,RED,65535,65535
IR,RED,65535,65535
IR,RED,65535,65535
IR,RED,65535,65535
IR,RED,65535,65535
IR,RED,57344,65535
IR,RED,53588,65535
IR,RED,53607,65535
IR,RED,53650,65535
IR,RED,53677,65535
IR,RED,53711,65535
IR,RED,53739,65535
IR,RED,53781,65535
IR,RED,53822,65535
IR,RED,53819,65535
IR,RED,53830,65535
IR,RED,53854,65535
IR,RED,53890,65535
IR,RED,53907,65535
IR,RED,53944,65535
IR,RED,53970,65535
IR,RED,53982,65535
IR,RED,54033,65535
IR,RED,54041,65535
IR,RED,54056,65535
IR,RED,54074,65535
IR,RED,54083,65535
IR,RED,54099,65535
IR,RED,54136,65535
IR,RED,54141,65535
IR,RED,54169,65535
IR,RED,54165,65535
IR,RED,54190,65535
IR,RED,54226,65535
IR,RED,54228,65535
IR,RED,54267,65535
IR,RED,54273,65535
IR,RED,54281,65535
IR,RED,54291,65535
IR,RED,54303,65535
IR,RED,54319,65535
IR,RED,54341,65535
IR,RED,54361,65535
IR,RED,54384,65535
IR,RED,54378,65535
IR,RED,54391,65535
IR,RED,54420,65535
IR,RED,54434,65535
IR,RED,54428,65535
IR,RED,54465,65535
IR,RED,54444,65535
IR,RED,54445,65535
IR,RED,54470,65535
IR,RED,54480,65535
IR,RED,54493,65535
IR,RED,54503,65535
IR,RED,54519,65535
IR,RED,54555,65535
IR,RED,54536,65535
IR,RED,54538,65535
IR,RED,54562,65535
IR,RED,54574,65535
IR,RED,54589,65535
IR,RED,54587,65535
IR,RED,54590,65535
IR,RED,54594,65535
IR,RED,54601,65535
IR,RED,54628,65535
IR,RED,54627,65535
IR,RED,54635,65535
IR,RED,54661,65535
IR,RED,54655,65535
IR,RED,54661,65535
IR,RED,54663,65535
IR,RED,54689,65535
IR,RED,54697,65535
IR,RED,54692,65535
IR,RED,54713,65535
IR,RED,54725,65535
IR,RED,54719,65535
IR,RED,54744,65535
IR,RED,54735,65535
IR,RED,54738,65535
