IR,RED,beat_event
15548.0,7864.0,0
15551.0,7865.0,0
15572.0,7871.0,0
15595.0,7880.0,0
15611.0,7880.0,0
15613.0,7886.0,0
15605.0,7884.0,0
15583.0,7883.0,0
15560.0,7871.0,0
15536.0,7862.0,0
15518.0,7851.0,0
15492.0,7853.0,0
15455.0,7846.0,0
15400.0,7834.0,0
15351.0,7807.0,0
15350.0,7789.0,0
15308.0,7781.0,0
15279.0,7758.0,0
15271.0,7743.0,0
15227.0,7730.0,0
15185.0,7709.0,0
15148.0,7667.0,0
15101.0,7637.0,0
15059.0,7594.0,0
14988.0,7552.0,0
14919.0,7507.0,0
14757.0,7439.0,0
14535.0,7328.0,0
14130.0,7142.0,0
13563.0,6839.0,0
13060.0,6504.0,0
12691.0,6239.0,0
12340.0,6037.0,0
11971.0,5841.0,0
11596.0,5642.0,0
11239.0,5452.0,0
10928.0,5258.0,0
10670.0,5095.0,0
10454.0,4974.0,0
10249.0,4851.0,0
10071.0,4742.0,0
9864.0,4617.0,0
9673.0,4502.0,0
9500.0,4406.0,0
9328.0,4308.0,0
9166.0,4214.0,0
8820.0,4136.0,0
8688.0,4060.0,0
8613.0,3997.0,0
8550.0,3964.0,0
8485.0,3918.0,0
8421.0,3883.0,0
8371.0,3841.0,0
8336.0,3805.0,0
8306.0,3781.0,0
8248.0,3754.0,0
8231.0,3731.0,0
8196.0,3713.0,0
8143.0,3689.0,0
8116.0,3655.0,0
8104.0,3636.0,0
8079.0,3616.0,0
8063.0,3600.0,0
8061.0,3590.0,0
8086.0,3587.0,0
7841.0,3534.0,0
7716.0,3406.0,0
7827.0,3428.0,0
7590.0,3379.0,0
7136.0,3219.0,0
6725.0,3071.0,0
6354.0,2942.0,0
5961.0,2804.0,0
5614.0,2666.0,0
5553.0,2583.0,0
6095.0,2667.0,0
6504.0,2857.0,0
6591.0,2909.0,0
6902.0,3002.0,0
7388.0,3170.0,0
7880.0,3352.0,0
8210.0,3508.0,0
8362.0,3578.0,0
8484.0,3628.0,0
8755.0,3719.0,0
9295.0,3891.0,0
10042.0,4158.0,0
10877.0,4459.0,0
11507.0,4727.0,0
12158.0,4903.0,0
12576.0,5062.0,0
13177.0,5255.0,0
13676.0,5439.0,0
14216.0,5656.0,0
14667.0,5807.0,0
15250.0,6026.0,0
15856.0,6232.0,0
16824.0,6539.0,0
18249.0,7070.0,0
19589.0,7654.0,0
20906.0,8174.0,0
23008.0,8908.0,0
25543.0,9970.0,0
28217.0,11142.0,0
31403.0,12384.0,0
34570.0,14019.0,0
37551.0,15426.0,0
39813.0,16339.0,0
40811.0,16874.0,0
41530.0,17050.0,0
42983.0,17606.0,0
44370.0,18157.0,0
45983.0,18699.0,0
47379.0,19239.0,0
49519.0,20018.0,0
50974.0,20633.0,0
52886.0,21268.0,0
54916.0,22126.0,0
56589.0,22916.0,0
58441.0,23736.0,0
59887.0,24538.0,0
62317.0,25469.0,0
65535.0,26934.0,0
65535.0,28689.0,0
65535.0,30331.0,0
65535.0,31672.0,0
65535.0,33321.0,0
65535.0,35483.0,0
65535.0,37434.0,0
65535.0,39094.0,0
65535.0,39819.0,0
65535.0,40286.0,0
65535.0,40589.0,0
65535.0,40682.0,0
65535.0,40589.0,0
65535.0,40439.0,0
65535.0,40299.0,0
65535.0,40109.0,0
65535.0,39415.0,0
65535.0,37919.0,0
65535.0,35542.0,0
65535.0,32768.0,0
60197.0,27819.0,0
57344.0,24576.0,0
49152.0,20804.0,0
41117.0,18445.0,0
36972.0,16718.0,0
32954.0,15209.0,0
28350.0,13566.0,0
24704.0,12022.0,0
21870.0,10670.0,0
21702.0,10257.0,0
22396.0,10505.0,0
22708.0,10737.0,0
22212.0,10578.0,0
21704.0,10339.0,0
21111.0,10082.0,0
20531.0,9802.0,0
20514.0,9690.0,0
20761.0,9781.0,0
21098.0,9921.0,0
21435.0,10092.0,0
21674.0,10210.0,0
21868.0,10309.0,0
22179.0,10406.0,0
22853.0,10670.0,0
23816.0,11042.0,0
25097.0,11610.0,0
26361.0,12219.0,0
27955.0,12902.0,0
29871.0,13782.0,0
31057.0,14400.0,0
32507.0,15029.0,0
34417.0,15884.0,0
36626.0,16917.0,0
38838.0,17950.0,0
39369.0,18495.0,0
38041.0,18212.0,0
34933.0,16981.0,0
32768.0,15230.0,0
25689.0,13143.0,0
24576.0,11162.0,0
17581.0,9442.0,0
16384.0,8192.0,0
12684.0,6978.0,0
10694.0,6115.0,0
8560.0,5110.0,0
6446.0,4021.0,0
4867.0,3064.0,0
3674.0,2304.0,0
2885.0,1791.0,0
2419.0,1453.0,0
2101.0,1230.0,0
1772.0,1038.0,0
1470.0,875.0,0
1225.0,754.0,0
1054.0,670.0,0
957.0,601.0,0
879.0,564.0,0
818.0,531.0,0
764.0,497.0,0
724.0,471.0,0
685.0,464.0,0
650.0,442.0,0
624.0,437.0,0
604.0,418.0,0
598.0,411.0,0
581.0,396.0,0
574.0,396.0,0
566.0,391.0,0
561.0,390.0,0
570.0,383.0,0
571.0,382.0,0
583.0,375.0,0
581.0,370.0,0
598.0,381.0,0
604.0,372.0,0
614.0,373.0,0
624.0,369.0,0
629.0,359.0,0
646.0,361.0,0
668.0,365.0,0
678.0,377.0,0
707.0,376.0,0
724.0,380.0,0
750.0,393.0,0
778.0,400.0,0
812.0,408.0,0
840.0,426.0,0
873.0,437.0,0
907.0,461.0,0
945.0,478.0,0
988.0,500.0,0
1032.0,524.0,0
1084.0,552.0,0
1147.0,587.0,0
1206.0,627.0,0
1281.0,670.0,0
1377.0,732.0,0
1483.0,796.0,0
1596.0,862.0,0
1724.0,945.0,0
1866.0,1023.0,0
2025.0,1112.0,0
2198.0,1211.0,0
2395.0,1322.0,0
2618.0,1467.0,0
2877.0,1611.0,0
3149.0,1789.0,0
3446.0,1962.0,0
3755.0,2145.0,0
4086.0,2335.0,0
4398.0,2527.0,0
4718.0,2719.0,0
5020.0,2909.0,0
5336.0,3084.0,0
5630.0,3265.0,0
5956.0,3456.0,0
6321.0,3662.0,0
6801.0,3944.0,0
7452.0,4333.0,0
8298.0,4866.0,0
9425.0,5609.0,0
10925.0,6616.0,0
12907.0,7949.0,0
15588.0,9634.0,0
18799.0,11789.0,0
22304.0,14743.0,0
28690.0,18344.0,0
36518.0,22240.0,0
46948.0,29408.0,0
55035.0,37521.0,0
63203.0,46888.0,0
65535.0,55031.0,0
57344.0,49152.0,0
49152.0,40960.0,0
54766.0,39074.0,0
51777.0,39695.0,0
49152.0,35283.0,0
43451.0,33256.0,0
44704.0,33323.0,0
45463.0,34065.0,0
45080.0,34097.0,0
44172.0,33683.0,0
41539.0,32850.0,0
35270.0,28718.0,0
34753.0,27470.0,0
34853.0,27368.0,0
34998.0,27448.0,0
35141.0,27525.0,0
35196.0,27618.0,0
35221.0,27628.0,0
35342.0,27620.0,0
35497.0,27707.0,0
35655.0,27831.0,0
35709.0,27853.0,0
35736.0,27810.0,0
35826.0,27780.0,0
35923.0,27714.0,0
35969.0,27621.0,0
35977.0,27512.0,0
36019.0,27474.0,0
36032.0,27458.0,0
36042.0,27483.0,0
36051.0,27482.0,0
36111.0,27478.0,0
36235.0,27472.0,0
36353.0,27498.0,0
36477.0,27541.0,0
36617.0,27632.0,0
36757.0,27742.0,0
36872.0,27838.0,0
36968.0,27877.0,0
37032.0,27925.0,0
37059.0,27931.0,0
37049.0,27924.0,0
37031.0,27863.0,0
37022.0,27806.0,0
36990.0,27745.0,0
36993.0,27634.0,0
37018.0,27592.0,0
37097.0,27588.0,0
37199.0,27643.0,0
37394.0,27754.0,0
37614.0,27916.0,0
37770.0,28026.0,0
37868.0,28061.0,0
37862.0,28038.0,0
37842.0,28021.0,0
37812.0,28014.0,0
37781.0,28000.0,0
37734.0,27960.0,0
37651.0,27894.0,0
37572.0,27813.0,0
37481.0,27720.0,0
37398.0,27616.0,0
37322.0,27568.0,0
37274.0,27518.0,0
37242.0,27492.0,0
37216.0,27465.0,0
37195.0,27446.0,0
37189.0,27416.0,0
37155.0,27404.0,0
37144.0,27386.0,0
37156.0,27380.0,0
37150.0,27383.0,0
37153.0,27376.0,0
37142.0,27357.0,0
37141.0,27330.0,0
37123.0,27320.0,0
37107.0,27297.0,0
37098.0,27302.0,0
37099.0,27297.0,0
37080.0,27290.0,0
37081.0,27272.0,0
37074.0,27276.0,0
37068.0,27280.0,0
37068.0,27287.0,0
37080.0,27300.0,0
37071.0,27318.0,0
37101.0,27321.0,0
37089.0,27330.0,0
37115.0,27356.0,0
37096.0,27353.0,0
37099.0,27353.0,0
37062.0,27323.0,0
37024.0,27282.0,0
37008.0,27238.0,0
36966.0,27194.0,0
36928.0,27153.0,0
36926.0,27128.0,0
36889.0,27105.0,0
36860.0,27083.0,0
36843.0,27032.0,0
36823.0,27000.0,0
36798.0,26973.0,0
36790.0,26962.0,0
36775.0,26967.0,0
36766.0,26953.0,0
36730.0,26929.0,0
36721.0,26939.0,0
36709.0,26934.0,0
36718.0,26930.0,0
36715.0,26927.0,0
36720.0,26931.0,0
36711.0,26938.0,0
36710.0,26931.0,0
36665.0,26906.0,0
36645.0,26876.0,0
36616.0,26855.0,0
36579.0,26816.0,0
36544.0,26776.0,0
36514.0,26732.0,0
36465.0,26701.0,0
36436.0,26693.0,0
36451.0,26695.0,0
36485.0,26700.0,0
36519.0,26757.0,0
36574.0,26799.0,0
36608.0,26837.0,0
36634.0,26885.0,0
36625.0,26885.0,0
36574.0,26855.0,0
36510.0,26790.0,0
36434.0,26723.0,0
36388.0,26655.0,0
36342.0,26597.0,0
36313.0,26561.0,0
36295.0,26525.0,0
36269.0,26495.0,0
36242.0,26486.0,0
36241.0,26456.0,0
36220.0,26432.0,0
36208.0,26419.0,0
36184.0,26379.0,0
36161.0,26353.0,0
36132.0,26332.0,0
36137.0,26300.0,0
36128.0,26291.0,0
36116.0,26276.0,0
36098.0,26259.0,0
36091.0,26249.0,0
36098.0,26255.0,0
36095.0,26264.0,0
36113.0,26256.0,0
36094.0,26273.0,0
36088.0,26264.0,0
36089.0,26277.0,0
36075.0,26272.0,0
36053.0,26248.0,0
36035.0,26237.0,0
36029.0,26223.0,0
36006.0,26183.0,0
36003.0,26194.0,0
35996.0,26181.0,0
35987.0,26181.0,0
35994.0,26176.0,0
36006.0,26189.0,0
36014.0,26215.0,0
36020.0,26223.0,0
36020.0,26217.0,0
36009.0,26197.0,0
35988.0,26174.0,0
35992.0,26177.0,0
35983.0,26153.0,0
35979.0,26147.0,0
35964.0,26132.0,0
35961.0,26114.0,0
35956.0,26117.0,0
35966.0,26133.0,0
35976.0,26142.0,0
35992.0,26155.0,0
35998.0,26163.0,0
36004.0,26174.0,0
36006.0,26177.0,0
35999.0,26193.0,0
36024.0,26210.0,0
36028.0,26220.0,0
36035.0,26239.0,0
36031.0,26222.0,0
36039.0,26218.0,0
36033.0,26223.0,0
36040.0,26226.0,0
36040.0,26224.0,0
36074.0,26226.0,0
36055.0,26239.0,0
36056.0,26244.0,0
36068.0,26235.0,0
36053.0,26243.0,0
36052.0,26239.0,0
36043.0,26240.0,0
36048.0,26227.0,0
36034.0,26227.0,0
36016.0,26202.0,0
36011.0,26197.0,0
36005.0,26189.0,0
35985.0,26156.0,0
35969.0,26128.0,0
35946.0,26110.0,0
35946.0,26101.0,0
35937.0,26089.0,0
35937.0,26065.0,0
35942.0,26067.0,0
35946.0,26048.0,0
35947.0,26043.0,0
35937.0,26037.0,0
35944.0,26018.0,0
35926.0,26021.0,0
35915.0,26013.0,0
35906.0,26004.0,0
35883.0,25998.0,0
35874.0,25990.0,0
35876.0,25972.0,0
35849.0,25979.0,0
35853.0,25985.0,0
35834.0,25983.0,0
35858.0,25983.0,0
35835.0,26001.0,0
35851.0,25992.0,0
35850.0,25990.0,0
35856.0,25986.0,0
35846.0,25992.0,0
35842.0,25987.0,0
35839.0,25993.0,0
35844.0,26006.0,0
35854.0,26005.0,0
35845.0,26015.0,0
35841.0,26020.0,0
35839.0,25991.0,0
35802.0,25978.0,0
35807.0,25969.0,0
35810.0,25976.0,0
35807.0,25971.0,0
35807.0,25972.0,0
35801.0,25984.0,0
35807.0,25974.0,0
35795.0,25977.0,0
35798.0,25975.0,0
35806.0,25969.0,0
35795.0,25968.0,0
35782.0,25953.0,0
35759.0,25947.0,0
35767.0,25932.0,0
35754.0,25929.0,0
35750.0,25939.0,0
35773.0,25938.0,0
35793.0,25955.0,0
35788.0,25956.0,0
35819.0,25951.0,0
35809.0,25944.0,0
35812.0,25952.0,0
35796.0,25934.0,0
35789.0,25935.0,0
35804.0,25932.0,0
35801.0,25941.0,0
35806.0,25943.0,0
35796.0,25956.0,0
35798.0,25956.0,0
35805.0,25974.0,0
35809.0,25983.0,0
35812.0,25981.0,0
35813.0,25995.0,0
35831.0,26016.0,0
35830.0,26018.0,0
35843.0,26033.0,0
35884.0,26043.0,0
35871.0,26059.0,0
35892.0,26053.0,0
35894.0,26082.0,0
35899.0,26083.0,0
35924.0,26094.0,0
35917.0,26099.0,0
35953.0,26122.0,0
35954.0,26151.0,0
35980.0,26156.0,0
35961.0,26171.0,0
35976.0,26166.0,0
35972.0,26174.0,0
35958.0,26178.0,0
35955.0,26174.0,0
35940.0,26177.0,0
35936.0,26170.0,0
35937.0,26171.0,0
35924.0,26174.0,0
35919.0,26154.0,0
35925.0,26173.0,0
35934.0,26167.0,0
35921.0,26173.0,0
35918.0,26174.0,0
35915.0,26161.0,0
35913.0,26165.0,0
35928.0,26159.0,0
35938.0,26173.0,0
35948.0,26198.0,0
35954.0,26198.0,0
35964.0,26212.0,0
35978.0,26209.0,0
35951.0,26208.0,0
35958.0,26220.0,0
35953.0,26209.0,0
35955.0,26209.0,0
35961.0,26209.0,0
35966.0,26217.0,0
35946.0,26218.0,0
35946.0,26221.0,0
35954.0,26219.0,0
35960.0,26213.0,0
35952.0,26209.0,0
35940.0,26196.0,0
35935.0,26186.0,0
35916.0,26192.0,0
35936.0,26198.0,0
35939.0,26191.0,0
35930.0,26204.0,0
35929.0,26212.0,0
35941.0,26217.0,0
35942.0,26220.0,0
35951.0,26214.0,0
35931.0,26219.0,0
35936.0,26219.0,0
35921.0,26222.0,0
35934.0,26226.0,0
35920.0,26204.0,0
35940.0,26206.0,0
35924.0,26202.0,0
35931.0,26198.0,0
35922.0,26184.0,0
35930.0,26183.0,0
35930.0,26193.0,0
35930.0,26191.0,0
35938.0,26190.0,0
35924.0,26193.0,0
35910.0,26186.0,0
35923.0,26181.0,0
35907.0,26181.0,0
35905.0,26170.0,0
35914.0,26188.0,0
35913.0,26181.0,0
35893.0,26187.0,0
35921.0,26185.0,0
35907.0,26200.0,0
35911.0,26183.0,0
35919.0,26182.0,0
35915.0,26175.0,0
35891.0,26160.0,0
35896.0,26166.0,0
35905.0,26155.0,0
35890.0,26168.0,0
35890.0,26169.0,0
35875.0,26174.0,0
35897.0,26175.0,0
35889.0,26177.0,0
35881.0,26177.0,0
35887.0,26180.0,0
35883.0,26178.0,0
35891.0,26182.0,0
35877.0,26172.0,0
35877.0,26168.0,0
35879.0,26175.0,0
35904.0,26167.0,0
35896.0,26164.0,0
35894.0,26181.0,0
35902.0,26176.0,0
35916.0,26186.0,0
35906.0,26188.0,0
35878.0,26177.0,0
35879.0,26170.0,0
35868.0,26168.0,0
35852.0,26155.0,0
35852.0,26153.0,0
35845.0,26146.0,0
35850.0,26140.0,0
35863.0,26129.0,0
35872.0,26148.0,0
35868.0,26159.0,0
35879.0,26151.0,0
35873.0,26146.0,0
35879.0,26150.0,0
35872.0,26142.0,0
35873.0,26140.0,0
35852.0,26154.0,0
35847.0,26145.0,0
35854.0,26149.0,0
35857.0,26150.0,0
35852.0,26144.0,0
35845.0,26143.0,0
35841.0,26138.0,0
35841.0,26132.0,0
35836.0,26137.0,0
35860.0,26150.0,0
35876.0,26151.0,0
35867.0,26149.0,0
35876.0,26149.0,0
35869.0,26155.0,0
35856.0,26156.0,0
35860.0,26142.0,0
35847.0,26145.0,0
35829.0,26139.0,0
35828.0,26119.0,0
35819.0,26133.0,0
35805.0,26132.0,0
35825.0,26130.0,0
35820.0,26129.0,0
35824.0,26134.0,0
35806.0,26130.0,0
35816.0,26125.0,0
35811.0,26123.0,0
35814.0,26116.0,0
35807.0,26120.0,0
35811.0,26111.0,0
35807.0,26096.0,0
35793.0,26093.0,0
35783.0,26088.0,0
35787.0,26074.0,0
35767.0,26066.0,0
35775.0,26068.0,0
35765.0,26067.0,0
35777.0,26066.0,0
35767.0,26062.0,0
35767.0,26075.0,0
35769.0,26077.0,0
35775.0,26076.0,0
35770.0,26072.0,0
35779.0,26074.0,0
35753.0,26079.0,0
35755.0,26082.0,0
35757.0,26081.0,0
35745.0,26068.0,0
35748.0,26059.0,0
35745.0,26056.0,0
35730.0,26064.0,0
35752.0,26061.0,0
35741.0,26059.0,0
35732.0,26057.0,0
35749.0,26072.0,0
35738.0,26069.0,0
35728.0,26061.0,0
35737.0,26061.0,0
35723.0,26069.0,0
35735.0,26069.0,0
35732.0,26068.0,0
35733.0,26062.0,0
35726.0,26058.0,0
35716.0,26051.0,0
35706.0,26045.0,0
35709.0,26034.0,0
35711.0,26045.0,0
35692.0,26030.0,0
35709.0,26016.0,0
35706.0,26015.0,0
35695.0,26025.0,0
35690.0,26019.0,0
35682.0,26007.0,0
35683.0,26010.0,0
35675.0,26014.0,0
35692.0,26023.0,0
35682.0,26023.0,0
35701.0,26025.0,0
35691.0,26038.0,0
35693.0,26028.0,0
35686.0,26030.0,0
35690.0,26034.0,0
35681.0,26029.0,0
35680.0,26040.0,0
35677.0,26029.0,0
35680.0,26025.0,0
35675.0,26044.0,0
35679.0,26030.0,0
35697.0,26022.0,0
35676.0,26006.0,0
35675.0,26012.0,0
35671.0,25996.0,0
35674.0,25987.0,0
35659.0,25986.0,0
35661.0,25984.0,0
35655.0,25979.0,0
35651.0,25984.0,0
35651.0,25981.0,0
35653.0,25989.0,0
35660.0,25993.0,0
35651.0,25988.0,0
35662.0,26000.0,0
35670.0,26003.0,0
35671.0,26006.0,0
35673.0,26017.0,0
35693.0,26030.0,0
35683.0,26020.0,0
35694.0,26035.0,0
35691.0,26038.0,0
35695.0,26047.0,0
35698.0,26054.0,0
35712.0,26067.0,0
35729.0,26087.0,0
35734.0,26088.0,0
35736.0,26095.0,0
35744.0,26100.0,0
35733.0,26093.0,0
35736.0,26089.0,0
35735.0,26099.0,0
35721.0,26099.0,0
35725.0,26090.0,0
35727.0,26085.0,0
35718.0,26082.0,0
35715.0,26093.0,0
35707.0,26078.0,0
35690.0,26060.0,0
35682.0,26067.0,0
35680.0,26057.0,0
35663.0,26051.0,0
35678.0,26050.0,0
35680.0,26037.0,0
35668.0,26041.0,0
35667.0,26047.0,0
35660.0,26040.0,0
35653.0,26038.0,0
35639.0,26034.0,0
35646.0,26051.0,0
35647.0,26032.0,0
35649.0,26032.0,0
35630.0,26031.0,0
35635.0,26028.0,0
35633.0,26015.0,0
35638.0,26015.0,0
35631.0,26014.0,0
35640.0,26005.0,0
35631.0,26009.0,0
35625.0,26015.0,0
35641.0,26008.0,0
35644.0,26019.0,0
35636.0,25999.0,0
35628.0,26007.0,0
35639.0,26018.0,0
35629.0,26008.0,0
35624.0,26002.0,0
35631.0,26006.0,0
35640.0,26013.0,0
35620.0,26000.0,0
35632.0,26000.0,0
35627.0,26007.0,0
35631.0,25991.0,0
35624.0,26001.0,0
35603.0,25988.0,0
35602.0,25984.0,0
35619.0,25975.0,0
35609.0,25970.0,0
35611.0,25986.0,0
35600.0,25964.0,0
35609.0,25961.0,0
35593.0,25964.0,0
35595.0,25972.0,0
35596.0,25977.0,0
35598.0,25976.0,0
35615.0,25972.0,0
35603.0,25970.0,0
35590.0,25973.0,0
35588.0,25971.0,0
35598.0,25954.0,0
35596.0,25967.0,0
35585.0,25954.0,0
35592.0,25955.0,0
35580.0,25959.0,0
35586.0,25952.0,0
35579.0,25960.0,0
35586.0,25950.0,0
35582.0,25952.0,0
35579.0,25959.0,0
35570.0,25960.0,0
35592.0,25944.0,0
35587.0,25947.0,0
35588.0,25945.0,0
35579.0,25948.0,0
35591.0,25970.0,0
35602.0,25964.0,0
35623.0,25989.0,0
35620.0,25976.0,0
35622.0,25992.0,0
35608.0,25976.0,0
35599.0,25974.0,0
35601.0,25970.0,0
35610.0,25962.0,0
35580.0,25961.0,0
35583.0,25966.0,0
35585.0,25962.0,0
35584.0,25984.0,0
35588.0,25970.0,0
35581.0,25979.0,0
35576.0,25984.0,0
35579.0,25975.0,0
35575.0,25979.0,0
35584.0,25979.0,0
35577.0,25974.0,0
35575.0,25980.0,0
35588.0,25959.0,0
35573.0,25971.0,0
35573.0,25969.0,0
35585.0,25963.0,0
35571.0,25955.0,0
35559.0,25949.0,0
35544.0,25933.0,0
35547.0,25926.0,0
35543.0,25934.0,0
35535.0,25929.0,0
35544.0,25936.0,0
35540.0,25929.0,0
35547.0,25915.0,0
35539.0,25925.0,0
35529.0,25920.0,0
35522.0,25897.0,0
35516.0,25890.0,0
35508.0,25884.0,1
35519.0,25886.0,0
35520.0,25875.0,0
35527.0,25875.0,0
35505.0,25897.0,0
35526.0,25894.0,0
35533.0,25894.0,0
35526.0,25887.0,0
35525.0,25890.0,0
35517.0,25881.0,0
35518.0,25895.0,0
35498.0,25886.0,0
35487.0,25880.0,0
35514.0,25870.0,0
35501.0,25869.0,0
35507.0,25874.0,0
35508.0,25887.0,0
35500.0,25874.0,0
35502.0,25878.0,0
35479.0,25863.0,0
35462.0,25852.0,0
35470.0,25861.0,0
35472.0,25870.0,0
35468.0,25868.0,0
35489.0,25865.0,0
35482.0,25871.0,0
35484.0,25867.0,0
35479.0,25873.0,0
35492.0,25873.0,0
35487.0,25870.0,0
35476.0,25865.0,0
35483.0,25871.0,0
35493.0,25879.0,0
35496.0,25878.0,0
35485.0,25878.0,0
35482.0,25882.0,0
35456.0,25878.0,0
35455.0,25868.0,0
35473.0,25877.0,0
35471.0,25875.0,0
35477.0,25872.0,0
35475.0,25874.0,0
35470.0,25874.0,0
35469.0,25857.0,0
35456.0,25862.0,0
35443.0,25855.0,0
35427.0,25836.0,0
35454.0,25842.0,0
35429.0,25832.0,0
35441.0,25831.0,0
35437.0,25842.0,0
35429.0,25826.0,0
35426.0,25827.0,0
35439.0,25834.0,0
35432.0,25828.0,0
35432.0,25830.0,0
35424.0,25833.0,0
35421.0,25829.0,0
35421.0,25831.0,0
35408.0,25828.0,0
35415.0,25809.0,0
35418.0,25813.0,0
35408.0,25818.0,0
35405.0,25810.0,0
35410.0,25817.0,0
35406.0,25818.0,0
35423.0,25818.0,0
35430.0,25825.0,0
35397.0,25819.0,0
35410.0,25817.0,0
35391.0,25818.0,0
35403.0,25804.0,0
35399.0,25800.0,0
35395.0,25807.0,0
35399.0,25799.0,1
35393.0,25805.0,0
35408.0,25812.0,0
35409.0,25812.0,0
35402.0,25808.0,0
35402.0,25817.0,0
35400.0,25810.0,0
35386.0,25809.0,0
35385.0,25802.0,0
35377.0,25796.0,0
35386.0,25792.0,0
35385.0,25789.0,0
35396.0,25798.0,0
35387.0,25785.0,0
35381.0,25787.0,0
35377.0,25793.0,0
35368.0,25777.0,0
35366.0,25772.0,0
35358.0,25773.0,0
35361.0,25782.0,0
35372.0,25783.0,0
35367.0,25775.0,0
35371.0,25766.0,0
35359.0,25774.0,0
35367.0,25784.0,0
35352.0,25785.0,0
35354.0,25774.0,0
35358.0,25784.0,0
35359.0,25782.0,0
35371.0,25783.0,0
35342.0,25784.0,0
35355.0,25781.0,0
35349.0,25787.0,0
35357.0,25784.0,0
35364.0,25797.0,0
35361.0,25789.0,0
35364.0,25790.0,0
35357.0,25783.0,0
35353.0,25780.0,0
35342.0,25787.0,0
35358.0,25775.0,0
35357.0,25780.0,0
35345.0,25797.0,0
35352.0,25783.0,0
35338.0,25787.0,0
35358.0,25799.0,0
35354.0,25792.0,0
35356.0,25795.0,0
35352.0,25795.0,0
35351.0,25797.0,0
35345.0,25798.0,0
35337.0,25798.0,0
35353.0,25785.0,0
35338.0,25785.0,0
35330.0,25788.0,0
35332.0,25788.0,0
35340.0,25781.0,0
35339.0,25781.0,0
35336.0,25787.0,0
35332.0,25796.0,0
35341.0,25784.0,0
35347.0,25783.0,0
35338.0,25797.0,0
35346.0,25797.0,0
35343.0,25792.0,0
35337.0,25793.0,0
35336.0,25793.0,0
35324.0,25797.0,0
35321.0,25793.0,0
35324.0,25796.0,0
35315.0,25782.0,0
35321.0,25786.0,0
35338.0,25788.0,0
35331.0,25788.0,0
35334.0,25798.0,0
35341.0,25796.0,0
35345.0,25800.0,0
35338.0,25801.0,0
35334.0,25802.0,0
35327.0,25788.0,0
35327.0,25787.0,0
35330.0,25785.0,0
35317.0,25778.0,0
35312.0,25780.0,0
35330.0,25781.0,0
35306.0,25774.0,0
35328.0,25779.0,0
35309.0,25772.0,0
35322.0,25774.0,0
35313.0,25776.0,0
35326.0,25781.0,0
35308.0,25780.0,0
35323.0,25789.0,0
35305.0,25783.0,0
35318.0,25782.0,0
35315.0,25789.0,0
35313.0,25781.0,0
35305.0,25780.0,0
35312.0,25786.0,0
35324.0,25793.0,0
35329.0,25795.0,0
35327.0,25795.0,0
35336.0,25800.0,0
35321.0,25793.0,0
35323.0,25795.0,0
35314.0,25802.0,0
35313.0,25794.0,0
35317.0,25792.0,0
35319.0,25804.0,0
35318.0,25793.0,0
35316.0,25790.0,0
35314.0,25794.0,0
35304.0,25801.0,0
35320.0,25800.0,0
35317.0,25807.0,0
35304.0,25799.0,0
35319.0,25812.0,0
35320.0,25807.0,0
35309.0,25810.0,0
35321.0,25817.0,0
35321.0,25808.0,0
35327.0,25812.0,0
35302.0,25818.0,0
35306.0,25813.0,0
35302.0,25816.0,0
35298.0,25816.0,0
35303.0,25814.0,0
35313.0,25804.0,0
35289.0,25812.0,0
35296.0,25814.0,0
35296.0,25798.0,0
35286.0,25816.0,0
35286.0,25817.0,0
35298.0,25809.0,0
35285.0,25798.0,0
35285.0,25787.0,0
35274.0,25802.0,0
35283.0,25795.0,0
35278.0,25794.0,0
35296.0,25791.0,0
35295.0,25802.0,0
35291.0,25807.0,0
35298.0,25797.0,0
35281.0,25801.0,0
35276.0,25800.0,0
35286.0,25800.0,0
35269.0,25787.0,0
35256.0,25787.0,0
35265.0,25783.0,0
35274.0,25791.0,0
35256.0,25781.0,0
35270.0,25783.0,0
35257.0,25774.0,0
35265.0,25774.0,0
35248.0,25763.0,0
35236.0,25763.0,0
35242.0,25756.0,0
35221.0,25742.0,0
35241.0,25740.0,0
35238.0,25750.0,0
35248.0,25762.0,0
35255.0,25756.0,0
35242.0,25765.0,0
35254.0,25770.0,0
35255.0,25752.0,0
35237.0,25771.0,0
35238.0,25760.0,0
35224.0,25760.0,0
35240.0,25752.0,0
35228.0,25753.0,0
35228.0,25746.0,0
35222.0,25741.0,0
35219.0,25748.0,0
35200.0,25739.0,0
35184.0,25726.0,0
35186.0,25716.0,0
35184.0,25707.0,0
35165.0,25694.0,0
35147.0,25678.0,0
35149.0,25670.0,0
35120.0,25661.0,0
35129.0,25649.0,0
35135.0,25650.0,0
35118.0,25649.0,0
35108.0,25631.0,0
35126.0,25634.0,0
35108.0,25643.0,0
35113.0,25638.0,0
35120.0,25643.0,0
35122.0,25633.0,0
35120.0,25646.0,0
35121.0,25650.0,0
35134.0,25653.0,0
35143.0,25657.0,0
35131.0,25672.0,0
35142.0,25673.0,0
35131.0,25689.0,0
35137.0,25698.0,0
35146.0,25682.0,0
35140.0,25694.0,0
35129.0,25676.0,0
35128.0,25671.0,0
35115.0,25690.0,0
35103.0,25667.0,0
35093.0,25662.0,0
35086.0,25641.0,0
35061.0,25636.0,0
35055.0,25603.0,0
35024.0,25588.0,0
35022.0,25349.0,0
35020.0,25347.0,0
35019.0,25345.0,0
35013.0,25338.0,0
35027.0,25329.0,0
35015.0,25317.0,0
35015.0,25329.0,0
35014.0,25319.0,0
35011.0,25319.0,0
35010.0,25326.0,0
35014.0,25313.0,0
35001.0,25303.0,0
34988.0,25301.0,0
34990.0,25274.0,0
34966.0,25260.0,0
34954.0,25239.0,0
34941.0,25240.0,0
34936.0,25199.0,0
34922.0,25191.0,0
34916.0,25191.0,0
34914.0,25183.0,0
34910.0,25153.0,0
34900.0,25162.0,0
34870.0,25143.0,0
34869.0,25127.0,0
34866.0,25121.0,0
34855.0,25102.0,0
34847.0,25083.0,0
34826.0,25065.0,0
34813.0,25044.0,0
34791.0,25011.0,0
34769.0,24985.0,0
34757.0,24970.0,0
34758.0,24952.0,0
34743.0,24922.0,0
34733.0,24920.0,0
34722.0,24903.0,0
34711.0,24890.0,0
34700.0,24853.0,0
34690.0,24852.0,0
34682.0,24819.0,0
34695.0,24816.0,0
34685.0,24801.0,0
34654.0,24791.0,0
34642.0,24769.0,0
34627.0,24750.0,0
34613.0,24739.0,0
34611.0,24732.0,0
34604.0,24708.0,0
34590.0,24708.0,0
34595.0,24699.0,0
34588.0,24693.0,0
34577.0,24690.0,0
34575.0,24684.0,0
34568.0,24691.0,0
34576.0,24670.0,0
34579.0,24669.0,0
34558.0,24654.0,0
34556.0,24626.0,0
34549.0,24637.0,0
34556.0,24624.0,0
34561.0,24627.0,0
34556.0,24627.0,0
34550.0,24626.0,0
34560.0,24612.0,0
34546.0,24601.0,0
34535.0,24587.0,0
34540.0,24584.0,0
34522.0,24593.0,0
34528.0,24577.0,0
34539.0,24586.0,0
34549.0,24593.0,0
34556.0,24610.0,0
34562.0,24617.0,0
34566.0,24625.0,0
34565.0,24632.0,0
34556.0,24632.0,0
34553.0,24634.0,0
34554.0,24639.0,0
34557.0,24636.0,0
34562.0,24657.0,0
34594.0,24649.0,0
34588.0,24661.0,0
34588.0,24658.0,0
34582.0,24662.0,0
34578.0,24645.0,0
34580.0,24644.0,0
34579.0,24648.0,0
34592.0,24645.0,0
34610.0,24651.0,0
34614.0,24649.0,0
34612.0,24664.0,0
34616.0,24664.0,0
34635.0,24663.0,0
34605.0,24665.0,0
34604.0,24651.0,0
34600.0,24645.0,0
34588.0,24636.0,0
34574.0,24615.0,0
34545.0,24587.0,0
34527.0,24569.0,0
34521.0,24559.0,0
34501.0,24530.0,0
34491.0,24511.0,0
34486.0,24497.0,0
34472.0,24485.0,0
34460.0,24453.0,0
34441.0,24450.0,0
34442.0,24436.0,0
34444.0,24440.0,0
34437.0,24442.0,0
34435.0,24430.0,0
34434.0,24429.0,0
34428.0,24428.0,0
34432.0,24429.0,0
34439.0,24432.0,0
34435.0,24431.0,0
34431.0,24429.0,0
34429.0,24425.0,0
34427.0,24405.0,0
34425.0,24413.0,0
34420.0,24431.0,0
34424.0,24420.0,0
34433.0,24420.0,0
34437.0,24428.0,0
34456.0,24450.0,0
34486.0,24477.0,0
34482.0,24489.0,0
34492.0,24500.0,0
34499.0,24499.0,0
34514.0,24516.0,0
34516.0,24524.0,0
34520.0,24536.0,0
34568.0,24559.0,0
34592.0,24586.0,0
34632.0,24592.0,0
34669.0,24642.0,0
34709.0,24691.0,0
34753.0,24724.0,0
34805.0,24754.0,0
34867.0,24804.0,0
34934.0,24852.0,0
35028.0,24910.0,0
35070.0,24951.0,0
35079.0,24962.0,0
35057.0,24926.0,0
34977.0,24855.0,0
34903.0,24792.0,0
34877.0,24739.0,0
34878.0,24738.0,0
34891.0,24769.0,0
34931.0,24795.0,0
34968.0,24831.0,0
35027.0,24893.0,0
35082.0,24948.0,0
35146.0,25002.0,0
35195.0,25050.0,0
35214.0,25086.0,0
35213.0,25074.0,0
35203.0,25084.0,0
35210.0,25078.0,0
35184.0,25035.0,0
35164.0,25029.0,0
35177.0,25041.0,0
35173.0,25034.0,0
35181.0,25048.0,0
35165.0,25042.0,0
35116.0,24991.0,0
35106.0,24915.0,0
35848.0,25062.0,0
36925.0,26046.0,0
37801.0,26372.0,0
39753.0,27259.0,0
43454.0,29096.0,0
46917.0,32287.0,0
55061.0,38640.0,0
63181.0,46888.0,0
65535.0,55017.0,0
65535.0,63363.0,0
65535.0,58249.0,0
65535.0,49556.0,0
62158.0,41567.0,0
57344.0,34621.0,0
49152.0,32768.0,0
40960.0,24989.0,0
32768.0,21758.0,0
25788.0,19465.0,0
24576.0,17839.0,0
22895.0,16749.0,0
22471.0,16196.0,0
22645.0,16059.0,0
23410.0,16411.0,0
24837.0,17224.0,0
26955.0,18604.0,0
29782.0,20522.0,0
33422.0,22882.0,0
37816.0,25810.0,0
43678.0,29589.0,0
46902.0,34498.0,0
55043.0,38766.0,0
63173.0,46992.0,0
65535.0,55080.0,0
65535.0,60102.0,0
57344.0,53801.0,0
49152.0,49152.0,0
40960.0,40960.0,0
32768.0,32768.0,0
25527.0,26604.0,0
25269.0,26563.0,0
25227.0,26546.0,0
25173.0,26511.0,0
25074.0,26466.0,0
24971.0,26383.0,0
24819.0,26273.0,0
24703.0,26144.0,0
24582.0,26023.0,0
24480.0,25919.0,0
24385.0,25827.0,0
24317.0,25756.0,0
24274.0,25704.0,0
24233.0,25665.0,0
24196.0,25625.0,0
24171.0,25595.0,0
24173.0,25374.0,0
24170.0,25384.0,0
24176.0,25390.0,0
24163.0,25385.0,0
24115.0,25346.0,0
24073.0,25297.0,0
24018.0,25246.0,0
23985.0,25226.0,0
23964.0,25177.0,0
23952.0,25160.0,0
23929.0,25143.0,0
23934.0,25141.0,0
23935.0,25145.0,0
23956.0,25152.0,0
23933.0,25144.0,0
23903.0,25128.0,0
23889.0,25103.0,0
23856.0,25066.0,0
23828.0,25050.0,0
23821.0,25046.0,0
23823.0,25055.0,0
23822.0,25058.0,0
23814.0,25061.0,0
23809.0,25057.0,0
23786.0,25049.0,0
23765.0,25035.0,0
23730.0,25004.0,0
23731.0,24992.0,0
23718.0,24985.0,0
23693.0,24967.0,0
23664.0,24951.0,0
23642.0,24919.0,0
23608.0,24892.0,0
23581.0,24880.0,0
23570.0,24877.0,0
23555.0,24848.0,0
23546.0,24841.0,0
23530.0,24836.0,0
23519.0,24829.0,0
23527.0,24828.0,0
23508.0,24829.0,0
23507.0,24828.0,0
23495.0,24836.0,0
23485.0,24810.0,0
23460.0,24802.0,0
23433.0,24772.0,0
23420.0,24757.0,0
23409.0,24763.0,0
23410.0,24761.0,0
23393.0,24757.0,0
23389.0,24753.0,0
23388.0,24746.0,0
23383.0,24757.0,0
23395.0,24774.0,0
23402.0,24796.0,0
23419.0,24807.0,0
23422.0,24827.0,0
23413.0,24826.0,0
23402.0,24821.0,0
23407.0,24833.0,0
23400.0,24824.0,0
23391.0,24825.0,0
23366.0,24804.0,0
23360.0,24801.0,0
23349.0,24797.0,0
23332.0,24784.0,0
23344.0,24788.0,0
23326.0,24781.0,0
23305.0,24775.0,0
23292.0,24793.0,0
23259.0,24779.0,0
23225.0,24767.0,0
23192.0,24752.0,0
23173.0,24732.0,0
23149.0,24717.0,0
23138.0,24717.0,0
23145.0,24715.0,0
23138.0,24718.0,0
23135.0,24707.0,0
23130.0,24729.0,0
23145.0,24732.0,0
23146.0,24731.0,0
23153.0,24756.0,0
23148.0,24763.0,0
23138.0,24746.0,0
23126.0,24734.0,0
23120.0,24717.0,0
23109.0,24715.0,0
23112.0,24699.0,0
23100.0,24703.0,0
23092.0,24719.0,0
23097.0,24730.0,0
23075.0,24735.0,0
23078.0,24744.0,0
23055.0,24733.0,0
23032.0,24738.0,0
23032.0,24734.0,0
23006.0,24723.0,0
22988.0,24713.0,0
22970.0,24711.0,0
22954.0,24711.0,0
22954.0,24718.0,0
22949.0,24746.0,0
22947.0,24734.0,0
22939.0,24756.0,0
22945.0,24758.0,0
22933.0,24751.0,0
22923.0,24756.0,0
22921.0,24749.0,0
22924.0,24743.0,0
22918.0,24749.0,0
22907.0,24731.0,0
22902.0,24748.0,0
22900.0,24732.0,0
22901.0,24752.0,0
22903.0,24731.0,0
22903.0,24762.0,0
22916.0,24756.0,0
22909.0,24764.0,0
22907.0,24758.0,0
22911.0,24754.0,0
22903.0,24758.0,0
22905.0,24763.0,0
22893.0,24753.0,0
22887.0,24752.0,0
22878.0,24740.0,0
22875.0,24741.0,0
22864.0,24733.0,0
22861.0,24736.0,0
22845.0,24740.0,0
22833.0,24725.0,0
22838.0,24739.0,0
22835.0,24738.0,0
22821.0,24727.0,0
22827.0,24722.0,0
22812.0,24712.0,0
22803.0,24713.0,0
22796.0,24698.0,0
22802.0,24686.0,0
22788.0,24702.0,0
22784.0,24699.0,0
22777.0,24692.0,0
22765.0,24679.0,0
22771.0,24684.0,0
22756.0,24681.0,0
22761.0,24672.0,0
22762.0,24677.0,0
22745.0,24671.0,0
22742.0,24669.0,0
22732.0,24655.0,0
22727.0,24654.0,0
22717.0,24638.0,0
22716.0,24640.0,0
22708.0,24639.0,0
22707.0,24634.0,0
22713.0,24627.0,0
22697.0,24621.0,0
22692.0,24613.0,0
22694.0,24615.0,0
22690.0,24616.0,0
22673.0,24606.0,0
22678.0,24611.0,0
22670.0,24605.0,0
22667.0,24605.0,0
22670.0,24589.0,0
22661.0,24590.0,0
22657.0,24591.0,0
22652.0,24586.0,0
22643.0,24581.0,0
22634.0,24578.0,0
22632.0,24568.0,0
22625.0,24570.0,0
22633.0,24568.0,0
22630.0,24554.0,0
22630.0,24556.0,0
22623.0,24563.0,0
22610.0,24548.0,0
22609.0,24533.0,0
22609.0,24536.0,0
22608.0,24532.0,0
22611.0,24535.0,0
22601.0,24547.0,0
22604.0,24544.0,0
22612.0,24536.0,0
22600.0,24546.0,0
22600.0,24535.0,0
22598.0,24541.0,0
22596.0,24538.0,0
22589.0,24534.0,0
22590.0,24525.0,0
22585.0,24518.0,0
22582.0,24514.0,0
22577.0,24522.0,0
22581.0,24530.0,0
22581.0,24527.0,0
22572.0,24532.0,0
22558.0,24519.0,0
22573.0,24511.0,0
22563.0,24508.0,0
22554.0,24505.0,0
22566.0,24507.0,0
22563.0,24502.0,0
22566.0,24498.0,0
22571.0,24506.0,0
22563.0,24499.0,0
22563.0,24501.0,0
22561.0,24488.0,0
22550.0,24487.0,0
22545.0,24478.0,0
22544.0,24484.0,0
22548.0,24479.0,0
22542.0,24490.0,0
22530.0,24489.0,0
22529.0,24483.0,0
22532.0,24475.0,0
22537.0,24472.0,0
22537.0,24474.0,0
22525.0,24461.0,0
22526.0,24464.0,0
22522.0,24463.0,0
22522.0,24476.0,0
22528.0,24471.0,0
22524.0,24468.0,0
22523.0,24470.0,0
22507.0,24470.0,0
22516.0,24472.0,0
22514.0,24463.0,0
22512.0,24468.0,0
22518.0,24459.0,0
22509.0,24474.0,0
22511.0,24466.0,0
22505.0,24471.0,0
22504.0,24465.0,0
22508.0,24458.0,0
22520.0,24459.0,0
22521.0,24461.0,0
22518.0,24464.0,0
22513.0,24474.0,0
22525.0,24477.0,0
22529.0,24493.0,0
22542.0,24496.0,0
22536.0,24505.0,0
22552.0,24510.0,0
22550.0,24502.0,0
22544.0,24501.0,0
22553.0,24509.0,0
22535.0,24505.0,0
22538.0,24507.0,0
22533.0,24503.0,0
22538.0,24503.0,0
22536.0,24511.0,0
22539.0,24503.0,0
22536.0,24496.0,0
22541.0,24497.0,0
22528.0,24495.0,0
22530.0,24491.0,0
22516.0,24475.0,0
22523.0,24482.0,0
22515.0,24472.0,0
22508.0,24477.0,0
22509.0,24460.0,0
22510.0,24467.0,0
22510.0,24457.0,0
22506.0,24448.0,0
22503.0,24449.0,0
22509.0,24459.0,0
22521.0,24469.0,0
22508.0,24463.0,0
22516.0,24467.0,0
22527.0,24460.0,0
22514.0,24462.0,0
22517.0,24461.0,0
22510.0,24458.0,0
22495.0,24450.0,0
22514.0,24459.0,0
22506.0,24447.0,0
22491.0,24446.0,0
22486.0,24443.0,0
22488.0,24426.0,0
22491.0,24421.0,0
22490.0,24403.0,0
22479.0,24398.0,0
22492.0,24402.0,0
22491.0,24379.0,0
22496.0,24367.0,0
22508.0,24356.0,0
22511.0,24341.0,0
22503.0,24369.0,0
22493.0,24357.0,0
22494.0,24381.0,0
22474.0,24361.0,0
22484.0,24348.0,0
22500.0,24360.0,0
22512.0,24360.0,0
22527.0,24370.0,0
22511.0,24360.0,0
22523.0,24381.0,0
22522.0,24381.0,0
22541.0,24383.0,0
22546.0,24387.0,0
22571.0,24399.0,0
22587.0,24412.0,0
22605.0,24427.0,0
22607.0,24444.0,0
22601.0,24418.0,0
22585.0,24421.0,0
22550.0,24401.0,0
22517.0,24370.0,0
22484.0,24339.0,0
22468.0,24326.0,0
22455.0,24313.0,0
22479.0,24303.0,0
22503.0,24310.0,0
22516.0,24330.0,0
22521.0,24334.0,0
22507.0,24319.0,0
22508.0,24330.0,0
22509.0,24302.0,0
22507.0,24311.0,0
22506.0,24291.0,0
22513.0,24309.0,0
22517.0,24308.0,0
22516.0,24314.0,0
22531.0,24304.0,0
22522.0,24298.0,0
22535.0,24303.0,0
22514.0,24299.0,0
22539.0,24310.0,0
22477.0,24273.0,0
22478.0,24252.0,0
22494.0,24265.0,0
22519.0,24261.0,0
22547.0,24263.0,0
22573.0,24278.0,0
22604.0,24275.0,0
22622.0,24299.0,0
22637.0,24306.0,0
22631.0,24297.0,0
22634.0,24289.0,0
22624.0,24280.0,0
22618.0,24270.0,0
22616.0,24268.0,0
22605.0,24258.0,0
22605.0,24259.0,0
22587.0,24263.0,0
22587.0,24258.0,0
22601.0,24267.0,0
22601.0,24255.0,0
22622.0,24277.0,0
22635.0,24286.0,0
22655.0,24290.0,0
22671.0,24299.0,0
22696.0,24326.0,0
22711.0,24326.0,0
22732.0,24338.0,0
22738.0,24347.0,0
22750.0,24345.0,0
22760.0,24362.0,0
22764.0,24364.0,0
22769.0,24382.0,0
22785.0,24369.0,0
22775.0,24374.0,0
22788.0,24380.0,0
22772.0,24386.0,0
22776.0,24391.0,0
22788.0,24431.0,0
22772.0,24452.0,0
22755.0,24465.0,0
22741.0,24458.0,0
22734.0,24469.0,0
22700.0,24448.0,0
22695.0,24458.0,0
22662.0,24446.0,0
22635.0,24429.0,0
22607.0,24408.0,0
22597.0,24381.0,0
22593.0,24362.0,0
22582.0,24357.0,0
22594.0,24356.0,0
22573.0,24352.0,0
22587.0,24358.0,0
22589.0,24346.0,0
22591.0,24338.0,0
22603.0,24353.0,0
22618.0,24372.0,0
22633.0,24383.0,0
22644.0,24387.0,0
22652.0,24412.0,0
22658.0,24413.0,0
22655.0,24411.0,0
22662.0,24421.0,0
22651.0,24425.0,0
22663.0,24457.0,0
22661.0,24473.0,0
22647.0,24474.0,0
22665.0,24476.0,0
22664.0,24489.0,0
22658.0,24485.0,0
22674.0,24493.0,0
22667.0,24495.0,0
22674.0,24512.0,0
22667.0,24510.0,0
22663.0,24513.0,0
22678.0,24515.0,0
22673.0,24526.0,0
22682.0,24538.0,0
22683.0,24557.0,0
22686.0,24565.0,0
22682.0,24562.0,0
22675.0,24560.0,0
22675.0,24549.0,0
22689.0,24557.0,0
22678.0,24552.0,0
22681.0,24564.0,0
22685.0,24566.0,0
22695.0,24581.0,0
22697.0,24588.0,0
22698.0,24597.0,0
22705.0,24600.0,0
22715.0,24611.0,0
22678.0,24606.0,0
22689.0,24596.0,0
22678.0,24611.0,0
22689.0,24602.0,0
22690.0,24616.0,0
22694.0,24612.0,0
22697.0,24616.0,0
22696.0,24623.0,0
22691.0,24625.0,0
22688.0,24641.0,0
22677.0,24620.0,0
22675.0,24629.0,0
22666.0,24623.0,0
22663.0,24625.0,0
22658.0,24636.0,0
22671.0,24629.0,0
22658.0,24629.0,0
22662.0,24633.0,0
22669.0,24640.0,0
22670.0,24635.0,0
22670.0,24644.0,0
22669.0,24642.0,0
22638.0,24644.0,0
22657.0,24641.0,0
22657.0,24643.0,0
22653.0,24633.0,0
22666.0,24641.0,0
22664.0,24649.0,0
22677.0,24660.0,0
22675.0,24663.0,0
22679.0,24670.0,0
22671.0,24670.0,0
22666.0,24664.0,0
22657.0,24666.0,0
22657.0,24654.0,0
22664.0,24656.0,0
22674.0,24658.0,0
22669.0,24669.0,0
22666.0,24672.0,0
22669.0,24688.0,0
22680.0,24675.0,0
22675.0,24683.0,0
22666.0,24682.0,0
22664.0,24677.0,0
22648.0,24673.0,0
22642.0,24671.0,0
22634.0,24663.0,0
22648.0,24677.0,0
22645.0,24678.0,0
22649.0,24673.0,0
22647.0,24675.0,0
22655.0,24684.0,0
22648.0,24683.0,0
22642.0,24672.0,0
22627.0,24668.0,0
22634.0,24662.0,0
22622.0,24670.0,0
22623.0,24661.0,0
22630.0,24668.0,0
22623.0,24668.0,0
22626.0,24669.0,0
22622.0,24661.0,0
22640.0,24665.0,0
22609.0,24669.0,0
22620.0,24668.0,0
22610.0,24679.0,0
22616.0,24669.0,0
22608.0,24659.0,0
22608.0,24667.0,0
22600.0,24661.0,0
22598.0,24646.0,0
22590.0,24649.0,0
22606.0,24661.0,0
22596.0,24664.0,0
22608.0,24666.0,0
22603.0,24672.0,0
22613.0,24673.0,0
22609.0,24663.0,0
22614.0,24664.0,0
22619.0,24668.0,0
22615.0,24649.0,0
22599.0,24645.0,0
22606.0,24655.0,0
22605.0,24649.0,0
22604.0,24651.0,0
22605.0,24656.0,0
22612.0,24657.0,0
22615.0,24661.0,0
22613.0,24666.0,0
22617.0,24657.0,0
22600.0,24653.0,0
22601.0,24649.0,0
22589.0,24637.0,0
22578.0,24640.0,0
22586.0,24637.0,0
22575.0,24642.0,0
22575.0,24612.0,0
22577.0,24633.0,0
22582.0,24638.0,0
22569.0,24642.0,0
22575.0,24638.0,0
22572.0,24639.0,0
22575.0,24647.0,0
22572.0,24633.0,0
22582.0,24633.0,0
22564.0,24641.0,0
22575.0,24635.0,0
22570.0,24638.0,0
22574.0,24647.0,0
22561.0,24635.0,0
22556.0,24648.0,0
22553.0,24629.0,0
22556.0,24623.0,0
22544.0,24635.0,0
22549.0,24619.0,0
22549.0,24633.0,0
22553.0,24623.0,0
22547.0,24625.0,0
22542.0,24637.0,0
22550.0,24622.0,0
22553.0,24617.0,0
22546.0,24620.0,0
22547.0,24626.0,0
22543.0,24607.0,0
22537.0,24624.0,0
22523.0,24614.0,0
22523.0,24623.0,0
22515.0,24614.0,0
22513.0,24603.0,0
22506.0,24596.0,0
22518.0,24595.0,0
22513.0,24603.0,0
22519.0,24608.0,0
22534.0,24604.0,0
22512.0,24608.0,0
22515.0,24617.0,0
22512.0,24607.0,0
22515.0,24598.0,0
22520.0,24589.0,0
22503.0,24597.0,0
22497.0,24596.0,0
22490.0,24592.0,0
22490.0,24592.0,0
22484.0,24593.0,0
22487.0,24588.0,0
22495.0,24585.0,0
22492.0,24585.0,0
22497.0,24589.0,0
22474.0,24580.0,0
22472.0,24584.0,0
22484.0,24581.0,0
22469.0,24582.0,0
22467.0,24587.0,0
22462.0,24586.0,0
22468.0,24586.0,0
22453.0,24583.0,0
22449.0,24570.0,0
22448.0,24570.0,0
22451.0,24571.0,0
22451.0,24569.0,0
22450.0,24560.0,0
22441.0,24573.0,0
22444.0,24571.0,0
22448.0,24564.0,0
22440.0,24561.0,0
22434.0,24565.0,0
22433.0,24553.0,0
22423.0,24550.0,0
22429.0,24555.0,0
22433.0,24552.0,0
22420.0,24555.0,0
22427.0,24556.0,0
22423.0,24548.0,0
22418.0,24553.0,0
22423.0,24553.0,0
22432.0,24552.0,0
22416.0,24555.0,0
22407.0,24530.0,0
22421.0,24537.0,0
22406.0,24534.0,0
22405.0,24535.0,0
22399.0,24532.0,0
22393.0,24533.0,0
22399.0,24532.0,0
22403.0,24532.0,0
22391.0,24525.0,0
22389.0,24522.0,0
22390.0,24517.0,0
22384.0,24530.0,0
22398.0,24505.0,0
22385.0,24519.0,0
22389.0,24523.0,0
22386.0,24519.0,0
22382.0,24525.0,0
22381.0,24523.0,0
22380.0,24511.0,0
22374.0,24521.0,0
22368.0,24513.0,0
22374.0,24518.0,0
22374.0,24516.0,0
22379.0,24511.0,0
22365.0,24507.0,0
22368.0,24506.0,0
22361.0,24509.0,0
22362.0,24504.0,0
22367.0,24503.0,0
22373.0,24500.0,0
22365.0,24506.0,0
22362.0,24507.0,0
22366.0,24508.0,0
22369.0,24489.0,0
22371.0,24506.0,0
22363.0,24507.0,0
22365.0,24502.0,0
22357.0,24510.0,0
22361.0,24509.0,0
22363.0,24496.0,0
22353.0,24494.0,0
22358.0,24488.0,0
22357.0,24495.0,0
22355.0,24494.0,0
22360.0,24493.0,0
22366.0,24493.0,0
22358.0,24490.0,0
22364.0,24498.0,0
22363.0,24488.0,0
22352.0,24489.0,0
22350.0,24482.0,0
22350.0,24467.0,0
22344.0,24470.0,0
22337.0,24477.0,0
22347.0,24478.0,0
22345.0,24487.0,0
22354.0,24476.0,0
22355.0,24477.0,0
22349.0,24469.0,0
22348.0,24470.0,0
22341.0,24479.0,0
22352.0,24475.0,0
22342.0,24470.0,0
22346.0,24467.0,0
22334.0,24473.0,0
22337.0,24454.0,0
22338.0,24459.0,0
22336.0,24460.0,0
22329.0,24457.0,0
22322.0,24456.0,0
22323.0,24449.0,0
22326.0,24457.0,0
22328.0,24448.0,0
22329.0,24437.0,0
22331.0,24442.0,0
22325.0,24452.0,0
22325.0,24441.0,0
22310.0,24435.0,0
22322.0,24443.0,0
22309.0,24428.0,0
22313.0,24440.0,0
22310.0,24430.0,0
22306.0,24443.0,0
22318.0,24425.0,0
22309.0,24426.0,0
22314.0,24427.0,0
22302.0,24434.0,0
22306.0,24438.0,0
22306.0,24425.0,0
22293.0,24423.0,0
22307.0,24431.0,0
22310.0,24432.0,0
22298.0,24423.0,0
22297.0,24426.0,0
22297.0,24428.0,0
22292.0,24427.0,0
22292.0,24417.0,0
22298.0,24416.0,0
22291.0,24415.0,0
22292.0,24409.0,0
22300.0,24416.0,0
22295.0,24422.0,0
22279.0,24424.0,0
22287.0,24421.0,0
22272.0,24401.0,0
22271.0,24404.0,0
22269.0,24397.0,0
22278.0,24401.0,0
22269.0,24391.0,0
22262.0,24395.0,0
22273.0,24404.0,0
22266.0,24390.0,0
22258.0,24383.0,0
22253.0,24395.0,0
22254.0,24390.0,0
22246.0,24375.0,0
22244.0,24378.0,0
22245.0,24376.0,0
22243.0,24381.0,0
22247.0,24387.0,0
22248.0,24387.0,0
22245.0,24383.0,0
22253.0,24376.0,0
22250.0,24378.0,0
22244.0,24374.0,0
22246.0,24371.0,0
22249.0,24368.0,0
22250.0,24376.0,0
22244.0,24378.0,0
22256.0,24379.0,0
22259.0,24371.0,0
22249.0,24375.0,0
22252.0,24379.0,0
22253.0,24380.0,0
22246.0,24381.0,0
22241.0,24370.0,0
22230.0,24363.0,0
22233.0,24355.0,0
22229.0,24353.0,0
22225.0,24362.0,0
22224.0,24348.0,0
22225.0,24351.0,0
22222.0,24348.0,0
22230.0,24353.0,0
22233.0,24354.0,0
22229.0,24348.0,0
22235.0,24363.0,0
22228.0,24361.0,0
22229.0,24360.0,0
22236.0,24365.0,0
22234.0,24371.0,0
22241.0,24359.0,0
22233.0,24356.0,0
22215.0,24356.0,0
22216.0,24351.0,0
22210.0,24348.0,0
22188.0,24347.0,0
22201.0,24338.0,0
22197.0,24332.0,0
22193.0,24331.0,0
22195.0,24320.0,0
22197.0,24318.0,0
22196.0,24338.0,0
22195.0,24320.0,0
22199.0,24327.0,0
22197.0,24323.0,0
22191.0,24331.0,0
22200.0,24321.0,0
22206.0,24326.0,0
22203.0,24320.0,0
22214.0,24319.0,0
22206.0,24315.0,0
22198.0,24301.0,0
22179.0,24292.0,0
22168.0,24298.0,0
22160.0,24287.0,0
22153.0,24281.0,0
22140.0,24272.0,0
22148.0,24258.0,0
22146.0,24264.0,0
22151.0,24267.0,0
22150.0,24270.0,0
22154.0,24280.0,0
22163.0,24276.0,0
22159.0,24272.0,0
22170.0,24276.0,0
22184.0,24286.0,0
22182.0,24295.0,0
22198.0,24291.0,0
22184.0,24296.0,0
22194.0,24290.0,0
22194.0,24287.0,0
22199.0,24295.0,0
22193.0,24297.0,0
22193.0,24301.0,0
22189.0,24299.0,0
22189.0,24289.0,0
22184.0,24284.0,0
22186.0,24295.0,0
22184.0,24296.0,0
22182.0,24288.0,0
22177.0,24283.0,0
22180.0,24283.0,0
22164.0,24260.0,0
22149.0,24268.0,0
22137.0,24246.0,0
22124.0,24235.0,0
22120.0,24233.0,0
22120.0,24224.0,0
22110.0,24221.0,0
22130.0,24223.0,0
22144.0,24248.0,0
22187.0,24274.0,0
22224.0,24296.0,0
22242.0,24328.0,0
22258.0,24343.0,0
22253.0,24358.0,0
22252.0,24362.0,0
22226.0,24341.0,0
22201.0,24315.0,0
22166.0,24290.0,0
22146.0,24270.0,0
22134.0,24243.0,0
22108.0,24241.0,0
22105.0,24233.0,0
22095.0,24222.0,0
22082.0,24215.0,0
22081.0,24224.0,0
22090.0,24227.0,0
22085.0,24219.0,0
22086.0,24218.0,0
22080.0,24209.0,0
22065.0,24196.0,0
22063.0,24200.0,0
22053.0,24204.0,0
22033.0,24189.0,0
22039.0,24183.0,0
22041.0,24183.0,0
22039.0,24184.0,0
22037.0,24170.0,0
22028.0,24176.0,0
22028.0,24170.0,0
22033.0,24170.0,0
22032.0,24171.0,0
22026.0,24177.0,0
22024.0,24171.0,0
22023.0,24169.0,0
22009.0,24151.0,0
22015.0,24158.0,0
22010.0,24161.0,0
22013.0,24158.0,0
22011.0,24164.0,0
22027.0,24158.0,0
22035.0,24181.0,0
22029.0,24167.0,0
22021.0,24162.0,0
22031.0,24165.0,0
22019.0,24152.0,0
22011.0,24155.0,0
22005.0,24152.0,0
22010.0,24151.0,0
22009.0,24156.0,0
22017.0,24163.0,0
22014.0,24159.0,0
21995.0,24147.0,0
21990.0,24141.0,0
21987.0,24132.0,0
21991.0,24131.0,0
21998.0,24149.0,0
22011.0,24154.0,0
22007.0,24157.0,0
22046.0,24171.0,0
22048.0,24182.0,0
22027.0,24172.0,0
22022.0,24163.0,0
22026.0,24172.0,0
22009.0,24175.0,0
22009.0,24165.0,0
22004.0,24164.0,0
22006.0,24158.0,0
21999.0,24150.0,0
21997.0,24162.0,0
22009.0,24153.0,0
22014.0,24155.0,0
21998.0,24150.0,0
22013.0,24157.0,0
22010.0,24154.0,0
22014.0,24161.0,0
22014.0,24174.0,0
22012.0,24154.0,0
21996.0,24164.0,0
22001.0,24143.0,0
22000.0,24160.0,0
22005.0,24173.0,0
22015.0,24169.0,0
22002.0,24159.0,0
21999.0,24156.0,0
21988.0,24146.0,0
21998.0,24159.0,0
21983.0,24153.0,0
21990.0,24161.0,0
21996.0,24152.0,0
22003.0,24166.0,0
22007.0,24184.0,0
22009.0,24177.0,0
22001.0,24172.0,0
21989.0,24157.0,0
21980.0,24160.0,0
21971.0,24145.0,0
21962.0,24142.0,0
21957.0,24139.0,0
21968.0,24139.0,0
21959.0,24139.0,0
21955.0,24139.0,0
21961.0,24151.0,0
21962.0,24144.0,0
21967.0,24130.0,0
21960.0,24137.0,0
21957.0,24129.0,0
21947.0,24134.0,0
21934.0,24129.0,0
21934.0,24131.0,0
21926.0,24120.0,0
21916.0,24119.0,0
21922.0,24113.0,0
21912.0,24109.0,0
21913.0,24114.0,0
21919.0,24104.0,0
21912.0,24103.0,0
21899.0,24099.0,0
21905.0,24098.0,0
21900.0,24092.0,0
21904.0,24099.0,0
21909.0,24089.0,0
21900.0,24090.0,0
21908.0,24082.0,0
21905.0,24094.0,0
21898.0,24083.0,0
21911.0,24079.0,0
21905.0,24083.0,0
21892.0,24085.0,0
21899.0,24084.0,0
21883.0,24085.0,0
21889.0,24084.0,0
21874.0,24083.0,0
21882.0,24070.0,0
21879.0,24065.0,0
21874.0,24072.0,0
21873.0,24069.0,0
21873.0,24067.0,0
21874.0,24062.0,0
21858.0,24058.0,0
21864.0,24049.0,0
21861.0,24056.0,0
21850.0,24051.0,0
21853.0,24054.0,0
21849.0,24056.0,0
21830.0,24049.0,0
21838.0,24041.0,0
21833.0,24040.0,0
21828.0,24056.0,0
21827.0,24038.0,0
21826.0,24036.0,0
21813.0,24036.0,0
21827.0,24036.0,0
21822.0,24030.0,0
21820.0,24028.0,0
21815.0,24014.0,0
21823.0,24023.0,0
21831.0,24019.0,0
21807.0,24018.0,0
21813.0,24013.0,0
21800.0,24011.0,0
21809.0,24009.0,0
21803.0,24006.0,0
21792.0,24011.0,0
21794.0,24000.0,0
21795.0,23987.0,0
21796.0,24005.0,0
21793.0,23995.0,0
21798.0,24002.0,0
21791.0,23990.0,0
21787.0,23988.0,0
21791.0,23994.0,0
21793.0,23985.0,0
21783.0,23987.0,0
21784.0,23997.0,0
21779.0,23989.0,0
21774.0,23977.0,0
21769.0,23978.0,0
21780.0,23969.0,0
21762.0,23975.0,0
21767.0,23968.0,0
21770.0,23966.0,0
21768.0,23970.0,0
21774.0,23971.0,0
21762.0,23963.0,0
21759.0,23962.0,0
21756.0,23964.0,0
21752.0,23968.0,0
21755.0,23953.0,0
21764.0,23965.0,0
21753.0,23965.0,0
21757.0,23960.0,0
21752.0,23956.0,0
21747.0,23961.0,0
21752.0,23948.0,0
21734.0,23946.0,0
21741.0,23954.0,0
21737.0,23953.0,0
21749.0,23956.0,0
21746.0,23955.0,0
21745.0,23944.0,0
21741.0,23946.0,0
21743.0,23935.0,0
21734.0,23946.0,0
21736.0,23943.0,0
21730.0,23946.0,0
21735.0,23930.0,0
21732.0,23939.0,0
21733.0,23936.0,0
21729.0,23934.0,0
21734.0,23940.0,0
21726.0,23940.0,0
21713.0,23930.0,0
21719.0,23929.0,0
21721.0,23941.0,0
21708.0,23935.0,0
21718.0,23930.0,0
21710.0,23922.0,0
21704.0,23917.0,0
21703.0,23924.0,0
21715.0,23922.0,0
21706.0,23922.0,0
21704.0,23917.0,0
21706.0,23908.0,0
21719.0,23920.0,0
21709.0,23931.0,0
21707.0,23912.0,0
21711.0,23914.0,0
21712.0,23921.0,0
21716.0,23913.0,0
21693.0,23910.0,0
21697.0,23912.0,0
21695.0,23903.0,0
21697.0,23906.0,0
21700.0,23898.0,0
21689.0,23898.0,0
21690.0,23906.0,0
21702.0,23899.0,0
21684.0,23912.0,0
21690.0,23901.0,0
21695.0,23897.0,0
21698.0,23899.0,0
21696.0,23889.0,0
21698.0,23897.0,0
21688.0,23880.0,0
21691.0,23881.0,0
21696.0,23878.0,0
21692.0,23877.0,0
21677.0,23894.0,0
21687.0,23883.0,0
21688.0,23885.0,0
21698.0,23887.0,0
21711.0,23899.0,0
21715.0,23893.0,0
21703.0,23892.0,0
21702.0,23890.0,0
21698.0,23883.0,0
21697.0,23888.0,0
21699.0,23881.0,0
21687.0,23872.0,0
21681.0,23884.0,0
21695.0,23878.0,0
21691.0,23893.0,0
21692.0,23883.0,0
21701.0,23889.0,0
21700.0,23884.0,0
21699.0,23885.0,0
21679.0,23896.0,0
21680.0,23898.0,0
21688.0,23906.0,0
21700.0,23920.0,0
21699.0,23925.0,0
21698.0,23941.0,0
21707.0,23953.0,0
21718.0,23960.0,0
21718.0,23961.0,0
21729.0,23967.0,0
21730.0,23992.0,0
21747.0,24017.0,0
21757.0,24029.0,0
21763.0,24041.0,0
21768.0,24067.0,0
21777.0,24082.0,0
21780.0,24104.0,0
21787.0,24129.0,0
21796.0,24142.0,0
21796.0,24143.0,0
21773.0,24144.0,0
21762.0,24125.0,0
21733.0,24095.0,0
21690.0,24056.0,0
21675.0,24026.0,0
21644.0,23972.0,0
21672.0,23967.0,0
21733.0,24014.0,0
21798.0,24066.0,0
21813.0,24095.0,0
21786.0,24075.0,0
21736.0,24025.0,0
21660.0,23948.0,0
21569.0,23885.0,0
21500.0,23813.0,0
21452.0,23780.0,0
21431.0,23779.0,0
21440.0,23844.0,0
21450.0,23896.0,0
21443.0,23916.0,0
21423.0,23945.0,0
21403.0,23966.0,0
21384.0,23984.0,0
21355.0,23990.0,0
21328.0,23985.0,0
21299.0,23969.0,0
21268.0,23962.0,0
21248.0,23941.0,0
21224.0,23934.0,0
21221.0,23928.0,0
21190.0,23921.0,0
21176.0,23880.0,0
21160.0,23879.0,0
21136.0,23868.0,0
21121.0,23860.0,0
21097.0,23850.0,0
21090.0,23839.0,0
21066.0,23844.0,0
21043.0,23792.0,0
21042.0,23773.0,0
21056.0,23772.0,0
21072.0,23754.0,0
21100.0,23752.0,0
21100.0,23738.0,0
21099.0,23720.0,0
21082.0,23694.0,0
21076.0,23673.0,0
21057.0,23661.0,0
21054.0,23649.0,0
21045.0,23641.0,0
21036.0,23647.0,0
21038.0,23637.0,0
21030.0,23653.0,0
21032.0,23649.0,0
21039.0,23663.0,0
21038.0,23679.0,0
21032.0,23713.0,0
21040.0,23724.0,0
21035.0,23743.0,0
21041.0,23755.0,0
21036.0,23784.0,0
21027.0,23784.0,0
21026.0,23805.0,0
21002.0,23821.0,0
20964.0,23783.0,0
20956.0,23769.0,0
20949.0,23751.0,0
20923.0,23742.0,0
20917.0,23723.0,0
20913.0,23705.0,0
20886.0,23701.0,0
20891.0,23677.0,0
20865.0,23670.0,0
20861.0,23653.0,0
20841.0,23640.0,0
20835.0,23615.0,0
20824.0,23609.0,0
20828.0,23609.0,0
20838.0,23610.0,0
20849.0,23611.0,0
20883.0,23635.0,0
20894.0,23641.0,0
20915.0,23650.0,0
20923.0,23655.0,0
20900.0,23662.0,0
20904.0,23643.0,0
20886.0,23637.0,0
20878.0,23620.0,0
20869.0,23610.0,0
20855.0,23627.0,0
20856.0,23618.0,0
20856.0,23630.0,0
20880.0,23655.0,0
20896.0,23687.0,0
20903.0,23708.0,0
20921.0,23748.0,0
20940.0,23797.0,0
20959.0,23823.0,0
20985.0,23858.0,0
21007.0,23901.0,0
21033.0,23934.0,0
21043.0,23987.0,0
21063.0,23979.0,0
21102.0,24012.0,0
21121.0,24062.0,0
21144.0,24083.0,0
21153.0,24099.0,0
21166.0,24096.0,0
21157.0,24110.0,0
21155.0,24111.0,0
21149.0,24091.0,0
21152.0,24100.0,0
21151.0,24109.0,0
21161.0,24106.0,0
21169.0,24122.0,0
21170.0,24108.0,0
21157.0,24103.0,0
21148.0,24085.0,0
21147.0,24091.0,0
21144.0,24070.0,0
21145.0,24077.0,0
21134.0,24075.0,0
21138.0,24086.0,0
21143.0,24078.0,0
21138.0,24081.0,0
21145.0,24072.0,0
21126.0,24067.0,0
21119.0,24053.0,0
21112.0,24038.0,0
21107.0,24017.0,0
21098.0,24022.0,0
21106.0,24019.0,0
21092.0,24030.0,0
21092.0,24014.0,0
21084.0,24015.0,0
21086.0,24007.0,0
21074.0,24016.0,0
21071.0,24005.0,0
21076.0,24001.0,0
21068.0,23991.0,0
21058.0,23983.0,0
21047.0,23973.0,0
21030.0,23967.0,0
21036.0,23958.0,0
21035.0,23960.0,0
21025.0,23955.0,0
21025.0,23965.0,0
21023.0,23943.0,0
21007.0,23942.0,0
21009.0,23933.0,0
21008.0,23931.0,0
20993.0,23918.0,0
20987.0,23914.0,0
20993.0,23916.0,0
20983.0,23909.0,0
20995.0,23913.0,0
20975.0,23896.0,0
20966.0,23901.0,0
20972.0,23893.0,0
20974.0,23915.0,0
20966.0,23907.0,0
20968.0,23912.0,0
20964.0,23891.0,0
20956.0,23904.0,0
20957.0,23896.0,0
20955.0,23885.0,0
20967.0,23890.0,0
20957.0,23888.0,0
20961.0,23895.0,0
20974.0,23907.0,0
20950.0,23889.0,0
20954.0,23898.0,0
20941.0,23889.0,0
20938.0,23879.0,0
20928.0,23876.0,0
20932.0,23884.0,0
20932.0,23881.0,0
20940.0,23886.0,0
20961.0,23904.0,0
20975.0,23944.0,0
21009.0,23962.0,0
21038.0,23989.0,0
21073.0,24028.0,0
21107.0,24067.0,0
21131.0,24101.0,0
21162.0,24138.0,0
21181.0,24145.0,0
21203.0,24192.0,0
21221.0,24217.0,0
21236.0,24238.0,0
21247.0,24255.0,0
21258.0,24256.0,0
21253.0,24265.0,0
21253.0,24256.0,0
21255.0,24257.0,0
21267.0,24251.0,0
21263.0,24240.0,0
21268.0,24220.0,0
21268.0,24226.0,0
21277.0,24219.0,0
21278.0,24215.0,0
21265.0,24215.0,0
21269.0,24200.0,0
21258.0,24178.0,0
21239.0,24143.0,0
21241.0,24140.0,0
21217.0,24114.0,0
21217.0,24103.0,0
21214.0,24098.0,0
21210.0,24076.0,0
21204.0,24063.0,0
21198.0,24054.0,0
21208.0,24056.0,0
21198.0,24052.0,0
21200.0,24047.0,0
21204.0,24049.0,0
21201.0,24064.0,0
21207.0,24077.0,0
21213.0,24080.0,0
21214.0,24096.0,0
21211.0,24090.0,0
21214.0,24101.0,0
21231.0,24114.0,0
21223.0,24116.0,0
21230.0,24117.0,0
21237.0,24115.0,0
21239.0,24121.0,0
21247.0,24139.0,0
21261.0,24144.0,0
21283.0,24174.0,0
21278.0,24177.0,0
21282.0,24207.0,0
21283.0,24197.0,0
21293.0,24196.0,0
21293.0,24187.0,0
21290.0,24203.0,0
21288.0,24194.0,0
21289.0,24197.0,0
21287.0,24192.0,0
21291.0,24201.0,0
21302.0,24219.0,0
21313.0,24237.0,0
21329.0,24259.0,0
21341.0,24259.0,0
21344.0,24266.0,0
21361.0,24272.0,0
21351.0,24269.0,0
21330.0,24275.0,0
21331.0,24269.0,0
21334.0,24265.0,0
21336.0,24258.0,0
21335.0,24272.0,0
21338.0,24262.0,0
21335.0,24268.0,0
21338.0,24271.0,0
21350.0,24280.0,0
21344.0,24282.0,0
21340.0,24280.0,0
21340.0,24267.0,0
21334.0,24260.0,0
21333.0,24278.0,0
21336.0,24273.0,0
21342.0,24269.0,0
21342.0,24275.0,0
21347.0,24305.0,0
21358.0,24293.0,0
21370.0,24315.0,0
21368.0,24308.0,0
21357.0,24306.0,0
21366.0,24308.0,0
21357.0,24307.0,0
21356.0,24313.0,0
21339.0,24302.0,0
21340.0,24279.0,0
21345.0,24278.0,0
21333.0,24272.0,0
21345.0,24273.0,0
21338.0,24272.0,0
21340.0,24264.0,0
21334.0,24270.0,0
21329.0,24246.0,0
21322.0,24248.0,0
21325.0,24226.0,0
21308.0,24218.0,0
21305.0,24201.0,0
21299.0,24193.0,0
21293.0,24188.0,0
21279.0,24170.0,0
21264.0,24155.0,0
21263.0,24148.0,0
21257.0,24156.0,0
21261.0,24143.0,0
21246.0,24127.0,0
21229.0,24122.0,0
21223.0,24122.0,0
21236.0,24119.0,0
21231.0,24114.0,0
21232.0,24127.0,0
21233.0,24126.0,0
21229.0,24119.0,0
21234.0,24118.0,0
21234.0,24127.0,0
21225.0,24115.0,0
21239.0,24112.0,0
21241.0,24125.0,0
21243.0,24138.0,0
21257.0,24137.0,0
21257.0,24137.0,0
21245.0,24131.0,0
21249.0,24138.0,0
21256.0,24149.0,0
21264.0,24159.0,0
21253.0,24147.0,0
21254.0,24147.0,0
21261.0,24149.0,0
21259.0,24147.0,0
21261.0,24164.0,0
21267.0,24164.0,0
21260.0,24159.0,0
21254.0,24151.0,0
21246.0,24127.0,0
21208.0,24105.0,0
21198.0,24081.0,0
21177.0,24065.0,0
21182.0,24041.0,0
21155.0,24029.0,0
21159.0,24018.0,0
21158.0,23995.0,0
21150.0,23998.0,0
21142.0,23984.0,0
21134.0,23984.0,0
21137.0,23968.0,0
21132.0,23962.0,0
21133.0,23977.0,0
21141.0,23977.0,0
21143.0,23983.0,0
21137.0,23974.0,0
21142.0,23972.0,0
21144.0,23973.0,0
21134.0,23972.0,0
21142.0,23958.0,0
21130.0,23963.0,0
21135.0,23962.0,0
21126.0,23962.0,0
21126.0,23964.0,0
21135.0,23946.0,0
21120.0,23940.0,0
21119.0,23943.0,0
21125.0,23946.0,0
21122.0,23938.0,0
21123.0,23938.0,0
21131.0,23940.0,0
21126.0,23937.0,0
21142.0,23933.0,0
21160.0,23950.0,0
21172.0,23946.0,0
21177.0,23965.0,0
21208.0,23972.0,0
21242.0,23986.0,0
21265.0,23997.0,0
21315.0,24032.0,0
21366.0,24048.0,0
21400.0,24056.0,0
21419.0,24072.0,0
21417.0,24068.0,0
21424.0,24054.0,0
21432.0,24050.0,0
21443.0,24049.0,0
21460.0,24056.0,0
21485.0,24058.0,0
21530.0,24077.0,0
21572.0,24099.0,0
21625.0,24139.0,0
21661.0,24182.0,0
21698.0,24189.0,0
21705.0,24195.0,0
21708.0,24212.0,0
21731.0,24212.0,0
21729.0,24201.0,0
21731.0,24205.0,0
21733.0,24186.0,0
21744.0,24172.0,0
21731.0,24170.0,0
21724.0,24143.0,0
21710.0,24146.0,0
21715.0,24130.0,0
21707.0,24117.0,0
21701.0,24104.0,0
21708.0,24092.0,0
21690.0,24089.0,0
21682.0,24064.0,0
21682.0,24065.0,0
21674.0,24050.0,0
21656.0,24029.0,0
21658.0,24026.0,0
21653.0,24017.0,0
21658.0,23999.0,0
21666.0,24014.0,0
21661.0,24023.0,0
21664.0,23998.0,0
21653.0,24000.0,0
21669.0,23987.0,0
21656.0,23977.0,0
21646.0,23959.0,0
21624.0,23935.0,0
21615.0,23932.0,0
21602.0,23908.0,0
21623.0,23900.0,0
21644.0,23939.0,0
21663.0,23940.0,0
21651.0,23939.0,0
21636.0,23935.0,0
21614.0,23904.0,0
21595.0,23887.0,0
21580.0,23855.0,0
21553.0,23828.0,0
21541.0,23808.0,0
21540.0,23800.0,0
21529.0,23782.0,0
21503.0,23766.0,0
21498.0,23760.0,0
21494.0,23735.0,0
21473.0,23727.0,0
21469.0,23709.0,0
21439.0,23676.0,0
21444.0,23679.0,0
21437.0,23651.0,0
21429.0,23653.0,0
21417.0,23645.0,0
21421.0,23655.0,0
21403.0,23645.0,0
21420.0,23643.0,0
21393.0,23636.0,0
21401.0,23627.0,0
21403.0,23613.0,0
21394.0,23616.0,0
21383.0,23619.0,0
21381.0,23605.0,0
21385.0,23602.0,0
21372.0,23591.0,0
21372.0,23591.0,0
21366.0,23577.0,0
21363.0,23568.0,0
21359.0,23555.0,0
21354.0,23552.0,0
21342.0,23549.0,0
21345.0,23540.0,0
21351.0,23547.0,0
21345.0,23551.0,0
21335.0,23549.0,0
21340.0,23550.0,0
21340.0,23549.0,0
21338.0,23544.0,0
21339.0,23546.0,0
21342.0,23533.0,0
21335.0,23530.0,0
21332.0,23541.0,0
21320.0,23520.0,0
21323.0,23515.0,0
21319.0,23513.0,0
21313.0,23513.0,0
21314.0,23522.0,0
21313.0,23524.0,0
21324.0,23519.0,0
21322.0,23522.0,0
21314.0,23526.0,0
21315.0,23531.0,0
21328.0,23530.0,0
21319.0,23518.0,0
21313.0,23524.0,0
21320.0,23519.0,0
21321.0,23512.0,0
21321.0,23502.0,0
21321.0,23501.0,0
21318.0,23510.0,0
21302.0,23506.0,0
21307.0,23485.0,0
21304.0,23489.0,0
21300.0,23491.0,0
21298.0,23477.0,0
21288.0,23481.0,0
21289.0,23480.0,0
21287.0,23476.0,0
21287.0,23468.0,0
21298.0,23465.0,0
21297.0,23459.0,0
21286.0,23467.0,0
21290.0,23459.0,0
21275.0,23451.0,0
21272.0,23442.0,0
21273.0,23444.0,0
21281.0,23456.0,0
21275.0,23441.0,0
21267.0,23426.0,0
21267.0,23422.0,0
21253.0,23422.0,0
21256.0,23420.0,0
21263.0,23430.0,0
21259.0,23403.0,0
21263.0,23409.0,0
21261.0,23397.0,0
21250.0,23412.0,0
21243.0,23388.0,0
21240.0,23397.0,0
21247.0,23393.0,0
21240.0,23392.0,0
21241.0,23391.0,0
21243.0,23389.0,0
21249.0,23396.0,0
21243.0,23399.0,0
21251.0,23410.0,0
21251.0,23403.0,0
21263.0,23421.0,0
21252.0,23401.0,0
21248.0,23392.0,0
21243.0,23398.0,0
21248.0,23387.0,0
21248.0,23399.0,0
21245.0,23394.0,0
21256.0,23387.0,0
21248.0,23388.0,0
21257.0,23400.0,0
21252.0,23392.0,0
21251.0,23395.0,0
21253.0,23385.0,0
21247.0,23374.0,0
21241.0,23371.0,0
21237.0,23363.0,0
21241.0,23367.0,0
21229.0,23371.0,0
21221.0,23370.0,0
21234.0,23368.0,0
21229.0,23368.0,0
21227.0,23361.0,0
21227.0,23353.0,0
21219.0,23350.0,0
21227.0,23360.0,0
21217.0,23343.0,0
21218.0,23341.0,0
21220.0,23336.0,0
21212.0,23339.0,0
21212.0,23336.0,0
21204.0,23333.0,0
21211.0,23335.0,0
21213.0,23334.0,0
21209.0,23338.0,0
21225.0,23336.0,0
21206.0,23328.0,0
21199.0,23332.0,0
21215.0,23345.0,0
21206.0,23339.0,0
21214.0,23335.0,0
21212.0,23340.0,0
21214.0,23328.0,0
21202.0,23330.0,0
21203.0,23338.0,0
21198.0,23318.0,0
21192.0,23334.0,0
21197.0,23329.0,0
21189.0,23335.0,0
21188.0,23320.0,0
21185.0,23319.0,0
21193.0,23319.0,0
21197.0,23325.0,0
21189.0,23330.0,0
21191.0,23315.0,0
21179.0,23297.0,0
21175.0,23296.0,0
21188.0,23301.0,0
21179.0,23295.0,0
21174.0,23291.0,0
21175.0,23283.0,0
21166.0,23288.0,0
21164.0,23277.0,0
21173.0,23289.0,0
21160.0,23275.0,0
21163.0,23281.0,0
21167.0,23272.0,0
21167.0,23275.0,0
21165.0,23274.0,0
21157.0,23260.0,0
21166.0,23259.0,0
21158.0,23271.0,0
21155.0,23260.0,0
21146.0,23247.0,0
21151.0,23235.0,0
21145.0,23243.0,0
21154.0,23248.0,0
21149.0,23245.0,0
21145.0,23239.0,0
21151.0,23253.0,0
21149.0,23238.0,0
21147.0,23239.0,0
21145.0,23243.0,0
21140.0,23251.0,0
21152.0,23245.0,0
21146.0,23238.0,0
21135.0,23238.0,0
21136.0,23232.0,0
21134.0,23219.0,0
21150.0,23230.0,0
21148.0,23235.0,0
21149.0,23232.0,0
21151.0,23233.0,0
21142.0,23245.0,0
21148.0,23246.0,0
21145.0,23237.0,0
21146.0,23236.0,0
21133.0,23232.0,0
21140.0,23229.0,0
21127.0,23237.0,0
21138.0,23224.0,0
21146.0,23220.0,0
21129.0,23224.0,0
21132.0,23221.0,0
21125.0,23224.0,0
21133.0,23225.0,0
21134.0,23221.0,0
21130.0,23217.0,0
21126.0,23212.0,0
21130.0,23224.0,0
21136.0,23220.0,0
21134.0,23228.0,0
21135.0,23219.0,0
21128.0,23211.0,0
21128.0,23206.0,0
21134.0,23209.0,0
21138.0,23214.0,0
21138.0,23221.0,0
21132.0,23221.0,0
21138.0,23222.0,0
21137.0,23243.0,0
21140.0,23228.0,0
21143.0,23234.0,0
21143.0,23248.0,0
21137.0,23235.0,0
21141.0,23233.0,0
21143.0,23229.0,0
21143.0,23233.0,0
21129.0,23235.0,0
21133.0,23237.0,0
21132.0,23241.0,0
21133.0,23212.0,0
21139.0,23233.0,0
21136.0,23226.0,0
21134.0,23223.0,0
21129.0,23216.0,0
21121.0,23212.0,0
21122.0,23214.0,0
21123.0,23216.0,0
21111.0,23216.0,0
21114.0,23211.0,0
21104.0,23195.0,0
21118.0,23194.0,0
21115.0,23195.0,0
21118.0,23182.0,0
21102.0,23193.0,0
21112.0,23185.0,0
21107.0,23173.0,0
21115.0,23184.0,0
21090.0,23168.0,0
21099.0,23168.0,0
21106.0,23169.0,0
21101.0,23176.0,0
21102.0,23174.0,0
21100.0,23168.0,0
21095.0,23163.0,0
21100.0,23161.0,0
21103.0,23171.0,0
21105.0,23170.0,0
21106.0,23174.0,0
21106.0,23169.0,0
21090.0,23174.0,0
21107.0,23171.0,0
21103.0,23168.0,0
21107.0,23169.0,0
21098.0,23168.0,0
21088.0,23171.0,0
21101.0,23153.0,0
21095.0,23163.0,0
21095.0,23153.0,0
21092.0,23149.0,0
21088.0,23156.0,0
21095.0,23149.0,0
21093.0,23150.0,0
21088.0,23154.0,0
21080.0,23155.0,0
21090.0,23147.0,0
21081.0,23143.0,0
21098.0,23149.0,0
21082.0,23147.0,0
21077.0,23151.0,0
21087.0,23159.0,0
21095.0,23153.0,0
21081.0,23152.0,0
21084.0,23146.0,0
21085.0,23150.0,0
21079.0,23161.0,0
21081.0,23146.0,0
21080.0,23142.0,0
21083.0,23137.0,0
21093.0,23145.0,0
21091.0,23150.0,0
21087.0,23161.0,0
21083.0,23161.0,0
21079.0,23152.0,0
21082.0,23161.0,0
21090.0,23167.0,0
21082.0,23164.0,0
21087.0,23153.0,0
21085.0,23143.0,0
21082.0,23146.0,0
21071.0,23150.0,0
21074.0,23149.0,0
21083.0,23135.0,0
21077.0,23130.0,0
21080.0,23135.0,0
21084.0,23137.0,0
21070.0,23136.0,0
21073.0,23139.0,0
21074.0,23123.0,0
21067.0,23121.0,0
21076.0,23142.0,0
21071.0,23129.0,0
21072.0,23136.0,0
21077.0,23136.0,0
21066.0,23135.0,0
21070.0,23137.0,0
21059.0,23123.0,0
21069.0,23120.0,0
21070.0,23120.0,0
21062.0,23118.0,0
21066.0,23112.0,0
21063.0,23112.0,0
21063.0,23100.0,0
21066.0,23097.0,0
21050.0,23105.0,0
21056.0,23098.0,0
21057.0,23096.0,0
21066.0,23098.0,0
21063.0,23094.0,0
21040.0,23091.0,0
21053.0,23095.0,0
21053.0,23101.0,0
21060.0,23095.0,0
21062.0,23094.0,0
21057.0,23098.0,0
21054.0,23095.0,0
21053.0,23093.0,0
21057.0,23085.0,0
21066.0,23079.0,0
21056.0,23085.0,0
21056.0,23084.0,0
21044.0,23078.0,0
21061.0,23085.0,0
21053.0,23084.0,0
21056.0,23075.0,0
21046.0,23078.0,0
21052.0,23086.0,0
21039.0,23084.0,0
21065.0,23073.0,0
21048.0,23065.0,0
21046.0,23067.0,0
21044.0,23066.0,0
21053.0,23079.0,0
21046.0,23062.0,0
21050.0,23073.0,0
21053.0,23073.0,0
21044.0,23069.0,0
21053.0,23063.0,0
21048.0,23077.0,0
21046.0,23080.0,0
21053.0,23074.0,0
21046.0,23069.0,0
21052.0,23065.0,0
21058.0,23068.0,0
21046.0,23068.0,0
21036.0,23070.0,0
21050.0,23065.0,0
21047.0,23067.0,0
21052.0,23066.0,0
21049.0,23075.0,0
21051.0,23081.0,0
21046.0,23071.0,0
21054.0,23079.0,0
21051.0,23069.0,0
21052.0,23070.0,0
21045.0,23072.0,0
21048.0,23081.0,0
21049.0,23067.0,0
21043.0,23076.0,0
21059.0,23073.0,0
21056.0,23075.0,0
21048.0,23076.0,0
21040.0,23080.0,0
21038.0,23065.0,0
21045.0,23068.0,0
21041.0,23069.0,0
21049.0,23075.0,0
21052.0,23059.0,0
21050.0,23073.0,0
21045.0,23081.0,0
21056.0,23083.0,0
21044.0,23067.0,0
21049.0,23073.0,0
21056.0,23060.0,0
21052.0,23070.0,0
21047.0,23068.0,0
21041.0,23049.0,0
21039.0,23049.0,0
21044.0,23058.0,0
21052.0,23054.0,0
21039.0,23055.0,0
21042.0,23048.0,0
21043.0,23058.0,0
21042.0,23042.0,0
21030.0,23052.0,0
21036.0,23039.0,0
21032.0,23037.0,0
21038.0,23041.0,0
21036.0,23042.0,0
21027.0,23037.0,0
21030.0,23040.0,0
21038.0,23047.0,0
21025.0,23034.0,0
21028.0,23031.0,0
21024.0,23034.0,0
21035.0,23029.0,0
21035.0,23033.0,0
21035.0,23023.0,0
21024.0,23040.0,0
21024.0,23041.0,0
21032.0,23025.0,0
21022.0,23032.0,0
21029.0,23022.0,0
21022.0,23033.0,0
21029.0,23029.0,0
21032.0,23029.0,0
21027.0,23016.0,0
21028.0,23024.0,0
21021.0,23025.0,0
21026.0,23018.0,0
21027.0,23015.0,0
21030.0,23027.0,0
21018.0,23029.0,0
21023.0,23022.0,0
21019.0,23027.0,0
21026.0,23023.0,0
21019.0,23020.0,0
21019.0,23031.0,0
21027.0,23031.0,0
21029.0,23032.0,0
21015.0,23032.0,0
21016.0,23039.0,1
21024.0,23033.0,0
21021.0,23021.0,0
21009.0,23017.0,0
21023.0,23026.0,0
21018.0,23024.0,0
21006.0,23028.0,0
21018.0,23031.0,0
21023.0,23032.0,0
21024.0,23039.0,0
21022.0,23025.0,0
21025.0,23030.0,0
21020.0,23027.0,0
21015.0,23032.0,0
21035.0,23032.0,0
21021.0,23034.0,0
21027.0,23036.0,0
21020.0,23024.0,0
21028.0,23033.0,0
21023.0,23035.0,0
21031.0,23022.0,0
21016.0,23040.0,0
21026.0,23033.0,0
21032.0,23033.0,0
21024.0,23027.0,0
21038.0,23029.0,0
21019.0,23032.0,0
21027.0,23039.0,0
21021.0,23041.0,0
21044.0,23040.0,0
21029.0,23034.0,0
21024.0,23023.0,0
21023.0,23028.0,0
21028.0,23028.0,0
21031.0,23020.0,0
21025.0,23031.0,0
21036.0,23027.0,0
21028.0,23020.0,0
21012.0,23026.0,0
21023.0,23018.0,0
21029.0,23027.0,0
21022.0,23014.0,0
21016.0,23010.0,0
21018.0,23012.0,0
21024.0,23010.0,0
21016.0,23012.0,0
21017.0,23008.0,0
21020.0,23006.0,0
21017.0,23015.0,0
21018.0,23010.0,0
21017.0,23012.0,0
21018.0,23017.0,0
21021.0,22998.0,0
21015.0,23002.0,0
21013.0,23002.0,0
21020.0,23011.0,0
21006.0,22992.0,0
21006.0,23000.0,0
21007.0,22998.0,0
21015.0,22999.0,1
21006.0,23001.0,0
21006.0,22997.0,0
21007.0,22990.0,0
21001.0,22989.0,0
21008.0,22980.0,0
21013.0,22994.0,0
21020.0,22987.0,0
21019.0,22993.0,0
21014.0,22989.0,0
21021.0,22995.0,0
21012.0,22995.0,0
21017.0,22997.0,0
21013.0,23006.0,0
21015.0,23003.0,0
20999.0,22987.0,0
21007.0,22991.0,0
21006.0,22991.0,0
21015.0,23000.0,0
21007.0,22992.0,0
21007.0,22999.0,0
21019.0,23008.0,0
21007.0,23004.0,0
21018.0,22999.0,0
21015.0,23012.0,0
21024.0,23011.0,0
21014.0,22998.0,0
21012.0,23002.0,0
21013.0,23001.0,0
21000.0,23004.0,0
21009.0,23005.0,0
21007.0,23009.0,0
21016.0,22994.0,0
21017.0,22998.0,0
21006.0,23001.0,0
21015.0,23001.0,0
21008.0,23007.0,0
21002.0,23015.0,0
20999.0,22998.0,0
21011.0,22993.0,0
21001.0,22999.0,0
21011.0,23006.0,0
21016.0,23007.0,0
21020.0,23013.0,0
21014.0,23000.0,0
21017.0,23012.0,0
21016.0,23010.0,0
21018.0,23016.0,0
21013.0,23013.0,0
21011.0,23014.0,0
21010.0,23004.0,0
21008.0,23001.0,0
21016.0,22998.0,0
21006.0,22998.0,0
21008.0,22990.0,0
21001.0,22988.0,0
21022.0,22999.0,0
21022.0,22987.0,0
21014.0,22986.0,0
21002.0,22986.0,0
21012.0,22991.0,0
21008.0,22977.0,0
21009.0,22988.0,0
21009.0,22981.0,0
21014.0,22985.0,0
21008.0,22984.0,0
21008.0,22991.0,0
21006.0,22980.0,0
21013.0,22997.0,0
21014.0,22986.0,0
20995.0,22987.0,0
21009.0,22988.0,0
21014.0,22987.0,0
21008.0,22985.0,0
20997.0,22980.0,0
21009.0,22983.0,0
21002.0,22983.0,0
21008.0,22994.0,0
21008.0,22982.0,0
21017.0,22984.0,0
21011.0,22987.0,0
21007.0,22982.0,0
21011.0,22977.0,0
21003.0,22981.0,0
20997.0,22973.0,0
21000.0,22973.0,0
21003.0,22973.0,0
21000.0,22972.0,0
21007.0,22981.0,0
20994.0,22973.0,0
21004.0,22972.0,0
21005.0,22960.0,0
21000.0,22969.0,0
20999.0,22963.0,0
20999.0,22975.0,0
20997.0,22971.0,0
20992.0,22985.0,0
21006.0,22966.0,0
21001.0,22982.0,0
20994.0,22981.0,0
21004.0,22981.0,0
20998.0,22982.0,0
20989.0,22980.0,0
21000.0,22980.0,0
20999.0,22980.0,0
20993.0,22984.0,0
21000.0,22981.0,0
20993.0,22972.0,0
20994.0,22969.0,0
20995.0,22965.0,0
20991.0,22973.0,0
21000.0,22969.0,0
20999.0,22973.0,0
21003.0,22979.0,0
21010.0,22984.0,0
20997.0,22969.0,0
20995.0,22965.0,0
20997.0,22963.0,0
21002.0,22968.0,0
20993.0,22975.0,0
20992.0,22973.0,0
20992.0,22967.0,0
20995.0,22960.0,0
20989.0,22969.0,0
20993.0,22968.0,0
20993.0,22959.0,0
20992.0,22969.0,0
21003.0,22969.0,0
20993.0,22954.0,0
21001.0,22958.0,0
20990.0,22966.0,0
20990.0,22960.0,0
20993.0,22962.0,0
20996.0,22952.0,0
20996.0,22959.0,0
21002.0,22966.0,0
20995.0,22954.0,0
20997.0,22949.0,0
20989.0,22935.0,0
20990.0,22946.0,0
20983.0,22944.0,0
20990.0,22938.0,0
20989.0,22953.0,0
20995.0,22944.0,0
20988.0,22930.0,0
20995.0,22943.0,0
20989.0,22946.0,0
20984.0,22944.0,0
20994.0,22939.0,0
20998.0,22941.0,0
20998.0,22938.0,0
20992.0,22949.0,0
20996.0,22947.0,0
20989.0,22933.0,0
20987.0,22936.0,0
20988.0,22923.0,0
20980.0,22932.0,0
20984.0,22934.0,0
20991.0,22931.0,0
20989.0,22929.0,0
20986.0,22933.0,0
20999.0,22932.0,0
20981.0,22949.0,0
20990.0,22938.0,0
20988.0,22932.0,0
20984.0,22931.0,0
20975.0,22937.0,0
20981.0,22923.0,0
20982.0,22925.0,0
20990.0,22930.0,0
20983.0,22926.0,0
20989.0,22931.0,0
20971.0,22931.0,0
20988.0,22937.0,0
20980.0,22934.0,0
20986.0,22932.0,0
20983.0,22930.0,0
20985.0,22945.0,0
20980.0,22943.0,0
20990.0,22932.0,0
20999.0,22931.0,0
20986.0,22931.0,0
20993.0,22929.0,0
20992.0,22936.0,0
20994.0,22941.0,0
20985.0,22932.0,0
20995.0,22938.0,0
20985.0,22935.0,0
20991.0,22939.0,0
20989.0,22936.0,0
20987.0,22942.0,0
20989.0,22938.0,0
20984.0,22944.0,0
20996.0,22943.0,0
20993.0,22938.0,0
20989.0,22946.0,0
20996.0,22943.0,0
20999.0,22938.0,0
20993.0,22943.0,0
20989.0,22946.0,0
20991.0,22947.0,0
20987.0,22947.0,0
20994.0,22950.0,0
20999.0,22947.0,0
20986.0,22955.0,0
20986.0,22957.0,0
20994.0,22936.0,0
20980.0,22939.0,0
20987.0,22941.0,0
20992.0,22947.0,0
20991.0,22936.0,0
20977.0,22930.0,0
20984.0,22938.0,0
20985.0,22936.0,0
20992.0,22933.0,0
20985.0,22932.0,0
20976.0,22926.0,0
20984.0,22930.0,0
20993.0,22926.0,0
20985.0,22922.0,0
20983.0,22927.0,0
20987.0,22910.0,0
20986.0,22915.0,0
20988.0,22914.0,0
20989.0,22914.0,0
20991.0,22909.0,0
20977.0,22909.0,0
20995.0,22912.0,0
20988.0,22914.0,0
20998.0,22911.0,0
20989.0,22914.0,0
20984.0,22899.0,0
20987.0,22913.0,0
20982.0,22910.0,0
20983.0,22906.0,1
20981.0,22915.0,0
20977.0,22907.0,0
20985.0,22906.0,0
20991.0,22911.0,0
20983.0,22911.0,0
20987.0,22905.0,0
20980.0,22904.0,0
20983.0,22904.0,0
20985.0,22901.0,0
20974.0,22904.0,0
20983.0,22900.0,0
20985.0,22902.0,0
20991.0,22912.0,0
20984.0,22899.0,0
20975.0,22907.0,0
20980.0,22920.0,0
20977.0,22919.0,0
20985.0,22903.0,0
20975.0,22914.0,0
20973.0,22912.0,0
20976.0,22911.0,0
20985.0,22912.0,0
20988.0,22909.0,0
20984.0,22917.0,0
20983.0,22900.0,0
20994.0,22927.0,0
20987.0,22922.0,0
20983.0,22920.0,0
20988.0,22910.0,0
20988.0,22916.0,0
20988.0,22912.0,0
20987.0,22930.0,0
20988.0,22914.0,0
20986.0,22916.0,0
20992.0,22916.0,0
20984.0,22916.0,0
20984.0,22913.0,0
20990.0,22913.0,0
20986.0,22904.0,0
20987.0,22904.0,0
20981.0,22908.0,0
20984.0,22897.0,0
20979.0,22905.0,0
20982.0,22904.0,0
20970.0,22904.0,0
20975.0,22899.0,0
20989.0,22894.0,0
20976.0,22888.0,0
20982.0,22901.0,0
20977.0,22896.0,0
20978.0,22904.0,0
20967.0,22884.0,0
20963.0,22877.0,0
20962.0,22870.0,0
20964.0,22877.0,0
20966.0,22866.0,0
20967.0,22872.0,0
20975.0,22861.0,0
20973.0,22872.0,0
20974.0,22881.0,0
20970.0,22883.0,0
20968.0,22882.0,0
20968.0,22885.0,0
20962.0,22878.0,0
20978.0,22868.0,0
20973.0,22870.0,0
20978.0,22870.0,0
20966.0,22871.0,0
20972.0,22876.0,0
20976.0,22877.0,0
20969.0,22873.0,0
20968.0,22879.0,0
20963.0,22875.0,0
20972.0,22863.0,0
20972.0,22866.0,0
20962.0,22875.0,0
20966.0,22863.0,0
20969.0,22861.0,0
20963.0,22860.0,0
20963.0,22877.0,0
20958.0,22864.0,0
20958.0,22862.0,0
20966.0,22858.0,0
20976.0,22861.0,0
20965.0,22868.0,0
20958.0,22870.0,0
20955.0,22863.0,0
20963.0,22869.0,0
20965.0,22870.0,0
20963.0,22868.0,0
20967.0,22859.0,0
20967.0,22869.0,0
20958.0,22879.0,0
20963.0,22869.0,0
20967.0,22864.0,0
20962.0,22873.0,0
20958.0,22875.0,0
20960.0,22857.0,0
20959.0,22859.0,0
20963.0,22852.0,0
20959.0,22864.0,0
20955.0,22874.0,0
20968.0,22869.0,0
20964.0,22875.0,0
20962.0,22882.0,0
20968.0,22876.0,0
20964.0,22860.0,0
20959.0,22875.0,0
20964.0,22865.0,0
20967.0,22864.0,0
20961.0,22876.0,0
20966.0,22866.0,0
20961.0,22868.0,0
20962.0,22875.0,0
20965.0,22861.0,0
20963.0,22868.0,0
20975.0,22869.0,0
20971.0,22870.0,0
20964.0,22877.0,0
20959.0,22868.0,0
20963.0,22878.0,0
20964.0,22865.0,0
20959.0,22859.0,0
20951.0,22861.0,0
20962.0,22854.0,0
20950.0,22850.0,0
20953.0,22841.0,0
20962.0,22844.0,0
20955.0,22847.0,0
20948.0,22844.0,0
20960.0,22842.0,0
20953.0,22837.0,0
20960.0,22835.0,0
20952.0,22838.0,0
20961.0,22829.0,0
20954.0,22830.0,0
20952.0,22839.0,0
20948.0,22832.0,0
20951.0,22826.0,0
20944.0,22834.0,0
20944.0,22821.0,0
20940.0,22827.0,0
20945.0,22820.0,1
20944.0,22829.0,0
20948.0,22830.0,0
20942.0,22833.0,0
20943.0,22825.0,0
20933.0,22816.0,0
20941.0,22823.0,0
20926.0,22816.0,0
20936.0,22812.0,0
20939.0,22817.0,0
20931.0,22811.0,0
20931.0,22819.0,0
20926.0,22818.0,0
20936.0,22809.0,0
20932.0,22814.0,0
20928.0,22803.0,0
20929.0,22812.0,0
20939.0,22812.0,0
20935.0,22819.0,0
20924.0,22812.0,0
20938.0,22818.0,0
20940.0,22826.0,0
20934.0,22811.0,0
20932.0,22821.0,0
20928.0,22808.0,0
20931.0,22812.0,0
20927.0,22813.0,0
20937.0,22812.0,0
20930.0,22808.0,0
20942.0,22815.0,0
20929.0,22812.0,0
20925.0,22813.0,0
20926.0,22810.0,0
20929.0,22816.0,0
20930.0,22806.0,0
20935.0,22813.0,0
20932.0,22816.0,0
20927.0,22810.0,0
20929.0,22814.0,0
20932.0,22804.0,0
20923.0,22808.0,0
20935.0,22796.0,0
20926.0,22811.0,0
20926.0,22811.0,0
20930.0,22812.0,0
20931.0,22798.0,0
20928.0,22799.0,0
20920.0,22796.0,0
20930.0,22803.0,0
20927.0,22803.0,0
20923.0,22795.0,0
20920.0,22801.0,0
20922.0,22805.0,0
20923.0,22787.0,0
20918.0,22801.0,0
20922.0,22792.0,0
20923.0,22795.0,0
20925.0,22785.0,0
20919.0,22782.0,0
20929.0,22796.0,0
20911.0,22781.0,0
20922.0,22782.0,0
20914.0,22785.0,0
20909.0,22780.0,0
20930.0,22777.0,0
20922.0,22784.0,0
20921.0,22773.0,0
20921.0,22784.0,0
20916.0,22775.0,0
20922.0,22782.0,0
20923.0,22775.0,0
20914.0,22770.0,0
20916.0,22771.0,0
20909.0,22783.0,0
20909.0,22775.0,0
20898.0,22772.0,0
20905.0,22773.0,0
20909.0,22767.0,0
20915.0,22762.0,0
20910.0,22771.0,0
20906.0,22773.0,0
20913.0,22771.0,0
20914.0,22773.0,0
20913.0,22773.0,0
20911.0,22776.0,0
20906.0,22759.0,0
20912.0,22761.0,0
20905.0,22748.0,0
20908.0,22760.0,0
20908.0,22764.0,0
20908.0,22760.0,0
20904.0,22762.0,0
20895.0,22751.0,0
20913.0,22755.0,0
20902.0,22758.0,0
20891.0,22761.0,0
20899.0,22766.0,0
20902.0,22761.0,0
20903.0,22768.0,0
20901.0,22767.0,0
20898.0,22749.0,0
20892.0,22757.0,0
20889.0,22760.0,0
20899.0,22748.0,0
20907.0,22765.0,0
20906.0,22766.0,0
20897.0,22755.0,0
20907.0,22762.0,0
20902.0,22766.0,0
20904.0,22766.0,0
20901.0,22767.0,0
20904.0,22768.0,0
20896.0,22773.0,0
20899.0,22780.0,0
20904.0,22776.0,0
20906.0,22770.0,0
20905.0,22761.0,0
20899.0,22768.0,0
20905.0,22763.0,0
20888.0,22759.0,0
20898.0,22756.0,0
20903.0,22755.0,0
20892.0,22755.0,0
20881.0,22759.0,0
20897.0,22741.0,0
20893.0,22741.0,0
20892.0,22748.0,0
20894.0,22755.0,0
20900.0,22755.0,0
20900.0,22744.0,0
20889.0,22746.0,0
20883.0,22744.0,0
20897.0,22743.0,0
20890.0,22736.0,0
20889.0,22739.0,0
20889.0,22740.0,0
20879.0,22726.0,0
20879.0,22728.0,0
20895.0,22728.0,0
20886.0,22734.0,0
20894.0,22732.0,0
20893.0,22732.0,0
20885.0,22732.0,0
20888.0,22730.0,0
20888.0,22729.0,0
20886.0,22735.0,0
20877.0,22726.0,0
20878.0,22728.0,0
20882.0,22711.0,0
20885.0,22731.0,0
20871.0,22719.0,0
20873.0,22726.0,0
20882.0,22719.0,0
20885.0,22737.0,0
20879.0,22732.0,0
20883.0,22722.0,0
20883.0,22726.0,0
20881.0,22727.0,0
20888.0,22720.0,0
20886.0,22727.0,0
20872.0,22722.0,0
20883.0,22704.0,0
20875.0,22719.0,0
20882.0,22711.0,0
20875.0,22721.0,0
20871.0,22728.0,0
20877.0,22718.0,0
20871.0,22726.0,0
20878.0,22714.0,0
20878.0,22725.0,0
20875.0,22731.0,0
20873.0,22724.0,0
20877.0,22722.0,0
20868.0,22723.0,0
20868.0,22722.0,0
20867.0,22721.0,0
20877.0,22717.0,0
20866.0,22732.0,0
20863.0,22715.0,0
20879.0,22725.0,0
20869.0,22722.0,0
20879.0,22726.0,0
20862.0,22722.0,0
20869.0,22713.0,0
20883.0,22715.0,0
20869.0,22721.0,0
20872.0,22721.0,0
20863.0,22719.0,0
20859.0,22716.0,0
20868.0,22723.0,0
20861.0,22715.0,0
20875.0,22724.0,0
20871.0,22722.0,0
20867.0,22707.0,0
20869.0,22719.0,0
20865.0,22711.0,0
20873.0,22718.0,0
20865.0,22710.0,0
20867.0,22697.0,0
20863.0,22712.0,0
20870.0,22703.0,0
20866.0,22704.0,0
20869.0,22705.0,0
20860.0,22702.0,0
20871.0,22698.0,0
20864.0,22703.0,0
20852.0,22710.0,0
20855.0,22697.0,0
20861.0,22691.0,0
20849.0,22699.0,0
20857.0,22695.0,0
20866.0,22694.0,0
20859.0,22701.0,0
20856.0,22685.0,0
20860.0,22688.0,0
20854.0,22694.0,0
20863.0,22699.0,0
20855.0,22682.0,0
20852.0,22681.0,0
20836.0,22679.0,0
20853.0,22686.0,0
20847.0,22673.0,0
20852.0,22678.0,0
20851.0,22681.0,0
20859.0,22686.0,0
20850.0,22678.0,0
20848.0,22682.0,0
20844.0,22681.0,1
20853.0,22682.0,0
20857.0,22680.0,0
20839.0,22672.0,0
20844.0,22673.0,0
20847.0,22673.0,0
20842.0,22678.0,0
20839.0,22671.0,0
20839.0,22675.0,0
20839.0,22681.0,0
20844.0,22675.0,0
20842.0,22687.0,0
20840.0,22679.0,0
20820.0,22680.0,0
20842.0,22685.0,0
20841.0,22677.0,0
20836.0,22681.0,0
20843.0,22677.0,0
20847.0,22675.0,0
20857.0,22683.0,0
20846.0,22691.0,0
20839.0,22683.0,0
20836.0,22677.0,0
20841.0,22686.0,0
20846.0,22685.0,0
20849.0,22679.0,0
20839.0,22672.0,0
20844.0,22674.0,0
20832.0,22679.0,0
20842.0,22687.0,0
20839.0,22683.0,0
20841.0,22683.0,0
20844.0,22681.0,0
20833.0,22684.0,0
20844.0,22680.0,0
20834.0,22680.0,0
20844.0,22674.0,0
20849.0,22676.0,0
20839.0,22672.0,0
20834.0,22672.0,0
20837.0,22676.0,0
20826.0,22679.0,0
20840.0,22672.0,0
20832.0,22667.0,0
20838.0,22666.0,0
20826.0,22668.0,0
20831.0,22669.0,0
20832.0,22678.0,0
20829.0,22661.0,0
20834.0,22651.0,0
20826.0,22655.0,0
20822.0,22650.0,0
20819.0,22661.0,0
20817.0,22643.0,0
20814.0,22644.0,0
20820.0,22644.0,0
20813.0,22650.0,0
20817.0,22643.0,0
20825.0,22646.0,0
20818.0,22653.0,0
20819.0,22658.0,0
20824.0,22652.0,1
20816.0,22645.0,0
20813.0,22647.0,0
20815.0,22639.0,0
20806.0,22636.0,0
20815.0,22643.0,0
20816.0,22629.0,0
20812.0,22639.0,0
20821.0,22634.0,0
20810.0,22637.0,0
20814.0,22647.0,0
20800.0,22643.0,0
20813.0,22645.0,0
20807.0,22644.0,0
20808.0,22630.0,0
20804.0,22640.0,0
20806.0,22642.0,0
20801.0,22642.0,0
20803.0,22629.0,0
20814.0,22625.0,0
20807.0,22630.0,0
20809.0,22634.0,0
20800.0,22630.0,0
20804.0,22627.0,0
20803.0,22623.0,0
20805.0,22635.0,0
20805.0,22628.0,0
20797.0,22635.0,0
20806.0,22639.0,0
20800.0,22630.0,0
20799.0,22633.0,0
20804.0,22622.0,0
20804.0,22629.0,0
20809.0,22624.0,0
20798.0,22651.0,0
20804.0,22643.0,0
20795.0,22639.0,0
20805.0,22639.0,0
20804.0,22639.0,0
20804.0,22640.0,0
20798.0,22639.0,0
20800.0,22634.0,0
20797.0,22647.0,0
20798.0,22644.0,0
20802.0,22646.0,0
20819.0,22637.0,0
20811.0,22634.0,0
20808.0,22624.0,0
20801.0,22627.0,0
20806.0,22633.0,0
20802.0,22626.0,0
20810.0,22636.0,0
20812.0,22637.0,0
20804.0,22634.0,0
20809.0,22639.0,0
20803.0,22629.0,0
20799.0,22625.0,0
20799.0,22622.0,0
20801.0,22625.0,0
20801.0,22622.0,0
20790.0,22621.0,0
20794.0,22625.0,0
20797.0,22621.0,0
20798.0,22616.0,0
20790.0,22621.0,0
20793.0,22615.0,0
20791.0,22614.0,0
20790.0,22605.0,0
20786.0,22602.0,0
20791.0,22587.0,0
20791.0,22600.0,0
20786.0,22607.0,0
20785.0,22586.0,0
20784.0,22595.0,0
20789.0,22601.0,0
20782.0,22602.0,0
20789.0,22595.0,0
20783.0,22596.0,0
20793.0,22592.0,0
20793.0,22584.0,0
20784.0,22589.0,0
20785.0,22589.0,0
20786.0,22585.0,0
20785.0,22579.0,1
20788.0,22565.0,0
20790.0,22585.0,0
20789.0,22584.0,0
20788.0,22591.0,0
20785.0,22584.0,0
20792.0,22589.0,0
20786.0,22601.0,0
20788.0,22588.0,0
20782.0,22586.0,0
20796.0,22597.0,0
20785.0,22578.0,0
20783.0,22590.0,0
20781.0,22585.0,0
20776.0,22580.0,0
20780.0,22584.0,0
20777.0,22573.0,0
20780.0,22575.0,0
20768.0,22574.0,0
20772.0,22579.0,0
20782.0,22577.0,0
20769.0,22572.0,0
20782.0,22581.0,0
20775.0,22574.0,0
20778.0,22572.0,0
20778.0,22579.0,0
20772.0,22585.0,0
20784.0,22578.0,0
20778.0,22574.0,0
20767.0,22589.0,0
20775.0,22577.0,0
20773.0,22582.0,0
20772.0,22578.0,0
20781.0,22580.0,0
20773.0,22595.0,0
20775.0,22576.0,0
20768.0,22591.0,0
20777.0,22573.0,0
20769.0,22577.0,0
20773.0,22571.0,0
20778.0,22577.0,0
20772.0,22584.0,0
20771.0,22571.0,0
20776.0,22571.0,0
20773.0,22586.0,0
20774.0,22584.0,0
20788.0,22581.0,0
20776.0,22581.0,0
20768.0,22572.0,0
20766.0,22575.0,0
20769.0,22562.0,0
20769.0,22563.0,0
20767.0,22571.0,0
20765.0,22562.0,0
20773.0,22563.0,0
20766.0,22558.0,0
20779.0,22563.0,0
20768.0,22559.0,0
20769.0,22548.0,0
20765.0,22551.0,0
20774.0,22550.0,0
20760.0,22551.0,0
20766.0,22551.0,0
20772.0,22559.0,0
20761.0,22555.0,0
20768.0,22551.0,0
20764.0,22551.0,0
20769.0,22552.0,0
20765.0,22549.0,0
20771.0,22552.0,0
20767.0,22549.0,0
20768.0,22550.0,0
20756.0,22550.0,0
20762.0,22549.0,0
20767.0,22557.0,0
20768.0,22539.0,0
20757.0,22544.0,0
20753.0,22557.0,0
20765.0,22543.0,0
20758.0,22548.0,0
20765.0,22555.0,0
20766.0,22543.0,0
20751.0,22553.0,0
20754.0,22547.0,0
20762.0,22552.0,0
20757.0,22540.0,0
20753.0,22542.0,0
20752.0,22546.0,0
20753.0,22560.0,0
20749.0,22548.0,0
20757.0,22543.0,0
20759.0,22555.0,0
20752.0,22556.0,0
20754.0,22551.0,0
20760.0,22545.0,0
20759.0,22547.0,0
20750.0,22545.0,0
20746.0,22546.0,0
20750.0,22549.0,0
20756.0,22548.0,0
20751.0,22546.0,0
20753.0,22544.0,0
20757.0,22544.0,0
20743.0,22548.0,0
20754.0,22552.0,0
20756.0,22552.0,0
20757.0,22548.0,0
20757.0,22537.0,0
20750.0,22547.0,0
20756.0,22556.0,0
20748.0,22540.0,0
20749.0,22547.0,0
20753.0,22543.0,0
20746.0,22550.0,0
20749.0,22548.0,0
20749.0,22547.0,0
20749.0,22547.0,0
20750.0,22553.0,0
20755.0,22560.0,0
20751.0,22556.0,0
20745.0,22545.0,0
20749.0,22547.0,0
20741.0,22547.0,0
20747.0,22548.0,0
20764.0,22548.0,0
20740.0,22542.0,0
20758.0,22545.0,0
20751.0,22542.0,0
20743.0,22545.0,0
20745.0,22529.0,0
20742.0,22538.0,0
20741.0,22533.0,0
20748.0,22536.0,0
20733.0,22528.0,0
20748.0,22519.0,0
20749.0,22531.0,0
20752.0,22533.0,0
20742.0,22533.0,0
20736.0,22528.0,0
20733.0,22523.0,0
20737.0,22521.0,0
20736.0,22513.0,0
20742.0,22518.0,0
20739.0,22516.0,0
20735.0,22519.0,0
20741.0,22518.0,0
20739.0,22521.0,0
20742.0,22514.0,0
20749.0,22525.0,1
20737.0,22521.0,0
20746.0,22525.0,0
20732.0,22524.0,0
20737.0,22512.0,0
20735.0,22514.0,0
20731.0,22526.0,0
20741.0,22522.0,0
20745.0,22523.0,0
20743.0,22521.0,0
20735.0,22524.0,0
20740.0,22539.0,0
20739.0,22520.0,0
20735.0,22520.0,0
20734.0,22522.0,0
20742.0,22515.0,0
20731.0,22517.0,0
20733.0,22516.0,0
20729.0,22514.0,0
20732.0,22526.0,0
20740.0,22517.0,0
20735.0,22515.0,0
20736.0,22522.0,0
20735.0,22524.0,0
20738.0,22526.0,0
20728.0,22523.0,0
20736.0,22520.0,0
20732.0,22508.0,0
20741.0,22528.0,0
20726.0,22528.0,0
20733.0,22525.0,0
20729.0,22530.0,0
20725.0,22526.0,0
20732.0,22524.0,0
20729.0,22529.0,0
20731.0,22534.0,0
20725.0,22526.0,0
20732.0,22529.0,0
20734.0,22525.0,0
20730.0,22522.0,0
20733.0,22527.0,0
20728.0,22531.0,0
20728.0,22530.0,0
20732.0,22532.0,0
20739.0,22529.0,0
20745.0,22525.0,0
20731.0,22529.0,0
20725.0,22522.0,0
20745.0,22521.0,0
20737.0,22522.0,0
20739.0,22522.0,0
20734.0,22526.0,0
20732.0,22525.0,0
20733.0,22517.0,0
20734.0,22529.0,0
20734.0,22522.0,0
20733.0,22531.0,0
20727.0,22510.0,0
20733.0,22517.0,0
20730.0,22518.0,0
20730.0,22509.0,0
20730.0,22509.0,0
20729.0,22500.0,0
20730.0,22513.0,0
20728.0,22505.0,0
20736.0,22515.0,0
20719.0,22502.0,0
20724.0,22499.0,0
20721.0,22505.0,0
20725.0,22509.0,0
20725.0,22493.0,0
20725.0,22493.0,0
20717.0,22496.0,0
20729.0,22493.0,0
20726.0,22500.0,0
20724.0,22492.0,0
20729.0,22506.0,0
20736.0,22506.0,1
20731.0,22496.0,0
20721.0,22494.0,0
20728.0,22497.0,0
20714.0,22496.0,0
20720.0,22491.0,0
20724.0,22492.0,0
20723.0,22495.0,0
20725.0,22490.0,0
20726.0,22500.0,0
20725.0,22485.0,0
20715.0,22496.0,0
20713.0,22489.0,0
20721.0,22483.0,0
20711.0,22475.0,0
20717.0,22475.0,0
20710.0,22480.0,0
20719.0,22488.0,0
20704.0,22488.0,0
20714.0,22491.0,0
20725.0,22484.0,0
20724.0,22485.0,0
20732.0,22491.0,0
20713.0,22498.0,0
20718.0,22480.0,0
20719.0,22478.0,0
20719.0,22484.0,0
20719.0,22488.0,0
20730.0,22478.0,0
20720.0,22482.0,0
20718.0,22489.0,0
20713.0,22486.0,0
20718.0,22493.0,0
20721.0,22483.0,0
20723.0,22496.0,0
20727.0,22502.0,0
20716.0,22493.0,0
20712.0,22489.0,0
20718.0,22496.0,0
20730.0,22498.0,0
20726.0,22498.0,0
20727.0,22504.0,0
20714.0,22499.0,0
20721.0,22499.0,0
20718.0,22498.0,0
20718.0,22489.0,0
20726.0,22485.0,0
20720.0,22491.0,0
20720.0,22489.0,0
20724.0,22490.0,0
20717.0,22493.0,0
20717.0,22489.0,0
20711.0,22486.0,0
20716.0,22500.0,0
20712.0,22496.0,0
20715.0,22484.0,0
20717.0,22488.0,0
20714.0,22490.0,0
20712.0,22494.0,0
20713.0,22477.0,0
20714.0,22475.0,0
20698.0,22481.0,0
20705.0,22479.0,0
20702.0,22465.0,0
20699.0,22470.0,0
20715.0,22471.0,0
20707.0,22472.0,0
20708.0,22476.0,0
20700.0,22458.0,0
20703.0,22463.0,0
20703.0,22454.0,0
20701.0,22463.0,0
20689.0,22465.0,0
20704.0,22464.0,0
20711.0,22465.0,0
20699.0,22447.0,0
20708.0,22447.0,0
20703.0,22461.0,0
20700.0,22456.0,0
20702.0,22444.0,0
20696.0,22449.0,0
20709.0,22456.0,0
20707.0,22460.0,0
20700.0,22455.0,0
20709.0,22455.0,0
20704.0,22451.0,0
20706.0,22459.0,0
20705.0,22451.0,0
20703.0,22453.0,0
20697.0,22454.0,0
20703.0,22443.0,0
20685.0,22437.0,0
20694.0,22433.0,0
20697.0,22445.0,0
20695.0,22443.0,0
20688.0,22441.0,0
20698.0,22452.0,0
20690.0,22445.0,0
20693.0,22440.0,0
20691.0,22445.0,0
20682.0,22438.0,0
20698.0,22433.0,0
20693.0,22448.0,0
20698.0,22442.0,0
20685.0,22448.0,0
20691.0,22445.0,0
20690.0,22446.0,0
20703.0,22440.0,0
20697.0,22448.0,0
20696.0,22438.0,0
20699.0,22451.0,0
20689.0,22449.0,0
20688.0,22452.0,0
20699.0,22442.0,0
20683.0,22447.0,0
20686.0,22431.0,0
20693.0,22447.0,0
20690.0,22451.0,0
20691.0,22454.0,0
20692.0,22445.0,0
20696.0,22453.0,0
20693.0,22442.0,0
20694.0,22449.0,0
20688.0,22445.0,0
20689.0,22451.0,0
20695.0,22445.0,0
20686.0,22457.0,0
20678.0,22456.0,0
20686.0,22449.0,0
20684.0,22448.0,0
20691.0,22457.0,0
20693.0,22454.0,0
20697.0,22451.0,0
20691.0,22435.0,0
20682.0,22454.0,0
20689.0,22446.0,0
20686.0,22442.0,0
20682.0,22447.0,0
20689.0,22438.0,0
20679.0,22445.0,0
20686.0,22444.0,0
20694.0,22441.0,0
20694.0,22443.0,0
20685.0,22447.0,0
20687.0,22432.0,0
20685.0,22426.0,0
20676.0,22429.0,0
20672.0,22424.0,0
20682.0,22416.0,0
20682.0,22423.0,0
20695.0,22424.0,0
20684.0,22420.0,0
20688.0,22417.0,0
20677.0,22410.0,0
20672.0,22415.0,0
20678.0,22424.0,0
20681.0,22431.0,0
20683.0,22416.0,0
20672.0,22417.0,0
20675.0,22421.0,0
20679.0,22419.0,0
20675.0,22425.0,0
20671.0,22415.0,0
20682.0,22420.0,0
20661.0,22411.0,0
20665.0,22411.0,0
20674.0,22414.0,0
20674.0,22419.0,0
20679.0,22413.0,0
20675.0,22406.0,0
20669.0,22418.0,0
20659.0,22394.0,0
20668.0,22399.0,0
20659.0,22411.0,0
20655.0,22395.0,0
20666.0,22407.0,0
20658.0,22402.0,0
20676.0,22408.0,0
20672.0,22399.0,0
20659.0,22397.0,0
20661.0,22409.0,0
20661.0,22386.0,0
20662.0,22406.0,0
20651.0,22393.0,0
20650.0,22389.0,0
20656.0,22392.0,0
20649.0,22394.0,0
20661.0,22395.0,0
20660.0,22379.0,0
20648.0,22384.0,0
20653.0,22393.0,0
20660.0,22397.0,0
20655.0,22390.0,0
20657.0,22389.0,0
20660.0,22391.0,0
20662.0,22386.0,0
20658.0,22392.0,0
20650.0,22390.0,0
20643.0,22393.0,0
20651.0,22391.0,0
20645.0,22390.0,0
20657.0,22387.0,0
20650.0,22392.0,0
20647.0,22395.0,0
20658.0,22394.0,0
20659.0,22390.0,0
20658.0,22388.0,0
20652.0,22400.0,0
20655.0,22399.0,0
20656.0,22399.0,0
20656.0,22395.0,0
20649.0,22401.0,0
20654.0,22399.0,0
20665.0,22407.0,0
20647.0,22406.0,0
20650.0,22401.0,0
20643.0,22399.0,0
20659.0,22392.0,0
20656.0,22383.0,0
20646.0,22386.0,0
20645.0,22375.0,0
20642.0,22368.0,0
20640.0,22369.0,0
20649.0,22375.0,0
20649.0,22377.0,0
20640.0,22392.0,0
20646.0,22383.0,0
20648.0,22364.0,0
20641.0,22373.0,0
20648.0,22364.0,0
20639.0,22374.0,0
20643.0,22368.0,0
20635.0,22373.0,0
20644.0,22369.0,0
20652.0,22373.0,0
20634.0,22375.0,0
20639.0,22373.0,0
20632.0,22365.0,0
20631.0,22363.0,0
20641.0,22363.0,0
20635.0,22362.0,0
20637.0,22358.0,0
20645.0,22359.0,0
20637.0,22365.0,0
20634.0,22363.0,0
20638.0,22366.0,0
20637.0,22352.0,0
20639.0,22365.0,0
20637.0,22359.0,0
20634.0,22351.0,0
20643.0,22355.0,0
20628.0,22352.0,0
20631.0,22364.0,0
20632.0,22347.0,0
20637.0,22348.0,0
20619.0,22342.0,0
20624.0,22341.0,0
20626.0,22351.0,0
20636.0,22352.0,0
20625.0,22358.0,0
20627.0,22367.0,0
20629.0,22359.0,0
20622.0,22352.0,0
20628.0,22353.0,0
20630.0,22346.0,0
20620.0,22342.0,0
20616.0,22351.0,0
20623.0,22354.0,0
20621.0,22347.0,0
20626.0,22352.0,0
20625.0,22345.0,0
20628.0,22355.0,0
20628.0,22353.0,0
20610.0,22354.0,0
20623.0,22357.0,0
20615.0,22359.0,0
20616.0,22352.0,0
20617.0,22358.0,0
20625.0,22349.0,0
20617.0,22365.0,0
20619.0,22356.0,0
20620.0,22359.0,0
20619.0,22365.0,0
20625.0,22361.0,0
20619.0,22365.0,0
20610.0,22362.0,0
20620.0,22367.0,0
20607.0,22362.0,0
20618.0,22366.0,0
20622.0,22367.0,0
20621.0,22359.0,0
20612.0,22362.0,0
20626.0,22359.0,0
20618.0,22356.0,0
20611.0,22354.0,0
20601.0,22348.0,0
20615.0,22337.0,0
20611.0,22341.0,0
20611.0,22329.0,0
20606.0,22323.0,0
20607.0,22336.0,0
20609.0,22335.0,0
20603.0,22320.0,0
20602.0,22325.0,0
20603.0,22323.0,0
20622.0,22317.0,0
20617.0,22317.0,0
20609.0,22329.0,0
20599.0,22319.0,0
20610.0,22325.0,0
20607.0,22326.0,0
20609.0,22318.0,0
20610.0,22314.0,0
20603.0,22310.0,0
20616.0,22316.0,0
20613.0,22317.0,0
20594.0,22307.0,0
20606.0,22329.0,0
20609.0,22326.0,0
20598.0,22320.0,0
20596.0,22319.0,0
20612.0,22321.0,0
20608.0,22313.0,0
20610.0,22309.0,0
20605.0,22312.0,0
20602.0,22311.0,0
20612.0,22316.0,0
20606.0,22316.0,0
20607.0,22323.0,0
20600.0,22317.0,0
20603.0,22320.0,0
20602.0,22323.0,0
20599.0,22328.0,0
20603.0,22326.0,0
20603.0,22325.0,0
20602.0,22325.0,0
20599.0,22320.0,0
20608.0,22319.0,0
20602.0,22325.0,0
20602.0,22319.0,0
20610.0,22319.0,0
20612.0,22313.0,0
20600.0,22319.0,0
20605.0,22318.0,0
20604.0,22313.0,0
20611.0,22313.0,0
20608.0,22322.0,0
20599.0,22316.0,0
20605.0,22329.0,0
20589.0,22315.0,0
20598.0,22321.0,0
20594.0,22319.0,0
20599.0,22321.0,0
20605.0,22322.0,0
20599.0,22325.0,0
20612.0,22328.0,0
20606.0,22325.0,0
20607.0,22324.0,0
20605.0,22323.0,0
20604.0,22327.0,0
20601.0,22314.0,0
20595.0,22313.0,0
20591.0,22321.0,0
20598.0,22319.0,0
20592.0,22324.0,0
20603.0,22320.0,0
20596.0,22318.0,0
20602.0,22320.0,0
20611.0,22316.0,0
20599.0,22324.0,0
20607.0,22329.0,0
20593.0,22318.0,0
20599.0,22314.0,0
20593.0,22305.0,0
20599.0,22295.0,0
20593.0,22304.0,0
20588.0,22306.0,0
20581.0,22295.0,0
20585.0,22284.0,0
20577.0,22289.0,0
20580.0,22283.0,0
20586.0,22290.0,0
20585.0,22288.0,0
20568.0,22292.0,0
20583.0,22282.0,0
20587.0,22283.0,0
20581.0,22291.0,0
20578.0,22284.0,0
20577.0,22275.0,0
20583.0,22277.0,0
20581.0,22272.0,0
20578.0,22275.0,0
20574.0,22282.0,0
20567.0,22278.0,0
20552.0,22272.0,0
20566.0,22271.0,0
20563.0,22269.0,0
20562.0,22263.0,0
20561.0,22278.0,0
20562.0,22256.0,0
20569.0,22263.0,0
20560.0,22257.0,0
20548.0,22252.0,0
20561.0,22246.0,0
20556.0,22238.0,0
20553.0,22238.0,0
20555.0,22245.0,0
20550.0,22235.0,0
20557.0,22251.0,0
20564.0,22247.0,0
20557.0,22248.0,0
20560.0,22245.0,0
20555.0,22247.0,0
20548.0,22248.0,0
20550.0,22249.0,0
20555.0,22243.0,0
20564.0,22233.0,0
20545.0,22246.0,0
20545.0,22241.0,0
20547.0,22236.0,0
20559.0,22232.0,0
20552.0,22234.0,0
20554.0,22241.0,0
20553.0,22241.0,0
20552.0,22244.0,0
20548.0,22240.0,0
20544.0,22234.0,0
20548.0,22232.0,0
20546.0,22250.0,0
20544.0,22235.0,0
20552.0,22240.0,0
20546.0,22240.0,0
20547.0,22234.0,0
20543.0,22246.0,0
20547.0,22233.0,0
20542.0,22245.0,0
20553.0,22240.0,0
20557.0,22248.0,0
20541.0,22234.0,0
20541.0,22231.0,0
20534.0,22233.0,0
20540.0,22235.0,0
20530.0,22227.0,0
20545.0,22237.0,0
20537.0,22232.0,0
20540.0,22239.0,0
20542.0,22234.0,0
20537.0,22241.0,0
20541.0,22229.0,0
20535.0,22224.0,0
20542.0,22227.0,0
20537.0,22209.0,0
20536.0,22227.0,0
20538.0,22220.0,0
20537.0,22230.0,0
20550.0,22241.0,0
20532.0,22238.0,0
20532.0,22220.0,0
20543.0,22221.0,0
20533.0,22220.0,0
20537.0,22217.0,0
20536.0,22209.0,0
20530.0,22213.0,0
20534.0,22230.0,0
20535.0,22222.0,0
20542.0,22205.0,0
20537.0,22217.0,0
20539.0,22227.0,0
20541.0,22224.0,0
20541.0,22214.0,0
20535.0,22226.0,0
20540.0,22218.0,0
20528.0,22223.0,0
20540.0,22212.0,0
20550.0,22214.0,0
20532.0,22216.0,0
20542.0,22214.0,0
20536.0,22214.0,0
20535.0,22210.0,0
20537.0,22223.0,0
20538.0,22219.0,0
20547.0,22224.0,0
20539.0,22220.0,0
20527.0,22222.0,0
20537.0,22206.0,0
20527.0,22222.0,0
20523.0,22214.0,0
20525.0,22208.0,0
20529.0,22206.0,0
20535.0,22203.0,0
20528.0,22211.0,0
20522.0,22213.0,0
20526.0,22219.0,0
20525.0,22214.0,0
20521.0,22216.0,0
20539.0,22225.0,0
20535.0,22219.0,0
20537.0,22225.0,0
20531.0,22219.0,0
20522.0,22206.0,0
20534.0,22212.0,0
20530.0,22225.0,0
20537.0,22227.0,0
20527.0,22227.0,0
20527.0,22214.0,0
20531.0,22213.0,0
20527.0,22212.0,0
20521.0,22222.0,0
20522.0,22211.0,0
20523.0,22208.0,0
20530.0,22205.0,0
20520.0,22211.0,0
20524.0,22203.0,0
20527.0,22206.0,0
20524.0,22192.0,0
20527.0,22197.0,0
20523.0,22214.0,0
20523.0,22192.0,0
20523.0,22198.0,0
20509.0,22194.0,0
20524.0,22205.0,0
20517.0,22195.0,0
20506.0,22180.0,0
20519.0,22192.0,0
20508.0,22185.0,0
20509.0,22186.0,0
20512.0,22178.0,0
20513.0,22184.0,0
20509.0,22183.0,0
20513.0,22172.0,0
20509.0,22169.0,0
20518.0,22177.0,0
20511.0,22165.0,0
20504.0,22169.0,0
20505.0,22167.0,0
20505.0,22149.0,0
20499.0,22162.0,0
20501.0,22147.0,0
20499.0,22151.0,0
20496.0,22154.0,0
20493.0,22154.0,0
20489.0,22151.0,0
20500.0,22158.0,0
20503.0,22156.0,0
20514.0,22149.0,0
20496.0,22148.0,0
20497.0,22156.0,0
20492.0,22145.0,0
20488.0,22151.0,0
20474.0,22149.0,0
20485.0,22152.0,0
20481.0,22145.0,0
20487.0,22132.0,0
20483.0,22137.0,0
20486.0,22140.0,0
20479.0,22123.0,0
20485.0,22136.0,0
20469.0,22133.0,0
20476.0,22136.0,0
20478.0,22135.0,0
20479.0,22145.0,0
20478.0,22147.0,0
20487.0,22139.0,0
20486.0,22138.0,0
20480.0,22148.0,0
20480.0,22137.0,0
20472.0,22138.0,0
20470.0,22139.0,0
20477.0,22131.0,0
20475.0,22135.0,0
20474.0,22128.0,0
20474.0,22144.0,0
20466.0,22128.0,0
20471.0,22136.0,0
20466.0,22125.0,0
20472.0,22137.0,0
20472.0,22137.0,0
20469.0,22128.0,0
20467.0,22138.0,0
20467.0,22128.0,0
20463.0,22132.0,0
20467.0,22129.0,0
20458.0,22114.0,0
20461.0,22112.0,0
20455.0,22113.0,0
20451.0,22104.0,0
20457.0,22111.0,0
20452.0,22105.0,0
20452.0,22101.0,0
20462.0,22103.0,0
20461.0,22102.0,0
20454.0,22109.0,0
20451.0,22098.0,0
20461.0,22103.0,0
20445.0,22097.0,0
20453.0,22096.0,0
20448.0,22107.0,0
20466.0,22096.0,0
20451.0,22102.0,0
20457.0,22107.0,0
20449.0,22101.0,0
20454.0,22118.0,0
20451.0,22113.0,0
20452.0,22111.0,0
20456.0,22108.0,0
20456.0,22109.0,0
20462.0,22117.0,0
20453.0,22114.0,0
20456.0,22111.0,0
20450.0,22108.0,0
20462.0,22112.0,0
20456.0,22113.0,0
20455.0,22102.0,0
20459.0,22115.0,0
20443.0,22114.0,0
20460.0,22116.0,0
20455.0,22117.0,0
20450.0,22117.0,0
20445.0,22108.0,0
20452.0,22118.0,0
20451.0,22116.0,0
20457.0,22113.0,0
20456.0,22109.0,0
20454.0,22114.0,0
20455.0,22125.0,0
20462.0,22116.0,0
20457.0,22114.0,0
20462.0,22113.0,0
20450.0,22118.0,0
20457.0,22123.0,0
20456.0,22107.0,0
20456.0,22118.0,0
20446.0,22119.0,0
20448.0,22108.0,0
20444.0,22113.0,0
20448.0,22115.0,0
20449.0,22118.0,0
20451.0,22122.0,0
20452.0,22116.0,0
20442.0,22111.0,0
20449.0,22106.0,0
20444.0,22110.0,0
20448.0,22102.0,0
20448.0,22106.0,0
20444.0,22116.0,0
20446.0,22108.0,0
20443.0,22102.0,0
20440.0,22104.0,0
20438.0,22104.0,0
20435.0,22103.0,0
20442.0,22102.0,0
20434.0,22094.0,0
20441.0,22090.0,0
20435.0,22100.0,0
20439.0,22087.0,0
20428.0,22088.0,0
20430.0,22082.0,0
20427.0,22066.0,0
20424.0,22078.0,0
20430.0,22083.0,0
20429.0,22086.0,0
20427.0,22079.0,0
20433.0,22080.0,0
20427.0,22055.0,0
20422.0,22064.0,0
20419.0,22069.0,0
20416.0,22069.0,0
20420.0,22059.0,0
20423.0,22074.0,0
20432.0,22069.0,0
20429.0,22067.0,0
20416.0,22069.0,0
20425.0,22079.0,0
20423.0,22085.0,0
20422.0,22068.0,0
20426.0,22069.0,0
20430.0,22070.0,0
20416.0,22058.0,0
20425.0,22069.0,0
20428.0,22064.0,0
20422.0,22070.0,0
20423.0,22071.0,0
20425.0,22049.0,0
20425.0,22066.0,0
20416.0,22069.0,0
20415.0,22052.0,0
20419.0,22051.0,0
20415.0,22059.0,0
20432.0,22065.0,0
20418.0,22065.0,0
20408.0,22060.0,0
20415.0,22071.0,0
20421.0,22050.0,0
20418.0,22066.0,0
20420.0,22066.0,0
20415.0,22055.0,0
20415.0,22068.0,0
20418.0,22057.0,0
20426.0,22066.0,0
20411.0,22067.0,0
20419.0,22057.0,0
20418.0,22061.0,0
20417.0,22052.0,0
20423.0,22056.0,0
20417.0,22066.0,0
20406.0,22059.0,0
20416.0,22058.0,0
20416.0,22056.0,0
20415.0,22062.0,0
20418.0,22053.0,0
20419.0,22070.0,0
20419.0,22060.0,0
20424.0,22065.0,0
20422.0,22067.0,0
20421.0,22062.0,0
20420.0,22062.0,0
20420.0,22063.0,0
20403.0,22069.0,0
20411.0,22056.0,0
20411.0,22068.0,0
20421.0,22065.0,0
20410.0,22067.0,0
20414.0,22067.0,0
20411.0,22077.0,0
20404.0,22064.0,0
20397.0,22065.0,0
20422.0,22060.0,0
20407.0,22060.0,0
20402.0,22060.0,0
20393.0,22047.0,0
20401.0,22050.0,0
20394.0,22055.0,0
20398.0,22047.0,0
20399.0,22059.0,0
20397.0,22041.0,0
20411.0,22041.0,0
20398.0,22033.0,0
20408.0,22047.0,0
20411.0,22029.0,0
20408.0,22037.0,0
20403.0,22027.0,0
20401.0,22018.0,0
20403.0,22010.0,0
20393.0,22013.0,0
20398.0,22011.0,0
20394.0,22011.0,0
20394.0,22012.0,0
20391.0,22008.0,0
20393.0,22014.0,0
20395.0,22010.0,1
20387.0,22012.0,0
20387.0,22018.0,0
20384.0,22010.0,0
20387.0,22006.0,0
20393.0,22018.0,0
20387.0,22006.0,0
20388.0,22009.0,0
20384.0,22008.0,0
20395.0,22005.0,0
20388.0,22001.0,0
20386.0,22010.0,0
20392.0,22003.0,0
20394.0,22018.0,0
20390.0,22006.0,0
20394.0,22018.0,0
20389.0,22015.0,0
20396.0,22022.0,0
20407.0,22021.0,0
20391.0,22014.0,0
20399.0,22006.0,0
20396.0,22015.0,0
20388.0,22012.0,0
20390.0,22014.0,0
20392.0,22016.0,0
20396.0,22009.0,0
20396.0,22009.0,0
20390.0,22017.0,0
20399.0,22027.0,0
20389.0,22011.0,0
20394.0,22001.0,0
20395.0,22016.0,0
20390.0,22009.0,0
20383.0,22006.0,0
20394.0,22001.0,0
20383.0,21991.0,0
20394.0,22000.0,0
20391.0,22011.0,0
20399.0,22017.0,0
20398.0,22013.0,0
20390.0,22016.0,0
20391.0,22021.0,0
20395.0,22020.0,0
20397.0,22006.0,0
20392.0,22017.0,0
20392.0,22014.0,0
20384.0,22011.0,0
20391.0,22020.0,0
20391.0,22012.0,0
20396.0,22018.0,0
20386.0,22019.0,0
20384.0,22015.0,0
20383.0,22013.0,0
20386.0,22007.0,0
20394.0,22009.0,0
20388.0,22005.0,0
20386.0,22000.0,0
20392.0,22001.0,0
20382.0,22012.0,0
20389.0,22000.0,0
20388.0,22007.0,0
20386.0,22009.0,0
20389.0,22007.0,0
20391.0,22013.0,0
20390.0,22006.0,0
20391.0,22017.0,0
20389.0,22010.0,0
20394.0,22007.0,0
20394.0,21997.0,0
20390.0,21998.0,0
20394.0,21996.0,0
20390.0,22004.0,0
20399.0,21998.0,0
20390.0,22007.0,0
20396.0,22003.0,0
20401.0,22003.0,0
20392.0,21997.0,0
20395.0,22005.0,0
20391.0,21998.0,0
20393.0,21999.0,0
20400.0,22002.0,0
20394.0,22004.0,0
20397.0,21998.0,0
20400.0,22004.0,0
20404.0,22002.0,0
20392.0,22005.0,0
20393.0,21997.0,0
20403.0,22008.0,0
20396.0,22013.0,0
20399.0,22012.0,0
20402.0,22020.0,0
20394.0,22010.0,0
20405.0,22008.0,0
20398.0,22017.0,0
20412.0,22022.0,0
20404.0,22030.0,0
20416.0,22026.0,0
20406.0,22022.0,0
20406.0,22024.0,0
20402.0,22027.0,0
20406.0,22041.0,0
20407.0,22038.0,0
20408.0,22029.0,0
20417.0,22042.0,0
20416.0,22025.0,0
20406.0,22031.0,0
20402.0,22032.0,0
20407.0,22030.0,0
20412.0,22040.0,0
20410.0,22037.0,0
20413.0,22036.0,0
20416.0,22043.0,0
20410.0,22039.0,0
20422.0,22045.0,0
20415.0,22052.0,0
20411.0,22046.0,0
20417.0,22049.0,0
20418.0,22046.0,0
20429.0,22058.0,0
20417.0,22054.0,0
20424.0,22062.0,0
20425.0,22066.0,0
20415.0,22058.0,0
20412.0,22056.0,0
20407.0,22060.0,0
20424.0,22059.0,0
20416.0,22048.0,0
20417.0,22052.0,0
20419.0,22045.0,0
20416.0,22057.0,0
20414.0,22051.0,0
20416.0,22054.0,0
20422.0,22046.0,0
20415.0,22049.0,0
20415.0,22052.0,0
20421.0,22051.0,0
20417.0,22050.0,0
20417.0,22054.0,0
20416.0,22053.0,0
20420.0,22058.0,0
20418.0,22060.0,0
20421.0,22064.0,0
20425.0,22058.0,0
20417.0,22065.0,0
20427.0,22067.0,0
20423.0,22066.0,0
20434.0,22059.0,0
20431.0,22060.0,0
20430.0,22073.0,0
20424.0,22056.0,0
20428.0,22058.0,0
20428.0,22056.0,0
20428.0,22065.0,0
20428.0,22053.0,0
20427.0,22065.0,0
20420.0,22060.0,0
20428.0,22054.0,0
20434.0,22063.0,0
20434.0,22072.0,0
20425.0,22068.0,0
20437.0,22073.0,0
20435.0,22074.0,0
20432.0,22075.0,0
20433.0,22066.0,0
20433.0,22072.0,0
20426.0,22073.0,0
20428.0,22071.0,0
20424.0,22065.0,0
20433.0,22065.0,0
20424.0,22068.0,0
20432.0,22073.0,0
20429.0,22078.0,0
20437.0,22074.0,0
20430.0,22077.0,0
20426.0,22081.0,0
20428.0,22074.0,0
20428.0,22080.0,0
20433.0,22077.0,0
20432.0,22081.0,0
20441.0,22083.0,0
20439.0,22092.0,0
20426.0,22081.0,0
20428.0,22085.0,0
20437.0,22091.0,0
20433.0,22082.0,0
20434.0,22092.0,0
20421.0,22088.0,0
20430.0,22085.0,0
20423.0,22074.0,0
20435.0,22084.0,0
20430.0,22087.0,0
20430.0,22091.0,0
20428.0,22086.0,0
20435.0,22093.0,0
20431.0,22095.0,0
20420.0,22096.0,0
20430.0,22095.0,0
20440.0,22090.0,0
20429.0,22101.0,0
20429.0,22104.0,0
20428.0,22101.0,0
20436.0,22095.0,0
20430.0,22092.0,0
20428.0,22098.0,0
20427.0,22098.0,0
20419.0,22088.0,0
20427.0,22093.0,0
20425.0,22085.0,0
20425.0,22097.0,0
20425.0,22086.0,0
20427.0,22088.0,0
20432.0,22087.0,0
20423.0,22082.0,0
20419.0,22084.0,0
20416.0,22076.0,0
20424.0,22091.0,0
20422.0,22084.0,0
20430.0,22081.0,0
20427.0,22080.0,0
20422.0,22081.0,0
20416.0,22083.0,0
20432.0,22092.0,0
20434.0,22081.0,0
20420.0,22095.0,0
20432.0,22074.0,0
20425.0,22077.0,0
20419.0,22089.0,0
20435.0,22089.0,0
20422.0,22083.0,0
20420.0,22082.0,0
20420.0,22077.0,0
20414.0,22079.0,0
20422.0,22067.0,0
20428.0,22070.0,0
20430.0,22076.0,0
20428.0,22080.0,1
20431.0,22085.0,0
20431.0,22085.0,0
20418.0,22081.0,0
20434.0,22079.0,0
20419.0,22075.0,0
20423.0,22078.0,0
20431.0,22079.0,0
20423.0,22083.0,0
20427.0,22077.0,0
20425.0,22090.0,0
20430.0,22084.0,0
20426.0,22085.0,0
20432.0,22084.0,0
20427.0,22085.0,0
20433.0,22083.0,0
20426.0,22081.0,0
20435.0,22091.0,0
20432.0,22086.0,0
20429.0,22087.0,0
20422.0,22083.0,0
20425.0,22094.0,0
20430.0,22084.0,0
20427.0,22091.0,0
20431.0,22090.0,0
20435.0,22090.0,0
20431.0,22093.0,0
20426.0,22090.0,0
20429.0,22095.0,0
20432.0,22087.0,0
20427.0,22107.0,0
20417.0,22094.0,0
20424.0,22097.0,0
20440.0,22100.0,0
20434.0,22107.0,0
20433.0,22109.0,0
20433.0,22112.0,0
20424.0,22110.0,0
20433.0,22107.0,0
20427.0,22104.0,0
20433.0,22103.0,0
20433.0,22104.0,0
20441.0,22107.0,0
20433.0,22114.0,0
20427.0,22105.0,0
20427.0,22112.0,0
20425.0,22104.0,0
20436.0,22096.0,0
20422.0,22097.0,0
20430.0,22101.0,0
20426.0,22090.0,0
20423.0,22093.0,0
20417.0,22090.0,0
20421.0,22075.0,0
20414.0,22075.0,0
20412.0,22075.0,0
20417.0,22077.0,0
20415.0,22084.0,0
20410.0,22080.0,0
20419.0,22077.0,0
20418.0,22078.0,0
20417.0,22080.0,0
20415.0,22081.0,0
20416.0,22071.0,0
20423.0,22067.0,0
20408.0,22079.0,0
20418.0,22066.0,0
20412.0,22058.0,0
20408.0,22061.0,0
20410.0,22056.0,0
20412.0,22062.0,0
20418.0,22070.0,0
20402.0,22062.0,0
20409.0,22067.0,0
20413.0,22060.0,0
20402.0,22065.0,0
20408.0,22062.0,0
20406.0,22058.0,0
20411.0,22067.0,0
20409.0,22064.0,0
20401.0,22062.0,0
20416.0,22069.0,0
20399.0,22063.0,0
20407.0,22052.0,0
20397.0,22063.0,0
20403.0,22050.0,0
20398.0,22056.0,0
20410.0,22050.0,0
20403.0,22048.0,0
20402.0,22062.0,0
20401.0,22059.0,0
20394.0,22057.0,0
20409.0,22060.0,0
20402.0,22058.0,0
20407.0,22056.0,0
20394.0,22060.0,0
20407.0,22048.0,0
20400.0,22065.0,0
20392.0,22061.0,0
20394.0,22056.0,0
20399.0,22058.0,0
20391.0,22063.0,0
20397.0,22060.0,0
20401.0,22055.0,0
20385.0,22070.0,0
20399.0,22061.0,0
20390.0,22061.0,0
20407.0,22065.0,0
20400.0,22070.0,0
20398.0,22060.0,0
20398.0,22070.0,0
20391.0,22063.0,0
20391.0,22059.0,0
20400.0,22065.0,0
20399.0,22065.0,0
20391.0,22066.0,0
20397.0,22064.0,0
20408.0,22073.0,0
20398.0,22073.0,0
20401.0,22074.0,0
20406.0,22086.0,0
20395.0,22069.0,0
20396.0,22069.0,0
20390.0,22075.0,0
20397.0,22079.0,0
20388.0,22075.0,0
20401.0,22068.0,0
20389.0,22064.0,0
20396.0,22078.0,0
20392.0,22068.0,0
20399.0,22073.0,0
20379.0,22062.0,0
20385.0,22051.0,0
20380.0,22066.0,0
20379.0,22063.0,0
20379.0,22048.0,0
20382.0,22052.0,0
20383.0,22061.0,0
20385.0,22060.0,0
20377.0,22054.0,0
20381.0,22047.0,0
20384.0,22053.0,0
20384.0,22044.0,0
20381.0,22049.0,0
20381.0,22033.0,0
20378.0,22055.0,0
20381.0,22042.0,0
20384.0,22048.0,0
20386.0,22035.0,0
20388.0,22038.0,1
20379.0,22040.0,0
20380.0,22043.0,0
20378.0,22036.0,0
20368.0,22038.0,0
20374.0,22041.0,0
20373.0,22030.0,0
20373.0,22037.0,0
20368.0,22030.0,0
20367.0,22027.0,0
20374.0,22033.0,0
20372.0,22037.0,0
20379.0,22028.0,0
20368.0,22032.0,0
20364.0,22031.0,0
20367.0,22032.0,0
20362.0,22036.0,0
20375.0,22031.0,0
20360.0,22030.0,0
20369.0,22029.0,0
20370.0,22025.0,0
20375.0,22027.0,0
20352.0,22039.0,0
20363.0,22033.0,0
20376.0,22045.0,0
20362.0,22035.0,0
20365.0,22031.0,0
20370.0,22048.0,0
20370.0,22036.0,0
20365.0,22040.0,0
20363.0,22037.0,0
20365.0,22025.0,0
20355.0,22024.0,0
20364.0,22036.0,0
20374.0,22036.0,0
20362.0,22031.0,0
20366.0,22035.0,0
20364.0,22040.0,0
20365.0,22032.0,0
20356.0,22031.0,0
20360.0,22035.0,0
20361.0,22031.0,0
20363.0,22041.0,0
20369.0,22042.0,0
20375.0,22050.0,0
20367.0,22036.0,0
20368.0,22041.0,0
20364.0,22036.0,0
20366.0,22049.0,0
20373.0,22042.0,0
20367.0,22052.0,0
20363.0,22047.0,0
20368.0,22050.0,0
20367.0,22041.0,0
20368.0,22041.0,0
20369.0,22050.0,0
20366.0,22049.0,0
20362.0,22044.0,0
20371.0,22034.0,0
20362.0,22046.0,0
20363.0,22047.0,0
20366.0,22044.0,0
20368.0,22043.0,0
20362.0,22042.0,0
20378.0,22039.0,0
20367.0,22034.0,0
20382.0,22031.0,0
20376.0,22026.0,0
20362.0,22025.0,0
20369.0,22032.0,0
20369.0,22027.0,0
20367.0,22024.0,0
20370.0,22029.0,0
20368.0,22035.0,0
20361.0,22033.0,0
20364.0,22017.0,0
20367.0,22020.0,0
20362.0,22034.0,0
20365.0,22026.0,0
20373.0,22017.0,0
20376.0,22028.0,0
20363.0,22025.0,0
20372.0,22018.0,0
20365.0,22021.0,0
20362.0,22019.0,0
20361.0,22028.0,0
20368.0,22021.0,0
20369.0,22020.0,0
20368.0,22019.0,0
20366.0,22019.0,0
20373.0,22011.0,0
20368.0,22025.0,0
20364.0,22021.0,0
20355.0,22028.0,0
20362.0,22024.0,0
20355.0,22022.0,0
20353.0,22007.0,0
20360.0,22021.0,0
20359.0,22025.0,0
20363.0,22016.0,0
20367.0,22021.0,0
20364.0,22021.0,0
20371.0,22027.0,0
20371.0,22024.0,0
20357.0,22021.0,0
20365.0,22020.0,0
20357.0,22025.0,0
20364.0,22027.0,0
20363.0,22025.0,0
20359.0,22030.0,0
20370.0,22025.0,0
20366.0,22022.0,0
20364.0,22022.0,0
20351.0,22020.0,0
20360.0,22031.0,0
20363.0,22032.0,0
20348.0,22032.0,0
20358.0,22022.0,0
20363.0,22030.0,0
20357.0,22029.0,0
20360.0,22014.0,0
20363.0,22023.0,0
20364.0,22025.0,0
20363.0,22024.0,0
20362.0,22030.0,0
20365.0,22034.0,0
20372.0,22023.0,0
20358.0,22032.0,0
20355.0,22032.0,0
20360.0,22035.0,0
20361.0,22037.0,0
20352.0,22027.0,0
20358.0,22042.0,0
20355.0,22030.0,0
20350.0,22038.0,0
20363.0,22036.0,0
20362.0,22036.0,0
20366.0,22040.0,0
20359.0,22029.0,0
20343.0,22024.0,0
20358.0,22030.0,0
20353.0,22019.0,0
20361.0,22035.0,0
20355.0,22019.0,0
20355.0,22020.0,0
20359.0,22015.0,0
20363.0,22012.0,0
20356.0,22012.0,0
20366.0,22010.0,0
20359.0,22017.0,0
20362.0,22011.0,0
20366.0,22015.0,0
20352.0,22012.0,0
20374.0,22007.0,0
20361.0,22012.0,0
20355.0,22009.0,0
20359.0,22003.0,0
20366.0,22006.0,0
20360.0,22007.0,0
20365.0,22007.0,0
20362.0,22002.0,0
20368.0,22012.0,0
20350.0,22011.0,0
20365.0,22013.0,0
20363.0,22012.0,0
20364.0,22000.0,0
20353.0,22007.0,0
20360.0,21996.0,0
20360.0,22003.0,0
20357.0,21991.0,0
20362.0,21989.0,0
20359.0,21995.0,0
20357.0,21991.0,0
20355.0,21998.0,0
20342.0,21985.0,0
20357.0,22004.0,0
20351.0,22001.0,0
20351.0,21999.0,0
20350.0,22000.0,0
20358.0,21990.0,0
20362.0,21999.0,0
20352.0,22005.0,0
20358.0,22003.0,0
20350.0,22002.0,0
20356.0,22010.0,0
20351.0,21990.0,0
20350.0,22010.0,0
20349.0,21999.0,0
20347.0,21999.0,0
20349.0,22005.0,0
20349.0,22000.0,0
20344.0,22003.0,0
20352.0,22002.0,0
20345.0,21994.0,0
20353.0,21991.0,0
20351.0,21999.0,0
20350.0,22008.0,0
20347.0,22008.0,0
20351.0,21991.0,0
20352.0,22007.0,0
20360.0,22008.0,0
20345.0,22017.0,0
20348.0,22011.0,0
20343.0,22001.0,0
20348.0,22003.0,0
20340.0,22020.0,0
20346.0,22009.0,0
20357.0,22009.0,0
20359.0,22007.0,0
20358.0,22019.0,0
20352.0,22028.0,0
20347.0,22008.0,0
20351.0,22002.0,0
20346.0,22004.0,0
20357.0,22002.0,0
20350.0,21998.0,0
20345.0,21995.0,0
20344.0,21989.0,0
20349.0,21986.0,0
20350.0,21990.0,0
20344.0,21998.0,0
20347.0,21993.0,0
20345.0,21980.0,0
20339.0,21987.0,0
20353.0,21989.0,0
20347.0,21976.0,0
20334.0,21973.0,0
20333.0,21973.0,0
20335.0,21975.0,0
20336.0,21982.0,0
20342.0,21971.0,0
20336.0,21988.0,0
20336.0,21982.0,0
20332.0,21975.0,0
20336.0,21980.0,0
20348.0,21975.0,0
20342.0,21984.0,0
20336.0,21986.0,1
20332.0,21977.0,0
20325.0,21973.0,0
20340.0,21972.0,0
20333.0,21973.0,0
20336.0,21961.0,0
20340.0,21979.0,0
20339.0,21971.0,0
20343.0,21971.0,0
20343.0,21969.0,0
20339.0,21976.0,0
20338.0,21976.0,0
20339.0,21971.0,0
20344.0,21969.0,0
20334.0,21965.0,0
20321.0,21965.0,0
20329.0,21961.0,0
20333.0,21974.0,0
20340.0,21962.0,0
20333.0,21960.0,0
20335.0,21970.0,0
20331.0,21968.0,0
20335.0,21968.0,0
20335.0,21976.0,0
20340.0,21978.0,0
20341.0,21977.0,1
20332.0,21983.0,0
20325.0,21989.0,0
20329.0,21989.0,0
20335.0,21982.0,0
20334.0,21983.0,0
20334.0,21981.0,0
20334.0,21994.0,0
20336.0,21989.0,0
20340.0,21992.0,0
20343.0,21990.0,0
20336.0,21995.0,0
20333.0,21986.0,0
20338.0,21984.0,0
20336.0,21977.0,0
20339.0,21987.0,0
20336.0,21987.0,0
20326.0,21985.0,0
20340.0,21992.0,0
20330.0,21988.0,0
20334.0,21981.0,0
20328.0,21985.0,0
20337.0,21985.0,0
20340.0,21986.0,0
20341.0,21981.0,0
20335.0,21984.0,0
20334.0,21992.0,0
20333.0,21996.0,0
20342.0,21982.0,0
20334.0,22001.0,0
20345.0,21990.0,0
20330.0,21988.0,0
20344.0,21982.0,0
20334.0,21982.0,0
20333.0,21983.0,0
20322.0,21979.0,0
20323.0,21981.0,0
20328.0,21973.0,0
20321.0,21973.0,0
20335.0,21966.0,0
20326.0,21955.0,0
20324.0,21962.0,0
20326.0,21964.0,0
20326.0,21969.0,0
20327.0,21958.0,0
20328.0,21966.0,0
20332.0,21969.0,0
20324.0,21957.0,0
20321.0,21956.0,0
20329.0,21956.0,0
20320.0,21968.0,0
20319.0,21971.0,0
20309.0,21964.0,0
20323.0,21963.0,0
20327.0,21970.0,0
20320.0,21976.0,1
20324.0,21959.0,0
20319.0,21956.0,0
20324.0,21962.0,0
20331.0,21960.0,0
20324.0,21962.0,0
20319.0,21968.0,0
20317.0,21958.0,0
20320.0,21964.0,0
20320.0,21961.0,0
20320.0,21956.0,0
20325.0,21958.0,0
20320.0,21959.0,0
20319.0,21960.0,0
20325.0,21952.0,0
20319.0,21963.0,0
20306.0,21964.0,0
20318.0,21958.0,0
20316.0,21959.0,0
20324.0,21968.0,0
20324.0,21954.0,0
20320.0,21958.0,0
20314.0,21962.0,0
20319.0,21967.0,0
20321.0,21965.0,0
20330.0,21973.0,0
20318.0,21962.0,0
20330.0,21968.0,0
20321.0,21977.0,0
20324.0,21971.0,0
20324.0,21975.0,0
20325.0,21975.0,0
20320.0,21977.0,0
20326.0,21980.0,0
20321.0,21967.0,0
20320.0,21971.0,0
20320.0,21965.0,0
20322.0,21970.0,0
20326.0,21983.0,0
20336.0,21979.0,0
20316.0,21980.0,0
20326.0,21977.0,0
20328.0,21976.0,0
20340.0,21986.0,0
20326.0,21986.0,0
20340.0,21985.0,0
20330.0,21983.0,0
20318.0,21974.0,0
20336.0,21981.0,0
20334.0,21993.0,0
20340.0,21982.0,0
20328.0,21983.0,0
20339.0,21980.0,0
20323.0,21978.0,0
20326.0,21975.0,0
20325.0,21983.0,0
20334.0,21978.0,0
20322.0,21972.0,0
20342.0,21964.0,0
20345.0,21969.0,0
20344.0,21970.0,0
20338.0,21976.0,0
20354.0,21985.0,0
20358.0,21984.0,0
20355.0,21988.0,0
20367.0,21980.0,0
20366.0,21993.0,0
20378.0,22005.0,0
20385.0,22000.0,0
20398.0,22018.0,0
20396.0,22024.0,0
20414.0,22036.0,0
20425.0,22044.0,0
20453.0,22066.0,0
20465.0,22095.0,0
20497.0,22129.0,0
20509.0,22154.0,0
20531.0,22172.0,0
20545.0,22204.0,0
20539.0,22199.0,0
20521.0,22198.0,0
20518.0,22189.0,0
20523.0,22191.0,0
20541.0,22196.0,0
20549.0,22184.0,0
20541.0,22191.0,0
20538.0,22194.0,0
20536.0,22187.0,0
20529.0,22195.0,0
20515.0,22181.0,0
20507.0,22174.0,0
20507.0,22164.0,0
20506.0,22160.0,0
20507.0,22157.0,0
20497.0,22145.0,0
20484.0,22134.0,0
20486.0,22119.0,0
20485.0,22119.0,0
20493.0,22114.0,0
20487.0,22104.0,0
20470.0,22106.0,0
20473.0,22099.0,0
20481.0,22097.0,0
20486.0,22102.0,0
20484.0,22105.0,0
20493.0,22107.0,0
20497.0,22129.0,0
20513.0,22137.0,0
20511.0,22139.0,0
20515.0,22150.0,0
20507.0,22142.0,0
20493.0,22141.0,0
20487.0,22109.0,0
20478.0,22098.0,0
20468.0,22080.0,0
20461.0,22075.0,0
20455.0,22054.0,0
20431.0,22034.0,0
20431.0,22032.0,0
20431.0,22025.0,0
20431.0,22020.0,0
20415.0,22008.0,0
20404.0,21995.0,0
20386.0,21993.0,0
20392.0,21976.0,0
20374.0,21960.0,0
20375.0,21961.0,0
20365.0,21956.0,0
20366.0,21967.0,0
20370.0,21973.0,0
20348.0,21965.0,0
20354.0,21961.0,0
20357.0,21953.0,0
20363.0,21968.0,0
20363.0,21974.0,0
20358.0,21966.0,0
20365.0,21971.0,0
20356.0,21967.0,0
20349.0,21976.0,0
20342.0,21970.0,0
20345.0,21969.0,0
20349.0,21974.0,0
20345.0,21971.0,0
20364.0,21992.0,0
20381.0,22019.0,0
20385.0,22012.0,0
20397.0,22032.0,0
20391.0,22035.0,0
20399.0,22044.0,0
20399.0,22036.0,0
20418.0,22049.0,0
20415.0,22059.0,0
20409.0,22054.0,0
20412.0,22050.0,0
20403.0,22051.0,0
20397.0,22040.0,0
20412.0,22049.0,0
20406.0,22049.0,0
20415.0,22046.0,0
20429.0,22061.0,0
20444.0,22067.0,0
20439.0,22070.0,0
20447.0,22084.0,0
20433.0,22083.0,0
20435.0,22078.0,0
20440.0,22074.0,0
20429.0,22083.0,0
20431.0,22085.0,0
20449.0,22090.0,0
20452.0,22090.0,0
20461.0,22092.0,0
20482.0,22107.0,0
20473.0,22113.0,0
20489.0,22111.0,0
20481.0,22109.0,0
20476.0,22105.0,0
20488.0,22118.0,0
20489.0,22118.0,0
20497.0,22117.0,0
20498.0,22124.0,0
20504.0,22123.0,0
20506.0,22130.0,0
20508.0,22121.0,0
20502.0,22124.0,0
20508.0,22122.0,0
20495.0,22123.0,0
20494.0,22122.0,0
20515.0,22124.0,0
20507.0,22132.0,0
20506.0,22138.0,0
20510.0,22128.0,0
20513.0,22140.0,0
20510.0,22155.0,0
20503.0,22144.0,0
20517.0,22129.0,0
20500.0,22138.0,0
20507.0,22144.0,0
20500.0,22136.0,0
20512.0,22139.0,0
20509.0,22146.0,0
20503.0,22148.0,0
20525.0,22141.0,0
20508.0,22145.0,0
20522.0,22148.0,0
20510.0,22134.0,0
20517.0,22139.0,0
20514.0,22137.0,0
20523.0,22142.0,0
20510.0,22126.0,0
20514.0,22128.0,0
20518.0,22125.0,0
20513.0,22121.0,0
20514.0,22118.0,0
20514.0,22119.0,0
20511.0,22111.0,0
20516.0,22114.0,0
20512.0,22108.0,0
20509.0,22113.0,0
20512.0,22109.0,0
20513.0,22092.0,0
20507.0,22100.0,0
20511.0,22098.0,0
20502.0,22091.0,0
20495.0,22082.0,0
20505.0,22078.0,0
20493.0,22078.0,0
20493.0,22076.0,0
20491.0,22062.0,0
20498.0,22065.0,0
20488.0,22067.0,0
20487.0,22067.0,0
20481.0,22066.0,0
20485.0,22065.0,0
20484.0,22050.0,0
20487.0,22053.0,0
20481.0,22040.0,0
20494.0,22044.0,0
20492.0,22036.0,0
20488.0,22038.0,0
20486.0,22041.0,0
20495.0,22032.0,0
20495.0,22043.0,0
20491.0,22036.0,0
20494.0,22036.0,0
20484.0,22038.0,0
20499.0,22045.0,0
20489.0,22033.0,0
20486.0,22031.0,0
20481.0,22038.0,0
20463.0,22012.0,0
20479.0,22023.0,0
20477.0,22027.0,0
20478.0,22020.0,0
20477.0,22030.0,0
20479.0,22023.0,0
20484.0,22035.0,0
20465.0,22045.0,0
20472.0,22027.0,0
20467.0,22026.0,0
20465.0,22035.0,0
20474.0,22030.0,0
20473.0,22027.0,0
20470.0,22036.0,0
20468.0,22045.0,0
20476.0,22042.0,0
20495.0,22034.0,0
20482.0,22037.0,0
20480.0,22038.0,0
20476.0,22034.0,0
20478.0,22039.0,0
20470.0,22032.0,0
20480.0,22040.0,0
20475.0,22040.0,0
20477.0,22034.0,0
20482.0,22046.0,0
20481.0,22042.0,0
20496.0,22048.0,0
20484.0,22040.0,0
20481.0,22051.0,0
20476.0,22047.0,0
20478.0,22042.0,0
20479.0,22053.0,0
20476.0,22036.0,0
20478.0,22038.0,0
20489.0,22045.0,0
20486.0,22042.0,0
20488.0,22041.0,0
20482.0,22062.0,0
20485.0,22061.0,0
20491.0,22040.0,0
20479.0,22052.0,0
20479.0,22053.0,0
20491.0,22038.0,0
20489.0,22042.0,0
20484.0,22033.0,0
20481.0,22032.0,0
20479.0,22033.0,0
20481.0,22022.0,0
20485.0,22022.0,0
20490.0,22029.0,0
20480.0,22006.0,0
20471.0,22019.0,0
20479.0,22019.0,0
20487.0,22017.0,0
20477.0,22015.0,0
20484.0,22012.0,0
20474.0,22006.0,0
20472.0,22005.0,0
20471.0,22016.0,0
20482.0,22024.0,0
20468.0,22026.0,0
20476.0,22018.0,0
20479.0,22014.0,0
20477.0,22019.0,0
20465.0,22005.0,0
20459.0,22011.0,0
20472.0,22019.0,0
20476.0,22010.0,0
20462.0,22001.0,0
20472.0,22012.0,0
20477.0,22019.0,0
20472.0,22011.0,0
20481.0,22011.0,0
20470.0,22014.0,0
20464.0,22013.0,0
20471.0,22011.0,0
20468.0,22009.0,0
20472.0,22017.0,0
20457.0,22021.0,0
20468.0,22018.0,0
20465.0,22017.0,0
20461.0,22012.0,0
20464.0,22015.0,0
20466.0,22010.0,0
20474.0,22015.0,0
20461.0,22019.0,0
20478.0,22017.0,0
20469.0,22016.0,0
20468.0,22012.0,0
20459.0,22010.0,0
20458.0,22011.0,0
20467.0,22007.0,0
20468.0,22002.0,0
20466.0,22010.0,0
20468.0,22004.0,0
20468.0,22016.0,0
20472.0,22015.0,0
20470.0,22015.0,0
20469.0,22009.0,0
20461.0,22016.0,0
20462.0,22013.0,0
20466.0,21999.0,0
20470.0,22005.0,0
20476.0,22010.0,0
20461.0,22012.0,0
20469.0,22013.0,0
20454.0,22011.0,0
20464.0,22000.0,0
20461.0,21999.0,0
20463.0,21996.0,0
20465.0,21999.0,0
20464.0,21998.0,0
20452.0,21996.0,0
20452.0,21986.0,0
20461.0,21989.0,0
20459.0,22000.0,0
20460.0,21983.0,0
20451.0,21978.0,0
20459.0,21980.0,0
20456.0,21981.0,0
20456.0,21977.0,0
20449.0,21984.0,0
20455.0,21982.0,0
20455.0,21986.0,0
20457.0,21982.0,0
20457.0,21973.0,0
20450.0,21968.0,0
20451.0,21978.0,0
20455.0,21979.0,0
20458.0,21982.0,0
20457.0,21979.0,0
20445.0,21974.0,0
20446.0,21975.0,1
20447.0,21972.0,0
20440.0,21972.0,0
20444.0,21964.0,0
20450.0,21963.0,0
20452.0,21963.0,0
20449.0,21969.0,0
20453.0,21972.0,0
20453.0,21969.0,0
20449.0,21954.0,0
20454.0,21967.0,0
20445.0,21956.0,0
20466.0,21954.0,0
20446.0,21951.0,0
20444.0,21953.0,0
20447.0,21958.0,0
20445.0,21959.0,0
20443.0,21962.0,0
20449.0,21953.0,0
20452.0,21965.0,0
20453.0,21963.0,0
20458.0,21964.0,0
20452.0,21969.0,0
20453.0,21965.0,0
20457.0,21965.0,0
20453.0,21971.0,0
20448.0,21960.0,0
20451.0,21965.0,0
20454.0,21961.0,0
20450.0,21965.0,0
20455.0,21965.0,0
20461.0,21965.0,0
20450.0,21966.0,0
20445.0,21963.0,0
20446.0,21964.0,0
20451.0,21960.0,0
20447.0,21961.0,0
20446.0,21976.0,0
20433.0,21962.0,0
20447.0,21970.0,0
20454.0,21973.0,0
20453.0,21967.0,0
20452.0,21964.0,0
20453.0,21972.0,0
20454.0,21957.0,0
20442.0,21957.0,0
20449.0,21952.0,0
20441.0,21941.0,0
20437.0,21937.0,0
20432.0,21934.0,0
20433.0,21931.0,0
20442.0,21931.0,0
20438.0,21929.0,0
20433.0,21927.0,0
20429.0,21928.0,0
20434.0,21932.0,0
20433.0,21917.0,0
20437.0,21924.0,0
20429.0,21922.0,0
20439.0,21920.0,0
20433.0,21925.0,0
20435.0,21919.0,0
20437.0,21917.0,0
20435.0,21910.0,0
20438.0,21910.0,0
20430.0,21907.0,0
20435.0,21917.0,0
20434.0,21919.0,0
20432.0,21915.0,0
20451.0,21913.0,0
20440.0,21901.0,0
20446.0,21910.0,0
20445.0,21914.0,0
20444.0,21906.0,0
20446.0,21912.0,0
20442.0,21913.0,0
20448.0,21917.0,0
20448.0,21919.0,0
20442.0,21923.0,0
20449.0,21907.0,0
20449.0,21912.0,0
20452.0,21917.0,0
20457.0,21921.0,0
20457.0,21918.0,0
20452.0,21926.0,0
20448.0,21922.0,0
20450.0,21922.0,0
20447.0,21913.0,0
20444.0,21919.0,0
20454.0,21930.0,0
20460.0,21924.0,0
20463.0,21925.0,0
20447.0,21932.0,0
20454.0,21925.0,0
20452.0,21930.0,0
20454.0,21923.0,0
20445.0,21926.0,0
20449.0,21930.0,0
20447.0,21926.0,0
20456.0,21927.0,0
20458.0,21930.0,0
20463.0,21928.0,0
20455.0,21937.0,0
20466.0,21925.0,0
20455.0,21929.0,0
20469.0,21930.0,0
20456.0,21934.0,0
20457.0,21936.0,0
20456.0,21933.0,0
20467.0,21934.0,0
20455.0,21924.0,0
20453.0,21930.0,0
20451.0,21924.0,0
20453.0,21919.0,0
20447.0,21916.0,0
20450.0,21914.0,0
20449.0,21924.0,0
20453.0,21919.0,0
20446.0,21919.0,0
20446.0,21913.0,0
20452.0,21899.0,0
20445.0,21900.0,0
20439.0,21896.0,0
20443.0,21894.0,0
20443.0,21891.0,0
20441.0,21894.0,0
20455.0,21895.0,0
20445.0,21900.0,0
20445.0,21897.0,0
20446.0,21897.0,0
20446.0,21904.0,0
20453.0,21899.0,0
20451.0,21909.0,0
20446.0,21909.0,0
20444.0,21890.0,0
20455.0,21898.0,0
20458.0,21895.0,0
20450.0,21904.0,0
20444.0,21896.0,0
20455.0,21910.0,0
20461.0,21913.0,0
20455.0,21904.0,0
20452.0,21911.0,0
20458.0,21914.0,0
20459.0,21917.0,0
20459.0,21911.0,0
20457.0,21912.0,0
20454.0,21909.0,0
20458.0,21914.0,0
20449.0,21920.0,0
20460.0,21911.0,0
20464.0,21919.0,0
20469.0,21929.0,0
20467.0,21927.0,0
20470.0,21918.0,0
20458.0,21943.0,0
20464.0,21932.0,0
20459.0,21926.0,0
20478.0,21924.0,0
20463.0,21935.0,0
20462.0,21933.0,0
20463.0,21934.0,0
20478.0,21941.0,0
20461.0,21941.0,0
20475.0,21938.0,0
20472.0,21939.0,0
20479.0,21942.0,0
20474.0,21948.0,0
20481.0,21954.0,0
20480.0,21960.0,0
20494.0,21955.0,0
20480.0,21957.0,0
20483.0,21958.0,0
20493.0,21957.0,0
20485.0,21955.0,0
20493.0,21960.0,0
20489.0,21946.0,0
20488.0,21944.0,0
20476.0,21932.0,0
20484.0,21934.0,0
20477.0,21948.0,0
20484.0,21939.0,0
20472.0,21930.0,0
20487.0,21935.0,0
20480.0,21931.0,0
20480.0,21928.0,0
20480.0,21924.0,0
20478.0,21930.0,0
20488.0,21916.0,0
20487.0,21930.0,0
20492.0,21933.0,0
20491.0,21935.0,0
20487.0,21936.0,0
20487.0,21935.0,0
20492.0,21929.0,0
20498.0,21944.0,0
20489.0,21947.0,0
20494.0,21938.0,0
20500.0,21933.0,0
20486.0,21928.0,0
20487.0,21944.0,0
20488.0,21925.0,0
20495.0,21928.0,0
20495.0,21934.0,0
20489.0,21933.0,0
20485.0,21932.0,0
20496.0,21930.0,0
20499.0,21936.0,0
20507.0,21927.0,0
20481.0,21922.0,0
20492.0,21934.0,0
20491.0,21919.0,0
20495.0,21924.0,0
20493.0,21917.0,0
20501.0,21925.0,0
20497.0,21938.0,0
20497.0,21930.0,0
20487.0,21929.0,0
20487.0,21927.0,0
20494.0,21932.0,0
20510.0,21930.0,0
20504.0,21941.0,0
20503.0,21936.0,0
20507.0,21931.0,0
20512.0,21933.0,0
20505.0,21936.0,0
20494.0,21934.0,0
20511.0,21926.0,0
20512.0,21935.0,0
20494.0,21931.0,0
20461.0,21889.0,0
20404.0,21821.0,0
20403.0,21798.0,0
20404.0,21799.0,0
20419.0,21808.0,0
20428.0,21845.0,0
20445.0,21852.0,0
20450.0,21853.0,0
20444.0,21856.0,0
20462.0,21857.0,0
20471.0,21862.0,0
20468.0,21867.0,0
20471.0,21873.0,0
20481.0,21876.0,0
20484.0,21898.0,0
20500.0,21895.0,0
20502.0,21907.0,0
20513.0,21926.0,0
20511.0,21929.0,0
20529.0,21939.0,0
20523.0,21951.0,0
20525.0,21957.0,0
20529.0,21946.0,0
20527.0,21952.0,0
20532.0,21952.0,0
20524.0,21957.0,0
20525.0,21954.0,0
20524.0,21956.0,0
20533.0,21956.0,0
20532.0,21949.0,0
20523.0,21961.0,0
20529.0,21952.0,0
20530.0,21948.0,0
20499.0,21922.0,0
20472.0,21901.0,0
20445.0,21859.0,0
20418.0,21823.0,0
20374.0,21787.0,0
20349.0,21752.0,0
20341.0,21745.0,0
20333.0,21725.0,0
20325.0,21710.0,0
20308.0,21699.0,0
20296.0,21676.0,0
20288.0,21679.0,0
20261.0,21651.0,0
20252.0,21620.0,0
20241.0,21607.0,0
20228.0,21596.0,0
20220.0,21586.0,0
20198.0,21572.0,0
20195.0,21560.0,0
20198.0,21553.0,0
20184.0,21563.0,0
20193.0,21562.0,0
20190.0,21550.0,0
20178.0,21546.0,0
20166.0,21545.0,0
20168.0,21535.0,0
20173.0,21540.0,0
20176.0,21544.0,0
20191.0,21539.0,0
20184.0,21538.0,0
20183.0,21550.0,0
20197.0,21567.0,0
20193.0,21569.0,0
20197.0,21568.0,0
20203.0,21576.0,0
20194.0,21564.0,0
20200.0,21581.0,0
20216.0,21573.0,0
20208.0,21574.0,0
20197.0,21570.0,0
20186.0,21553.0,0
20177.0,21547.0,0
20182.0,21541.0,0
20179.0,21538.0,0
20188.0,21534.0,0
20194.0,21533.0,0
20181.0,21523.0,0
20179.0,21521.0,0
20170.0,21521.0,0
20171.0,21522.0,0
20177.0,21523.0,0
20186.0,21525.0,0
20169.0,21517.0,0
20171.0,21524.0,0
20173.0,21514.0,0
20168.0,21518.0,0
20173.0,21525.0,0
20172.0,21525.0,0
20166.0,21510.0,0
20190.0,21516.0,0
20178.0,21520.0,0
20194.0,21529.0,0
20200.0,21546.0,0
20211.0,21546.0,0
20217.0,21555.0,0
20218.0,21560.0,0
20227.0,21567.0,0
20231.0,21580.0,0
20242.0,21585.0,0
20255.0,21586.0,0
20268.0,21592.0,0
20278.0,21608.0,0
20283.0,21621.0,0
20286.0,21626.0,0
20298.0,21638.0,0
20298.0,21650.0,0
20293.0,21655.0,0
20305.0,21662.0,0
20301.0,21678.0,0
20315.0,21683.0,0
20325.0,21685.0,0
20329.0,21694.0,0
20327.0,21703.0,0
20332.0,21704.0,0
20344.0,21701.0,0
20349.0,21705.0,0
20349.0,21712.0,0
20335.0,21711.0,0
20341.0,21724.0,0
20354.0,21713.0,0
20348.0,21726.0,0
20360.0,21735.0,0
20367.0,21738.0,0
20375.0,21750.0,0
20381.0,21756.0,0
20373.0,21760.0,0
20384.0,21764.0,0
20396.0,21779.0,0
20380.0,21770.0,0
20385.0,21763.0,0
20370.0,21769.0,0
20374.0,21752.0,0
20383.0,21767.0,0
20381.0,21772.0,0
20381.0,21768.0,0
20384.0,21767.0,0
20382.0,21765.0,0
20378.0,21754.0,0
20345.0,21721.0,0
20335.0,21700.0,0
20311.0,21689.0,0
20323.0,21691.0,0
20325.0,21686.0,0
20328.0,21693.0,0
20330.0,21694.0,0
20325.0,21698.0,0
20323.0,21695.0,0
20330.0,21693.0,0
20330.0,21689.0,0
20326.0,21694.0,0
20330.0,21705.0,0
20327.0,21707.0,0
20342.0,21711.0,0
20349.0,21718.0,0
20355.0,21730.0,0
20364.0,21731.0,0
20377.0,21740.0,0
20387.0,21756.0,0
20397.0,21768.0,0
20400.0,21767.0,0
20409.0,21790.0,0
20420.0,21793.0,0
20436.0,21796.0,0
20438.0,21812.0,0
20451.0,21806.0,0
20459.0,21829.0,0
20461.0,21829.0,0
20474.0,21833.0,0
20468.0,21841.0,0
20469.0,21847.0,0
20471.0,21855.0,0
20476.0,21856.0,0
20487.0,21854.0,0
20480.0,21869.0,0
20488.0,21865.0,0
20498.0,21871.0,0
20500.0,21864.0,0
20492.0,21877.0,0
20492.0,21867.0,0
20482.0,21879.0,0
20501.0,21877.0,0
20487.0,21875.0,0
20490.0,21880.0,0
20493.0,21875.0,0
20488.0,21874.0,0
20486.0,21884.0,0
20485.0,21866.0,0
20480.0,21879.0,0
20486.0,21875.0,0
20488.0,21878.0,0
20490.0,21867.0,0
20489.0,21884.0,0
20491.0,21879.0,0
20491.0,21882.0,0
20493.0,21888.0,0
20495.0,21886.0,0
20496.0,21885.0,0
20486.0,21884.0,0
20492.0,21885.0,0
20487.0,21886.0,0
20481.0,21882.0,0
20493.0,21869.0,0
20489.0,21867.0,0
20486.0,21861.0,0
20480.0,21861.0,0
20478.0,21853.0,0
20480.0,21845.0,0
20473.0,21846.0,0
20473.0,21855.0,0
20475.0,21856.0,0
20484.0,21852.0,0
20474.0,21852.0,0
20477.0,21854.0,0
20471.0,21852.0,0
20479.0,21844.0,0
20472.0,21838.0,0
20472.0,21845.0,0
20474.0,21844.0,0
20484.0,21846.0,0
20473.0,21847.0,0
20485.0,21831.0,0
20479.0,21836.0,0
20473.0,21839.0,0
20474.0,21842.0,0
20466.0,21842.0,0
20469.0,21843.0,0
20477.0,21842.0,0
20481.0,21844.0,0
20474.0,21838.0,0
20467.0,21842.0,0
20478.0,21841.0,0
20477.0,21832.0,0
20482.0,21851.0,0
20475.0,21837.0,0
20473.0,21830.0,0
20473.0,21843.0,0
20470.0,21830.0,0
20471.0,21841.0,0
20463.0,21834.0,0
20461.0,21834.0,0
20475.0,21839.0,0
20466.0,21831.0,0
20473.0,21842.0,0
20464.0,21834.0,0
20469.0,21841.0,0
20468.0,21839.0,0
20468.0,21834.0,0
20476.0,21849.0,0
20471.0,21837.0,0
20475.0,21834.0,0
20469.0,21840.0,0
20463.0,21847.0,0
20464.0,21839.0,0
20457.0,21839.0,0
20465.0,21836.0,0
20464.0,21837.0,0
20468.0,21836.0,0
20466.0,21844.0,0
20468.0,21839.0,0
20465.0,21839.0,0
20459.0,21838.0,0
20469.0,21841.0,0
20474.0,21845.0,0
20471.0,21838.0,0
20463.0,21839.0,0
20458.0,21845.0,0
20455.0,21851.0,0
20469.0,21850.0,0
20460.0,21849.0,0
20457.0,21839.0,0
20452.0,21844.0,0
20462.0,21838.0,0
20463.0,21829.0,0
20449.0,21841.0,0
20465.0,21832.0,0
20451.0,21827.0,0
20450.0,21821.0,0
20452.0,21825.0,0
20453.0,21815.0,0
20447.0,21811.0,0
20453.0,21816.0,0
20452.0,21820.0,0
20446.0,21815.0,0
20458.0,21805.0,0
20445.0,21814.0,0
20446.0,21809.0,0
20438.0,21816.0,0
20448.0,21818.0,0
20450.0,21817.0,0
20448.0,21806.0,0
20448.0,21832.0,0
20442.0,21822.0,0
20447.0,21825.0,0
20454.0,21821.0,0
20451.0,21813.0,0
20445.0,21808.0,0
20442.0,21811.0,0
20449.0,21808.0,0
20454.0,21797.0,0
20445.0,21813.0,0
20450.0,21818.0,0
20439.0,21799.0,0
20453.0,21807.0,0
20453.0,21804.0,0
20455.0,21815.0,0
20436.0,21801.0,0
20447.0,21803.0,0
20441.0,21807.0,0
20435.0,21805.0,0
20431.0,21804.0,0
20447.0,21807.0,0
20442.0,21804.0,0
20439.0,21808.0,0
20435.0,21808.0,0
20437.0,21813.0,0
20432.0,21805.0,0
20435.0,21801.0,0
20433.0,21802.0,0
20426.0,21806.0,0
20437.0,21799.0,0
20426.0,21804.0,0
20426.0,21800.0,0
20422.0,21806.0,0
20428.0,21805.0,0
20438.0,21815.0,0
20420.0,21806.0,0
20426.0,21812.0,0
20434.0,21804.0,0
20422.0,21810.0,0
20429.0,21803.0,0
20428.0,21810.0,0
20414.0,21807.0,0
20420.0,21811.0,0
20418.0,21818.0,0
20418.0,21815.0,0
20423.0,21805.0,0
20424.0,21812.0,0
20412.0,21808.0,0
20412.0,21822.0,0
20421.0,21811.0,0
20417.0,21818.0,0
20418.0,21807.0,0
20420.0,21820.0,0
20414.0,21808.0,0
20421.0,21803.0,0
20418.0,21807.0,0
20414.0,21801.0,0
20409.0,21787.0,0
20404.0,21792.0,0
20394.0,21788.0,0
20403.0,21784.0,0
20397.0,21787.0,0
20409.0,21782.0,0
20398.0,21780.0,0
20399.0,21783.0,0
20400.0,21780.0,0
20407.0,21778.0,0
20401.0,21780.0,0
20396.0,21765.0,0
20395.0,21770.0,0
20389.0,21778.0,0
20393.0,21769.0,0
20398.0,21778.0,0
20398.0,21768.0,0
20405.0,21779.0,0
20395.0,21775.0,0
20392.0,21777.0,0
20398.0,21776.0,0
20407.0,21772.0,0
20394.0,21781.0,0
20399.0,21788.0,0
20395.0,21773.0,0
20403.0,21774.0,0
20398.0,21784.0,0
20401.0,21784.0,0
20396.0,21777.0,0
20403.0,21770.0,0
20395.0,21775.0,0
20400.0,21781.0,0
20401.0,21779.0,0
20388.0,21779.0,0
20390.0,21770.0,0
20391.0,21774.0,0
20396.0,21783.0,0
20389.0,21772.0,0
20396.0,21768.0,0
20393.0,21774.0,0
20393.0,21774.0,0
20389.0,21778.0,0
20397.0,21765.0,0
20390.0,21774.0,0
20380.0,21772.0,0
20395.0,21789.0,0
20396.0,21770.0,0
20383.0,21780.0,0
20389.0,21782.0,0
20392.0,21780.0,0
20398.0,21778.0,0
20391.0,21773.0,0
20381.0,21780.0,0
20390.0,21782.0,0
20401.0,21769.0,0
20384.0,21786.0,0
20398.0,21783.0,0
20392.0,21780.0,0
20391.0,21774.0,0
20394.0,21779.0,0
20396.0,21785.0,0
20389.0,21777.0,0
20399.0,21777.0,0
20393.0,21782.0,0
20391.0,21776.0,0
20390.0,21784.0,0
20396.0,21774.0,0
20391.0,21777.0,0
20390.0,21778.0,0
20393.0,21774.0,0
20395.0,21772.0,0
20379.0,21771.0,0
20382.0,21772.0,0
20393.0,21760.0,0
20382.0,21761.0,0
20379.0,21753.0,0
20372.0,21751.0,0
20374.0,21758.0,0
20374.0,21755.0,0
20374.0,21755.0,0
20377.0,21759.0,0
20382.0,21753.0,0
20382.0,21758.0,0
20384.0,21756.0,0
20378.0,21741.0,0
20377.0,21752.0,0
20368.0,21752.0,0
20377.0,21756.0,0
20371.0,21750.0,0
20374.0,21744.0,1
20373.0,21750.0,0
20378.0,21747.0,0
20365.0,21750.0,0
20375.0,21747.0,0
20377.0,21740.0,0
20363.0,21749.0,0
20378.0,21749.0,0
20369.0,21754.0,0
20373.0,21754.0,0
20373.0,21740.0,0
20360.0,21743.0,0
20370.0,21754.0,0
20366.0,21758.0,0
20366.0,21746.0,0
20363.0,21749.0,0
20373.0,21742.0,0
20371.0,21753.0,0
20375.0,21744.0,0
20371.0,21754.0,0
20367.0,21756.0,0
20385.0,21751.0,0
20370.0,21765.0,0
20366.0,21754.0,0
20379.0,21757.0,0
20376.0,21761.0,0
20376.0,21758.0,0
20368.0,21756.0,0
20380.0,21756.0,0
20370.0,21756.0,0
20376.0,21755.0,0
20370.0,21758.0,0
20375.0,21761.0,0
20368.0,21756.0,0
20383.0,21754.0,0
20388.0,21759.0,0
20373.0,21766.0,0
20381.0,21761.0,0
20381.0,21776.0,0
20382.0,21767.0,0
20382.0,21774.0,0
20373.0,21758.0,0
20384.0,21769.0,0
20383.0,21766.0,0
20383.0,21768.0,0
20383.0,21763.0,0
20387.0,21776.0,0
20387.0,21776.0,0
20385.0,21769.0,0
20385.0,21770.0,0
20388.0,21773.0,0
20383.0,21783.0,0
20387.0,21779.0,0
20383.0,21773.0,0
20380.0,21777.0,0
20381.0,21767.0,0
20385.0,21763.0,0
20370.0,21760.0,0
20374.0,21752.0,0
20371.0,21750.0,0
20376.0,21755.0,0
20384.0,21747.0,0
20372.0,21753.0,0
20375.0,21747.0,0
20374.0,21746.0,0
20379.0,21736.0,0
20366.0,21741.0,0
20380.0,21749.0,0
20373.0,21740.0,0
20383.0,21730.0,0
20381.0,21743.0,0
20374.0,21744.0,0
20388.0,21740.0,0
20377.0,21742.0,0
20386.0,21744.0,0
20377.0,21746.0,1
20370.0,21737.0,0
20375.0,21744.0,0
20376.0,21744.0,0
20369.0,21740.0,0
20376.0,21738.0,0
20376.0,21746.0,0
20369.0,21739.0,0
20364.0,21736.0,0
20369.0,21737.0,0
20368.0,21742.0,0
20370.0,21734.0,0
20372.0,21740.0,0
20374.0,21737.0,0
20363.0,21735.0,0
20361.0,21739.0,0
20354.0,21736.0,0
20360.0,21734.0,0
20371.0,21744.0,0
20364.0,21743.0,0
20359.0,21747.0,0
20362.0,21740.0,0
20357.0,21742.0,0
20363.0,21743.0,0
20374.0,21744.0,0
20359.0,21740.0,0
20366.0,21743.0,0
20371.0,21751.0,0
20366.0,21746.0,0
20359.0,21740.0,0
20375.0,21740.0,0
20361.0,21748.0,0
20368.0,21741.0,0
20361.0,21736.0,0
20353.0,21741.0,0
20374.0,21747.0,0
20357.0,21748.0,0
20364.0,21741.0,0
20361.0,21753.0,0
20374.0,21756.0,0
20364.0,21737.0,0
20358.0,21753.0,0
20357.0,21756.0,0
20361.0,21752.0,0
20363.0,21747.0,0
20342.0,21762.0,0
20353.0,21755.0,0
20353.0,21749.0,0
20353.0,21759.0,0
20359.0,21755.0,0
20357.0,21744.0,0
20357.0,21754.0,0
20367.0,21753.0,0
20364.0,21748.0,0
20358.0,21747.0,0
20360.0,21736.0,0
20342.0,21726.0,0
20344.0,21733.0,0
20354.0,21737.0,0
20353.0,21726.0,0
20344.0,21737.0,0
20343.0,21735.0,0
20339.0,21729.0,0
20346.0,21733.0,0
20349.0,21728.0,0
20342.0,21732.0,0
20346.0,21734.0,0
20348.0,21727.0,0
20347.0,21726.0,0
20341.0,21728.0,0
20342.0,21725.0,0
20349.0,21733.0,0
20351.0,21731.0,0
20341.0,21729.0,0
20348.0,21721.0,0
20352.0,21727.0,0
20346.0,21732.0,0
20344.0,21733.0,0
20339.0,21728.0,0
20336.0,21717.0,0
20341.0,21731.0,0
20344.0,21725.0,0
20349.0,21721.0,1
20337.0,21722.0,0
20336.0,21717.0,0
20343.0,21725.0,0
20343.0,21713.0,0
20340.0,21712.0,0
20335.0,21719.0,0
20333.0,21719.0,0
20331.0,21716.0,0
20336.0,21714.0,0
20333.0,21726.0,0
20337.0,21726.0,0
20335.0,21728.0,0
20336.0,21730.0,0
20332.0,21730.0,0
20331.0,21729.0,0
20331.0,21724.0,0
20338.0,21727.0,0
20327.0,21715.0,0
20331.0,21719.0,0
20326.0,21722.0,0
20323.0,21731.0,0
20327.0,21724.0,0
20333.0,21727.0,0
20339.0,21735.0,0
20327.0,21728.0,0
20323.0,21736.0,0
20330.0,21726.0,0
20315.0,21725.0,0
20336.0,21732.0,0
20320.0,21731.0,0
20320.0,21739.0,0
20332.0,21730.0,0
20327.0,21737.0,0
20330.0,21730.0,0
20328.0,21728.0,0
20329.0,21729.0,0
20325.0,21738.0,0
20330.0,21732.0,0
20331.0,21743.0,0
20333.0,21739.0,0
20325.0,21740.0,0
20326.0,21732.0,0
20323.0,21724.0,0
20327.0,21729.0,0
20323.0,21722.0,0
20317.0,21724.0,0
20321.0,21716.0,0
20322.0,21709.0,0
20321.0,21710.0,0
20326.0,21710.0,0
20324.0,21704.0,0
20321.0,21719.0,0
20323.0,21714.0,0
20321.0,21720.0,0
20327.0,21710.0,0
20326.0,21710.0,0
20321.0,21706.0,0
20330.0,21713.0,0
20331.0,21713.0,0
20319.0,21716.0,0
20321.0,21718.0,0
20331.0,21720.0,0
20326.0,21723.0,0
20320.0,21720.0,0
20324.0,21712.0,0
20318.0,21708.0,0
20330.0,21702.0,0
20316.0,21717.0,0
20323.0,21710.0,0
20325.0,21714.0,0
20325.0,21712.0,0
20325.0,21703.0,0
20328.0,21699.0,0
20331.0,21713.0,0
20322.0,21714.0,0
20319.0,21717.0,0
20328.0,21705.0,0
20320.0,21703.0,0
20323.0,21702.0,0
20320.0,21710.0,0
20333.0,21707.0,0
20328.0,21709.0,0
20325.0,21726.0,0
20317.0,21719.0,0
20334.0,21709.0,0
20322.0,21711.0,0
20320.0,21710.0,0
20319.0,21712.0,0
20315.0,21715.0,0
20309.0,21704.0,0
20328.0,21701.0,0
20322.0,21710.0,0
20326.0,21720.0,0
20328.0,21725.0,0
20329.0,21728.0,0
20328.0,21727.0,0
20322.0,21722.0,0
20327.0,21727.0,0
20316.0,21710.0,0
20323.0,21731.0,0
20319.0,21718.0,0
20328.0,21718.0,0
20327.0,21723.0,0
20327.0,21721.0,0
20322.0,21725.0,0
20320.0,21725.0,0
20319.0,21726.0,0
20319.0,21728.0,0
20324.0,21730.0,0
20332.0,21719.0,0
20315.0,21709.0,0
20316.0,21723.0,0
20315.0,21722.0,0
20321.0,21713.0,0
20307.0,21719.0,0
20321.0,21714.0,0
20318.0,21715.0,0
20318.0,21708.0,0
20326.0,21715.0,0
20324.0,21704.0,0
20323.0,21715.0,0
20323.0,21713.0,0
20327.0,21709.0,0
20317.0,21708.0,0
20315.0,21696.0,0
20320.0,21701.0,0
20315.0,21712.0,0
20323.0,21710.0,0
20317.0,21702.0,0
20325.0,21709.0,0
20321.0,21706.0,0
20313.0,21707.0,0
20312.0,21708.0,0
20310.0,21711.0,0
20313.0,21706.0,0
20311.0,21701.0,0
20322.0,21711.0,0
20316.0,21705.0,0
20312.0,21701.0,0
20323.0,21707.0,0
20315.0,21698.0,0
20321.0,21701.0,0
20323.0,21693.0,0
20306.0,21703.0,0
20314.0,21694.0,0
20314.0,21696.0,0
20314.0,21694.0,0
20308.0,21688.0,0
20315.0,21701.0,0
20311.0,21697.0,0
20309.0,21702.0,0
20315.0,21700.0,0
20309.0,21700.0,0
20317.0,21705.0,0
20321.0,21704.0,0
20318.0,21709.0,0
20317.0,21703.0,0
20312.0,21707.0,0
20316.0,21702.0,0
20317.0,21706.0,0
20318.0,21698.0,0
20315.0,21705.0,0
20312.0,21707.0,0
20319.0,21705.0,0
20324.0,21705.0,0
20324.0,21706.0,0
20325.0,21707.0,0
20321.0,21709.0,0
20321.0,21715.0,0
20323.0,21711.0,0
20317.0,21710.0,0
20316.0,21717.0,0
20326.0,21711.0,0
20321.0,21712.0,0
20324.0,21723.0,0
20320.0,21708.0,0
20324.0,21714.0,0
20322.0,21709.0,0
20325.0,21716.0,0
20318.0,21709.0,0
20327.0,21712.0,0
20317.0,21712.0,0
20312.0,21705.0,0
20314.0,21691.0,0
20302.0,21689.0,0
20309.0,21682.0,0
20309.0,21691.0,0
20307.0,21682.0,0
20321.0,21676.0,0
20313.0,21683.0,0
20314.0,21696.0,0
20324.0,21683.0,0
20315.0,21683.0,0
20317.0,21685.0,0
20306.0,21682.0,0
20313.0,21678.0,0
20311.0,21678.0,0
20307.0,21686.0,0
20307.0,21675.0,0
20312.0,21690.0,0
20306.0,21687.0,0
20311.0,21686.0,0
20317.0,21688.0,0
20301.0,21684.0,0
20312.0,21678.0,0
20305.0,21687.0,0
20307.0,21686.0,0
20303.0,21684.0,0
20300.0,21675.0,0
20305.0,21680.0,0
20307.0,21678.0,0
20310.0,21668.0,0
20305.0,21672.0,0
20299.0,21673.0,0
20308.0,21666.0,0
20302.0,21673.0,0
20296.0,21665.0,0
20296.0,21680.0,0
20300.0,21673.0,0
20298.0,21683.0,0
20302.0,21677.0,0
20299.0,21671.0,0
20294.0,21673.0,0
20296.0,21677.0,0
20299.0,21668.0,0
20301.0,21671.0,0
20293.0,21676.0,0
20300.0,21672.0,0
20311.0,21681.0,0
20307.0,21675.0,0
20298.0,21680.0,0
20308.0,21672.0,0
20304.0,21666.0,0
20288.0,21659.0,0
20288.0,21669.0,0
20295.0,21682.0,0
20299.0,21665.0,0
20292.0,21672.0,0
20291.0,21681.0,0
20298.0,21680.0,0
20302.0,21677.0,0
20289.0,21677.0,0
20305.0,21677.0,0
20293.0,21676.0,0
20290.0,21674.0,0
20301.0,21682.0,0
20297.0,21680.0,0
20291.0,21684.0,0
20290.0,21677.0,0
20292.0,21682.0,0
20281.0,21675.0,0
20294.0,21670.0,0
20288.0,21667.0,0
20284.0,21671.0,0
20287.0,21668.0,0
20295.0,21672.0,0
20280.0,21667.0,0
20284.0,21658.0,0
20284.0,21657.0,0
20292.0,21657.0,0
20279.0,21651.0,0
20284.0,21662.0,0
20275.0,21650.0,0
20281.0,21655.0,0
20273.0,21660.0,0
20280.0,21662.0,0
20281.0,21652.0,0
20274.0,21657.0,0
20280.0,21654.0,0
20282.0,21654.0,0
20274.0,21654.0,0
20270.0,21652.0,0
20278.0,21651.0,0
20282.0,21652.0,0
20279.0,21644.0,0
20281.0,21652.0,0
20276.0,21653.0,0
20278.0,21654.0,0
20291.0,21642.0,0
20270.0,21654.0,0
20282.0,21649.0,0
20261.0,21657.0,0
20278.0,21649.0,0
20276.0,21653.0,0
20265.0,21651.0,0
20269.0,21654.0,0
20276.0,21643.0,0
20272.0,21646.0,0
20275.0,21645.0,0
20265.0,21644.0,0
20261.0,21644.0,0
20263.0,21647.0,0
20264.0,21646.0,0
20266.0,21651.0,0
20261.0,21652.0,0
20261.0,21651.0,0
20265.0,21653.0,0
20260.0,21657.0,0
20265.0,21657.0,0
20260.0,21652.0,0
20262.0,21648.0,0
20267.0,21661.0,0
20260.0,21656.0,0
20252.0,21656.0,0
20264.0,21656.0,0
20264.0,21659.0,0
20267.0,21658.0,0
20271.0,21652.0,0
20274.0,21662.0,0
20267.0,21655.0,0
20268.0,21658.0,0
20259.0,21650.0,0
20271.0,21674.0,0
20260.0,21662.0,0
20259.0,21660.0,0
20265.0,21651.0,0
20263.0,21666.0,0
20271.0,21663.0,0
20269.0,21655.0,0
20265.0,21652.0,0
20276.0,21659.0,0
20266.0,21664.0,0
20272.0,21650.0,0
20271.0,21663.0,0
20267.0,21651.0,0
20261.0,21643.0,0
20270.0,21643.0,0
20256.0,21658.0,0
20263.0,21652.0,0
20268.0,21644.0,0
20265.0,21646.0,0
20261.0,21647.0,0
20267.0,21643.0,0
20264.0,21648.0,0
20259.0,21646.0,0
20254.0,21647.0,0
20268.0,21650.0,0
20264.0,21645.0,0
20270.0,21645.0,0
20262.0,21646.0,0
20266.0,21644.0,0
20260.0,21644.0,0
20264.0,21652.0,0
20260.0,21647.0,0
20268.0,21643.0,0
20267.0,21647.0,0
20271.0,21646.0,0
20254.0,21641.0,0
20269.0,21638.0,0
20254.0,21643.0,0
20263.0,21640.0,0
20251.0,21638.0,0
20272.0,21642.0,0
20262.0,21625.0,0
20260.0,21637.0,0
20257.0,21640.0,0
20253.0,21643.0,0
20258.0,21641.0,0
20257.0,21630.0,0
20249.0,21636.0,0
20259.0,21631.0,0
20263.0,21637.0,0
20255.0,21639.0,0
20262.0,21651.0,1
20258.0,21642.0,0
20265.0,21635.0,0
20258.0,21642.0,0
20252.0,21644.0,0
20263.0,21652.0,0
20257.0,21655.0,0
20266.0,21649.0,0
20258.0,21656.0,0
20262.0,21652.0,0
20268.0,21661.0,0
20263.0,21658.0,0
20260.0,21652.0,0
20271.0,21663.0,0
20259.0,21654.0,0
20271.0,21657.0,0
20267.0,21654.0,0
20263.0,21662.0,0
20269.0,21662.0,0
20269.0,21659.0,0
20272.0,21662.0,0
20271.0,21655.0,0
20267.0,21661.0,0
20266.0,21668.0,0
20277.0,21658.0,0
20274.0,21652.0,0
20268.0,21656.0,0
20278.0,21655.0,0
20270.0,21657.0,0
20273.0,21664.0,0
20271.0,21659.0,0
20271.0,21650.0,0
20275.0,21659.0,0
20273.0,21655.0,0
20274.0,21648.0,0
20262.0,21655.0,0
20273.0,21643.0,0
20261.0,21636.0,0
20266.0,21639.0,0
20257.0,21640.0,0
20266.0,21628.0,0
20264.0,21640.0,0
20257.0,21635.0,0
20262.0,21628.0,0
20262.0,21624.0,0
20260.0,21628.0,0
20256.0,21631.0,0
20247.0,21637.0,0
20259.0,21632.0,1
20257.0,21629.0,0
20270.0,21634.0,0
20249.0,21623.0,0
20255.0,21630.0,0
20261.0,21625.0,0
20262.0,21621.0,0
20260.0,21621.0,0
20254.0,21622.0,0
20251.0,21623.0,0
20261.0,21631.0,0
20253.0,21629.0,0
20245.0,21630.0,0
20252.0,21630.0,0
20245.0,21636.0,0
20237.0,21626.0,0
20243.0,21637.0,0
20251.0,21636.0,0
20256.0,21625.0,0
20254.0,21625.0,0
20247.0,21631.0,0
20250.0,21637.0,0
20247.0,21626.0,0
20249.0,21633.0,0
20257.0,21625.0,0
20247.0,21620.0,0
20251.0,21627.0,0
20251.0,21635.0,0
20260.0,21636.0,0
20252.0,21641.0,0
20254.0,21636.0,0
20253.0,21626.0,0
20253.0,21638.0,0
20249.0,21649.0,0
20268.0,21636.0,0
20257.0,21639.0,0
20258.0,21637.0,0
20258.0,21639.0,0
20255.0,21638.0,0
20257.0,21649.0,0
20262.0,21640.0,0
20256.0,21639.0,0
20261.0,21648.0,0
20263.0,21652.0,0
20262.0,21655.0,0
20254.0,21653.0,0
20259.0,21654.0,0
20260.0,21647.0,0
20257.0,21653.0,0
20260.0,21646.0,0
20258.0,21643.0,0
20260.0,21652.0,0
20249.0,21661.0,0
20250.0,21661.0,0
20264.0,21653.0,0
20265.0,21660.0,0
20267.0,21665.0,0
20268.0,21660.0,0
20258.0,21659.0,0
20260.0,21647.0,0
20261.0,21652.0,0
20257.0,21642.0,0
20258.0,21645.0,0
20258.0,21646.0,0
20253.0,21633.0,0
20257.0,21629.0,0
20255.0,21631.0,0
20243.0,21628.0,0
20253.0,21629.0,0
20251.0,21635.0,0
20262.0,21628.0,0
20257.0,21624.0,0
20251.0,21622.0,0
20242.0,21622.0,0
20251.0,21631.0,0
20251.0,21618.0,0
20252.0,21626.0,0
20239.0,21624.0,0
20242.0,21628.0,0
20249.0,21634.0,0
20249.0,21622.0,0
20248.0,21617.0,1
20249.0,21626.0,0
20244.0,21617.0,0
20243.0,21626.0,0
20238.0,21622.0,0
20246.0,21617.0,0
20240.0,21613.0,0
20240.0,21620.0,0
20246.0,21618.0,0
20250.0,21621.0,0
20246.0,21618.0,0
20238.0,21612.0,0
20245.0,21618.0,0
20250.0,21618.0,0
20242.0,21619.0,0
20246.0,21623.0,0
20245.0,21625.0,0
20245.0,21627.0,0
20245.0,21611.0,0
20245.0,21609.0,0
20239.0,21620.0,0
20239.0,21624.0,0
20250.0,21622.0,0
20244.0,21635.0,0
20239.0,21635.0,0
20240.0,21632.0,0
20245.0,21631.0,0
20232.0,21625.0,0
20242.0,21643.0,0
20239.0,21637.0,0
20247.0,21636.0,0
20243.0,21643.0,0
20244.0,21640.0,0
20257.0,21636.0,0
20242.0,21641.0,0
20244.0,21641.0,0
20235.0,21641.0,0
20246.0,21640.0,0
20244.0,21646.0,0
20246.0,21644.0,0
20245.0,21641.0,0
20244.0,21642.0,0
20248.0,21639.0,0
20238.0,21637.0,0
20254.0,21645.0,0
20243.0,21635.0,0
20243.0,21644.0,0
20241.0,21648.0,0
20236.0,21654.0,0
20252.0,21643.0,0
20244.0,21658.0,0
20243.0,21648.0,0
20247.0,21649.0,0
20247.0,21653.0,0
20243.0,21652.0,0
20245.0,21654.0,0
20249.0,21664.0,0
20247.0,21652.0,0
20252.0,21658.0,0
20248.0,21648.0,0
20249.0,21641.0,0
20235.0,21638.0,0
20246.0,21635.0,0
20255.0,21642.0,0
20241.0,21635.0,0
20241.0,21633.0,0
20257.0,21626.0,0
20249.0,21643.0,0
20244.0,21627.0,0
20241.0,21632.0,0
20235.0,21629.0,0
20242.0,21631.0,0
20244.0,21639.0,0
20243.0,21621.0,0
20251.0,21632.0,0
20254.0,21625.0,0
20252.0,21627.0,0
20247.0,21631.0,0
20239.0,21624.0,0
20249.0,21625.0,0
20237.0,21618.0,0
20245.0,21622.0,0
20243.0,21622.0,0
20252.0,21617.0,0
20245.0,21629.0,0
20246.0,21621.0,0
20240.0,21621.0,0
20247.0,21615.0,0
20245.0,21625.0,0
20242.0,21624.0,0
20234.0,21616.0,1
20242.0,21616.0,0
20253.0,21615.0,0
20237.0,21605.0,0
20236.0,21611.0,0
20235.0,21619.0,0
20237.0,21621.0,0
20244.0,21615.0,0
20242.0,21624.0,0
20252.0,21618.0,0
20240.0,21625.0,0
20247.0,21631.0,0
20245.0,21625.0,0
20229.0,21628.0,0
20243.0,21627.0,0
20242.0,21624.0,0
20245.0,21611.0,0
20243.0,21631.0,0
20233.0,21621.0,0
20244.0,21639.0,0
20256.0,21621.0,0
20244.0,21633.0,0
20256.0,21626.0,0
20245.0,21637.0,0
20238.0,21632.0,0
20245.0,21628.0,0
20249.0,21635.0,0
20246.0,21638.0,0
20251.0,21641.0,0
20257.0,21641.0,0
20254.0,21642.0,0
20250.0,21633.0,0
20252.0,21634.0,0
20266.0,21637.0,0
20259.0,21639.0,0
20252.0,21635.0,0
20252.0,21642.0,0
20255.0,21635.0,0
20242.0,21638.0,0
20253.0,21635.0,0
20260.0,21644.0,0
20255.0,21637.0,0
20251.0,21637.0,0
20262.0,21653.0,0
20254.0,21649.0,0
20256.0,21648.0,0
20259.0,21644.0,0
20245.0,21646.0,0
20245.0,21636.0,0
20240.0,21635.0,0
20250.0,21623.0,0
20232.0,21632.0,0
20245.0,21614.0,0
20247.0,21625.0,0
20236.0,21610.0,0
20246.0,21608.0,0
20239.0,21622.0,0
20236.0,21620.0,0
20234.0,21616.0,0
20227.0,21606.0,0
20230.0,21613.0,0
20239.0,21618.0,0
20239.0,21613.0,0
20245.0,21609.0,0
20239.0,21611.0,1
20237.0,21614.0,0
20240.0,21614.0,0
20239.0,21606.0,0
20231.0,21603.0,0
20235.0,21600.0,0
20240.0,21604.0,0
20235.0,21614.0,0
20230.0,21615.0,0
20224.0,21603.0,0
20232.0,21611.0,0
20237.0,21608.0,0
20234.0,21601.0,0
20235.0,21601.0,0
20241.0,21607.0,0
20231.0,21599.0,0
20231.0,21595.0,0
20233.0,21598.0,0
20238.0,21612.0,0
20227.0,21600.0,0
20214.0,21598.0,0
20222.0,21599.0,0
20226.0,21602.0,0
20228.0,21595.0,0
20236.0,21591.0,0
20231.0,21588.0,0
20225.0,21592.0,0
20220.0,21603.0,0
20227.0,21598.0,1
20228.0,21601.0,0
20220.0,21596.0,0
20225.0,21605.0,0
20229.0,21603.0,0
20226.0,21597.0,0
20227.0,21592.0,0
20227.0,21604.0,0
20216.0,21593.0,0
20226.0,21615.0,0
20226.0,21609.0,0
20225.0,21607.0,0
20219.0,21609.0,0
20227.0,21610.0,0
20226.0,21601.0,0
20234.0,21609.0,0
20218.0,21612.0,0
20230.0,21613.0,0
20223.0,21618.0,0
20223.0,21602.0,0
20220.0,21607.0,0
20225.0,21609.0,0
20221.0,21602.0,0
20219.0,21611.0,0
20224.0,21615.0,0
20225.0,21612.0,0
20224.0,21608.0,0
20223.0,21613.0,0
20219.0,21615.0,0
20220.0,21604.0,0
20216.0,21614.0,0
20229.0,21609.0,0
20225.0,21610.0,0
20231.0,21616.0,0
20223.0,21614.0,0
20222.0,21609.0,0
20221.0,21619.0,0
20217.0,21612.0,0
20216.0,21605.0,0
20218.0,21603.0,0
20218.0,21604.0,0
20216.0,21608.0,0
20215.0,21598.0,0
20225.0,21598.0,0
20212.0,21590.0,0
20217.0,21595.0,0
20212.0,21583.0,0
20204.0,21588.0,0
20216.0,21594.0,0
20209.0,21592.0,0
20215.0,21583.0,0
20205.0,21596.0,0
20207.0,21586.0,0
20206.0,21594.0,0
20209.0,21578.0,0
20213.0,21587.0,0
20207.0,21597.0,0
20208.0,21593.0,0
20211.0,21590.0,0
20202.0,21593.0,0
20205.0,21580.0,0
20208.0,21586.0,0
20213.0,21594.0,0
20208.0,21584.0,1
20200.0,21583.0,0
20207.0,21584.0,0
20201.0,21589.0,0
20198.0,21577.0,0
20203.0,21582.0,0
20203.0,21586.0,0
20195.0,21582.0,0
20203.0,21565.0,0
20203.0,21579.0,0
20202.0,21576.0,0
20189.0,21580.0,0
20202.0,21575.0,0
20205.0,21588.0,0
20201.0,21587.0,0
20204.0,21577.0,0
20191.0,21583.0,0
20205.0,21580.0,0
20202.0,21579.0,0
20200.0,21582.0,0
20195.0,21574.0,0
20197.0,21593.0,0
20197.0,21589.0,0
20195.0,21587.0,0
20201.0,21593.0,0
20205.0,21585.0,0
20195.0,21598.0,0
20201.0,21593.0,0
20201.0,21591.0,0
20201.0,21594.0,0
20204.0,21588.0,0
20201.0,21604.0,0
20202.0,21594.0,0
20202.0,21598.0,0
20199.0,21590.0,0
20208.0,21594.0,0
20198.0,21606.0,0
20210.0,21592.0,0
20208.0,21599.0,0
20209.0,21599.0,0
20205.0,21601.0,0
20204.0,21603.0,0
20207.0,21612.0,0
20203.0,21601.0,0
20197.0,21605.0,0
20200.0,21604.0,0
20205.0,21604.0,0
20198.0,21611.0,0
20210.0,21608.0,0
20208.0,21603.0,0
20196.0,21609.0,0
20195.0,21603.0,0
20195.0,21605.0,0
20209.0,21599.0,0
20210.0,21596.0,0
20204.0,21601.0,0
20202.0,21604.0,0
20198.0,21596.0,0
20199.0,21602.0,0
20191.0,21584.0,0
20193.0,21586.0,0
20195.0,21579.0,0
20192.0,21585.0,0
20191.0,21585.0,0
20191.0,21579.0,0
20199.0,21578.0,0
20201.0,21577.0,0
20190.0,21581.0,0
20189.0,21581.0,0
20193.0,21588.0,0
20189.0,21578.0,0
20179.0,21581.0,0
20188.0,21589.0,0
20188.0,21584.0,0
20194.0,21573.0,0
20189.0,21570.0,0
20192.0,21581.0,0
20182.0,21577.0,1
20189.0,21568.0,0
20191.0,21573.0,0
20191.0,21577.0,0
20187.0,21578.0,0
20194.0,21572.0,0
20191.0,21572.0,0
20181.0,21572.0,0
20187.0,21566.0,0
20196.0,21564.0,0
20184.0,21581.0,0
20182.0,21559.0,0
20182.0,21581.0,0
20179.0,21556.0,0
20195.0,21563.0,0
20196.0,21562.0,0
20190.0,21565.0,0
20188.0,21563.0,0
20188.0,21565.0,0
20188.0,21566.0,0
20194.0,21572.0,0
20187.0,21575.0,0
20190.0,21575.0,0
20188.0,21573.0,0
20185.0,21579.0,0
20189.0,21570.0,0
20189.0,21573.0,0
20181.0,21571.0,0
20187.0,21576.0,0
20183.0,21577.0,0
20194.0,21578.0,0
20196.0,21587.0,0
20194.0,21581.0,0
20195.0,21583.0,0
20195.0,21589.0,0
20194.0,21583.0,0
20192.0,21582.0,0
20200.0,21588.0,0
20189.0,21577.0,0
20189.0,21577.0,0
20189.0,21583.0,0
20193.0,21581.0,0
20194.0,21584.0,0
20198.0,21595.0,0
20182.0,21592.0,0
20187.0,21595.0,0
20187.0,21590.0,0
20190.0,21595.0,0
20195.0,21596.0,0
20196.0,21588.0,0
20202.0,21582.0,0
20201.0,21598.0,0
20194.0,21603.0,0
20191.0,21607.0,0
20184.0,21599.0,0
20198.0,21586.0,0
20188.0,21594.0,0
20197.0,21597.0,0
20194.0,21589.0,0
20182.0,21584.0,0
20189.0,21591.0,0
20197.0,21577.0,0
20180.0,21572.0,0
20180.0,21578.0,0
20187.0,21568.0,0
20186.0,21565.0,0
20183.0,21573.0,0
20185.0,21572.0,0
20176.0,21571.0,0
20175.0,21565.0,0
20180.0,21564.0,0
20181.0,21567.0,0
20167.0,21566.0,0
20171.0,21567.0,0
20174.0,21565.0,0
20182.0,21564.0,0
20176.0,21555.0,0
20172.0,21566.0,0
20172.0,21545.0,0
20169.0,21560.0,0
20168.0,21549.0,0
20167.0,21558.0,0
20177.0,21554.0,0
20155.0,21562.0,1
20172.0,21556.0,0
20166.0,21550.0,0
20178.0,21543.0,0
20166.0,21547.0,0
20168.0,21545.0,0
20164.0,21540.0,0
20165.0,21554.0,0
20169.0,21548.0,0
20165.0,21540.0,0
20167.0,21540.0,0
20170.0,21544.0,0
20166.0,21542.0,0
20168.0,21549.0,0
20167.0,21549.0,0
20166.0,21548.0,0
20153.0,21553.0,0
20164.0,21548.0,0
20161.0,21547.0,0
20158.0,21543.0,0
20156.0,21556.0,0
20162.0,21551.0,0
20169.0,21557.0,0
20178.0,21550.0,0
20167.0,21555.0,0
20170.0,21560.0,0
20170.0,21547.0,0
20166.0,21568.0,0
20169.0,21563.0,0
20168.0,21554.0,0
20176.0,21568.0,0
20174.0,21564.0,0
20180.0,21562.0,0
20177.0,21571.0,0
20181.0,21577.0,0
20173.0,21557.0,0
20179.0,21567.0,0
20182.0,21563.0,0
20178.0,21573.0,0
20179.0,21567.0,0
20180.0,21564.0,0
20176.0,21580.0,0
20182.0,21568.0,0
20187.0,21568.0,0
20181.0,21581.0,0
20180.0,21578.0,0
20176.0,21571.0,0
20177.0,21574.0,0
20173.0,21579.0,0
20182.0,21582.0,0
20180.0,21579.0,0
20184.0,21580.0,0
20176.0,21579.0,0
20174.0,21585.0,0
20176.0,21570.0,0
20178.0,21569.0,0
20170.0,21568.0,0
20180.0,21565.0,0
20175.0,21555.0,0
20167.0,21562.0,0
20173.0,21551.0,0
20165.0,21548.0,0
20163.0,21548.0,0
20162.0,21546.0,0
20161.0,21545.0,0
20157.0,21541.0,0
20162.0,21547.0,0
20153.0,21534.0,0
20153.0,21537.0,0
20152.0,21542.0,0
20147.0,21541.0,0
20149.0,21532.0,0
20143.0,21534.0,0
20155.0,21536.0,0
20151.0,21544.0,0
20159.0,21537.0,0
20149.0,21540.0,0
20152.0,21545.0,0
20151.0,21539.0,0
20157.0,21539.0,0
20158.0,21544.0,0
20168.0,21544.0,0
20157.0,21540.0,0
20158.0,21543.0,0
20156.0,21552.0,0
20155.0,21543.0,0
20150.0,21550.0,0
20148.0,21550.0,0
20153.0,21551.0,0
20166.0,21547.0,0
20162.0,21546.0,0
20146.0,21543.0,0
20146.0,21546.0,0
20146.0,21543.0,0
20144.0,21530.0,0
20148.0,21547.0,0
20143.0,21548.0,0
20145.0,21538.0,0
20149.0,21544.0,0
20148.0,21543.0,0
20149.0,21553.0,0
20153.0,21547.0,0
20156.0,21550.0,0
20149.0,21538.0,0
20146.0,21542.0,0
20146.0,21531.0,0
20149.0,21547.0,0
20154.0,21549.0,0
20151.0,21537.0,0
20151.0,21547.0,0
20137.0,21549.0,0
20143.0,21538.0,0
20145.0,21546.0,0
20143.0,21542.0,0
20139.0,21544.0,0
20135.0,21549.0,0
20142.0,21548.0,0
20133.0,21548.0,0
20149.0,21550.0,0
20151.0,21549.0,0
20151.0,21555.0,0
20138.0,21549.0,0
20142.0,21540.0,0
20138.0,21550.0,0
20139.0,21545.0,0
20142.0,21553.0,0
20153.0,21551.0,0
20143.0,21550.0,0
20143.0,21558.0,0
20140.0,21563.0,0
20145.0,21564.0,0
20137.0,21555.0,0
20128.0,21556.0,0
20136.0,21559.0,0
20147.0,21560.0,0
20147.0,21554.0,0
20157.0,21549.0,0
20135.0,21545.0,0
20132.0,21537.0,0
20133.0,21539.0,0
20128.0,21539.0,0
20116.0,21539.0,0
20133.0,21519.0,0
20129.0,21528.0,0
20124.0,21523.0,0
20122.0,21521.0,0
20137.0,21519.0,0
20125.0,21518.0,0
20115.0,21514.0,0
20118.0,21513.0,0
20115.0,21513.0,0
20123.0,21525.0,0
20127.0,21520.0,0
20124.0,21525.0,0
20115.0,21514.0,0
20114.0,21524.0,1
20116.0,21521.0,0
20122.0,21517.0,0
20118.0,21522.0,0
20119.0,21514.0,0
20114.0,21512.0,0
20118.0,21510.0,0
20119.0,21516.0,0
20120.0,21510.0,0
20119.0,21512.0,0
20110.0,21515.0,0
20120.0,21511.0,0
20120.0,21512.0,0
20109.0,21512.0,0
20122.0,21513.0,0
20113.0,21519.0,0
20118.0,21514.0,0
20115.0,21511.0,0
20108.0,21505.0,0
20106.0,21506.0,0
20107.0,21516.0,0
20109.0,21517.0,0
20109.0,21519.0,0
20112.0,21519.0,0
20114.0,21514.0,0
20122.0,21517.0,0
20110.0,21516.0,0
20116.0,21512.0,0
20110.0,21524.0,0
20111.0,21519.0,0
20116.0,21517.0,0
20112.0,21518.0,0
20101.0,21527.0,0
20111.0,21524.0,0
20115.0,21533.0,0
20122.0,21520.0,0
20110.0,21534.0,0
20118.0,21532.0,0
20117.0,21529.0,0
20112.0,21524.0,0
20116.0,21529.0,0
20126.0,21521.0,0
20120.0,21523.0,0
20123.0,21532.0,0
20124.0,21536.0,0
20127.0,21526.0,0
20126.0,21531.0,0
20126.0,21523.0,0
20120.0,21534.0,0
20123.0,21534.0,0
20128.0,21543.0,0
20127.0,21533.0,0
20120.0,21537.0,0
20115.0,21538.0,0
20130.0,21535.0,0
20127.0,21535.0,0
20129.0,21535.0,0
20126.0,21531.0,0
20121.0,21524.0,0
20119.0,21526.0,0
20123.0,21521.0,0
20120.0,21517.0,0
20109.0,21513.0,0
20113.0,21506.0,0
20116.0,21502.0,0
20125.0,21512.0,0
20118.0,21505.0,0
20118.0,21505.0,0
20109.0,21497.0,0
20100.0,21496.0,0
20107.0,21500.0,0
20108.0,21499.0,0
20103.0,21488.0,0
20112.0,21497.0,0
20105.0,21503.0,0
20107.0,21494.0,0
20103.0,21499.0,0
20111.0,21492.0,0
20103.0,21508.0,0
20098.0,21496.0,1
20103.0,21494.0,0
20100.0,21488.0,0
20101.0,21479.0,0
20107.0,21487.0,0
20095.0,21490.0,0
20096.0,21488.0,0
20092.0,21493.0,0
20092.0,21489.0,0
20094.0,21486.0,0
20095.0,21488.0,0
20084.0,21481.0,0
20099.0,21479.0,0
20095.0,21482.0,0
20095.0,21483.0,0
20089.0,21485.0,0
20096.0,21492.0,0
20094.0,21497.0,0
20093.0,21487.0,0
20097.0,21484.0,0
20103.0,21481.0,0
20095.0,21494.0,0
20095.0,21484.0,0
20093.0,21493.0,0
20100.0,21500.0,0
20094.0,21492.0,0
20101.0,21488.0,0
20099.0,21493.0,0
20099.0,21499.0,0
20093.0,21492.0,0
20090.0,21494.0,0
20093.0,21494.0,0
20097.0,21505.0,0
20106.0,21506.0,0
20107.0,21509.0,0
20105.0,21503.0,0
20103.0,21504.0,0
20106.0,21509.0,0
20104.0,21520.0,0
20111.0,21505.0,0
20102.0,21518.0,0
20105.0,21502.0,0
20110.0,21523.0,0
20105.0,21512.0,0
20101.0,21512.0,0
20103.0,21517.0,0
20105.0,21516.0,0
20104.0,21516.0,0
20106.0,21521.0,0
20105.0,21517.0,0
20111.0,21516.0,0
20117.0,21511.0,0
20110.0,21520.0,0
20116.0,21519.0,0
20112.0,21522.0,0
20110.0,21509.0,0
20112.0,21513.0,0
20097.0,21521.0,0
20109.0,21510.0,0
20109.0,21502.0,0
20109.0,21493.0,0
20095.0,21490.0,0
20100.0,21497.0,0
20093.0,21498.0,0
20105.0,21495.0,0
20091.0,21486.0,0
20100.0,21482.0,0
20092.0,21478.0,0
20099.0,21480.0,0
20099.0,21481.0,0
20101.0,21473.0,0
20099.0,21487.0,0
20093.0,21480.0,0
20089.0,21473.0,0
20092.0,21470.0,0
20090.0,21476.0,0
20092.0,21469.0,0
20084.0,21457.0,0
20088.0,21469.0,0
20096.0,21475.0,0
20093.0,21467.0,0
20087.0,21465.0,0
20087.0,21469.0,0
20084.0,21455.0,1
20077.0,21460.0,0
20090.0,21466.0,0
20085.0,21470.0,0
20085.0,21456.0,0
20080.0,21458.0,0
20080.0,21474.0,0
20083.0,21467.0,0
20089.0,21459.0,0
20085.0,21471.0,0
20082.0,21466.0,0
20079.0,21462.0,0
20078.0,21471.0,0
20076.0,21467.0,0
20079.0,21472.0,0
20080.0,21477.0,0
20083.0,21471.0,0
20085.0,21471.0,0
20084.0,21473.0,0
20081.0,21468.0,0
20081.0,21478.0,0
20078.0,21480.0,0
20089.0,21476.0,0
20089.0,21477.0,0
20095.0,21476.0,0
20090.0,21479.0,0
20091.0,21487.0,0
20095.0,21482.0,0
20082.0,21484.0,0
20095.0,21487.0,0
20090.0,21485.0,0
20096.0,21483.0,0
20095.0,21489.0,0
20091.0,21494.0,0
20093.0,21493.0,0
20093.0,21486.0,0
20090.0,21491.0,0
20100.0,21488.0,0
20098.0,21497.0,0
20092.0,21496.0,0
20102.0,21500.0,0
20092.0,21490.0,0
20092.0,21492.0,0
20096.0,21487.0,0
20093.0,21493.0,0
20087.0,21481.0,0
20098.0,21489.0,0
20082.0,21485.0,0
20101.0,21494.0,0
20094.0,21500.0,0
20105.0,21498.0,0
20104.0,21499.0,0
20094.0,21495.0,0
20089.0,21493.0,0
20093.0,21491.0,0
20086.0,21484.0,0
20089.0,21480.0,0
20086.0,21471.0,0
20093.0,21471.0,0
20081.0,21465.0,0
20077.0,21457.0,0
20081.0,21472.0,0
20074.0,21466.0,0
20071.0,21456.0,0
20080.0,21459.0,0
20076.0,21458.0,0
20068.0,21458.0,0
20072.0,21461.0,0
20061.0,21451.0,0
20063.0,21438.0,0
20053.0,21453.0,0
20059.0,21441.0,0
20052.0,21444.0,0
20050.0,21437.0,0
20052.0,21434.0,0
20059.0,21441.0,0
20044.0,21438.0,0
20050.0,21441.0,0
20045.0,21446.0,0
20041.0,21429.0,0
20029.0,21416.0,0
20033.0,21417.0,0
20025.0,21416.0,0
20024.0,21408.0,0
20035.0,21417.0,0
20046.0,21415.0,0
20042.0,21414.0,0
20036.0,21418.0,0
20040.0,21418.0,0
20044.0,21435.0,0
20041.0,21422.0,0
20046.0,21429.0,0
20030.0,21427.0,0
20026.0,21416.0,0
20036.0,21426.0,0
20036.0,21425.0,0
20035.0,21428.0,0
20029.0,21425.0,0
20041.0,21429.0,0
20037.0,21435.0,0
20035.0,21428.0,0
20035.0,21435.0,0
20036.0,21424.0,0
20027.0,21422.0,0
20034.0,21433.0,0
20037.0,21433.0,0
20030.0,21428.0,0
20039.0,21441.0,0
20043.0,21437.0,0
20032.0,21435.0,0
20038.0,21436.0,0
20035.0,21434.0,0
20032.0,21434.0,0
20035.0,21443.0,0
20038.0,21443.0,0
20039.0,21443.0,0
20027.0,21440.0,0
20039.0,21444.0,0
20031.0,21451.0,0
20037.0,21449.0,0
20040.0,21446.0,0
20038.0,21452.0,0
20038.0,21445.0,0
20037.0,21454.0,0
20021.0,21452.0,0
20041.0,21469.0,0
20042.0,21468.0,0
20047.0,21455.0,0
20051.0,21466.0,0
20057.0,21461.0,0
20047.0,21459.0,0
20046.0,21449.0,0
20035.0,21440.0,0
20028.0,21436.0,0
20032.0,21444.0,0
20028.0,21431.0,0
20023.0,21438.0,0
20030.0,21428.0,0
20035.0,21423.0,0
20022.0,21415.0,0
20022.0,21422.0,0
20016.0,21425.0,0
20011.0,21416.0,0
20023.0,21416.0,0
20031.0,21420.0,0
20015.0,21413.0,0
20016.0,21410.0,0
20016.0,21402.0,0
20014.0,21416.0,0
20017.0,21409.0,0
20018.0,21405.0,0
20014.0,21410.0,0
20021.0,21413.0,0
20015.0,21413.0,0
20012.0,21402.0,0
20017.0,21403.0,0
20010.0,21404.0,0
20005.0,21402.0,0
20010.0,21413.0,1
20002.0,21411.0,0
20014.0,21399.0,0
20014.0,21411.0,0
20012.0,21398.0,0
20019.0,21400.0,0
20015.0,21404.0,0
20008.0,21403.0,0
20008.0,21406.0,0
20018.0,21405.0,0
20001.0,21408.0,0
20000.0,21399.0,0
20011.0,21401.0,0
20009.0,21401.0,0
20014.0,21407.0,0
20010.0,21415.0,0
20013.0,21408.0,0
20009.0,21414.0,0
20015.0,21413.0,0
20007.0,21424.0,0
20017.0,21419.0,0
20013.0,21411.0,0
20017.0,21416.0,0
20013.0,21419.0,0
20022.0,21418.0,0
20016.0,21430.0,0
20030.0,21420.0,0
20029.0,21421.0,0
20019.0,21433.0,0
20021.0,21422.0,0
20025.0,21428.0,0
20026.0,21422.0,0
20022.0,21414.0,0
20027.0,21427.0,0
20022.0,21431.0,0
20028.0,21431.0,0
20036.0,21432.0,0
20028.0,21430.0,0
20019.0,21435.0,0
20031.0,21433.0,0
20023.0,21442.0,0
20022.0,21438.0,0
20027.0,21429.0,0
20013.0,21424.0,0
20015.0,21415.0,0
20013.0,21422.0,0
20011.0,21413.0,0
20013.0,21407.0,0
20012.0,21400.0,0
20015.0,21408.0,0
20012.0,21392.0,0
19999.0,21393.0,0
19998.0,21385.0,0
19994.0,21381.0,0
19993.0,21368.0,0
19987.0,21385.0,0
19996.0,21381.0,0
19995.0,21376.0,0
19991.0,21386.0,0
19989.0,21374.0,0
19989.0,21374.0,0
19978.0,21370.0,0
19971.0,21360.0,0
19983.0,21350.0,0
19972.0,21358.0,0
19990.0,21372.0,0
19983.0,21368.0,0
19985.0,21367.0,0
19982.0,21362.0,0
19988.0,21371.0,0
19989.0,21374.0,0
19984.0,21370.0,0
19985.0,21371.0,0
19979.0,21368.0,0
19975.0,21365.0,0
19972.0,21371.0,0
19980.0,21375.0,0
19977.0,21362.0,0
19977.0,21373.0,0
19971.0,21364.0,0
19976.0,21372.0,0
19976.0,21374.0,0
21421.0,21378.0,0
23101.0,21387.0,0
23094.0,21380.0,0
23099.0,21388.0,0
23099.0,21375.0,0
23100.0,21377.0,0
23099.0,21380.0,0
23100.0,21387.0,0
23105.0,21389.0,0
23095.0,21375.0,0
23107.0,21390.0,0
23107.0,21390.0,0
23104.0,21395.0,0
23104.0,21389.0,0
23106.0,21394.0,0
23110.0,21399.0,0
23099.0,21390.0,0
23108.0,21383.0,0
23117.0,21386.0,0
23108.0,21393.0,0
23111.0,21385.0,0
23112.0,21396.0,0
23104.0,21388.0,0
23106.0,21383.0,0
23100.0,21383.0,0
23092.0,21381.0,0
23090.0,21398.0,0
23093.0,21390.0,0
23093.0,21384.0,0
23092.0,21385.0,0
23101.0,21386.0,0
23098.0,21376.0,0
23101.0,21374.0,0
23072.0,21368.0,0
23078.0,21359.0,0
23078.0,21349.0,0
23073.0,21358.0,0
23085.0,21342.0,0
23070.0,21342.0,0
23066.0,21337.0,0
23071.0,21336.0,0
23057.0,21327.0,0
23065.0,21337.0,0
23055.0,21327.0,0
23047.0,21334.0,0
23052.0,21318.0,0
23051.0,21320.0,0
23052.0,21319.0,0
23053.0,21319.0,0
23060.0,21325.0,0
23046.0,21309.0,0
23044.0,21309.0,0
23044.0,21318.0,0
23040.0,21312.0,0
23046.0,21322.0,0
23045.0,21314.0,0
23044.0,21312.0,0
23041.0,21316.0,0
23054.0,21307.0,0
23050.0,21308.0,0
23049.0,21297.0,0
23046.0,21314.0,0
23037.0,21303.0,0
23048.0,21310.0,0
23043.0,21313.0,0
23044.0,21318.0,0
23053.0,21314.0,0
23047.0,21311.0,0
23039.0,21319.0,0
23048.0,21323.0,0
23039.0,21324.0,0
23046.0,21320.0,0
23048.0,21319.0,0
23052.0,21326.0,0
23044.0,21331.0,0
23052.0,21332.0,0
23059.0,21322.0,0
23056.0,21324.0,0
23048.0,21317.0,0
23054.0,21319.0,0
23047.0,21314.0,0
23051.0,21318.0,0
23060.0,21317.0,0
23054.0,21333.0,0
23062.0,21332.0,0
23062.0,21330.0,0
23056.0,21342.0,0
23059.0,21330.0,0
23057.0,21335.0,0
23061.0,21329.0,0
23059.0,21327.0,0
23058.0,21335.0,0
23066.0,21331.0,0
23059.0,21338.0,0
23067.0,21335.0,0
23065.0,21339.0,0
23067.0,21340.0,0
23076.0,21333.0,0
23070.0,21340.0,0
23066.0,21334.0,0
23063.0,21335.0,0
23072.0,21342.0,0
23077.0,21345.0,0
23074.0,21357.0,0
23068.0,21338.0,0
23068.0,21335.0,0
23067.0,21331.0,0
23055.0,21325.0,0
23048.0,21313.0,0
23056.0,21316.0,0
23052.0,21302.0,0
23055.0,21304.0,0
23048.0,21298.0,0
23046.0,21300.0,0
23044.0,21302.0,0
23031.0,21289.0,0
23037.0,21286.0,0
23040.0,21285.0,0
23039.0,21296.0,0
23046.0,21292.0,0
23033.0,21286.0,0
23040.0,21289.0,0
23037.0,21293.0,0
23023.0,21283.0,0
23028.0,21285.0,0
23022.0,21279.0,0
23018.0,21282.0,0
23029.0,21277.0,0
23026.0,21283.0,0
23031.0,21280.0,0
23025.0,21276.0,0
23022.0,21278.0,0
23037.0,21281.0,0
23029.0,21275.0,0
23039.0,21279.0,0
23035.0,21279.0,0
23033.0,21276.0,0
23030.0,21277.0,0
23029.0,21273.0,0
23017.0,21268.0,0
23016.0,21264.0,0
23027.0,21277.0,0
23023.0,21276.0,0
23024.0,21281.0,0
23024.0,21283.0,0
23027.0,21277.0,0
23022.0,21276.0,0
23028.0,21280.0,0
23013.0,21269.0,0
23014.0,21280.0,0
23030.0,21271.0,0
23020.0,21288.0,0
23010.0,21278.0,0
23017.0,21282.0,0
23020.0,21284.0,0
23015.0,21284.0,0
23021.0,21283.0,0
23023.0,21279.0,0
23027.0,21281.0,0
23018.0,21279.0,0
23019.0,21282.0,0
23025.0,21284.0,0
23020.0,21289.0,0
23027.0,21282.0,0
23026.0,21284.0,0
23020.0,21297.0,0
23027.0,21290.0,0
23033.0,21287.0,0
23019.0,21305.0,0
23034.0,21296.0,0
23023.0,21297.0,0
23015.0,21293.0,0
23017.0,21304.0,0
23029.0,21289.0,0
23038.0,21282.0,0
23027.0,21295.0,0
23034.0,21299.0,0
23041.0,21300.0,0
23026.0,21303.0,0
23035.0,21295.0,0
23030.0,21301.0,0
23037.0,21292.0,0
23032.0,21298.0,0
23029.0,21285.0,0
23021.0,21296.0,0
23026.0,21286.0,0
23018.0,21280.0,0
23011.0,21270.0,0
23008.0,21275.0,0
23014.0,21274.0,0
23009.0,21275.0,0
23008.0,21268.0,0
22997.0,21256.0,0
22998.0,21259.0,0
23012.0,21256.0,0
23004.0,21268.0,0
22999.0,21252.0,0
22991.0,21265.0,0
22990.0,21249.0,0
23000.0,21251.0,0
22994.0,21249.0,0
22981.0,21250.0,0
22979.0,21244.0,0
22984.0,21254.0,0
22979.0,21249.0,1
22987.0,21241.0,0
22992.0,21248.0,0
22993.0,21242.0,0
22993.0,21247.0,0
22982.0,21243.0,0
22987.0,21243.0,0
22992.0,21240.0,0
22982.0,21240.0,0
22984.0,21230.0,0
22984.0,21237.0,0
22975.0,21241.0,0
22992.0,21253.0,0
22986.0,21230.0,0
22992.0,21235.0,0
22970.0,21252.0,0
22979.0,21242.0,0
22982.0,21240.0,0
22980.0,21246.0,0
22974.0,21238.0,0
22981.0,21242.0,0
22973.0,21257.0,0
22971.0,21240.0,0
22975.0,21245.0,0
22984.0,21245.0,0
22976.0,21238.0,0
22976.0,21235.0,0
22986.0,21244.0,0
22983.0,21255.0,0
22991.0,21257.0,0
22990.0,21255.0,0
22993.0,21246.0,0
22986.0,21261.0,0
22985.0,21272.0,0
22992.0,21286.0,0
22998.0,21269.0,0
23011.0,21291.0,0
23012.0,21293.0,0
23020.0,21300.0,0
23009.0,21290.0,0
23018.0,21287.0,0
23013.0,21298.0,0
23013.0,21297.0,0
23021.0,21300.0,0
23025.0,21308.0,0
23036.0,21302.0,0
23036.0,21303.0,0
23027.0,21305.0,0
23028.0,21306.0,0
23034.0,21312.0,0
23025.0,21317.0,0
23018.0,21309.0,0
23041.0,21316.0,0
23029.0,21312.0,0
23038.0,21315.0,0
23039.0,21312.0,0
23046.0,21304.0,0
23028.0,21304.0,0
23032.0,21302.0,0
23040.0,21300.0,0
23047.0,21307.0,0
23037.0,21302.0,0
23036.0,21293.0,0
23035.0,21291.0,0
23031.0,21299.0,0
23045.0,21298.0,0
23046.0,21307.0,0
23044.0,21311.0,0
23034.0,21310.0,0
23041.0,21302.0,0
23033.0,21303.0,0
23032.0,21297.0,0
23031.0,21300.0,0
23026.0,21295.0,0
23020.0,21296.0,0
23028.0,21285.0,0
23031.0,21291.0,0
23028.0,21293.0,0
23034.0,21298.0,0
23025.0,21292.0,0
23025.0,21296.0,0
23031.0,21288.0,0
23023.0,21301.0,0
23018.0,21315.0,0
23027.0,21289.0,0
23003.0,21293.0,0
23018.0,21282.0,0
23010.0,21275.0,0
23021.0,21282.0,0
23009.0,21296.0,0
23014.0,21284.0,0
23020.0,21298.0,0
23018.0,21297.0,0
23016.0,21298.0,0
23017.0,21290.0,0
23019.0,21298.0,0
23030.0,21298.0,0
23018.0,21304.0,0
23022.0,21296.0,0
23028.0,21295.0,0
23023.0,21295.0,0
23028.0,21300.0,0
23041.0,21304.0,0
23032.0,21306.0,0
23037.0,21302.0,0
23040.0,21302.0,0
23039.0,21297.0,0
23030.0,21299.0,0
23033.0,21312.0,0
23034.0,21310.0,0
23032.0,21305.0,0
23047.0,21308.0,0
23036.0,21307.0,0
23051.0,21321.0,0
23038.0,21310.0,0
23040.0,21315.0,0
23041.0,21320.0,0
23049.0,21309.0,0
23040.0,21308.0,0
23055.0,21315.0,0
23036.0,21320.0,0
23051.0,21320.0,0
23037.0,21309.0,0
23045.0,21320.0,0
23037.0,21304.0,0
23051.0,21321.0,0
23036.0,21302.0,0
23029.0,21323.0,0
23026.0,21310.0,0
23036.0,21320.0,0
23036.0,21309.0,0
23031.0,21307.0,0
23029.0,21310.0,0
23032.0,21294.0,0
23035.0,21293.0,0
23025.0,21291.0,0
23026.0,21284.0,0
23024.0,21279.0,0
23015.0,21273.0,0
23018.0,21297.0,0
23008.0,21270.0,0
23013.0,21272.0,0
23011.0,21262.0,0
22996.0,21274.0,0
23004.0,21258.0,0
23002.0,21264.0,0
23002.0,21254.0,0
23000.0,21254.0,0
23007.0,21256.0,0
23008.0,21254.0,0
23005.0,21252.0,0
22997.0,21250.0,0
22998.0,21239.0,0
22991.0,21255.0,0
22992.0,21248.0,0
23003.0,21258.0,0
23005.0,21251.0,0
23001.0,21258.0,0
23009.0,21253.0,0
22997.0,21256.0,0
22998.0,21259.0,0
23000.0,21254.0,0
23000.0,21250.0,0
22999.0,21244.0,0
22990.0,21248.0,0
22998.0,21242.0,0
22996.0,21246.0,0
22996.0,21246.0,0
22983.0,21248.0,0
22977.0,21247.0,0
22981.0,21246.0,0
22970.0,21242.0,0
22970.0,21233.0,0
22956.0,21233.0,0
22950.0,21221.0,0
22961.0,21229.0,0
22966.0,21225.0,0
22974.0,21237.0,0
22963.0,21228.0,0
22963.0,21228.0,0
22966.0,21233.0,0
22965.0,21240.0,0
22979.0,21238.0,0
22967.0,21232.0,0
22967.0,21219.0,0
22972.0,21218.0,0
22961.0,21221.0,0
22955.0,21221.0,0
22960.0,21212.0,0
22971.0,21218.0,0
22972.0,21208.0,0
22961.0,21210.0,0
22952.0,21219.0,0
22944.0,21198.0,0
22945.0,21210.0,0
22940.0,21200.0,0
22927.0,21195.0,0
22934.0,21186.0,0
22929.0,21189.0,0
22915.0,21179.0,0
22913.0,21180.0,0
22906.0,21172.0,0
22902.0,21168.0,0
22902.0,21173.0,0
22904.0,21188.0,0
22900.0,21181.0,0
22908.0,21181.0,0
22916.0,21182.0,0
22912.0,21183.0,0
22920.0,21187.0,0
22931.0,21181.0,0
22930.0,21176.0,0
22933.0,21176.0,0
22940.0,21183.0,0
22933.0,21162.0,0
22948.0,21163.0,0
22943.0,21164.0,0
22934.0,21152.0,0
22941.0,21163.0,0
22940.0,21146.0,0
22940.0,21153.0,0
22940.0,21155.0,0
22945.0,21153.0,0
22937.0,21149.0,0
22937.0,21160.0,0
22932.0,21162.0,0
22943.0,21177.0,0
22930.0,21160.0,0
22937.0,21163.0,0
22937.0,21165.0,0
22937.0,21171.0,0
22928.0,21163.0,0
22923.0,21166.0,0
22923.0,21173.0,0
22911.0,21159.0,0
22917.0,21152.0,0
22908.0,21157.0,0
22924.0,21157.0,0
22903.0,21148.0,0
22904.0,21154.0,0
22901.0,21148.0,0
22920.0,21157.0,0
22917.0,21159.0,0
22906.0,21158.0,0
22913.0,21161.0,0
22907.0,21157.0,0
22900.0,21151.0,0
22900.0,21162.0,0
22903.0,21137.0,0
22890.0,21145.0,0
22894.0,21136.0,0
22898.0,21146.0,0
22901.0,21139.0,0
22901.0,21145.0,0
22903.0,21142.0,0
22912.0,21143.0,0
22897.0,21147.0,0
22906.0,21138.0,0
22898.0,21119.0,0
22894.0,21127.0,0
22899.0,21121.0,0
22894.0,21125.0,0
22898.0,21127.0,0
22909.0,21148.0,0
22911.0,21139.0,0
22905.0,21145.0,0
22904.0,21149.0,0
22899.0,21142.0,0
22901.0,21156.0,0
22908.0,21160.0,0
22903.0,21163.0,0
22910.0,21164.0,0
22905.0,21172.0,0
22902.0,21170.0,0
22908.0,21173.0,0
22910.0,21178.0,0
22899.0,21170.0,0
22895.0,21158.0,0
22886.0,21162.0,0
22883.0,21149.0,0
22880.0,21152.0,0
22892.0,21148.0,0
22876.0,21145.0,0
22881.0,21146.0,0
22884.0,21149.0,0
22879.0,21140.0,0
22884.0,21137.0,0
22882.0,21147.0,0
22876.0,21146.0,0
22882.0,21137.0,0
22881.0,21124.0,0
22865.0,21133.0,0
22875.0,21137.0,0
22873.0,21138.0,0
22874.0,21137.0,0
22869.0,21131.0,0
22868.0,21144.0,0
22884.0,21151.0,0
22886.0,21153.0,0
22884.0,21156.0,0
22883.0,21152.0,0
22880.0,21151.0,0
22871.0,21146.0,0
22869.0,21144.0,0
22870.0,21148.0,0
22874.0,21148.0,0
22860.0,21146.0,0
22868.0,21155.0,0
22871.0,21152.0,0
22871.0,21149.0,0
22885.0,21161.0,0
22876.0,21151.0,0
22875.0,21151.0,0
22872.0,21152.0,0
22871.0,21157.0,0
22872.0,21156.0,0
22877.0,21145.0,0
22875.0,21163.0,0
22865.0,21159.0,0
22872.0,21152.0,0
22879.0,21155.0,0
22871.0,21157.0,0
22871.0,21158.0,0
22869.0,21156.0,0
22870.0,21159.0,0
22869.0,21155.0,0
22873.0,21163.0,0
22876.0,21175.0,0
22863.0,21166.0,0
22874.0,21171.0,0
22876.0,21169.0,0
22876.0,21172.0,0
22871.0,21174.0,0
22879.0,21177.0,0
22884.0,21175.0,0
22871.0,21182.0,0
22874.0,21174.0,0
22880.0,21187.0,0
22873.0,21173.0,0
22877.0,21162.0,0
22872.0,21173.0,0
22882.0,21163.0,0
22878.0,21161.0,0
22878.0,21161.0,0
22882.0,21161.0,0
22873.0,21155.0,0
22877.0,21159.0,0
22873.0,21160.0,0
22873.0,21154.0,0
22863.0,21158.0,0
22871.0,21152.0,0
22867.0,21157.0,0
22873.0,21150.0,0
22867.0,21156.0,0
22864.0,21147.0,0
22863.0,21147.0,0
22871.0,21146.0,0
22869.0,21156.0,0
22865.0,21158.0,0
22860.0,21152.0,0
22876.0,21150.0,0
22873.0,21155.0,0
22870.0,21143.0,0
22860.0,21144.0,0
22866.0,21149.0,0
22869.0,21147.0,0
22866.0,21143.0,0
22858.0,21148.0,0
22873.0,21148.0,0
22859.0,21145.0,0
22859.0,21150.0,0
22861.0,21141.0,0
22865.0,21140.0,0
22860.0,21146.0,0
22860.0,21136.0,0
22864.0,21142.0,0
22862.0,21137.0,0
22857.0,21144.0,0
22858.0,21138.0,0
22848.0,21155.0,0
22859.0,21143.0,0
22849.0,21143.0,0
22847.0,21137.0,0
22854.0,21144.0,0
22852.0,21144.0,0
22844.0,21134.0,0
22843.0,21137.0,0
22848.0,21137.0,0
22839.0,21128.0,0
22829.0,21125.0,0
22828.0,21124.0,0
22823.0,21123.0,0
22838.0,21128.0,0
22829.0,21120.0,0
22827.0,21111.0,0
22824.0,21105.0,0
22814.0,21101.0,0
22799.0,21090.0,0
22801.0,21096.0,0
22798.0,21079.0,0
22800.0,21073.0,0
22791.0,21074.0,0
22784.0,21072.0,0
22779.0,21063.0,0
22776.0,21061.0,0
22780.0,21063.0,0
22785.0,21066.0,0
22783.0,21069.0,0
22780.0,21067.0,0
22780.0,21059.0,0
22782.0,21062.0,0
22772.0,21059.0,0
22774.0,21060.0,0
22772.0,21053.0,0
22778.0,21062.0,0
22769.0,21056.0,0
22782.0,21059.0,0
22776.0,21054.0,0
22789.0,21062.0,0
22778.0,21059.0,0
22785.0,21058.0,0
22787.0,21067.0,0
22780.0,21065.0,0
22785.0,21074.0,0
22805.0,21076.0,0
22798.0,21071.0,0
22790.0,21060.0,0
22788.0,21077.0,0
22793.0,21073.0,0
22799.0,21069.0,0
22803.0,21072.0,0
22801.0,21089.0,0
22802.0,21081.0,0
22797.0,21087.0,0
22805.0,21088.0,0
22809.0,21087.0,0
22812.0,21096.0,0
22810.0,21093.0,0
22809.0,21100.0,0
22814.0,21100.0,0
22811.0,21104.0,0
22804.0,21102.0,0
22826.0,21102.0,0
22817.0,21097.0,0
22817.0,21105.0,0
22816.0,21110.0,0
22814.0,21102.0,0
22815.0,21118.0,0
22827.0,21118.0,0
22821.0,21128.0,0
22825.0,21124.0,0
22830.0,21128.0,0
22839.0,21137.0,0
22828.0,21134.0,0
22837.0,21129.0,0
22833.0,21126.0,0
22825.0,21126.0,0
22837.0,21125.0,0
22830.0,21113.0,0
22826.0,21113.0,0
22818.0,21109.0,0
22815.0,21103.0,0
22813.0,21102.0,0
22806.0,21100.0,0
22803.0,21085.0,0
22803.0,21085.0,0
22795.0,21083.0,0
22807.0,21080.0,0
22803.0,21086.0,0
22806.0,21084.0,0
22796.0,21081.0,0
22805.0,21087.0,0
22797.0,21085.0,0
22782.0,21080.0,0
22796.0,21091.0,0
22783.0,21079.0,0
22793.0,21076.0,0
22799.0,21071.0,0
22794.0,21076.0,0
22804.0,21075.0,0
22793.0,21084.0,0
22789.0,21075.0,0
22801.0,21083.0,0
22793.0,21066.0,0
22796.0,21085.0,0
22799.0,21073.0,0
22794.0,21073.0,0
22800.0,21076.0,0
22794.0,21074.0,0
22794.0,21086.0,0
22798.0,21078.0,0
22801.0,21081.0,0
22793.0,21090.0,0
22801.0,21094.0,0
22794.0,21090.0,0
22815.0,21093.0,0
22807.0,21097.0,0
22808.0,21096.0,0
22809.0,21100.0,0
22801.0,21097.0,0
22811.0,21097.0,0
22801.0,21099.0,0
22810.0,21103.0,0
22813.0,21102.0,0
22811.0,21104.0,0
22819.0,21114.0,0
22812.0,21106.0,0
22822.0,21111.0,0
22819.0,21109.0,0
22826.0,21116.0,0
22824.0,21111.0,0
22818.0,21115.0,0
22820.0,21117.0,0
22815.0,21122.0,0
22836.0,21127.0,0
22824.0,21120.0,0
22839.0,21118.0,0
22840.0,21113.0,0
22831.0,21120.0,0
22827.0,21103.0,0
22825.0,21103.0,0
22825.0,21100.0,0
22811.0,21101.0,0
22813.0,21096.0,0
22816.0,21106.0,0
22817.0,21092.0,0
22817.0,21090.0,0
22814.0,21098.0,0
22816.0,21090.0,0
22812.0,21082.0,0
22803.0,21079.0,0
22810.0,21076.0,0
22808.0,21085.0,0
22805.0,21086.0,0
22810.0,21082.0,0
22816.0,21089.0,0
22814.0,21082.0,0
22811.0,21082.0,0
22809.0,21087.0,0
22798.0,21083.0,0
22810.0,21084.0,0
22802.0,21087.0,0
22812.0,21083.0,0
22805.0,21088.0,0
22807.0,21084.0,1
22811.0,21089.0,0
22807.0,21089.0,0
22814.0,21085.0,0
22808.0,21087.0,0
22817.0,21088.0,0
22805.0,21093.0,0
22822.0,21096.0,0
22815.0,21093.0,0
22822.0,21092.0,0
22823.0,21105.0,0
22823.0,21102.0,0
22826.0,21088.0,0
22816.0,21103.0,0
22819.0,21102.0,0
22825.0,21106.0,0
22808.0,21101.0,0
22819.0,21111.0,0
22829.0,21110.0,0
22827.0,21110.0,0
22836.0,21117.0,0
22838.0,21120.0,0
22843.0,21129.0,0
22835.0,21120.0,0
22841.0,21123.0,0
22840.0,21122.0,0
22832.0,21128.0,0
22841.0,21132.0,0
22830.0,21126.0,0
22828.0,21121.0,0
22843.0,21115.0,0
22840.0,21125.0,0
22837.0,21131.0,0
22848.0,21137.0,0
22854.0,21137.0,0
22845.0,21141.0,0
22854.0,21149.0,0
22848.0,21146.0,0
22845.0,21145.0,0
22856.0,21138.0,0
22849.0,21150.0,0
22847.0,21134.0,0
22850.0,21136.0,0
22843.0,21135.0,0
22855.0,21127.0,0
22848.0,21135.0,0
22846.0,21126.0,0
22847.0,21140.0,0
22851.0,21127.0,0
22841.0,21124.0,0
22850.0,21126.0,0
22839.0,21117.0,0
22839.0,21117.0,0
22847.0,21119.0,0
22845.0,21110.0,0
22847.0,21117.0,0
22838.0,21118.0,0
22841.0,21113.0,0
22845.0,21118.0,0
22836.0,21112.0,0
22844.0,21111.0,0
22841.0,21125.0,0
22859.0,21123.0,0
22845.0,21125.0,0
22851.0,21125.0,0
22852.0,21117.0,0
22842.0,21124.0,1
22840.0,21116.0,0
22853.0,21115.0,0
22849.0,21123.0,0
22854.0,21114.0,0
22846.0,21125.0,0
22843.0,21110.0,0
22847.0,21115.0,0
22845.0,21131.0,0
22846.0,21118.0,0
22847.0,21120.0,0
22845.0,21127.0,0
22852.0,21137.0,0
22849.0,21127.0,0
22846.0,21128.0,0
22850.0,21127.0,0
22849.0,21130.0,0
22846.0,21128.0,0
22852.0,21128.0,0
22848.0,21130.0,0
22854.0,21130.0,0
22857.0,21136.0,0
22851.0,21138.0,0
22848.0,21134.0,0
22850.0,21133.0,0
22850.0,21132.0,0
22859.0,21139.0,0
22852.0,21139.0,0
22860.0,21150.0,0
22843.0,21138.0,0
22855.0,21142.0,0
22857.0,21152.0,0
22863.0,21155.0,0
22861.0,21158.0,0
22852.0,21149.0,0
22868.0,21161.0,0
22865.0,21159.0,0
22865.0,21156.0,0
22869.0,21145.0,0
22863.0,21157.0,0
22862.0,21149.0,0
22868.0,21164.0,0
22871.0,21162.0,0
22873.0,21154.0,0
22870.0,21161.0,0
22866.0,21163.0,0
22860.0,21159.0,0
22867.0,21161.0,0
22866.0,21158.0,0
22870.0,21180.0,0
22881.0,21177.0,0
22875.0,21175.0,0
22874.0,21167.0,0
22870.0,21167.0,0
22863.0,21165.0,0
22854.0,21160.0,0
22869.0,21154.0,0
22854.0,21149.0,0
22860.0,21152.0,0
22860.0,21143.0,0
22871.0,21144.0,0
22863.0,21145.0,0
22861.0,21130.0,0
22868.0,21139.0,0
22869.0,21133.0,0
22852.0,21140.0,0
22861.0,21132.0,0
22848.0,21130.0,0
22858.0,21125.0,0
22854.0,21137.0,0
22851.0,21139.0,0
22859.0,21130.0,0
22859.0,21135.0,0
22853.0,21141.0,1
22850.0,21128.0,0
22859.0,21120.0,0
22855.0,21134.0,0
22853.0,21135.0,0
22852.0,21133.0,0
22859.0,21133.0,0
22855.0,21141.0,0
22863.0,21126.0,0
22852.0,21128.0,0
22857.0,21132.0,0
22855.0,21134.0,0
22857.0,21131.0,0
22864.0,21128.0,0
22854.0,21147.0,0
22859.0,21139.0,0
22861.0,21134.0,0
22859.0,21147.0,0
22856.0,21146.0,0
22858.0,21138.0,0
22857.0,21136.0,0
22856.0,21153.0,0
22857.0,21146.0,0
22873.0,21149.0,0
22858.0,21155.0,0
22856.0,21156.0,0
22855.0,21153.0,0
22853.0,21154.0,0
22849.0,21157.0,0
22860.0,21156.0,0
22862.0,21158.0,0
22858.0,21153.0,0
22856.0,21159.0,0
22866.0,21156.0,0
22874.0,21166.0,0
22867.0,21168.0,0
22869.0,21176.0,0
22875.0,21170.0,0
22868.0,21173.0,0
22867.0,21176.0,0
22875.0,21165.0,0
22883.0,21169.0,0
22878.0,21163.0,0
22883.0,21171.0,0
22878.0,21173.0,0
22883.0,21172.0,0
22887.0,21171.0,0
22893.0,21181.0,0
22884.0,21188.0,0
22882.0,21193.0,0
22875.0,21189.0,0
22881.0,21191.0,0
22886.0,21192.0,0
22885.0,21197.0,0
22884.0,21196.0,0
22894.0,21200.0,0
22880.0,21195.0,0
22889.0,21199.0,0
22887.0,21199.0,0
22892.0,21196.0,0
22895.0,21208.0,0
22897.0,21192.0,0
22899.0,21207.0,0
22893.0,21209.0,0
22896.0,21206.0,0
22895.0,21207.0,0
22890.0,21211.0,0
22883.0,21192.0,0
22891.0,21194.0,0
22890.0,21192.0,0
22894.0,21189.0,0
22882.0,21183.0,0
22891.0,21184.0,0
22889.0,21178.0,0
22883.0,21194.0,0
22900.0,21181.0,0
22886.0,21191.0,0
22890.0,21186.0,0
22902.0,21175.0,0
22894.0,21199.0,0
22891.0,21191.0,0
22884.0,21182.0,0
22895.0,21192.0,0
22888.0,21183.0,0
22878.0,21183.0,0
22892.0,21193.0,0
22897.0,21182.0,1
22897.0,21189.0,0
22894.0,21185.0,0
22894.0,21181.0,0
22894.0,21196.0,0
22892.0,21194.0,0
22897.0,21189.0,0
22901.0,21193.0,0
22893.0,21184.0,0
22883.0,21185.0,0
22884.0,21183.0,0
22893.0,21180.0,0
22887.0,21181.0,0
22882.0,21177.0,0
22895.0,21181.0,0
22893.0,21189.0,0
22890.0,21185.0,0
22889.0,21189.0,0
22892.0,21197.0,0
22891.0,21196.0,0
22908.0,21201.0,0
22909.0,21199.0,0
22904.0,21207.0,0
22907.0,21201.0,0
22910.0,21206.0,0
22914.0,21208.0,0
22900.0,21205.0,0
22910.0,21209.0,0
22909.0,21203.0,0
22919.0,21207.0,0
22908.0,21218.0,0
22915.0,21221.0,0
22923.0,21219.0,0
22914.0,21226.0,0
22923.0,21220.0,0
22932.0,21217.0,0
22933.0,21232.0,0
22930.0,21230.0,0
22926.0,21231.0,0
22930.0,21226.0,0
22929.0,21240.0,0
22928.0,21237.0,0
22925.0,21256.0,0
22937.0,21250.0,0
22928.0,21241.0,0
22920.0,21235.0,0
22925.0,21238.0,0
22924.0,21245.0,0
22925.0,21245.0,0
22922.0,21237.0,0
22921.0,21237.0,0
22927.0,21242.0,0
22925.0,21250.0,0
22933.0,21248.0,0
22923.0,21250.0,0
22928.0,21249.0,0
22933.0,21255.0,0
22946.0,21255.0,0
22935.0,21253.0,0
22940.0,21255.0,0
22938.0,21258.0,0
22926.0,21256.0,0
22924.0,21266.0,0
22937.0,21263.0,0
22931.0,21259.0,0
22942.0,21254.0,0
22931.0,21253.0,0
22944.0,21253.0,0
22938.0,21245.0,0
22927.0,21254.0,0
22925.0,21234.0,0
22931.0,21237.0,0
22922.0,21235.0,0
22929.0,21238.0,0
22929.0,21238.0,0
22932.0,21224.0,0
22926.0,21233.0,0
22921.0,21229.0,0
22924.0,21234.0,0
22914.0,21235.0,0
22931.0,21231.0,0
22930.0,21233.0,0
22931.0,21223.0,0
22932.0,21229.0,0
22923.0,21235.0,0
22929.0,21235.0,0
22928.0,21235.0,0
22927.0,21223.0,0
22930.0,21229.0,0
22922.0,21231.0,0
22923.0,21232.0,0
22926.0,21235.0,0
22916.0,21223.0,0
22925.0,21230.0,0
22927.0,21230.0,0
22925.0,21228.0,0
22925.0,21230.0,0
22922.0,21232.0,0
22925.0,21231.0,0
22933.0,21222.0,0
22934.0,21230.0,0
22930.0,21221.0,0
22927.0,21242.0,0
22928.0,21232.0,0
22924.0,21235.0,0
22932.0,21237.0,0
22924.0,21239.0,0
22936.0,21239.0,0
22934.0,21242.0,0
22931.0,21245.0,0
22922.0,21246.0,0
22938.0,21248.0,0
22929.0,21240.0,0
22933.0,21254.0,0
22925.0,21249.0,0
22928.0,21239.0,0
22937.0,21251.0,0
22940.0,21245.0,0
22937.0,21254.0,0
22936.0,21258.0,0
22937.0,21239.0,0
22935.0,21260.0,0
22949.0,21257.0,0
22932.0,21258.0,0
22944.0,21252.0,0
22946.0,21262.0,0
22953.0,21265.0,0
22951.0,21268.0,0
22950.0,21273.0,0
22953.0,21264.0,0
22956.0,21270.0,0
22950.0,21275.0,0
22949.0,21267.0,0
22959.0,21275.0,0
22970.0,21277.0,0
22966.0,21273.0,0
22956.0,21272.0,0
22959.0,21286.0,0
22960.0,21278.0,0
22963.0,21281.0,0
22960.0,21280.0,0
22961.0,21287.0,0
22956.0,21288.0,0
22948.0,21297.0,0
22961.0,21293.0,0
22957.0,21284.0,0
22966.0,21296.0,0
22958.0,21299.0,0
22954.0,21295.0,0
22960.0,21299.0,0
22956.0,21289.0,0
22969.0,21283.0,0
22956.0,21278.0,0
22959.0,21281.0,0
22943.0,21277.0,0
22947.0,21269.0,0
22954.0,21265.0,0
22949.0,21271.0,0
22951.0,21266.0,0
22942.0,21259.0,0
22953.0,21261.0,0
22950.0,21268.0,0
22941.0,21265.0,0
22942.0,21271.0,0
22948.0,21269.0,0
22954.0,21270.0,0
22954.0,21266.0,0
22940.0,21261.0,1
22947.0,21262.0,0
22951.0,21260.0,0
22945.0,21264.0,0
22948.0,21265.0,0
22955.0,21263.0,0
22947.0,21259.0,0
22934.0,21263.0,0
22945.0,21264.0,0
22949.0,21260.0,0
22952.0,21268.0,0
22942.0,21269.0,0
22949.0,21259.0,0
22940.0,21251.0,0
22953.0,21264.0,0
22947.0,21277.0,0
22951.0,21259.0,0
22952.0,21276.0,0
22946.0,21275.0,0
22941.0,21264.0,0
22939.0,21255.0,0
22945.0,21268.0,0
22948.0,21261.0,1
22956.0,21265.0,0
22953.0,21266.0,0
22950.0,21266.0,0
22963.0,21274.0,0
22958.0,21283.0,0
22959.0,21281.0,0
22959.0,21281.0,0
22962.0,21283.0,0
22945.0,21281.0,0
22948.0,21280.0,0
22954.0,21280.0,0
22950.0,21280.0,0
22946.0,21285.0,0
22952.0,21299.0,0
22960.0,21283.0,0
22955.0,21291.0,0
22960.0,21285.0,0
22962.0,21294.0,0
22960.0,21290.0,0
22946.0,21295.0,0
22960.0,21303.0,0
22963.0,21287.0,0
22959.0,21305.0,0
22957.0,21299.0,0
22973.0,21300.0,0
22959.0,21298.0,0
22962.0,21293.0,0
22965.0,21304.0,0
22963.0,21305.0,0
22962.0,21303.0,0
22955.0,21314.0,0
22963.0,21308.0,0
22972.0,21310.0,0
22983.0,21312.0,0
22968.0,21314.0,0
22973.0,21318.0,0
22967.0,21320.0,0
22979.0,21321.0,0
22982.0,21323.0,0
22972.0,21318.0,0
22974.0,21305.0,0
22981.0,21324.0,0
22977.0,21319.0,0
22969.0,21324.0,0
22976.0,21319.0,0
22969.0,21336.0,0
22980.0,21315.0,0
22980.0,21317.0,0
22978.0,21309.0,0
22985.0,21313.0,0
22967.0,21310.0,0
22960.0,21305.0,0
22958.0,21297.0,0
22965.0,21293.0,0
22962.0,21298.0,0
22967.0,21297.0,0
22960.0,21303.0,0
22968.0,21294.0,0
22966.0,21303.0,0
22966.0,21293.0,0
22961.0,21289.0,0
22977.0,21293.0,0
22960.0,21289.0,0
22961.0,21291.0,0
22981.0,21291.0,0
22963.0,21296.0,1
22963.0,21296.0,0
22960.0,21294.0,0
22952.0,21305.0,0
22947.0,21300.0,0
22957.0,21294.0,0
22952.0,21292.0,0
22949.0,21298.0,0
22960.0,21308.0,0
22962.0,21299.0,0
22958.0,21290.0,0
22956.0,21299.0,0
22960.0,21292.0,0
22960.0,21289.0,0
22962.0,21295.0,0
22968.0,21292.0,0
22967.0,21289.0,0
22960.0,21293.0,0
22963.0,21290.0,0
22960.0,21285.0,0
22957.0,21291.0,0
22952.0,21296.0,0
22966.0,21294.0,0
22956.0,21298.0,0
22955.0,21297.0,0
22948.0,21300.0,0
22958.0,21295.0,0
22952.0,21303.0,0
22961.0,21293.0,0
22956.0,21299.0,0
22953.0,21301.0,0
22955.0,21306.0,0
22956.0,21312.0,0
22963.0,21308.0,0
22959.0,21312.0,0
22964.0,21316.0,0
22959.0,21318.0,0
22967.0,21316.0,0
22957.0,21312.0,0
22951.0,21321.0,0
22965.0,21310.0,0
22967.0,21316.0,0
22971.0,21312.0,0
22957.0,21319.0,0
22959.0,21316.0,0
22968.0,21320.0,0
22970.0,21322.0,0
22975.0,21321.0,0
22978.0,21322.0,0
22966.0,21321.0,0
22975.0,21319.0,0
22977.0,21323.0,0
22979.0,21329.0,0
22986.0,21313.0,0
22986.0,21323.0,0
22978.0,21325.0,0
22983.0,21329.0,0
22982.0,21334.0,0
22977.0,21329.0,0
22967.0,21334.0,0
22973.0,21341.0,0
22972.0,21335.0,0
22977.0,21338.0,0
22972.0,21334.0,0
22978.0,21333.0,0
22971.0,21338.0,0
22965.0,21336.0,0
22969.0,21328.0,0
22961.0,21325.0,0
22957.0,21325.0,0
22964.0,21319.0,0
22963.0,21322.0,0
22970.0,21312.0,0
22975.0,21306.0,0
22969.0,21306.0,0
22967.0,21309.0,0
22965.0,21313.0,0
22962.0,21303.0,0
22959.0,21304.0,0
22962.0,21317.0,0
22966.0,21312.0,0
22971.0,21305.0,0
22963.0,21312.0,0
22955.0,21303.0,0
22968.0,21308.0,1
22963.0,21310.0,0
22968.0,21322.0,0
22972.0,21299.0,0
22964.0,21308.0,0
22969.0,21311.0,0
22964.0,21308.0,0
22975.0,21306.0,0
22973.0,21300.0,0
22964.0,21297.0,0
22963.0,21301.0,0
22964.0,21317.0,0
22961.0,21314.0,0
22962.0,21295.0,0
22956.0,21310.0,0
22952.0,21299.0,0
22959.0,21306.0,0
22960.0,21294.0,0
22957.0,21300.0,0
22963.0,21299.0,0
22965.0,21302.0,0
22967.0,21306.0,0
22964.0,21298.0,0
22969.0,21300.0,0
22960.0,21310.0,0
22955.0,21313.0,0
22963.0,21314.0,0
22963.0,21296.0,0
22971.0,21307.0,0
22967.0,21316.0,0
22965.0,21319.0,0
22964.0,21316.0,0
22970.0,21307.0,0
22971.0,21306.0,0
22962.0,21320.0,0
22963.0,21320.0,0
22956.0,21327.0,0
22955.0,21320.0,0
22955.0,21320.0,0
22966.0,21323.0,0
22967.0,21319.0,0
22961.0,21327.0,0
22961.0,21317.0,0
22968.0,21316.0,0
22957.0,21315.0,0
22975.0,21322.0,0
22978.0,21331.0,0
22973.0,21327.0,0
22969.0,21327.0,0
22974.0,21333.0,0
22967.0,21337.0,0
22976.0,21326.0,0
22976.0,21331.0,0
22968.0,21331.0,0
22979.0,21329.0,0
22982.0,21322.0,0
22971.0,21338.0,0
22980.0,21337.0,0
22967.0,21348.0,0
22988.0,21343.0,0
22980.0,21339.0,0
22986.0,21340.0,0
22974.0,21342.0,0
22967.0,21332.0,0
22985.0,21324.0,0
22971.0,21326.0,0
22966.0,21310.0,0
22977.0,21308.0,0
22960.0,21308.0,0
22976.0,21312.0,0
22968.0,21312.0,0
22968.0,21316.0,0
22962.0,21308.0,0
22978.0,21304.0,0
22965.0,21306.0,0
22965.0,21308.0,0
22955.0,21307.0,0
22961.0,21306.0,0
22961.0,21313.0,0
22968.0,21316.0,0
22969.0,21314.0,0
22963.0,21317.0,0
22966.0,21302.0,1
22959.0,21305.0,0
22961.0,21315.0,0
22956.0,21319.0,0
22954.0,21319.0,0
22958.0,21310.0,0
22954.0,21308.0,0
22964.0,21319.0,0
22952.0,21308.0,0
22966.0,21306.0,0
22962.0,21311.0,0
22973.0,21307.0,0
22953.0,21305.0,0
22965.0,21301.0,0
22959.0,21310.0,0
22964.0,21306.0,0
22956.0,21310.0,0
22970.0,21310.0,0
22961.0,21303.0,0
22970.0,21311.0,0
22959.0,21305.0,1
22969.0,21322.0,0
22969.0,21315.0,0
22970.0,21320.0,0
22969.0,21323.0,0
22966.0,21323.0,0
22962.0,21307.0,0
22959.0,21327.0,0
22964.0,21317.0,0
22962.0,21317.0,0
22962.0,21318.0,0
22971.0,21309.0,0
22967.0,21313.0,0
22969.0,21311.0,0
22962.0,21311.0,0
22967.0,21323.0,0
22964.0,21320.0,0
22973.0,21317.0,0
22968.0,21320.0,0
22963.0,21317.0,0
22965.0,21320.0,0
22971.0,21319.0,0
22978.0,21317.0,0
22965.0,21322.0,0
22971.0,21326.0,0
22964.0,21321.0,0
22972.0,21326.0,0
22968.0,21329.0,0
22969.0,21326.0,0
22970.0,21322.0,0
22970.0,21324.0,0
22963.0,21326.0,0
22972.0,21326.0,0
22960.0,21336.0,0
22967.0,21343.0,0
22968.0,21337.0,0
22977.0,21340.0,0
22972.0,21342.0,0
22975.0,21343.0,0
22970.0,21339.0,0
22970.0,21332.0,0
22962.0,21332.0,0
22974.0,21327.0,0
22965.0,21322.0,0
22965.0,21313.0,0
22958.0,21308.0,0
22960.0,21311.0,0
22968.0,21312.0,0
22960.0,21295.0,0
22957.0,21308.0,0
22954.0,21301.0,0
22960.0,21304.0,0
22964.0,21299.0,0
22957.0,21300.0,0
22955.0,21299.0,0
22950.0,21302.0,0
22955.0,21307.0,0
22948.0,21303.0,0
22955.0,21303.0,0
22957.0,21312.0,0
22954.0,21306.0,1
22950.0,21307.0,0
22957.0,21306.0,0
22948.0,21307.0,0
22952.0,21311.0,0
22955.0,21306.0,0
22956.0,21307.0,0
22948.0,21299.0,0
22944.0,21290.0,0
22947.0,21308.0,0
22950.0,21303.0,0
22947.0,21293.0,0
22944.0,21301.0,0
22953.0,21294.0,0
22951.0,21297.0,0
22947.0,21300.0,0
22944.0,21301.0,0
22942.0,21294.0,0
22942.0,21295.0,0
22938.0,21299.0,0
22947.0,21305.0,0
22942.0,21302.0,0
22940.0,21300.0,0
22931.0,21304.0,0
22948.0,21301.0,0
22955.0,21308.0,0
22951.0,21300.0,0
22942.0,21312.0,0
22938.0,21307.0,0
22946.0,21319.0,0
22950.0,21302.0,0
22944.0,21311.0,0
22943.0,21316.0,0
22934.0,21306.0,0
22945.0,21304.0,0
22948.0,21311.0,0
22944.0,21317.0,0
22950.0,21315.0,0
22956.0,21318.0,0
22955.0,21314.0,0
22957.0,21312.0,0
22951.0,21315.0,0
22950.0,21316.0,0
22947.0,21316.0,0
22947.0,21316.0,0
22954.0,21313.0,0
22942.0,21321.0,0
22950.0,21320.0,0
22950.0,21324.0,0
22950.0,21330.0,0
22950.0,21321.0,0
22954.0,21317.0,0
22951.0,21324.0,0
22947.0,21328.0,0
22958.0,21325.0,0
22950.0,21315.0,0
22955.0,21322.0,0
22948.0,21320.0,0
22945.0,21324.0,0
22950.0,21323.0,0
22942.0,21310.0,0
22941.0,21320.0,0
22934.0,21298.0,0
22942.0,21302.0,0
22938.0,21297.0,0
22936.0,21288.0,0
22939.0,21300.0,0
22939.0,21295.0,0
22938.0,21298.0,0
22937.0,21284.0,0
22936.0,21301.0,0
22931.0,21283.0,0
22942.0,21277.0,0
22934.0,21282.0,0
22938.0,21289.0,0
22933.0,21291.0,0
22934.0,21294.0,0
22934.0,21278.0,0
22935.0,21280.0,0
22926.0,21275.0,1
22926.0,21282.0,0
22922.0,21291.0,0
22931.0,21295.0,0
22938.0,21278.0,0
22926.0,21288.0,0
22916.0,21286.0,0
22921.0,21287.0,0
22922.0,21297.0,0
22924.0,21275.0,0
22926.0,21287.0,0
22929.0,21280.0,0
22921.0,21281.0,0
22920.0,21284.0,0
22923.0,21275.0,0
22929.0,21281.0,0
22933.0,21292.0,0
22922.0,21277.0,0
22929.0,21290.0,0
22926.0,21283.0,0
22925.0,21282.0,0
22925.0,21290.0,0
22924.0,21284.0,0
22926.0,21290.0,0
22928.0,21279.0,0
22921.0,21281.0,0
22925.0,21286.0,0
22917.0,21290.0,0
22927.0,21289.0,0
22928.0,21280.0,0
22928.0,21283.0,0
22922.0,21290.0,0
22921.0,21296.0,0
22925.0,21289.0,0
22927.0,21286.0,0
22927.0,21300.0,0
22929.0,21291.0,0
22931.0,21294.0,0
22933.0,21306.0,0
22927.0,21303.0,0
22930.0,21304.0,0
22918.0,21295.0,0
22937.0,21300.0,0
22933.0,21300.0,0
22934.0,21310.0,0
22938.0,21297.0,0
22930.0,21306.0,0
22927.0,21303.0,0
22937.0,21304.0,0
22934.0,21296.0,0
22928.0,21303.0,0
22940.0,21309.0,0
22939.0,21300.0,0
22937.0,21320.0,0
22933.0,21310.0,0
22928.0,21301.0,0
22931.0,21304.0,0
22929.0,21301.0,0
22932.0,21294.0,0
22919.0,21307.0,0
22940.0,21286.0,0
22923.0,21291.0,0
22917.0,21290.0,0
22920.0,21281.0,0
22924.0,21265.0,0
22905.0,21272.0,0
22910.0,21275.0,0
22905.0,21276.0,0
22909.0,21279.0,0
22923.0,21277.0,0
22915.0,21271.0,0
22903.0,21268.0,0
22906.0,21267.0,0
22911.0,21279.0,0
22909.0,21271.0,0
22908.0,21268.0,0
22911.0,21264.0,1
22918.0,21267.0,0
22907.0,21271.0,0
22912.0,21255.0,0
22911.0,21262.0,0
22912.0,21262.0,0
22911.0,21279.0,0
22911.0,21258.0,0
22910.0,21255.0,0
22903.0,21263.0,0
22908.0,21259.0,0
22898.0,21249.0,0
22901.0,21256.0,0
22901.0,21256.0,0
22903.0,21253.0,0
22903.0,21254.0,0
22905.0,21251.0,0
22892.0,21250.0,0
22909.0,21257.0,0
22910.0,21249.0,0
22913.0,21253.0,0
22901.0,21242.0,1
22908.0,21264.0,0
22903.0,21255.0,0
22900.0,21246.0,0
22907.0,21247.0,0
22901.0,21257.0,0
22890.0,21255.0,0
22889.0,21263.0,0
22908.0,21264.0,0
22904.0,21261.0,0
22897.0,21257.0,0
22899.0,21269.0,0
22900.0,21266.0,0
22904.0,21270.0,0
22908.0,21271.0,0
22909.0,21269.0,0
22903.0,21280.0,0
22904.0,21275.0,0
22901.0,21261.0,0
22898.0,21268.0,0
22903.0,21269.0,0
22913.0,21267.0,0
22900.0,21272.0,0
22909.0,21269.0,0
22914.0,21276.0,0
22911.0,21267.0,0
22910.0,21266.0,0
22915.0,21275.0,0
22915.0,21271.0,0
22916.0,21264.0,0
22916.0,21267.0,0
22916.0,21268.0,0
22918.0,21272.0,0
22912.0,21274.0,0
22911.0,21275.0,0
22908.0,21277.0,0
22908.0,21285.0,0
22903.0,21268.0,0
22907.0,21259.0,0
22901.0,21252.0,0
22899.0,21249.0,0
22904.0,21253.0,0
22903.0,21254.0,0
22904.0,21257.0,0
22892.0,21238.0,0
22905.0,21250.0,0
22896.0,21245.0,0
22896.0,21241.0,0
22896.0,21238.0,0
22895.0,21242.0,0
22888.0,21236.0,0
22878.0,21235.0,0
22895.0,21246.0,0
22894.0,21240.0,0
22886.0,21236.0,0
22882.0,21235.0,0
22880.0,21245.0,0
22886.0,21238.0,0
22876.0,21238.0,0
22886.0,21242.0,1
22880.0,21241.0,0
22883.0,21242.0,0
22894.0,21234.0,0
22877.0,21229.0,0
22888.0,21238.0,0
22885.0,21235.0,0
22879.0,21234.0,0
22887.0,21227.0,0
22888.0,21233.0,0
22885.0,21234.0,0
22880.0,21241.0,0
22880.0,21224.0,0
22878.0,21229.0,0
22870.0,21232.0,0
22884.0,21225.0,0
22876.0,21231.0,0
22880.0,21225.0,0
22871.0,21232.0,0
22883.0,21234.0,0
22876.0,21237.0,0
22875.0,21231.0,0
22869.0,21236.0,0
22880.0,21238.0,0
22884.0,21234.0,0
22876.0,21241.0,0
22876.0,21230.0,0
22880.0,21225.0,0
22877.0,21242.0,0
22876.0,21239.0,0
22872.0,21234.0,0
22878.0,21242.0,0
22879.0,21238.0,0
22879.0,21249.0,0
22885.0,21240.0,0
22879.0,21250.0,0
22883.0,21245.0,0
22884.0,21245.0,0
22870.0,21244.0,0
22884.0,21243.0,0
22880.0,21231.0,0
22884.0,21245.0,0
22879.0,21244.0,0
22887.0,21261.0,0
22875.0,21251.0,0
22882.0,21242.0,0
22882.0,21244.0,0
22891.0,21249.0,0
22880.0,21248.0,0
22887.0,21251.0,0
22884.0,21248.0,0
22888.0,21244.0,0
22876.0,21231.0,0
22873.0,21238.0,0
22880.0,21228.0,0
22888.0,21226.0,0
22879.0,21219.0,0
22882.0,21218.0,0
22869.0,21217.0,0
22868.0,21215.0,0
22877.0,21214.0,0
22866.0,21198.0,0
22866.0,21201.0,0
22859.0,21211.0,0
22861.0,21208.0,0
22859.0,21220.0,0
22861.0,21216.0,0
22859.0,21209.0,0
22859.0,21211.0,0
22857.0,21199.0,0
22864.0,21211.0,0
22871.0,21215.0,0
22852.0,21209.0,0
22850.0,21204.0,0
22866.0,21209.0,0
22858.0,21202.0,0
22867.0,21204.0,1
22857.0,21211.0,0
22858.0,21214.0,0
22866.0,21206.0,0
22855.0,21208.0,0
22856.0,21200.0,0
22853.0,21210.0,0
22857.0,21205.0,0
22868.0,21209.0,0
22856.0,21205.0,0
22858.0,21208.0,0
22858.0,21215.0,0
22865.0,21209.0,0
22868.0,21213.0,0
22850.0,21214.0,0
22859.0,21206.0,0
22850.0,21211.0,0
22849.0,21215.0,0
22857.0,21216.0,0
22853.0,21207.0,0
22857.0,21217.0,0
22854.0,21220.0,0
22871.0,21217.0,0
22863.0,21214.0,0
22858.0,21216.0,0
22868.0,21203.0,0
22864.0,21221.0,0
22855.0,21213.0,0
22850.0,21214.0,0
22854.0,21216.0,0
22868.0,21219.0,0
22857.0,21216.0,0
22866.0,21210.0,0
22859.0,21214.0,0
22854.0,21219.0,0
22852.0,21204.0,0
22856.0,21224.0,0
22860.0,21213.0,0
22857.0,21226.0,0
22858.0,21214.0,0
22859.0,21213.0,0
22853.0,21217.0,0
22863.0,21221.0,0
22855.0,21213.0,0
22857.0,21214.0,0
22860.0,21206.0,0
22853.0,21210.0,0
22860.0,21211.0,0
22858.0,21200.0,0
22856.0,21202.0,0
22856.0,21197.0,0
22862.0,21187.0,0
22852.0,21183.0,0
22854.0,21178.0,0
22851.0,21185.0,0
22851.0,21186.0,0
22839.0,21179.0,0
22851.0,21174.0,0
22859.0,21185.0,0
22853.0,21176.0,0
22851.0,21186.0,0
22859.0,21187.0,0
22851.0,21184.0,0
22847.0,21167.0,0
22847.0,21180.0,0
22842.0,21175.0,0
22853.0,21176.0,0
22854.0,21178.0,1
22839.0,21178.0,0
22844.0,21178.0,0
22831.0,21174.0,0
22845.0,21171.0,0
22844.0,21165.0,0
22834.0,21175.0,0
22850.0,21167.0,0
22843.0,21163.0,0
22845.0,21173.0,0
22838.0,21163.0,0
22844.0,21168.0,0
22842.0,21169.0,0
22832.0,21165.0,0
22829.0,21174.0,0
22848.0,21168.0,0
22847.0,21164.0,0
22842.0,21177.0,0
22833.0,21171.0,0
22838.0,21164.0,0
22844.0,21170.0,0
22838.0,21174.0,0
22842.0,21181.0,0
22839.0,21177.0,0
22830.0,21179.0,0
22841.0,21174.0,0
22835.0,21180.0,0
22833.0,21170.0,0
22836.0,21176.0,0
22847.0,21171.0,0
22831.0,21175.0,0
22842.0,21191.0,0
22848.0,21173.0,0
22849.0,21181.0,0
22843.0,21180.0,0
22840.0,21180.0,0
22838.0,21176.0,0
22842.0,21184.0,0
22842.0,21177.0,0
22848.0,21177.0,0
22845.0,21179.0,0
22837.0,21179.0,0
22844.0,21190.0,0
22838.0,21176.0,0
22839.0,21178.0,0
22837.0,21188.0,0
22834.0,21171.0,0
22841.0,21186.0,0
22846.0,21192.0,0
22835.0,21190.0,0
22843.0,21184.0,0
22840.0,21181.0,0
22836.0,21169.0,0
22838.0,21163.0,0
22833.0,21151.0,0
22836.0,21149.0,0
22826.0,21153.0,0
22833.0,21146.0,0
22834.0,21149.0,0
22828.0,21155.0,0
22824.0,21157.0,0
22827.0,21150.0,0
22827.0,21147.0,0
22824.0,21143.0,0
22825.0,21144.0,0
22820.0,21133.0,0
22818.0,21134.0,0
22813.0,21137.0,0
22818.0,21136.0,0
22817.0,21138.0,0
22813.0,21129.0,1
22809.0,21128.0,0
22816.0,21129.0,0
22809.0,21134.0,0
22808.0,21127.0,0
22819.0,21138.0,0
22800.0,21135.0,0
22809.0,21140.0,0
22813.0,21131.0,0
22804.0,21123.0,0
22815.0,21130.0,0
22811.0,21123.0,0
22810.0,21134.0,0
22807.0,21127.0,0
22812.0,21126.0,0
22804.0,21130.0,0
22817.0,21123.0,0
22799.0,21126.0,0
22808.0,21131.0,0
22806.0,21135.0,0
22807.0,21138.0,0
22810.0,21130.0,0
22812.0,21125.0,0
22802.0,21145.0,0
22812.0,21136.0,0
22807.0,21131.0,0
22806.0,21139.0,0
22803.0,21134.0,0
22817.0,21133.0,0
22821.0,21145.0,0
22812.0,21133.0,0
22819.0,21129.0,0
22814.0,21143.0,0
22817.0,21134.0,0
22825.0,21131.0,0
22819.0,21144.0,0
22809.0,21137.0,0
22818.0,21141.0,0
22810.0,21142.0,0
22817.0,21141.0,0
22813.0,21137.0,0
22816.0,21144.0,0
22822.0,21144.0,0
22818.0,21139.0,0
22819.0,21145.0,0
22828.0,21143.0,0
22835.0,21149.0,0
22832.0,21155.0,0
22835.0,21148.0,0
22823.0,21150.0,0
22820.0,21163.0,0
22823.0,21148.0,0
22819.0,21157.0,0
22825.0,21148.0,0
22838.0,21142.0,0
22827.0,21139.0,0
22824.0,21146.0,0
22817.0,21141.0,0
22811.0,21136.0,0
22815.0,21127.0,0
22805.0,21125.0,0
22811.0,21121.0,0
22809.0,21119.0,0
22810.0,21117.0,0
22804.0,21117.0,0
22806.0,21117.0,0
22807.0,21117.0,0
22805.0,21116.0,0
22807.0,21112.0,0
22806.0,21117.0,0
22804.0,21110.0,0
22802.0,21116.0,0
22809.0,21109.0,0
22802.0,21112.0,0
22794.0,21107.0,0
22803.0,21109.0,0
22788.0,21103.0,0
22796.0,21106.0,1
22790.0,21107.0,0
22801.0,21107.0,0
22802.0,21115.0,0
22788.0,21107.0,0
22798.0,21114.0,0
22803.0,21107.0,0
22788.0,21115.0,0
22801.0,21109.0,0
22796.0,21104.0,0
22798.0,21114.0,0
22807.0,21105.0,0
22798.0,21106.0,0
22808.0,21107.0,0
22801.0,21118.0,0
22802.0,21107.0,0
22802.0,21117.0,0
22800.0,21115.0,0
22802.0,21111.0,0
22804.0,21116.0,0
22803.0,21119.0,0
22800.0,21116.0,0
22804.0,21118.0,0
22803.0,21108.0,0
22810.0,21129.0,0
22818.0,21115.0,0
22806.0,21122.0,0
22805.0,21115.0,0
22816.0,21132.0,0
22807.0,21127.0,0
22815.0,21131.0,0
22808.0,21135.0,0
22797.0,21122.0,0
22813.0,21123.0,0
22806.0,21130.0,0
22808.0,21123.0,0
22804.0,21130.0,0
22808.0,21130.0,0
22810.0,21130.0,0
22804.0,21126.0,0
22804.0,21129.0,0
22812.0,21128.0,0
22813.0,21125.0,0
22819.0,21128.0,0
22811.0,21140.0,0
22818.0,21140.0,0
22824.0,21130.0,0
22823.0,21141.0,0
22820.0,21138.0,0
22819.0,21136.0,0
22817.0,21131.0,0
22800.0,21114.0,0
22816.0,21119.0,0
22798.0,21110.0,0
22799.0,21111.0,0
22806.0,21107.0,0
22804.0,21095.0,0
22797.0,21101.0,0
22804.0,21102.0,0
22793.0,21096.0,0
22798.0,21090.0,0
22796.0,21091.0,0
22800.0,21107.0,0
22800.0,21085.0,0
22799.0,21093.0,0
22797.0,21093.0,0
22792.0,21092.0,0
22788.0,21099.0,0
22791.0,21085.0,0
22787.0,21087.0,1
22798.0,21083.0,0
22796.0,21089.0,0
22794.0,21086.0,0
22791.0,21089.0,0
22793.0,21094.0,0
22787.0,21091.0,0
22791.0,21089.0,0
22798.0,21087.0,0
22789.0,21086.0,0
22790.0,21085.0,0
22789.0,21096.0,0
22798.0,21088.0,0
22793.0,21086.0,0
22786.0,21094.0,0
22791.0,21086.0,0
22790.0,21080.0,0
22786.0,21089.0,0
22798.0,21089.0,0
22788.0,21099.0,0
22796.0,21092.0,0
22789.0,21090.0,0
22787.0,21093.0,0
22783.0,21092.0,0
22794.0,21087.0,0
22797.0,21096.0,0
22791.0,21092.0,0
22795.0,21097.0,0
22788.0,21087.0,0
22793.0,21092.0,0
22790.0,21098.0,0
22791.0,21089.0,0
22800.0,21097.0,0
22795.0,21102.0,0
22794.0,21106.0,0
22789.0,21106.0,0
22802.0,21101.0,0
22808.0,21098.0,0
22796.0,21100.0,0
22797.0,21108.0,0
22804.0,21112.0,0
22806.0,21093.0,0
22802.0,21109.0,0
22793.0,21090.0,0
22798.0,21100.0,0
22790.0,21099.0,0
22801.0,21091.0,0
22794.0,21105.0,0
22809.0,21102.0,0
22794.0,21093.0,0
22803.0,21101.0,0
22804.0,21105.0,0
22792.0,21106.0,0
22792.0,21104.0,0
22797.0,21097.0,0
22800.0,21109.0,0
22791.0,21098.0,0
22787.0,21092.0,0
22793.0,21091.0,0
22782.0,21092.0,0
22776.0,21080.0,0
22788.0,21085.0,0
22785.0,21082.0,0
22776.0,21066.0,0
22780.0,21071.0,0
22780.0,21065.0,0
22778.0,21059.0,0
22782.0,21076.0,0
22768.0,21070.0,0
22776.0,21072.0,0
22767.0,21066.0,0
22765.0,21064.0,0
22770.0,21058.0,0
22758.0,21051.0,0
22769.0,21049.0,0
22767.0,21053.0,0
22768.0,21058.0,0
22758.0,21048.0,0
22766.0,21049.0,1
22763.0,21056.0,0
22762.0,21041.0,0
22754.0,21048.0,0
22774.0,21046.0,0
22769.0,21048.0,0
22771.0,21042.0,0
22758.0,21046.0,0
22756.0,21054.0,0
22767.0,21047.0,0
22771.0,21054.0,0
22763.0,21051.0,0
22771.0,21048.0,0
22770.0,21053.0,0
22767.0,21043.0,0
22761.0,21048.0,0
22759.0,21054.0,0
22759.0,21050.0,0
22773.0,21049.0,0
22757.0,21053.0,0
22772.0,21060.0,0
22764.0,21060.0,0
22761.0,21056.0,0
22761.0,21047.0,0
22769.0,21055.0,0
22767.0,21061.0,0
22753.0,21060.0,0
22767.0,21063.0,0
22776.0,21064.0,0
22776.0,21057.0,0
22762.0,21068.0,0
22771.0,21061.0,0
22766.0,21053.0,0
22754.0,21059.0,0
22758.0,21057.0,0
22768.0,21062.0,0
22770.0,21065.0,0
22759.0,21067.0,0
22772.0,21064.0,0
22766.0,21055.0,0
22769.0,21067.0,0
22759.0,21065.0,0
22776.0,21070.0,0
22767.0,21066.0,0
22777.0,21072.0,0
22767.0,21066.0,0
22767.0,21055.0,0
22767.0,21061.0,0
22767.0,21067.0,0
22773.0,21068.0,0
22764.0,21082.0,0
22771.0,21060.0,0
22765.0,21073.0,0
22780.0,21071.0,0
22764.0,21076.0,0
22757.0,21073.0,0
22764.0,21067.0,0
22779.0,21056.0,0
22774.0,21065.0,0
22757.0,21068.0,0
22762.0,21060.0,0
22755.0,21049.0,0
22755.0,21055.0,0
22745.0,21044.0,0
22752.0,21051.0,0
22748.0,21049.0,0
22759.0,21041.0,0
22750.0,21044.0,0
22746.0,21034.0,0
22755.0,21041.0,0
22749.0,21039.0,0
22754.0,21047.0,0
22750.0,21041.0,0
22749.0,21048.0,0
22751.0,21029.0,0
22751.0,21032.0,0
22745.0,21033.0,0
22753.0,21033.0,0
22750.0,21034.0,0
22750.0,21028.0,0
22752.0,21041.0,1
22752.0,21028.0,0
22748.0,21042.0,0
22757.0,21021.0,0
22744.0,21031.0,0
22744.0,21029.0,0
22755.0,21034.0,0
22759.0,21032.0,0
22743.0,21038.0,0
22746.0,21019.0,0
22750.0,21018.0,0
22744.0,21034.0,0
22752.0,21037.0,0
22747.0,21035.0,0
22748.0,21034.0,0
22754.0,21025.0,0
22741.0,21035.0,0
22746.0,21030.0,0
22739.0,21037.0,0
22735.0,21039.0,0
22744.0,21039.0,0
22737.0,21036.0,0
22736.0,21031.0,0
22739.0,21036.0,0
22736.0,21031.0,0
22747.0,21048.0,0
22736.0,21037.0,0
22749.0,21044.0,0
22742.0,21040.0,0
22749.0,21037.0,0
22750.0,21060.0,0
22749.0,21043.0,0
22738.0,21046.0,0
22747.0,21051.0,0
22738.0,21044.0,0
22740.0,21052.0,0
22742.0,21051.0,0
22750.0,21050.0,0
22746.0,21046.0,0
22751.0,21050.0,0
22737.0,21061.0,0
22749.0,21046.0,0
22760.0,21047.0,0
22748.0,21052.0,0
22757.0,21062.0,0
22756.0,21059.0,0
22754.0,21058.0,0
22754.0,21051.0,0
22760.0,21059.0,0
22753.0,21060.0,0
22760.0,21051.0,0
22758.0,21057.0,0
22748.0,21071.0,0
22760.0,21062.0,0
22763.0,21056.0,0
22755.0,21051.0,0
22749.0,21047.0,0
22750.0,21038.0,0
22750.0,21033.0,0
22756.0,21028.0,0
22741.0,21024.0,0
22736.0,21032.0,0
22741.0,21025.0,0
22735.0,21027.0,0
22740.0,21024.0,0
22743.0,21015.0,0
22744.0,21023.0,0
22750.0,21020.0,0
22734.0,21013.0,0
22737.0,21012.0,0
22741.0,21015.0,0
22748.0,21022.0,0
22734.0,21014.0,0
22735.0,21008.0,0
22729.0,21005.0,1
22729.0,21007.0,0
22732.0,21017.0,0
22736.0,21010.0,0
22734.0,21014.0,0
22734.0,21013.0,0
22744.0,21019.0,0
22739.0,21011.0,0
22734.0,21014.0,0
22746.0,21010.0,0
22731.0,21009.0,0
22736.0,21011.0,0
22739.0,21009.0,0
22733.0,21020.0,0
22731.0,21014.0,0
22728.0,21002.0,0
22725.0,21004.0,0
22730.0,21010.0,0
22742.0,21014.0,0
22731.0,21013.0,0
22739.0,21015.0,0
22735.0,21018.0,0
22738.0,21017.0,0
22743.0,21018.0,0
22734.0,21029.0,0
22741.0,21026.0,0
22733.0,21016.0,0
22739.0,21028.0,0
22750.0,21022.0,0
22737.0,21018.0,0
22739.0,21025.0,0
22738.0,21012.0,0
22728.0,21019.0,0
22733.0,21021.0,0
22724.0,21021.0,0
22733.0,21028.0,0
22743.0,21032.0,0
22742.0,21032.0,0
22735.0,21031.0,0
22743.0,21029.0,0
22740.0,21040.0,0
22747.0,21046.0,0
22740.0,21035.0,0
22747.0,21041.0,0
22743.0,21038.0,0
22754.0,21026.0,0
22751.0,21038.0,0
22764.0,21039.0,0
22762.0,21047.0,0
22750.0,21063.0,0
22759.0,21052.0,0
22757.0,21064.0,0
22767.0,21061.0,0
22765.0,21069.0,0
22774.0,21065.0,0
22778.0,21077.0,0
22768.0,21068.0,0
22758.0,21073.0,0
22772.0,21058.0,0
22774.0,21062.0,0
22763.0,21064.0,0
22760.0,21057.0,0
22758.0,21040.0,0
22757.0,21041.0,0
22752.0,21035.0,0
22727.0,21031.0,0
22749.0,21026.0,0
22742.0,21029.0,0
22749.0,21019.0,0
22742.0,21022.0,0
22741.0,21020.0,0
22744.0,21022.0,0
22753.0,21033.0,0
22738.0,21027.0,0
22737.0,21029.0,0
22749.0,21031.0,0
22747.0,21033.0,0
22734.0,21029.0,0
22751.0,21023.0,0
22751.0,21032.0,0
22752.0,21024.0,0
22739.0,21024.0,0
22745.0,21024.0,0
22742.0,21018.0,0
22739.0,21029.0,1
22758.0,21022.0,0
22749.0,21031.0,0
22753.0,21025.0,0
22757.0,21034.0,0
22750.0,21024.0,0
22744.0,21023.0,0
22754.0,21031.0,0
22743.0,21023.0,0
22744.0,21021.0,0
22749.0,21018.0,0
22748.0,21026.0,0
22751.0,21025.0,0
22745.0,21025.0,0
22737.0,21018.0,0
22738.0,21025.0,0
22733.0,21025.0,0
22733.0,21016.0,0
22722.0,21015.0,0
22740.0,21012.0,0
22735.0,21021.0,0
22735.0,21022.0,0
22728.0,21019.0,0
22737.0,21021.0,0
22728.0,21023.0,0
22733.0,21022.0,0
22735.0,21022.0,0
22728.0,21022.0,0
22736.0,21029.0,0
22739.0,21027.0,0
22737.0,21035.0,0
22739.0,21031.0,0
22735.0,21026.0,0
22736.0,21029.0,0
22741.0,21033.0,0
22738.0,21046.0,0
22738.0,21047.0,0
22731.0,21049.0,0
22727.0,21037.0,0
22721.0,21026.0,0
22714.0,21010.0,0
22705.0,21017.0,0
22694.0,20999.0,0
22686.0,20978.0,0
22676.0,20971.0,0
22679.0,20981.0,0
22690.0,20970.0,0
22665.0,20972.0,0
22664.0,20977.0,0
22673.0,20981.0,0
22673.0,20975.0,0
22689.0,20977.0,0
22698.0,20983.0,0
22682.0,20999.0,0
22694.0,20991.0,0
22691.0,20990.0,0
22700.0,20996.0,0
22701.0,21009.0,0
22706.0,20999.0,0
22702.0,20997.0,0
22704.0,20991.0,0
22691.0,20984.0,0
22675.0,20974.0,0
22647.0,20944.0,0
22640.0,20924.0,0
22631.0,20924.0,0
22605.0,20900.0,0
22597.0,20871.0,0
22591.0,20889.0,0
22595.0,20883.0,0
22596.0,20877.0,0
22598.0,20891.0,0
22593.0,20886.0,0
22597.0,20896.0,0
22593.0,20903.0,0
22605.0,20896.0,0
22608.0,20893.0,0
22624.0,20909.0,0
22609.0,20911.0,0
22617.0,20920.0,0
22625.0,20920.0,0
22645.0,20923.0,0
22640.0,20938.0,0
22652.0,20941.0,0
22661.0,20949.0,0
22662.0,20949.0,0
22669.0,20959.0,0
22664.0,20971.0,0
22669.0,20971.0,0
22677.0,20987.0,0
22678.0,20968.0,0
22676.0,20975.0,0
22676.0,20983.0,0
22683.0,20984.0,0
22690.0,20993.0,0
22698.0,20978.0,0
22686.0,20992.0,0
22684.0,20988.0,0
22686.0,20984.0,0
22688.0,20976.0,0
22686.0,20980.0,0
22677.0,20971.0,0
22673.0,20969.0,0
22661.0,20969.0,0
22652.0,20957.0,0
22647.0,20950.0,0
22646.0,20936.0,0
22638.0,20940.0,0
22633.0,20929.0,0
22632.0,20918.0,0
22611.0,20913.0,0
22595.0,20911.0,0
22602.0,20894.0,0
22581.0,20895.0,0
22585.0,20883.0,0
22563.0,20879.0,0
22571.0,20867.0,0
22571.0,20884.0,0
22560.0,20878.0,0
22572.0,20880.0,0
22569.0,20877.0,0
22560.0,20867.0,0
22559.0,20868.0,0
22569.0,20868.0,0
22551.0,20857.0,0
22542.0,20852.0,0
22542.0,20851.0,0
22539.0,20853.0,0
22552.0,20856.0,0
22557.0,20862.0,0
22552.0,20863.0,0
22557.0,20874.0,0
22552.0,20861.0,0
22554.0,20857.0,0
22566.0,20868.0,0
22562.0,20864.0,0
22560.0,20862.0,0
22551.0,20861.0,0
22561.0,20853.0,0
22562.0,20852.0,0
22554.0,20844.0,0
22556.0,20857.0,0
22548.0,20851.0,0
22547.0,20832.0,0
22551.0,20849.0,0
22559.0,20841.0,0
22558.0,20849.0,0
22553.0,20839.0,0
22557.0,20844.0,0
22555.0,20846.0,0
22557.0,20847.0,0
22560.0,20848.0,0
22555.0,20839.0,0
22545.0,20837.0,0
22545.0,20840.0,0
22546.0,20838.0,0
22539.0,20841.0,0
22542.0,20833.0,0
22536.0,20833.0,0
22540.0,20825.0,0
22533.0,20818.0,0
22526.0,20813.0,0
22523.0,20815.0,0
22528.0,20807.0,0
22518.0,20804.0,0
22525.0,20802.0,0
22521.0,20801.0,0
22506.0,20801.0,0
22512.0,20792.0,0
22503.0,20788.0,0
22502.0,20790.0,0
22496.0,20780.0,0
22494.0,20779.0,0
22486.0,20775.0,0
22489.0,20776.0,0
22479.0,20771.0,0
22477.0,20776.0,0
22486.0,20774.0,0
22489.0,20769.0,0
22495.0,20772.0,0
22484.0,20771.0,0
22478.0,20762.0,0
22481.0,20764.0,0
22478.0,20763.0,0
22471.0,20766.0,0
22461.0,20767.0,0
22473.0,20774.0,1
22466.0,20763.0,0
22469.0,20753.0,0
22468.0,20752.0,0
22467.0,20758.0,0
22473.0,20763.0,0
22464.0,20751.0,0
22470.0,20771.0,0
22463.0,20765.0,0
22458.0,20768.0,0
22465.0,20763.0,0
22459.0,20767.0,0
22471.0,20773.0,0
22467.0,20760.0,0
22471.0,20768.0,0
22474.0,20768.0,0
22483.0,20782.0,0
22489.0,20784.0,0
22494.0,20777.0,0
22494.0,20784.0,0
22503.0,20793.0,0
22493.0,20785.0,0
22500.0,20785.0,0
22489.0,20783.0,0
22480.0,20795.0,0
22484.0,20786.0,0
22484.0,20785.0,0
22478.0,20790.0,0
22488.0,20784.0,0
22487.0,20777.0,0
22482.0,20782.0,0
22477.0,20783.0,0
22495.0,20768.0,0
22478.0,20770.0,0
22485.0,20776.0,0
22489.0,20773.0,0
22491.0,20764.0,0
22487.0,20769.0,0
22486.0,20764.0,0
22486.0,20756.0,0
22490.0,20757.0,0
22492.0,20768.0,0
22495.0,20763.0,0
22503.0,20763.0,0
22486.0,20769.0,0
22489.0,20760.0,0
22486.0,20770.0,0
22494.0,20758.0,0
22491.0,20765.0,0
22493.0,20766.0,0
22480.0,20782.0,0
22486.0,20774.0,0
22505.0,20781.0,0
22500.0,20787.0,0
22498.0,20779.0,0
22508.0,20791.0,0
22508.0,20791.0,0
22503.0,20790.0,0
22516.0,20803.0,0
22511.0,20796.0,0
22518.0,20803.0,0
22524.0,20811.0,0
22521.0,20807.0,0
22517.0,20795.0,0
22520.0,20814.0,0
22527.0,20810.0,0
22534.0,20822.0,0
22532.0,20826.0,0
22538.0,20830.0,0
22541.0,20831.0,0
22527.0,20839.0,0
22533.0,20844.0,0
22530.0,20831.0,0
22538.0,20827.0,0
22526.0,20835.0,0
22530.0,20829.0,0
22522.0,20836.0,0
22538.0,20833.0,0
22526.0,20839.0,0
22532.0,20845.0,0
22540.0,20844.0,0
22542.0,20855.0,0
22549.0,20866.0,0
22559.0,20860.0,0
22561.0,20877.0,0
22561.0,20882.0,0
22564.0,20897.0,0
22572.0,20895.0,0
22574.0,20898.0,0
22576.0,20912.0,0
22583.0,20909.0,0
22579.0,20914.0,0
22586.0,20910.0,0
22585.0,20913.0,0
22590.0,20915.0,0
22604.0,20924.0,0
22604.0,20932.0,0
22589.0,20930.0,0
22609.0,20936.0,0
22593.0,20935.0,0
22589.0,20943.0,0
22587.0,20933.0,0
22580.0,20928.0,0
22580.0,20914.0,0
22581.0,20910.0,0
22587.0,20911.0,0
22571.0,20904.0,0
22568.0,20897.0,0
22561.0,20898.0,0
22569.0,20887.0,0
22558.0,20889.0,0
22552.0,20875.0,0
22545.0,20871.0,0
22562.0,20874.0,0
22546.0,20871.0,0
22541.0,20854.0,0
22516.0,20862.0,0
22526.0,20855.0,0
22523.0,20856.0,0
22530.0,20857.0,0
22533.0,20851.0,0
22520.0,20855.0,0
22524.0,20848.0,0
22537.0,20851.0,0
22531.0,20845.0,0
22526.0,20853.0,0
22529.0,20852.0,0
22528.0,20858.0,0
22522.0,20851.0,0
22537.0,20857.0,0
22542.0,20842.0,0
22528.0,20858.0,0
22531.0,20860.0,0
22538.0,20866.0,0
22545.0,20870.0,0
22559.0,20866.0,0
22555.0,20878.0,0
22559.0,20872.0,0
22559.0,20871.0,0
22562.0,20879.0,0
22561.0,20880.0,0
22556.0,20867.0,0
22561.0,20881.0,0
22561.0,20888.0,0
22557.0,20876.0,0
22557.0,20865.0,0
22557.0,20873.0,0
22561.0,20873.0,0
22547.0,20874.0,0
22560.0,20873.0,0
22549.0,20876.0,0
22557.0,20870.0,0
22555.0,20872.0,0
22563.0,20877.0,0
22553.0,20873.0,0
22550.0,20878.0,0
22553.0,20883.0,0
22570.0,20877.0,0
22567.0,20873.0,0
22569.0,20881.0,0
22568.0,20879.0,0
22559.0,20888.0,0
22562.0,20887.0,0
22562.0,20885.0,0
22565.0,20879.0,0
22558.0,20884.0,0
22563.0,20886.0,0
22564.0,20880.0,0
22567.0,20890.0,0
22562.0,20887.0,0
22552.0,20888.0,0
22555.0,20898.0,0
22564.0,20889.0,0
22559.0,20889.0,0
22559.0,20889.0,0
22566.0,20893.0,0
22562.0,20894.0,0
22557.0,20878.0,0
22562.0,20892.0,0
22562.0,20897.0,0
22564.0,20894.0,0
22555.0,20897.0,0
22555.0,20900.0,0
22565.0,20895.0,0
22559.0,20891.0,0
22559.0,20887.0,0
22543.0,20885.0,0
22544.0,20886.0,0
22548.0,20880.0,0
22546.0,20873.0,0
22539.0,20862.0,0
22549.0,20861.0,0
22534.0,20858.0,0
22535.0,20855.0,0
22531.0,20861.0,0
22527.0,20849.0,0
22540.0,20861.0,0
22526.0,20850.0,0
22520.0,20851.0,0
22522.0,20857.0,0
22526.0,20852.0,0
22525.0,20850.0,0
22530.0,20852.0,0
22526.0,20851.0,0
22518.0,20845.0,0
22523.0,20848.0,0
22522.0,20845.0,0
22529.0,20855.0,0
22528.0,20846.0,0
22520.0,20848.0,0
22528.0,20841.0,0
22527.0,20848.0,0
22519.0,20844.0,0
22521.0,20852.0,0
22519.0,20844.0,0
22531.0,20844.0,0
22512.0,20839.0,0
22514.0,20845.0,0
22516.0,20846.0,0
22512.0,20838.0,0
22523.0,20833.0,0
22519.0,20843.0,0
22514.0,20833.0,0
22523.0,20845.0,0
22511.0,20845.0,0
22518.0,20852.0,0
22514.0,20837.0,0
22521.0,20848.0,0
22519.0,20842.0,0
22516.0,20840.0,0
22515.0,20841.0,0
22515.0,20841.0,0
22528.0,20857.0,0
22516.0,20850.0,0
22513.0,20857.0,0
22525.0,20850.0,0
22524.0,20844.0,0
22528.0,20837.0,0
22527.0,20846.0,0
22514.0,20857.0,0
22524.0,20848.0,0
22528.0,20851.0,0
22523.0,20856.0,0
22521.0,20859.0,0
22519.0,20860.0,0
22522.0,20856.0,0
22528.0,20855.0,0
22528.0,20858.0,0
22521.0,20858.0,0
22523.0,20855.0,0
22520.0,20850.0,0
22530.0,20849.0,0
22524.0,20859.0,0
22528.0,20858.0,0
22521.0,20863.0,0
22525.0,20856.0,0
22523.0,20862.0,0
22520.0,20865.0,0
22525.0,20860.0,0
22526.0,20843.0,0
22522.0,20841.0,0
22515.0,20843.0,0
22512.0,20839.0,0
22511.0,20835.0,0
22506.0,20835.0,0
22498.0,20830.0,0
22497.0,20839.0,0
22491.0,20822.0,0
22491.0,20820.0,0
22492.0,20810.0,0
22492.0,20820.0,0
22464.0,20798.0,0
22380.0,20732.0,0
22352.0,20676.0,0
22363.0,20691.0,0
22371.0,20703.0,0
22379.0,20720.0,0
22392.0,20722.0,0
22390.0,20728.0,0
22397.0,20724.0,0
22382.0,20727.0,0
22385.0,20719.0,0
22380.0,20712.0,0
22373.0,20707.0,0
22371.0,20712.0,0
22383.0,20706.0,0
22373.0,20703.0,0
22370.0,20703.0,0
22365.0,20702.0,0
22358.0,20700.0,0
22354.0,20690.0,0
22357.0,20691.0,0
22342.0,20681.0,0
22337.0,20678.0,0
22343.0,20671.0,0
22329.0,20673.0,0
22335.0,20669.0,0
22327.0,20668.0,0
22338.0,20675.0,0
22342.0,20679.0,0
22361.0,20687.0,0
22357.0,20699.0,0
22362.0,20706.0,0
22366.0,20702.0,0
22356.0,20693.0,0
22351.0,20694.0,0
22349.0,20703.0,0
22355.0,20704.0,0
22357.0,20705.0,0
22360.0,20705.0,0
22370.0,20698.0,0
22369.0,20710.0,0
22376.0,20723.0,0
22382.0,20718.0,0
22385.0,20725.0,0
22390.0,20735.0,0
22400.0,20742.0,0
22412.0,20743.0,0
22416.0,20755.0,0
22431.0,20765.0,0
22429.0,20769.0,0
22441.0,20772.0,0
22424.0,20771.0,0
22431.0,20770.0,0
22446.0,20771.0,0
22447.0,20781.0,0
22442.0,20786.0,0
22439.0,20770.0,0
22430.0,20770.0,0
22433.0,20766.0,0
22419.0,20765.0,0
22422.0,20764.0,0
22423.0,20769.0,0
22424.0,20755.0,0
22414.0,20760.0,0
22431.0,20752.0,0
22420.0,20746.0,0
22433.0,20759.0,0
22422.0,20753.0,0
22428.0,20759.0,0
22434.0,20750.0,0
22445.0,20757.0,0
22443.0,20752.0,0
22444.0,20757.0,0
22451.0,20753.0,0
22451.0,20762.0,0
22442.0,20759.0,0
22443.0,20762.0,0
22442.0,20755.0,0
22448.0,20752.0,0
22444.0,20748.0,0
22448.0,20752.0,0
22444.0,20758.0,0
22439.0,20751.0,0
22444.0,20752.0,0
22449.0,20753.0,0
22437.0,20753.0,0
22447.0,20751.0,0
22442.0,20741.0,0
22435.0,20746.0,0
22439.0,20734.0,0
22434.0,20736.0,0
22443.0,20735.0,0
22441.0,20735.0,0
22437.0,20739.0,0
22443.0,20738.0,0
22448.0,20737.0,0
22438.0,20754.0,0
22447.0,20756.0,0
22454.0,20750.0,0
22448.0,20743.0,0
22436.0,20746.0,0
22452.0,20738.0,0
22453.0,20762.0,0
22453.0,20760.0,0
22450.0,20759.0,0
22447.0,20751.0,0
22434.0,20743.0,0
22388.0,20722.0,0
22373.0,20700.0,0
22379.0,20702.0,0
22373.0,20703.0,0
22377.0,20692.0,0
22387.0,20698.0,0
22361.0,20695.0,0
22372.0,20700.0,0
22371.0,20691.0,0
22362.0,20698.0,0
22363.0,20697.0,0
22354.0,20694.0,0
22355.0,20677.0,0
22346.0,20686.0,0
22353.0,20690.0,0
22349.0,20688.0,0
22355.0,20695.0,0
22369.0,20698.0,0
22362.0,20703.0,0
22376.0,20710.0,0
22371.0,20708.0,0
22390.0,20715.0,0
22386.0,20720.0,0
22400.0,20722.0,0
22401.0,20729.0,0
22399.0,20727.0,0
22403.0,20732.0,0
22393.0,20731.0,0
22392.0,20726.0,0
22410.0,20737.0,0
22406.0,20732.0,0
22408.0,20731.0,0
22399.0,20732.0,0
22387.0,20721.0,0
22382.0,20720.0,0
22391.0,20706.0,0
22380.0,20691.0,0
22381.0,20702.0,0
22387.0,20699.0,0
22375.0,20706.0,0
22380.0,20706.0,0
22381.0,20694.0,0
22379.0,20688.0,0
22379.0,20710.0,0
22383.0,20708.0,0
22384.0,20705.0,0
22390.0,20702.0,0
22390.0,20706.0,0
22386.0,20703.0,0
22386.0,20693.0,0
22388.0,20696.0,0
22385.0,20699.0,0
22384.0,20703.0,0
22379.0,20710.0,0
22394.0,20701.0,0
22391.0,20701.0,0
22395.0,20716.0,0
22395.0,20722.0,0
22417.0,20718.0,0
22408.0,20724.0,0
22415.0,20736.0,1
22410.0,20734.0,0
22411.0,20735.0,0
22416.0,20724.0,0
22432.0,20743.0,0
22414.0,20737.0,0
22418.0,20729.0,0
22398.0,20722.0,0
22404.0,20725.0,0
22396.0,20724.0,0
22406.0,20740.0,0
22412.0,20734.0,0
22402.0,20744.0,0
22413.0,20732.0,0
22403.0,20739.0,0
22417.0,20733.0,0
22416.0,20734.0,0
22416.0,20730.0,0
22413.0,20747.0,0
22406.0,20731.0,0
22410.0,20742.0,0
22408.0,20725.0,0
22409.0,20730.0,0
22399.0,20732.0,0
22404.0,20725.0,0
22400.0,20733.0,0
22398.0,20735.0,0
22409.0,20741.0,0
22409.0,20735.0,0
22416.0,20739.0,0
22402.0,20748.0,0
22399.0,20727.0,0
22401.0,20736.0,0
22396.0,20736.0,0
22421.0,20755.0,0
22416.0,20752.0,0
22423.0,20745.0,0
22418.0,20756.0,0
22424.0,20755.0,0
22421.0,20757.0,0
22414.0,20755.0,0
22430.0,20757.0,0
22433.0,20756.0,0
22433.0,20753.0,0
22427.0,20753.0,0
22430.0,20760.0,0
22434.0,20771.0,0
22423.0,20750.0,0
22426.0,20762.0,0
22425.0,20754.0,0
22431.0,20768.0,0
22426.0,20748.0,0
22424.0,20746.0,0
22418.0,20736.0,0
22420.0,20736.0,0
22414.0,20736.0,0
22420.0,20733.0,0
22420.0,20729.0,0
22403.0,20717.0,0
22409.0,20719.0,0
22413.0,20722.0,0
22407.0,20721.0,0
22403.0,20718.0,0
22410.0,20716.0,0
22401.0,20722.0,0
22400.0,20721.0,0
22393.0,20721.0,0
22404.0,20718.0,0
22401.0,20710.0,0
22407.0,20714.0,0
22391.0,20713.0,0
22393.0,20714.0,0
22398.0,20712.0,0
22405.0,20718.0,0
22403.0,20710.0,0
22401.0,20712.0,0
22399.0,20710.0,0
22402.0,20713.0,0
22400.0,20714.0,0
22401.0,20719.0,0
22402.0,20706.0,0
22410.0,20714.0,0
22404.0,20705.0,0
22397.0,20711.0,0
22391.0,20716.0,0
22404.0,20709.0,0
22397.0,20717.0,0
22399.0,20704.0,0
22393.0,20705.0,1
22406.0,20709.0,0
22403.0,20710.0,0
22403.0,20714.0,0
22397.0,20713.0,0
22404.0,20712.0,0
22412.0,20712.0,0
22396.0,20724.0,0
22396.0,20713.0,0
22400.0,20723.0,0
22398.0,20721.0,0
22391.0,20715.0,0
22403.0,20715.0,0
22398.0,20716.0,0
22394.0,20722.0,0
22400.0,20729.0,0
22392.0,20731.0,0
22406.0,20721.0,0
22394.0,20736.0,0
22400.0,20728.0,0
22396.0,20729.0,0
22406.0,20728.0,0
22393.0,20728.0,0
22398.0,20734.0,0
22390.0,20727.0,0
22399.0,20715.0,0
22405.0,20729.0,0
22395.0,20728.0,0
22391.0,20729.0,0
22403.0,20722.0,0
22402.0,20731.0,0
22399.0,20727.0,0
22399.0,20735.0,0
22410.0,20731.0,0
22400.0,20739.0,0
22408.0,20737.0,0
22405.0,20724.0,0
22400.0,20740.0,0
22399.0,20734.0,0
22395.0,20723.0,0
22385.0,20728.0,0
22374.0,20716.0,0
22373.0,20712.0,0
22381.0,20710.0,0
22381.0,20707.0,0
22381.0,20708.0,0
22382.0,20697.0,0
22388.0,20692.0,0
22379.0,20692.0,0
22379.0,20693.0,0
22379.0,20692.0,0
22371.0,20681.0,0
22378.0,20687.0,0
22369.0,20692.0,0
22368.0,20686.0,0
22374.0,20682.0,0
22360.0,20681.0,0
22366.0,20674.0,0
22356.0,20682.0,0
22354.0,20678.0,1
22364.0,20675.0,0
22359.0,20686.0,0
22359.0,20677.0,0
22370.0,20683.0,0
22362.0,20686.0,0
22356.0,20689.0,0
22363.0,20671.0,0
22363.0,20680.0,0
22358.0,20678.0,0
22363.0,20678.0,0
22367.0,20679.0,0
22370.0,20671.0,0
22362.0,20684.0,0
22369.0,20681.0,0
22358.0,20669.0,0
22363.0,20674.0,0
22361.0,20678.0,0
22365.0,20684.0,0
22369.0,20679.0,0
22366.0,20688.0,0
22377.0,20693.0,0
22368.0,20685.0,0
22378.0,20686.0,0
22376.0,20689.0,0
22373.0,20694.0,0
22358.0,20696.0,0
22371.0,20698.0,0
22366.0,20705.0,0
22369.0,20701.0,0
22373.0,20697.0,0
22379.0,20700.0,0
22389.0,20700.0,0
22375.0,20696.0,0
22381.0,20701.0,0
22386.0,20699.0,0
22375.0,20705.0,0
22381.0,20705.0,0
22381.0,20704.0,0
22378.0,20705.0,0
22383.0,20706.0,0
22381.0,20711.0,0
22376.0,20697.0,0
22373.0,20711.0,0
22372.0,20703.0,0
22368.0,20696.0,0
22379.0,20700.0,0
22378.0,20700.0,0
22387.0,20706.0,0
22388.0,20711.0,0
22378.0,20714.0,0
22383.0,20715.0,0
22384.0,20707.0,0
22386.0,20721.0,0
22393.0,20712.0,0
22386.0,20712.0,0
22388.0,20715.0,0
22389.0,20719.0,0
22373.0,20716.0,0
22369.0,20709.0,0
22374.0,20702.0,0
22378.0,20696.0,0
22370.0,20699.0,0
22371.0,20690.0,0
22371.0,20699.0,0
22364.0,20690.0,0
22360.0,20691.0,0
22367.0,20679.0,0
22362.0,20679.0,0
22354.0,20670.0,0
22363.0,20680.0,0
22358.0,20684.0,0
22344.0,20679.0,0
22362.0,20682.0,0
22350.0,20675.0,0
22356.0,20686.0,0
22346.0,20673.0,0
22357.0,20682.0,0
22356.0,20677.0,0
22354.0,20677.0,0
22350.0,20672.0,0
22362.0,20675.0,0
22362.0,20677.0,0
22356.0,20674.0,0
22355.0,20682.0,0
22358.0,20671.0,0
22349.0,20675.0,0
22349.0,20669.0,0
22364.0,20659.0,0
22357.0,20667.0,0
22348.0,20667.0,0
22352.0,20670.0,0
22350.0,20667.0,0
22358.0,20658.0,0
22346.0,20676.0,0
22349.0,20664.0,0
22359.0,20662.0,0
22347.0,20668.0,0
22349.0,20670.0,0
22347.0,20668.0,0
22347.0,20669.0,0
22346.0,20677.0,0
22344.0,20674.0,0
22355.0,20681.0,0
22349.0,20672.0,0
22338.0,20679.0,0
22346.0,20668.0,0
22351.0,20673.0,0
22347.0,20674.0,0
22356.0,20688.0,0
22355.0,20683.0,0
22349.0,20688.0,0
22343.0,20687.0,0
22348.0,20690.0,0
22352.0,20681.0,0
22336.0,20685.0,0
22342.0,20685.0,0
22338.0,20682.0,0
22360.0,20688.0,0
22357.0,20682.0,0
22340.0,20688.0,0
22342.0,20696.0,0
22353.0,20687.0,0
22345.0,20686.0,0
22345.0,20689.0,0
22343.0,20692.0,0
22342.0,20695.0,0
22329.0,20694.0,0
22347.0,20690.0,0
22362.0,20691.0,0
22349.0,20693.0,0
22338.0,20702.0,0
22344.0,20700.0,0
22348.0,20699.0,0
22355.0,20696.0,0
22342.0,20700.0,0
22345.0,20703.0,0
22347.0,20692.0,0
22335.0,20677.0,0
22335.0,20689.0,0
22335.0,20676.0,0
22323.0,20677.0,0
22323.0,20670.0,0
22326.0,20665.0,0
22323.0,20661.0,0
22321.0,20655.0,0
22309.0,20657.0,0
22321.0,20645.0,0
22315.0,20643.0,0
22315.0,20644.0,0
22315.0,20644.0,0
22321.0,20650.0,0
22307.0,20648.0,0
22317.0,20643.0,0
22307.0,20643.0,0
22313.0,20644.0,0
22296.0,20638.0,0
22320.0,20643.0,0
22316.0,20647.0,1
22309.0,20644.0,0
22304.0,20635.0,0
22318.0,20642.0,0
22307.0,20650.0,0
22311.0,20645.0,0
22312.0,20643.0,0
22305.0,20631.0,0
22307.0,20639.0,0
22309.0,20639.0,0
22306.0,20639.0,0
22307.0,20632.0,0
22307.0,20641.0,0
22310.0,20645.0,0
22310.0,20642.0,0
22299.0,20642.0,0
22311.0,20647.0,0
22315.0,20643.0,0
22310.0,20644.0,0
22302.0,20643.0,0
22306.0,20643.0,0
22307.0,20649.0,0
22314.0,20642.0,0
22311.0,20657.0,0
22320.0,20654.0,0
22322.0,20649.0,0
22307.0,20650.0,0
22316.0,20655.0,0
22311.0,20652.0,0
22311.0,20661.0,0
22303.0,20665.0,0
22317.0,20668.0,0
22315.0,20656.0,0
22319.0,20657.0,0
22320.0,20661.0,0
22332.0,20671.0,0
22314.0,20663.0,0
22316.0,20659.0,0
22325.0,20665.0,0
22327.0,20658.0,0
22329.0,20668.0,0
22313.0,20653.0,0
22302.0,20666.0,0
22331.0,20667.0,0
22323.0,20667.0,0
22325.0,20661.0,0
22326.0,20669.0,0
22321.0,20674.0,0
22338.0,20670.0,0
22330.0,20671.0,0
22325.0,20676.0,0
22324.0,20669.0,0
22335.0,20671.0,0
22326.0,20677.0,0
22320.0,20678.0,0
22323.0,20673.0,0
22322.0,20658.0,0
22326.0,20657.0,0
22307.0,20645.0,0
22314.0,20648.0,0
22312.0,20655.0,0
22320.0,20642.0,0
22307.0,20647.0,0
22309.0,20648.0,0
22317.0,20640.0,0
22303.0,20644.0,0
22295.0,20631.0,0
22293.0,20635.0,0
22309.0,20646.0,0
22309.0,20629.0,0
22301.0,20642.0,0
22308.0,20635.0,0
22297.0,20636.0,0
22302.0,20632.0,0
22294.0,20636.0,1
22304.0,20635.0,0
22299.0,20630.0,0
22312.0,20632.0,0
22299.0,20632.0,0
22300.0,20630.0,0
22297.0,20629.0,0
22304.0,20636.0,0
22295.0,20631.0,0
22293.0,20631.0,0
22295.0,20626.0,0
22297.0,20627.0,0
22296.0,20636.0,0
22301.0,20629.0,0
22293.0,20634.0,0
22297.0,20635.0,0
22298.0,20631.0,0
22294.0,20630.0,0
22300.0,20641.0,0
22288.0,20637.0,0
22285.0,20637.0,0
22290.0,20632.0,0
22295.0,20625.0,0
22292.0,20633.0,0
22296.0,20639.0,0
22298.0,20643.0,0
22305.0,20642.0,0
22295.0,20641.0,0
22299.0,20636.0,0
22292.0,20636.0,0
22301.0,20636.0,0
22297.0,20645.0,0
22299.0,20640.0,0
22305.0,20634.0,0
22298.0,20649.0,0
22309.0,20644.0,0
22310.0,20642.0,0
22306.0,20647.0,0
22300.0,20646.0,0
22306.0,20653.0,0
22305.0,20653.0,0
22311.0,20665.0,0
22299.0,20667.0,0
22312.0,20661.0,0
22304.0,20666.0,0
22309.0,20657.0,0
22304.0,20656.0,0
22303.0,20665.0,0
22305.0,20661.0,0
22323.0,20668.0,0
22302.0,20660.0,0
22315.0,20666.0,0
22301.0,20675.0,0
22308.0,20665.0,0
22311.0,20667.0,0
22313.0,20665.0,0
22315.0,20669.0,0
22309.0,20661.0,0
22306.0,20663.0,0
22305.0,20659.0,0
22316.0,20651.0,0
22307.0,20642.0,0
22294.0,20638.0,0
22294.0,20646.0,0
22299.0,20634.0,0
22297.0,20636.0,0
22291.0,20633.0,0
22288.0,20624.0,0
22300.0,20630.0,0
22293.0,20630.0,0
22289.0,20625.0,0
22285.0,20633.0,0
22285.0,20627.0,0
22287.0,20617.0,0
22284.0,20621.0,0
22282.0,20613.0,0
22282.0,20618.0,0
22279.0,20615.0,0
22289.0,20619.0,0
22282.0,20617.0,0
22272.0,20622.0,1
22269.0,20614.0,0
22283.0,20613.0,0
22282.0,20617.0,0
22279.0,20618.0,0
22280.0,20624.0,0
22272.0,20607.0,0
22283.0,20609.0,0
22283.0,20619.0,0
22282.0,20625.0,0
22274.0,20618.0,0
22277.0,20618.0,0
22275.0,20607.0,0
22269.0,20608.0,0
22274.0,20616.0,0
22270.0,20611.0,0
22269.0,20607.0,0
22272.0,20605.0,0
22268.0,20626.0,0
22287.0,20622.0,0
22270.0,20613.0,0
22280.0,20622.0,0
22274.0,20623.0,0
22276.0,20617.0,0
22274.0,20614.0,0
22271.0,20626.0,0
22271.0,20624.0,0
22266.0,20619.0,0
22272.0,20615.0,0
22272.0,20617.0,0
22268.0,20624.0,0
22278.0,20628.0,0
22282.0,20623.0,0
22276.0,20623.0,0
22275.0,20620.0,0
22271.0,20623.0,0
22281.0,20631.0,0
22271.0,20623.0,0
22282.0,20625.0,0
22277.0,20629.0,0
22279.0,20639.0,0
22272.0,20632.0,0
22284.0,20625.0,0
22279.0,20628.0,0
22274.0,20630.0,0
22287.0,20629.0,0
22274.0,20630.0,0
22285.0,20636.0,0
22283.0,20635.0,0
22278.0,20643.0,0
22267.0,20634.0,0
22269.0,20640.0,0
22280.0,20643.0,0
22285.0,20643.0,0
22284.0,20657.0,0
22293.0,20648.0,0
22285.0,20635.0,0
22278.0,20637.0,0
22273.0,20629.0,0
22271.0,20625.0,0
22272.0,20625.0,0
22267.0,20625.0,0
22260.0,20611.0,0
22262.0,20619.0,0
22259.0,20609.0,0
22257.0,20612.0,0
22257.0,20602.0,0
22260.0,20606.0,0
22268.0,20614.0,0
22253.0,20617.0,0
22254.0,20605.0,0
22256.0,20599.0,0
22256.0,20599.0,0
22245.0,20591.0,0
22247.0,20609.0,0
22239.0,20600.0,0
22252.0,20593.0,0
22238.0,20589.0,0
22243.0,20596.0,0
22251.0,20594.0,0
22258.0,20602.0,0
22245.0,20597.0,0
22243.0,20604.0,1
22243.0,20601.0,0
22258.0,20596.0,0
22255.0,20588.0,0
22247.0,20603.0,0
22256.0,20594.0,0
22248.0,20597.0,0
22244.0,20590.0,0
22242.0,20585.0,0
22250.0,20588.0,0
22237.0,20597.0,0
22246.0,20593.0,0
22246.0,20595.0,0
22240.0,20591.0,0
22241.0,20604.0,0
22248.0,20603.0,0
22249.0,20596.0,0
22243.0,20595.0,0
22244.0,20598.0,0
22240.0,20597.0,0
22243.0,20602.0,0
22244.0,20602.0,0
22257.0,20614.0,0
22258.0,20606.0,0
22252.0,20609.0,0
22260.0,20608.0,0
22260.0,20606.0,0
22256.0,20609.0,0
22252.0,20597.0,0
22262.0,20615.0,0
22252.0,20608.0,0
22256.0,20608.0,0
22251.0,20618.0,0
22259.0,20607.0,0
22253.0,20610.0,0
22261.0,20621.0,0
22254.0,20607.0,0
22257.0,20611.0,0
22267.0,20613.0,0
22263.0,20614.0,0
22262.0,20618.0,0
22264.0,20621.0,0
22261.0,20627.0,0
22264.0,20617.0,0
22264.0,20626.0,0
22264.0,20630.0,0
22254.0,20622.0,0
22263.0,20633.0,0
22258.0,20625.0,0
22259.0,20619.0,0
22258.0,20620.0,0
22256.0,20615.0,0
22254.0,20607.0,0
22256.0,20599.0,0
22236.0,20595.0,0
22237.0,20602.0,0
22247.0,20594.0,0
22246.0,20594.0,0
22239.0,20593.0,0
22226.0,20579.0,0
22233.0,20575.0,0
22227.0,20574.0,0
22233.0,20564.0,0
22231.0,20575.0,0
22228.0,20570.0,0
22229.0,20576.0,0
22238.0,20580.0,0
22235.0,20575.0,0
22230.0,20575.0,0
22240.0,20576.0,0
22228.0,20567.0,0
22221.0,20571.0,0
22224.0,20574.0,0
22227.0,20569.0,0
22224.0,20585.0,0
22232.0,20584.0,0
22237.0,20576.0,0
22237.0,20568.0,0
22227.0,20575.0,0
22221.0,20577.0,0
22230.0,20567.0,0
22225.0,20573.0,0
22231.0,20568.0,0
22238.0,20569.0,0
22227.0,20583.0,0
22239.0,20579.0,0
22238.0,20581.0,0
22231.0,20581.0,0
22239.0,20580.0,0
22242.0,20587.0,0
22234.0,20582.0,0
22247.0,20590.0,0
22235.0,20585.0,0
22240.0,20588.0,0
22231.0,20587.0,0
22232.0,20590.0,0
22232.0,20588.0,0
22235.0,20585.0,0
22223.0,20594.0,0
22238.0,20599.0,0
22237.0,20586.0,0
22230.0,20599.0,0
22237.0,20601.0,0
22232.0,20600.0,0
22236.0,20608.0,0
22240.0,20598.0,0
22235.0,20598.0,0
22236.0,20593.0,0
22240.0,20600.0,0
22236.0,20599.0,0
22241.0,20604.0,0
22251.0,20600.0,0
22246.0,20603.0,0
22237.0,20611.0,0
22242.0,20597.0,0
22242.0,20603.0,0
22235.0,20616.0,0
22237.0,20615.0,0
22239.0,20602.0,0
22250.0,20617.0,0
22253.0,20605.0,0
22244.0,20613.0,0
22255.0,20623.0,0
22255.0,20619.0,0
22236.0,20622.0,0
22257.0,20621.0,0
22243.0,20607.0,0
22242.0,20609.0,0
22245.0,20611.0,0
22241.0,20601.0,0
22244.0,20605.0,0
22244.0,20606.0,0
22232.0,20585.0,0
22228.0,20598.0,0
22226.0,20591.0,0
22224.0,20580.0,0
22229.0,20586.0,0
22211.0,20579.0,0
22214.0,20574.0,0
22218.0,20575.0,0
22212.0,20560.0,0
22212.0,20575.0,0
22211.0,20569.0,0
22216.0,20574.0,0
22203.0,20572.0,0
22206.0,20569.0,0
22202.0,20556.0,0
22209.0,20563.0,0
22208.0,20553.0,0
22193.0,20560.0,0
22197.0,20551.0,1
22197.0,20551.0,0
22206.0,20551.0,0
22203.0,20562.0,0
22208.0,20568.0,0
22204.0,20564.0,0
22211.0,20564.0,0
22211.0,20568.0,0
22209.0,20563.0,0
22201.0,20568.0,0
22209.0,20565.0,0
22207.0,20556.0,0
22197.0,20558.0,0
22194.0,20552.0,0
22196.0,20558.0,0
22197.0,20548.0,0
22200.0,20544.0,0
22192.0,20563.0,0
22202.0,20547.0,0
22199.0,20563.0,0
22205.0,20566.0,0
22195.0,20573.0,0
22194.0,20566.0,0
22202.0,20574.0,0
22201.0,20559.0,0
22200.0,20566.0,0
22201.0,20569.0,0
22193.0,20577.0,0
22193.0,20569.0,0
22197.0,20576.0,0
22200.0,20574.0,0
22205.0,20573.0,0
22190.0,20576.0,0
22203.0,20574.0,0
22195.0,20577.0,0
22199.0,20580.0,0
22194.0,20579.0,0
22205.0,20571.0,0
22206.0,20588.0,0
22206.0,20583.0,0
22209.0,20588.0,0
22203.0,20577.0,0
22203.0,20581.0,0
22210.0,20574.0,0
22205.0,20573.0,0
22208.0,20585.0,0
22212.0,20582.0,0
22202.0,20586.0,0
22209.0,20584.0,0
22202.0,20594.0,0
22205.0,20579.0,0
22218.0,20590.0,0
22215.0,20586.0,0
22198.0,20593.0,0
22207.0,20586.0,0
22213.0,20590.0,0
22221.0,20592.0,0
22211.0,20598.0,0
22200.0,20577.0,0
22202.0,20578.0,0
22197.0,20575.0,0
22200.0,20567.0,0
22190.0,20563.0,0
22187.0,20559.0,0
22192.0,20560.0,0
22188.0,20555.0,0
22181.0,20558.0,0
22181.0,20545.0,0
22187.0,20548.0,0
22178.0,20534.0,0
22173.0,20533.0,0
22168.0,20534.0,0
22179.0,20538.0,0
22168.0,20542.0,0
22164.0,20544.0,0
22164.0,20531.0,0
22174.0,20539.0,0
22173.0,20535.0,0
22173.0,20531.0,0
22169.0,20535.0,1
22168.0,20535.0,0
22174.0,20519.0,0
22172.0,20534.0,0
22173.0,20538.0,0
22183.0,20538.0,0
22175.0,20540.0,0
22177.0,20538.0,0
22170.0,20542.0,0
22173.0,20548.0,0
22181.0,20541.0,0
22189.0,20539.0,0
22175.0,20541.0,0
22172.0,20539.0,0
22175.0,20532.0,0
22163.0,20543.0,0
22176.0,20533.0,0
22175.0,20544.0,0
22178.0,20541.0,0
22179.0,20550.0,0
22185.0,20551.0,0
22185.0,20548.0,0
22187.0,20540.0,0
22174.0,20555.0,0
22189.0,20550.0,0
22188.0,20550.0,0
22189.0,20548.0,0
22183.0,20566.0,0
22188.0,20563.0,0
22182.0,20559.0,0
22196.0,20557.0,0
22187.0,20563.0,0
22197.0,20564.0,0
22191.0,20567.0,0
22199.0,20571.0,0
22202.0,20568.0,0
22187.0,20567.0,0
22193.0,20577.0,0
22186.0,20570.0,0
22204.0,20581.0,0
22205.0,20566.0,0
22194.0,20573.0,0
22205.0,20569.0,0
22192.0,20574.0,0
22201.0,20581.0,0
22194.0,20582.0,0
22200.0,20577.0,0
22189.0,20579.0,0
22192.0,20593.0,0
22201.0,20587.0,0
22199.0,20591.0,0
22197.0,20580.0,0
22204.0,20588.0,0
22205.0,20587.0,0
22194.0,20588.0,0
22202.0,20577.0,0
22204.0,20557.0,0
22193.0,20563.0,0
22187.0,20565.0,0
22181.0,20562.0,0
22177.0,20555.0,0
22174.0,20544.0,0
22173.0,20543.0,0
22179.0,20542.0,0
22168.0,20541.0,0
22172.0,20553.0,0
22156.0,20532.0,0
22169.0,20530.0,0
22170.0,20542.0,0
22160.0,20541.0,0
22157.0,20528.0,0
22163.0,20526.0,0
22161.0,20528.0,0
22147.0,20536.0,0
22155.0,20512.0,0
22141.0,20522.0,1
22148.0,20521.0,0
22161.0,20526.0,0
22155.0,20531.0,0
22153.0,20533.0,0
22165.0,20534.0,0
22154.0,20527.0,0
22144.0,20530.0,0
22153.0,20516.0,0
22148.0,20525.0,0
22142.0,20525.0,0
22151.0,20517.0,0
22148.0,20519.0,0
22145.0,20532.0,0
22144.0,20525.0,0
22155.0,20519.0,0
22148.0,20517.0,0
22154.0,20523.0,0
22149.0,20524.0,0
22158.0,20519.0,0
22157.0,20516.0,0
22153.0,20526.0,0
22150.0,20521.0,0
22163.0,20532.0,0
22158.0,20528.0,0
22162.0,20532.0,0
22154.0,20535.0,0
22159.0,20537.0,0
22161.0,20528.0,0
22158.0,20531.0,0
22153.0,20536.0,0
22152.0,20537.0,0
22159.0,20535.0,0
22152.0,20536.0,0
22144.0,20534.0,0
22146.0,20538.0,0
22137.0,20539.0,0
22162.0,20537.0,0
22166.0,20541.0,0
22160.0,20543.0,0
22159.0,20541.0,0
22155.0,20535.0,0
22159.0,20540.0,0
22155.0,20550.0,0
22160.0,20540.0,0
22161.0,20535.0,0
22155.0,20543.0,0
22150.0,20546.0,0
22167.0,20547.0,0
22174.0,20530.0,0
22168.0,20542.0,0
22157.0,20543.0,0
22174.0,20547.0,0
22164.0,20547.0,0
22172.0,20538.0,0
22152.0,20551.0,0
22160.0,20543.0,0
22155.0,20543.0,0
22157.0,20537.0,0
22160.0,20543.0,0
22155.0,20538.0,0
22149.0,20528.0,0
22150.0,20522.0,0
22140.0,20509.0,0
22150.0,20523.0,0
22127.0,20508.0,0
22131.0,20502.0,0
22139.0,20489.0,0
22119.0,20499.0,0
22125.0,20501.0,0
22124.0,20499.0,0
22141.0,20497.0,0
22134.0,20494.0,0
22132.0,20483.0,0
22128.0,20490.0,0
22119.0,20489.0,0
22110.0,20479.0,1
22116.0,20481.0,0
22114.0,20489.0,0
22115.0,20482.0,0
22124.0,20495.0,0
22116.0,20494.0,0
22121.0,20485.0,0
22127.0,20489.0,0
22116.0,20493.0,0
22123.0,20494.0,0
22119.0,20484.0,0
22116.0,20474.0,0
22110.0,20495.0,0
22114.0,20490.0,0
22123.0,20484.0,0
22116.0,20481.0,0
22121.0,20492.0,0
22117.0,20491.0,0
22117.0,20484.0,0
22124.0,20489.0,0
22116.0,20490.0,0
22117.0,20485.0,0
22125.0,20489.0,0
22116.0,20485.0,0
22128.0,20491.0,0
22127.0,20488.0,0
22121.0,20491.0,0
22107.0,20492.0,0
22133.0,20494.0,0
22113.0,20492.0,0
22120.0,20491.0,0
22108.0,20490.0,0
22113.0,20503.0,0
22124.0,20489.0,0
22119.0,20496.0,0
22127.0,20499.0,0
22130.0,20497.0,0
22124.0,20502.0,0
22121.0,20502.0,0
22115.0,20504.0,0
22125.0,20508.0,0
22117.0,20511.0,0
22112.0,20506.0,0
22109.0,20507.0,0
22115.0,20501.0,0
22115.0,20505.0,0
22112.0,20516.0,0
22120.0,20520.0,0
22119.0,20508.0,0
22130.0,20517.0,0
22128.0,20517.0,0
22125.0,20512.0,0
22123.0,20528.0,0
22125.0,20514.0,0
22123.0,20523.0,0
22127.0,20523.0,0
22117.0,20518.0,0
22124.0,20531.0,0
22127.0,20520.0,0
22132.0,20526.0,0
22129.0,20520.0,0
22134.0,20525.0,0
22131.0,20520.0,0
22132.0,20521.0,0
22121.0,20517.0,0
22123.0,20513.0,0
22116.0,20513.0,0
22120.0,20498.0,0
22115.0,20499.0,0
22107.0,20486.0,0
22097.0,20483.0,0
22106.0,20477.0,0
22102.0,20479.0,0
22102.0,20481.0,0
22085.0,20476.0,0
22078.0,20458.0,0
22090.0,20463.0,0
22088.0,20471.0,0
22087.0,20475.0,0
22091.0,20472.0,0
22079.0,20464.0,0
22078.0,20472.0,0
22091.0,20461.0,0
22081.0,20466.0,0
22092.0,20471.0,0
22087.0,20461.0,0
22095.0,20470.0,0
22094.0,20470.0,0
22090.0,20461.0,0
22091.0,20471.0,0
22083.0,20484.0,0
22090.0,20466.0,0
22090.0,20473.0,0
22106.0,20473.0,0
22093.0,20474.0,0
22089.0,20479.0,0
22092.0,20473.0,0
22088.0,20467.0,1
22095.0,20469.0,0
22087.0,20479.0,0
22088.0,20476.0,0
22095.0,20472.0,0
22081.0,20484.0,0
22096.0,20485.0,0
22095.0,20488.0,0
22111.0,20483.0,0
22094.0,20483.0,0
22095.0,20489.0,0
22101.0,20492.0,0
22094.0,20489.0,0
22097.0,20489.0,0
22103.0,20497.0,0
22102.0,20506.0,0
22111.0,20497.0,0
22111.0,20490.0,0
22104.0,20497.0,0
22099.0,20513.0,0
22104.0,20496.0,0
22107.0,20508.0,0
22098.0,20500.0,0
22099.0,20502.0,0
22113.0,20507.0,0
22105.0,20512.0,0
22111.0,20509.0,0
22113.0,20508.0,0
22115.0,20512.0,0
22117.0,20511.0,0
22108.0,20504.0,0
22110.0,20523.0,0
22113.0,20509.0,0
22127.0,20518.0,0
22122.0,20510.0,0
22107.0,20510.0,0
22114.0,20525.0,0
22119.0,20520.0,0
22119.0,20528.0,0
22122.0,20516.0,0
22124.0,20520.0,0
22118.0,20525.0,0
22114.0,20518.0,0
22096.0,20509.0,0
22112.0,20506.0,0
22106.0,20510.0,0
22094.0,20496.0,0
22092.0,20499.0,0
22097.0,20494.0,0
22097.0,20495.0,0
22083.0,20483.0,0
22083.0,20471.0,0
22069.0,20462.0,0
22079.0,20468.0,0
22083.0,20472.0,0
22087.0,20479.0,0
22092.0,20473.0,0
22079.0,20471.0,0
22084.0,20458.0,0
22080.0,20473.0,0
22084.0,20468.0,0
22066.0,20466.0,0
22074.0,20466.0,0
22085.0,20477.0,0
22077.0,20477.0,0
22080.0,20469.0,0
22086.0,20469.0,0
22078.0,20460.0,1
22096.0,20470.0,0
22094.0,20471.0,0
22082.0,20471.0,0
22092.0,20475.0,0
22091.0,20479.0,0
22094.0,20476.0,0
22087.0,20469.0,0
22089.0,20475.0,0
22087.0,20471.0,0
22084.0,20458.0,0
22084.0,20470.0,0
22079.0,20461.0,0
22085.0,20472.0,0
22080.0,20468.0,0
22074.0,20474.0,0
22083.0,20466.0,0
22086.0,20470.0,0
22076.0,20476.0,0
22082.0,20482.0,0
22090.0,20472.0,0
22084.0,20477.0,0
22084.0,20472.0,0
22075.0,20481.0,0
22092.0,20474.0,0
22080.0,20477.0,0
22086.0,20482.0,0
22092.0,20484.0,0
22084.0,20480.0,0
22086.0,20483.0,0
22083.0,20477.0,0
22092.0,20491.0,0
22084.0,20490.0,0
22085.0,20493.0,0
22092.0,20488.0,0
22084.0,20501.0,0
22087.0,20487.0,0
22089.0,20498.0,0
22095.0,20489.0,0
22098.0,20494.0,0
22095.0,20495.0,0
22098.0,20494.0,0
22097.0,20492.0,0
22100.0,20488.0,0
22093.0,20492.0,0
22093.0,20497.0,0
22096.0,20497.0,0
22102.0,20497.0,0
22101.0,20504.0,0
22104.0,20500.0,0
22093.0,20503.0,0
22099.0,20510.0,0
22104.0,20511.0,0
22100.0,20506.0,0
22104.0,20509.0,0
22090.0,20486.0,0
22093.0,20483.0,0
22081.0,20473.0,0
22081.0,20474.0,0
22085.0,20479.0,0
22083.0,20476.0,0
22078.0,20465.0,0
22081.0,20466.0,0
22061.0,20468.0,0
22072.0,20449.0,0
22072.0,20451.0,0
22070.0,20460.0,0
22071.0,20464.0,0
22070.0,20466.0,0
22073.0,20469.0,0
22074.0,20454.0,0
22070.0,20456.0,0
22061.0,20445.0,0
22055.0,20439.0,0
22057.0,20442.0,1
22061.0,20449.0,0
22063.0,20439.0,0
22060.0,20455.0,0
22069.0,20455.0,0
22077.0,20456.0,0
22076.0,20452.0,0
22065.0,20451.0,0
22063.0,20447.0,0
22054.0,20441.0,0
22063.0,20442.0,0
22062.0,20448.0,0
22065.0,20442.0,0
22062.0,20442.0,0
22060.0,20456.0,0
22061.0,20451.0,0
22069.0,20457.0,0
22067.0,20453.0,0
22063.0,20449.0,0
22056.0,20452.0,0
22069.0,20459.0,0
22062.0,20455.0,0
22069.0,20452.0,0
22062.0,20461.0,0
22062.0,20457.0,0
22073.0,20460.0,0
22075.0,20465.0,0
22062.0,20465.0,0
22064.0,20462.0,0
22062.0,20463.0,0
22064.0,20464.0,0
22063.0,20466.0,0
22071.0,20468.0,0
22062.0,20470.0,0
22072.0,20481.0,0
22072.0,20476.0,0
22075.0,20474.0,0
22073.0,20472.0,0
22072.0,20476.0,0
22070.0,20476.0,0
22072.0,20476.0,0
22078.0,20480.0,0
22068.0,20472.0,0
22068.0,20480.0,0
22070.0,20482.0,0
22079.0,20488.0,0
22083.0,20494.0,0
22073.0,20492.0,0
22078.0,20494.0,0
22087.0,20487.0,0
22088.0,20483.0,0
22081.0,20494.0,0
22074.0,20494.0,0
22079.0,20487.0,0
22081.0,20491.0,0
22078.0,20489.0,0
22076.0,20487.0,0
22065.0,20485.0,0
22061.0,20470.0,0
22062.0,20471.0,0
22069.0,20464.0,0
22054.0,20453.0,0
22049.0,20469.0,0
22059.0,20454.0,0
22036.0,20448.0,0
22054.0,20454.0,0
22039.0,20445.0,0
22039.0,20441.0,0
22045.0,20441.0,0
22043.0,20444.0,0
22024.0,20446.0,0
22027.0,20435.0,0
22016.0,20438.0,0
22023.0,20426.0,0
22017.0,20424.0,0
22011.0,20418.0,0
22025.0,20418.0,0
22023.0,20432.0,0
22026.0,20432.0,0
22031.0,20429.0,0
22025.0,20429.0,0
22019.0,20432.0,0
22013.0,20423.0,0
22015.0,20431.0,0
22032.0,20429.0,0
22026.0,20430.0,0
22022.0,20430.0,0
22017.0,20432.0,0
22038.0,20438.0,0
22038.0,20435.0,0
22031.0,20431.0,0
22027.0,20433.0,0
22022.0,20437.0,0
22025.0,20437.0,0
22038.0,20444.0,0
22027.0,20437.0,0
22033.0,20445.0,0
22045.0,20445.0,0
22046.0,20445.0,0
22041.0,20450.0,0
22050.0,20449.0,0
22046.0,20454.0,0
22039.0,20454.0,0
22043.0,20445.0,0
22045.0,20453.0,0
22035.0,20451.0,0
22033.0,20457.0,0
22044.0,20459.0,0
22045.0,20465.0,0
22066.0,20467.0,0
22053.0,20464.0,0
22062.0,20469.0,0
22055.0,20471.0,0
22065.0,20464.0,0
22063.0,20461.0,0
22048.0,20460.0,0
22053.0,20471.0,0
22063.0,20472.0,0
22057.0,20476.0,0
22058.0,20468.0,0
22057.0,20471.0,0
22060.0,20473.0,0
22057.0,20484.0,0
22067.0,20483.0,0
22077.0,20478.0,0
22060.0,20477.0,0
22057.0,20478.0,0
22064.0,20483.0,0
22068.0,20483.0,0
22071.0,20486.0,0
22057.0,20492.0,0
22068.0,20474.0,0
22056.0,20472.0,0
22054.0,20469.0,0
22047.0,20449.0,0
22063.0,20453.0,0
22045.0,20444.0,0
22039.0,20446.0,0
22048.0,20449.0,0
22034.0,20437.0,0
22036.0,20432.0,0
22024.0,20431.0,0
22032.0,20426.0,0
22022.0,20422.0,0
22020.0,20425.0,0
22030.0,20432.0,0
22017.0,20421.0,0
22033.0,20421.0,0
22022.0,20422.0,0
22021.0,20426.0,0
22022.0,20418.0,0
22017.0,20433.0,0
22023.0,20425.0,0
22041.0,20426.0,1
22046.0,20435.0,0
22039.0,20431.0,0
22037.0,20437.0,0
22038.0,20429.0,0
22029.0,20434.0,0
22035.0,20444.0,0
22032.0,20443.0,0
22036.0,20437.0,0
22040.0,20438.0,0
22042.0,20449.0,0
22051.0,20434.0,0
22042.0,20451.0,0
22044.0,20443.0,0
22044.0,20450.0,0
22039.0,20444.0,0
22045.0,20447.0,0
22036.0,20449.0,0
22043.0,20454.0,0
22041.0,20446.0,0
22043.0,20455.0,0
22047.0,20454.0,0
22044.0,20446.0,0
22044.0,20467.0,0
22046.0,20456.0,0
22050.0,20460.0,0
22052.0,20461.0,0
22051.0,20454.0,0
22045.0,20463.0,0
22055.0,20460.0,0
22045.0,20456.0,0
22056.0,20459.0,0
22047.0,20457.0,0
22055.0,20458.0,0
22056.0,20466.0,0
22063.0,20470.0,0
22057.0,20463.0,0
22062.0,20468.0,0
22054.0,20470.0,0
22053.0,20479.0,0
22048.0,20473.0,0
22052.0,20465.0,0
22051.0,20475.0,0
22059.0,20475.0,0
22061.0,20473.0,0
22057.0,20483.0,0
22065.0,20481.0,0
22071.0,20477.0,0
22068.0,20477.0,0
22073.0,20471.0,0
22061.0,20471.0,0
22062.0,20461.0,0
22061.0,20459.0,0
22047.0,20463.0,0
22034.0,20444.0,0
22046.0,20453.0,0
22038.0,20441.0,0
22043.0,20440.0,0
22047.0,20453.0,0
22046.0,20443.0,0
22024.0,20428.0,0
22029.0,20431.0,0
22022.0,20420.0,0
22006.0,20426.0,0
22023.0,20433.0,0
22020.0,20413.0,0
22021.0,20426.0,0
22011.0,20426.0,0
22014.0,20421.0,0
22014.0,20422.0,0
22009.0,20414.0,0
22002.0,20423.0,0
22012.0,20430.0,0
22010.0,20420.0,0
22007.0,20424.0,0
22017.0,20428.0,0
22013.0,20427.0,0
22021.0,20416.0,0
22017.0,20421.0,0
22021.0,20413.0,0
22013.0,20419.0,0
22027.0,20431.0,0
22022.0,20429.0,0
22023.0,20425.0,0
22023.0,20418.0,0
22019.0,20427.0,0
22006.0,20419.0,0
22017.0,20422.0,0
22020.0,20418.0,0
22020.0,20422.0,0
22019.0,20416.0,0
22021.0,20414.0,0
22017.0,20424.0,0
22024.0,20428.0,0
22025.0,20432.0,0
22024.0,20434.0,0
22031.0,20430.0,0
22019.0,20431.0,0
22016.0,20432.0,0
22023.0,20435.0,0
22029.0,20434.0,0
22016.0,20426.0,0
22035.0,20435.0,0
22020.0,20428.0,0
22025.0,20437.0,0
22037.0,20447.0,0
22027.0,20435.0,0
22037.0,20448.0,0
22032.0,20439.0,0
22034.0,20449.0,0
22033.0,20454.0,0
22039.0,20444.0,0
22033.0,20444.0,0
22051.0,20446.0,0
22035.0,20448.0,0
22036.0,20454.0,0
22050.0,20449.0,0
22041.0,20446.0,0
22043.0,20455.0,0
22047.0,20454.0,0
22055.0,20458.0,0
22052.0,20466.0,0
22051.0,20465.0,0
22046.0,20459.0,0
22050.0,20463.0,0
22043.0,20464.0,0
22051.0,20461.0,0
22036.0,20447.0,0
22027.0,20451.0,0
22034.0,20447.0,0
22028.0,20447.0,0
22034.0,20444.0,0
22033.0,20436.0,0
22028.0,20423.0,0
22013.0,20423.0,0
22009.0,20422.0,0
21998.0,20419.0,0
21998.0,20410.0,0
21994.0,20400.0,0
22010.0,20405.0,0
21990.0,20414.0,0
22003.0,20405.0,0
21986.0,20406.0,0
22011.0,20398.0,0
21984.0,20399.0,0
21989.0,20394.0,0
21979.0,20384.0,0
21986.0,20390.0,0
21977.0,20380.0,0
21978.0,20390.0,0
21971.0,20396.0,0
21983.0,20392.0,0
21977.0,20394.0,0
21977.0,20381.0,0
21983.0,20393.0,0
21983.0,20401.0,1
21978.0,20397.0,0
21982.0,20404.0,0
21989.0,20400.0,0
21986.0,20399.0,0
21984.0,20392.0,0
21984.0,20397.0,0
21981.0,20392.0,0
21987.0,20405.0,0
21986.0,20393.0,0
21986.0,20394.0,0
21990.0,20401.0,0
21990.0,20406.0,0
21989.0,20404.0,0
21991.0,20403.0,0
21989.0,20412.0,0
22000.0,20415.0,0
22005.0,20420.0,0
22001.0,20421.0,0
22003.0,20410.0,0
21998.0,20410.0,0
21990.0,20420.0,0
21982.0,20414.0,0
21998.0,20426.0,0
22002.0,20427.0,0
21998.0,20432.0,0
21993.0,20418.0,0
22008.0,20433.0,0
22000.0,20431.0,0
22005.0,20431.0,0
21994.0,20430.0,0
22005.0,20431.0,0
22001.0,20433.0,0
21995.0,20436.0,0
21994.0,20439.0,0
22001.0,20432.0,0
22008.0,20443.0,0
22012.0,20438.0,0
22012.0,20444.0,0
22011.0,20439.0,0
22007.0,20438.0,0
22019.0,20442.0,0
22021.0,20441.0,0
22008.0,20445.0,0
22021.0,20442.0,0
22009.0,20433.0,0
22011.0,20434.0,0
21996.0,20427.0,0
21988.0,20423.0,0
21997.0,20417.0,0
21982.0,20404.0,0
21981.0,20408.0,0
21971.0,20399.0,0
21978.0,20401.0,0
21975.0,20385.0,0
21972.0,20385.0,0
21968.0,20381.0,0
21962.0,20383.0,0
21961.0,20377.0,0
21968.0,20388.0,0
21963.0,20381.0,0
21956.0,20379.0,0
21954.0,20366.0,0
21954.0,20372.0,0
21963.0,20377.0,0
21964.0,20379.0,0
21968.0,20388.0,0
21973.0,20389.0,0
21976.0,20387.0,0
21973.0,20390.0,0
21974.0,20388.0,0
21977.0,20380.0,0
21971.0,20392.0,0
21969.0,20387.0,0
21987.0,20388.0,0
21988.0,20396.0,0
21976.0,20382.0,0
21982.0,20388.0,0
21977.0,20384.0,0
21979.0,20386.0,0
21974.0,20391.0,0
21991.0,20401.0,0
21980.0,20409.0,0
21989.0,20407.0,0
21999.0,20412.0,0
21988.0,20406.0,0
21996.0,20407.0,0
21990.0,20404.0,0
22002.0,20426.0,0
21994.0,20415.0,0
21994.0,20417.0,0
21981.0,20408.0,0
21992.0,20421.0,0
21998.0,20417.0,0
21992.0,20422.0,0
21989.0,20422.0,0
22011.0,20417.0,0
22008.0,20427.0,0
22008.0,20423.0,0
22006.0,20430.0,0
22010.0,20437.0,0
22016.0,20426.0,0
22007.0,20433.0,0
22009.0,20433.0,0
22004.0,20431.0,0
22001.0,20434.0,0
21997.0,20439.0,0
22004.0,20430.0,0
22006.0,20432.0,0
22012.0,20438.0,0
22010.0,20445.0,0
22018.0,20439.0,0
22017.0,20433.0,0
22021.0,20440.0,0
22014.0,20444.0,0
22013.0,20452.0,0
22004.0,20448.0,0
21996.0,20448.0,0
22011.0,20451.0,0
22015.0,20443.0,0
22013.0,20436.0,0
22020.0,20431.0,0
22010.0,20438.0,0
22013.0,20424.0,0
22003.0,20418.0,0
21989.0,20413.0,0
21993.0,20405.0,0
21990.0,20408.0,0
21989.0,20401.0,0
21995.0,20399.0,0
21975.0,20393.0,0
21983.0,20385.0,0
21979.0,20388.0,0
21978.0,20392.0,0
21974.0,20398.0,0
21972.0,20382.0,0
21970.0,20407.0,0
21971.0,20385.0,0
21971.0,20400.0,0
21974.0,20385.0,0
21967.0,20391.0,0
21959.0,20388.0,0
21974.0,20381.0,0
21969.0,20389.0,0
21978.0,20377.0,0
21971.0,20388.0,0
21983.0,20394.0,0
21977.0,20389.0,0
21970.0,20399.0,0
21975.0,20396.0,0
21979.0,20402.0,0
21968.0,20390.0,0
21962.0,20387.0,0
21973.0,20392.0,0
21959.0,20379.0,0
21973.0,20387.0,0
21962.0,20390.0,0
21974.0,20389.0,0
21979.0,20396.0,0
21974.0,20388.0,0
21970.0,20389.0,0
21969.0,20387.0,0
21968.0,20389.0,0
21977.0,20393.0,0
21974.0,20395.0,0
21975.0,20393.0,0
21974.0,20396.0,0
21974.0,20393.0,0
21966.0,20406.0,0
21974.0,20392.0,0
21981.0,20404.0,0
21970.0,20396.0,0
21977.0,20403.0,0
21973.0,20394.0,0
21979.0,20404.0,0
21979.0,20404.0,0
21982.0,20413.0,0
21988.0,20412.0,0
21993.0,20405.0,0
21988.0,20407.0,0
21987.0,20425.0,0
21979.0,20410.0,0
21982.0,20413.0,0
21977.0,20412.0,0
21982.0,20417.0,0
21992.0,20421.0,0
21992.0,20417.0,0
21984.0,20421.0,0
21984.0,20431.0,0
22000.0,20422.0,0
21994.0,20428.0,0
21994.0,20441.0,0
21993.0,20431.0,0
21992.0,20425.0,0
21993.0,20436.0,0
21997.0,20421.0,0
22007.0,20435.0,0
22003.0,20429.0,0
21997.0,20427.0,0
21999.0,20426.0,0
21996.0,20428.0,0
21988.0,20414.0,0
21975.0,20408.0,0
21971.0,20405.0,0
21968.0,20404.0,0
21956.0,20401.0,0
21957.0,20388.0,0
21967.0,20392.0,0
21961.0,20392.0,0
21954.0,20377.0,0
21957.0,20381.0,0
21956.0,20379.0,0
21952.0,20375.0,0
21951.0,20368.0,0
21942.0,20367.0,0
21950.0,20362.0,0
21950.0,20364.0,0
21945.0,20366.0,0
21934.0,20369.0,0
21948.0,20360.0,0
21938.0,20365.0,0
21942.0,20357.0,0
21943.0,20361.0,1
21939.0,20361.0,0
21943.0,20361.0,0
21939.0,20361.0,0
21951.0,20373.0,0
21942.0,20377.0,0
21946.0,20365.0,0
21945.0,20362.0,0
21945.0,20362.0,0
21949.0,20379.0,0
21949.0,20365.0,0
21940.0,20365.0,0
21930.0,20363.0,0
21941.0,20369.0,0
21945.0,20359.0,0
21945.0,20363.0,0
21932.0,20373.0,0
21949.0,20365.0,0
21951.0,20379.0,0
21939.0,20371.0,0
21947.0,20374.0,0
21949.0,20385.0,0
21947.0,20384.0,0
21956.0,20377.0,0
21936.0,20379.0,0
21950.0,20383.0,0
21950.0,20382.0,0
21953.0,20381.0,0
21948.0,20389.0,0
21965.0,20396.0,0
21957.0,20409.0,0
21952.0,20397.0,0
21958.0,20392.0,0
21954.0,20402.0,0
21952.0,20400.0,0
21960.0,20398.0,0
21963.0,20398.0,0
21963.0,20395.0,0
21957.0,20400.0,0
21964.0,20406.0,0
21962.0,20406.0,0
21964.0,20401.0,0
21961.0,20399.0,0
21959.0,20405.0,0
21956.0,20420.0,0
21970.0,20411.0,0
21967.0,20417.0,0
21984.0,20422.0,0
21967.0,20419.0,0
21970.0,20418.0,0
21978.0,20403.0,0
21973.0,20412.0,0
21982.0,20424.0,0
21970.0,20421.0,0
21962.0,20400.0,0
21954.0,20403.0,0
21956.0,20401.0,0
21950.0,20400.0,0
21954.0,20394.0,0
21954.0,20388.0,0
21944.0,20374.0,0
21942.0,20368.0,0
21923.0,20365.0,0
21921.0,20365.0,0
21909.0,20361.0,0
21930.0,20358.0,0
21922.0,20350.0,0
21934.0,20358.0,0
21936.0,20364.0,0
21922.0,20362.0,0
21929.0,20352.0,0
21925.0,20357.0,0
21925.0,20352.0,0
21921.0,20366.0,0
21909.0,20348.0,0
21907.0,20349.0,0
21915.0,20357.0,0
21921.0,20363.0,0
21916.0,20367.0,0
21935.0,20356.0,0
21930.0,20363.0,0
21933.0,20365.0,0
21927.0,20363.0,0
21942.0,20363.0,0
21931.0,20361.0,0
21931.0,20366.0,0
21927.0,20360.0,0
21920.0,20366.0,0
21933.0,20361.0,0
21933.0,20364.0,0
21936.0,20376.0,0
21948.0,20380.0,0
21946.0,20381.0,0
21955.0,20386.0,0
21951.0,20384.0,0
21937.0,20382.0,0
21939.0,20379.0,0
21953.0,20375.0,0
21940.0,20385.0,0
21958.0,20392.0,0
21956.0,20385.0,0
21952.0,20390.0,0
21948.0,20399.0,0
21956.0,20389.0,0
21961.0,20402.0,0
21954.0,20404.0,0
21959.0,20396.0,0
21953.0,20402.0,0
21954.0,20399.0,0
21959.0,20408.0,0
21962.0,20408.0,0
21956.0,20414.0,0
21959.0,20411.0,0
21960.0,20411.0,0
21966.0,20413.0,0
21969.0,20424.0,0
21965.0,20405.0,0
21972.0,20418.0,0
21973.0,20415.0,0
21970.0,20413.0,0
21982.0,20418.0,0
21971.0,20418.0,0
21984.0,20420.0,0
21966.0,20418.0,0
21974.0,20426.0,0
21971.0,20421.0,0
21975.0,20435.0,0
21975.0,20439.0,0
21983.0,20440.0,0
21972.0,20433.0,0
21973.0,20428.0,0
21973.0,20429.0,0
21971.0,20429.0,0
21966.0,20420.0,0
21961.0,20411.0,0
21955.0,20404.0,0
21948.0,20402.0,0
21944.0,20392.0,0
21938.0,20391.0,0
21947.0,20389.0,0
21943.0,20377.0,0
21932.0,20369.0,0
21936.0,20373.0,0
21941.0,20377.0,0
21927.0,20370.0,0
21928.0,20372.0,0
21943.0,20380.0,0
21937.0,20374.0,0
21944.0,20375.0,0
21943.0,20365.0,0
21935.0,20368.0,0
21933.0,20371.0,0
21930.0,20374.0,0
21934.0,20373.0,0
21927.0,20377.0,0
21928.0,20373.0,0
21937.0,20382.0,0
21929.0,20370.0,0
21928.0,20376.0,0
21938.0,20374.0,0
21928.0,20380.0,0
21938.0,20380.0,0
21938.0,20373.0,0
21932.0,20378.0,0
21933.0,20380.0,0
21937.0,20371.0,0
21930.0,20383.0,0
21937.0,20366.0,0
21935.0,20371.0,0
21933.0,20376.0,0
21939.0,20381.0,0
21946.0,20383.0,0
21942.0,20382.0,0
21952.0,20388.0,0
21943.0,20385.0,0
21945.0,20376.0,0
21935.0,20384.0,0
21942.0,20377.0,0
21931.0,20385.0,0
21927.0,20389.0,0
21939.0,20389.0,0
21942.0,20396.0,0
21946.0,20392.0,0
21935.0,20389.0,0
21942.0,20385.0,0
21930.0,20390.0,0
21943.0,20394.0,0
21938.0,20389.0,0
21932.0,20385.0,0
21938.0,20385.0,0
21942.0,20394.0,0
21940.0,20396.0,0
21927.0,20377.0,0
21930.0,20388.0,0
21929.0,20382.0,0
21936.0,20380.0,0
21939.0,20389.0,0
21935.0,20382.0,0
21939.0,20391.0,0
21940.0,20391.0,0
21937.0,20398.0,0
21938.0,20395.0,0
21930.0,20392.0,0
21948.0,20395.0,0
21926.0,20388.0,0
21944.0,20388.0,0
21940.0,20396.0,0
21949.0,20390.0,0
21946.0,20400.0,0
21953.0,20401.0,0
21944.0,20394.0,0
21940.0,20390.0,0
21938.0,20387.0,0
21928.0,20389.0,0
21924.0,20383.0,0
21922.0,20374.0,0
21914.0,20355.0,0
21916.0,20354.0,0
21905.0,20355.0,0
21899.0,20339.0,0
21895.0,20345.0,0
21884.0,20337.0,0
21882.0,20333.0,0
21885.0,20335.0,0
21885.0,20322.0,0
21889.0,20331.0,0
21876.0,20343.0,0
21884.0,20323.0,0
21875.0,20331.0,0
21873.0,20323.0,0
21865.0,20342.0,0
21868.0,20323.0,0
21879.0,20333.0,0
21881.0,20320.0,0
21871.0,20318.0,0
21873.0,20334.0,0
21870.0,20321.0,0
21874.0,20325.0,0
21866.0,20326.0,0
21871.0,20319.0,0
21868.0,20325.0,0
21877.0,20316.0,0
21870.0,20324.0,0
21875.0,20329.0,0
21862.0,20319.0,0
21863.0,20319.0,0
21873.0,20316.0,0
21865.0,20326.0,0
21874.0,20333.0,0
21885.0,20339.0,0
21878.0,20328.0,0
21876.0,20333.0,0
21873.0,20343.0,0
21876.0,20342.0,0
21877.0,20339.0,0
21883.0,20339.0,0
21878.0,20350.0,0
21885.0,20344.0,0
21887.0,20352.0,0
21897.0,20357.0,0
21885.0,20356.0,0
21889.0,20361.0,0
21886.0,20359.0,0
21890.0,20357.0,0
21894.0,20352.0,0
21891.0,20359.0,0
21886.0,20347.0,0
21891.0,20363.0,0
21890.0,20362.0,0
21884.0,20362.0,0
21891.0,20357.0,0
21882.0,20362.0,0
21887.0,20364.0,0
21902.0,20363.0,0
21906.0,20367.0,0
21897.0,20378.0,0
21910.0,20383.0,0
21908.0,20381.0,0
21900.0,20379.0,0
21912.0,20378.0,0
21899.0,20367.0,0
21902.0,20378.0,0
21909.0,20384.0,0
21907.0,20380.0,0
21915.0,20371.0,0
21903.0,20369.0,0
21892.0,20369.0,0
21897.0,20364.0,0
21883.0,20354.0,0
21892.0,20350.0,0
21883.0,20347.0,0
21883.0,20337.0,0
21877.0,20332.0,0
21888.0,20334.0,0
21864.0,20319.0,0
21879.0,20321.0,0
21869.0,20313.0,0
21861.0,20321.0,0
21866.0,20317.0,0
21862.0,20317.0,0
21869.0,20324.0,0
21855.0,20325.0,0
21864.0,20317.0,0
21863.0,20316.0,0
21854.0,20302.0,0
21853.0,20316.0,0
21859.0,20319.0,0
21870.0,20328.0,0
21874.0,20326.0,0
21882.0,20342.0,0
21878.0,20333.0,0
21868.0,20338.0,0
21884.0,20336.0,0
21872.0,20336.0,0
21873.0,20338.0,0
21886.0,20340.0,0
21888.0,20338.0,0
21886.0,20344.0,0
21884.0,20344.0,0
21872.0,20337.0,0
21889.0,20337.0,0
21890.0,20342.0,0
21889.0,20340.0,0
21893.0,20350.0,0
21901.0,20357.0,0
21898.0,20349.0,0
21887.0,20347.0,0
21886.0,20353.0,0
21892.0,20352.0,0
21892.0,20363.0,0
21891.0,20361.0,0
21901.0,20357.0,0
21900.0,20359.0,0
21895.0,20359.0,0
21906.0,20364.0,0
21902.0,20363.0,0
21912.0,20367.0,0
21904.0,20363.0,0
21904.0,20372.0,0
21910.0,20376.0,0
21912.0,20372.0,0
21908.0,20378.0,0
21906.0,20376.0,0
21906.0,20367.0,0
21920.0,20366.0,0
21901.0,20371.0,0
21919.0,20377.0,0
21904.0,20379.0,0
21909.0,20376.0,0
21912.0,20368.0,0
21914.0,20382.0,0
21920.0,20389.0,0
21912.0,20396.0,0
21909.0,20377.0,0
21919.0,20378.0,0
21918.0,20382.0,0
21916.0,20386.0,0
21914.0,20397.0,0
21915.0,20389.0,0
21896.0,20382.0,0
21898.0,20373.0,0
21896.0,20364.0,0
21897.0,20351.0,0
21887.0,20354.0,0
21884.0,20349.0,0
21879.0,20344.0,0
21888.0,20338.0,0
21881.0,20339.0,0
21881.0,20342.0,0
21875.0,20329.0,0
21876.0,20337.0,0
21874.0,20337.0,0
21868.0,20341.0,0
21873.0,20323.0,0
21863.0,20338.0,0
21887.0,20325.0,0
21869.0,20328.0,0
21879.0,20306.0,0
21870.0,20327.0,0
21867.0,20319.0,0
21880.0,20328.0,0
21876.0,20331.0,0
21890.0,20327.0,0
21875.0,20331.0,0
21876.0,20341.0,0
21876.0,20338.0,0
21870.0,20333.0,0
21874.0,20338.0,0
21875.0,20340.0,0
21865.0,20350.0,0
21864.0,20331.0,0
21884.0,20336.0,0
21877.0,20332.0,0
21879.0,20332.0,0
21875.0,20331.0,0
21880.0,20336.0,0
21875.0,20331.0,0
21880.0,20338.0,0
21884.0,20335.0,0
21879.0,20333.0,0
21876.0,20349.0,0
21870.0,20342.0,0
21879.0,20339.0,0
21879.0,20339.0,0
21875.0,20353.0,0
21873.0,20343.0,0
21877.0,20343.0,0
21884.0,20340.0,0
21889.0,20354.0,0
21886.0,20357.0,0
21883.0,20355.0,0
21888.0,20348.0,0
21878.0,20353.0,0
21880.0,20351.0,0
21887.0,20357.0,0
21893.0,20353.0,0
21891.0,20355.0,0
21895.0,20354.0,0
21885.0,20359.0,0
21888.0,20365.0,0
21884.0,20366.0,0
21893.0,20361.0,0
21898.0,20364.0,0
21887.0,20362.0,0
21893.0,20371.0,0
21900.0,20376.0,0
21905.0,20369.0,0
21897.0,20370.0,0
21895.0,20375.0,0
21898.0,20381.0,0
21896.0,20384.0,0
21886.0,20383.0,0
21895.0,20378.0,0
21895.0,20372.0,0
21875.0,20364.0,0
21875.0,20358.0,0
21864.0,20347.0,0
21875.0,20349.0,0
21875.0,20346.0,0
21863.0,20341.0,0
21861.0,20338.0,0
21860.0,20322.0,0
21843.0,20315.0,0
21843.0,20323.0,0
21829.0,20309.0,0
21843.0,20309.0,0
21832.0,20307.0,0
21837.0,20306.0,0
21837.0,20306.0,0
21840.0,20308.0,0
21841.0,20300.0,0
21827.0,20289.0,0
21811.0,20289.0,0
21827.0,20285.0,0
21820.0,20290.0,0
21822.0,20293.0,0
21822.0,20285.0,0
21835.0,20299.0,0
21835.0,20293.0,0
21836.0,20299.0,0
21833.0,20291.0,0
21830.0,20300.0,0
21834.0,20296.0,0
21831.0,20290.0,0
21827.0,20295.0,0
21833.0,20293.0,0
21820.0,20296.0,0
21828.0,20295.0,0
21835.0,20296.0,0
21833.0,20310.0,0
21842.0,20305.0,0
21835.0,20310.0,0
21841.0,20307.0,0
21842.0,20307.0,0
21828.0,20312.0,0
21830.0,20295.0,0
21830.0,20303.0,0
21840.0,20311.0,0
21840.0,20316.0,0
21845.0,20312.0,0
21841.0,20312.0,0
21841.0,20320.0,0
21851.0,20312.0,0
21853.0,20323.0,0
21854.0,20327.0,0
21848.0,20326.0,0
21852.0,20323.0,0
21852.0,20328.0,0
21857.0,20334.0,0
21862.0,20339.0,0
21859.0,20330.0,0
21853.0,20340.0,0
21867.0,20342.0,0
21856.0,20339.0,0
21862.0,20334.0,0
21869.0,20338.0,0
21868.0,20346.0,0
21868.0,20348.0,0
21859.0,20355.0,0
21874.0,20342.0,0
21869.0,20343.0,0
21877.0,20361.0,0
21867.0,20342.0,0
21872.0,20351.0,0
21876.0,20354.0,0
21868.0,20351.0,0
21874.0,20356.0,0
21862.0,20343.0,0
21854.0,20330.0,0
21849.0,20328.0,0
21846.0,20326.0,0
21848.0,20312.0,0
21842.0,20311.0,0
21828.0,20303.0,0
21831.0,20300.0,0
21806.0,20291.0,0
21819.0,20275.0,0
21800.0,20284.0,0
21799.0,20273.0,0
21814.0,20284.0,0
21810.0,20273.0,0
21809.0,20281.0,0
21814.0,20274.0,0
21807.0,20282.0,0
21803.0,20275.0,0
21806.0,20278.0,0
21806.0,20275.0,0
21815.0,20284.0,0
21818.0,20289.0,0
21825.0,20291.0,0
21827.0,20284.0,0
21820.0,20293.0,0
21838.0,20291.0,0
21834.0,20296.0,0
21825.0,20295.0,0
21827.0,20306.0,0
21828.0,20310.0,0
21831.0,20295.0,0
21834.0,20305.0,0
21820.0,20300.0,0
21823.0,20296.0,0
21821.0,20303.0,0
21840.0,20302.0,0
21822.0,20302.0,0
21828.0,20307.0,0
21829.0,20306.0,0
21836.0,20304.0,0
21827.0,20307.0,0
21826.0,20302.0,0
21827.0,20310.0,0
21828.0,20306.0,0
21838.0,20313.0,0
21849.0,20312.0,0
21828.0,20302.0,0
21832.0,20320.0,0
21835.0,20318.0,0
21849.0,20324.0,0
21837.0,20313.0,0
21840.0,20319.0,0
21843.0,20330.0,0
21852.0,20325.0,0
21844.0,20340.0,0
21841.0,20332.0,0
21850.0,20332.0,0
21855.0,20336.0,0
21845.0,20327.0,0
21841.0,20325.0,0
21862.0,20322.0,0
21856.0,20335.0,0
21862.0,20336.0,0
21857.0,20341.0,0
21860.0,20339.0,0
21863.0,20337.0,0
21856.0,20339.0,0
21863.0,20345.0,0
21862.0,20344.0,0
21868.0,20340.0,0
21855.0,20346.0,0
21872.0,20339.0,0
21856.0,20337.0,0
21857.0,20326.0,0
21847.0,20317.0,0
21836.0,20311.0,0
21843.0,20310.0,0
21834.0,20303.0,0
21825.0,20294.0,0
21826.0,20296.0,0
21818.0,20283.0,0
21816.0,20298.0,0
21837.0,20288.0,0
21808.0,20274.0,0
21825.0,20274.0,0
21823.0,20288.0,0
21823.0,20275.0,0
21810.0,20273.0,0
21815.0,20271.0,0
21810.0,20268.0,0
21802.0,20270.0,0
21813.0,20279.0,0
21810.0,20285.0,0
21839.0,20294.0,0
21822.0,20293.0,0
21826.0,20296.0,0
21840.0,20289.0,1
21831.0,20293.0,0
21831.0,20288.0,0
21811.0,20282.0,0
21810.0,20274.0,0
21813.0,20278.0,0
21814.0,20284.0,0
21820.0,20281.0,0
21812.0,20288.0,0
21824.0,20282.0,0
21819.0,20284.0,0
21823.0,20286.0,0
21818.0,20289.0,0
21823.0,20275.0,0
21827.0,20289.0,0
21826.0,20284.0,0
21823.0,20290.0,0
21822.0,20299.0,0
21820.0,20298.0,0
21822.0,20295.0,0
21827.0,20299.0,0
21825.0,20300.0,0
21824.0,20300.0,0
21828.0,20299.0,0
21831.0,20305.0,0
21839.0,20295.0,0
21833.0,20311.0,0
21839.0,20311.0,0
21843.0,20310.0,0
21841.0,20312.0,0
21839.0,20327.0,0
21840.0,20318.0,0
21841.0,20322.0,0
21843.0,20304.0,0
21841.0,20316.0,0
21846.0,20323.0,0
21832.0,20321.0,0
21843.0,20316.0,0
21846.0,20321.0,0
21855.0,20318.0,0
21856.0,20330.0,0
21865.0,20349.0,0
21866.0,20345.0,0
21862.0,20335.0,0
21845.0,20336.0,0
21857.0,20332.0,0
21860.0,20336.0,0
21843.0,20338.0,0
21852.0,20326.0,0
21851.0,20322.0,0
21845.0,20325.0,0
21842.0,20324.0,0
21839.0,20310.0,0
21831.0,20304.0,0
21819.0,20301.0,0
21809.0,20289.0,0
21809.0,20285.0,0
21812.0,20276.0,0
21801.0,20274.0,0
21802.0,20271.0,0
21806.0,20269.0,0
21797.0,20277.0,0
21791.0,20275.0,0
21790.0,20262.0,0
21791.0,20269.0,0
21771.0,20258.0,0
21780.0,20258.0,0
21781.0,20245.0,0
21793.0,20259.0,0
21800.0,20264.0,0
21796.0,20274.0,0
21813.0,20273.0,0
21808.0,20274.0,0
21800.0,20268.0,0
21801.0,20269.0,0
21792.0,20262.0,0
21800.0,20260.0,0
21801.0,20265.0,0
21790.0,20277.0,0
21802.0,20272.0,0
21792.0,20266.0,0
21808.0,20274.0,0
21800.0,20257.0,0
21805.0,20279.0,0
21810.0,20275.0,0
21796.0,20265.0,0
21801.0,20275.0,0
21797.0,20268.0,0
21799.0,20277.0,0
21801.0,20266.0,0
21802.0,20273.0,0
21805.0,20280.0,0
21809.0,20277.0,0
21810.0,20265.0,0
21808.0,20269.0,0
21802.0,20279.0,0
21807.0,20280.0,0
21823.0,20282.0,0
21812.0,20302.0,0
21826.0,20298.0,0
21826.0,20299.0,0
21831.0,20299.0,0
21832.0,20314.0,0
21827.0,20315.0,0
21837.0,20312.0,0
21829.0,20314.0,0
21825.0,20308.0,0
21830.0,20306.0,0
21831.0,20307.0,0
21837.0,20307.0,0
21829.0,20318.0,0
21831.0,20317.0,0
21838.0,20322.0,0
21849.0,20320.0,0
21844.0,20320.0,0
21836.0,20317.0,0
21843.0,20324.0,0
21842.0,20329.0,0
21839.0,20329.0,0
21841.0,20319.0,0
21835.0,20311.0,0
21823.0,20311.0,0
21820.0,20302.0,0
21817.0,20292.0,0
21816.0,20292.0,0
21808.0,20277.0,0
21801.0,20275.0,0
21798.0,20277.0,0
21797.0,20265.0,0
21788.0,20267.0,0
21790.0,20259.0,0
21790.0,20251.0,0
21775.0,20255.0,0
21774.0,20250.0,0
21771.0,20242.0,0
21766.0,20251.0,0
21768.0,20241.0,0
21775.0,20242.0,0
21769.0,20248.0,0
21771.0,20242.0,0
21772.0,20255.0,0
21783.0,20253.0,0
21776.0,20251.0,0
21777.0,20253.0,0
21770.0,20248.0,0
21790.0,20248.0,0
21786.0,20266.0,0
21797.0,20260.0,0
21802.0,20267.0,0
21798.0,20266.0,0
21799.0,20268.0,0
21786.0,20263.0,0
21793.0,20258.0,0
21793.0,20265.0,0
21797.0,20264.0,0
21797.0,20269.0,0
21799.0,20280.0,0
21807.0,20271.0,0
21809.0,20269.0,0
21816.0,20279.0,0
21820.0,20284.0,0
21820.0,20283.0,0
21818.0,20287.0,0
21814.0,20296.0,0
21799.0,20288.0,0
21813.0,20296.0,0
21815.0,20287.0,0
21815.0,20290.0,0
21821.0,20302.0,0
21819.0,20296.0,0
21812.0,20295.0,0
21825.0,20304.0,0
21813.0,20306.0,0
21819.0,20302.0,0
21824.0,20298.0,0
21822.0,20307.0,0
21816.0,20306.0,0
21812.0,20288.0,0
21835.0,20302.0,0
21825.0,20295.0,0
21830.0,20313.0,0
21838.0,20308.0,0
21834.0,20306.0,0
21837.0,20313.0,0
21843.0,20305.0,0
21838.0,20313.0,0
21828.0,20318.0,0
21842.0,20317.0,0
21837.0,20322.0,0
21844.0,20323.0,0
21830.0,20310.0,0
21823.0,20302.0,0
21821.0,20289.0,0
21812.0,20282.0,0
21797.0,20274.0,0
21801.0,20268.0,0
21789.0,20266.0,0
21797.0,20264.0,0
21798.0,20255.0,0
21786.0,20253.0,0
21779.0,20242.0,0
21771.0,20248.0,0
21765.0,20241.0,0
21776.0,20243.0,0
21776.0,20236.0,0
21777.0,20238.0,0
21778.0,20235.0,0
21765.0,20240.0,0
21780.0,20240.0,0
21771.0,20230.0,0
21766.0,20234.0,0
21771.0,20240.0,0
21784.0,20246.0,0
21782.0,20240.0,0
21790.0,20247.0,0
21775.0,20235.0,0
21779.0,20241.0,0
21776.0,20247.0,0
21788.0,20242.0,0
21786.0,20251.0,0
21779.0,20247.0,0
21797.0,20257.0,0
21783.0,20248.0,0
21788.0,20258.0,0
21784.0,20257.0,0
21782.0,20255.0,0
21787.0,20255.0,0
21786.0,20252.0,0
21804.0,20261.0,0
21797.0,20264.0,0
21795.0,20272.0,0
21801.0,20275.0,0
21797.0,20264.0,0
21798.0,20286.0,0
21791.0,20282.0,0
21795.0,20273.0,0
21791.0,20272.0,0
21791.0,20278.0,0
21789.0,20274.0,0
21795.0,20276.0,0
21800.0,20287.0,0
21814.0,20283.0,0
21829.0,20296.0,0
21815.0,20308.0,0
21825.0,20302.0,0
21818.0,20295.0,0
21819.0,20300.0,0
21818.0,20301.0,0
21818.0,20295.0,0
21811.0,20285.0,0
21801.0,20293.0,0
21813.0,20291.0,0
21819.0,20293.0,0
21823.0,20303.0,0
21830.0,20306.0,0
21826.0,20305.0,0
21824.0,20303.0,0
21829.0,20302.0,0
21834.0,20309.0,0
21826.0,20307.0,0
21822.0,20308.0,0
21818.0,20293.0,0
21820.0,20294.0,0
21801.0,20280.0,0
21797.0,20290.0,0
21803.0,20291.0,0
21799.0,20275.0,0
21784.0,20279.0,0
21779.0,20263.0,0
21778.0,20258.0,0
21794.0,20262.0,0
21770.0,20250.0,0
21761.0,20244.0,0
21757.0,20229.0,0
21760.0,20228.0,0
21749.0,20223.0,0
21754.0,20229.0,0
21747.0,20224.0,0
21742.0,20213.0,0
21728.0,20216.0,0
21735.0,20222.0,0
21734.0,20206.0,0
21730.0,20206.0,0
21743.0,20223.0,0
21747.0,20218.0,0
21752.0,20220.0,0
21751.0,20219.0,0
21745.0,20224.0,0
21745.0,20224.0,0
21745.0,20226.0,0
21756.0,20224.0,0
21752.0,20223.0,0
21751.0,20222.0,0
21740.0,20223.0,0
21755.0,20228.0,0
21750.0,20233.0,0
21759.0,20232.0,0
21751.0,20225.0,0
21757.0,20238.0,0
21754.0,20235.0,0
21755.0,20231.0,0
21768.0,20230.0,0
21758.0,20246.0,0
21760.0,20239.0,0
21758.0,20244.0,0
21757.0,20245.0,0
21764.0,20240.0,0
21763.0,20237.0,0
21752.0,20240.0,0
21756.0,20238.0,0
21747.0,20248.0,0
21753.0,20245.0,0
21767.0,20253.0,0
21766.0,20250.0,0
21781.0,20261.0,0
21776.0,20261.0,0
21779.0,20268.0,0
21771.0,20264.0,0
21779.0,20268.0,0
21774.0,20265.0,0
21765.0,20268.0,0
21774.0,20256.0,0
21769.0,20265.0,0
21769.0,20277.0,0
21788.0,20283.0,0
21790.0,20278.0,0
21800.0,20274.0,0
21803.0,20277.0,0
21803.0,20283.0,0
21808.0,20288.0,0
21807.0,20304.0,0
21798.0,20289.0,0
21798.0,20285.0,0
21801.0,20280.0,0
21795.0,20276.0,0
21804.0,20283.0,0
21796.0,20272.0,0
21789.0,20273.0,0
21788.0,20266.0,0
21790.0,20264.0,0
21785.0,20261.0,0
21785.0,20256.0,0
21782.0,20256.0,0
21780.0,20245.0,0
21771.0,20244.0,0
21769.0,20248.0,0
21786.0,20243.0,0
21774.0,20251.0,0
21780.0,20259.0,0
21778.0,20248.0,0
21781.0,20242.0,0
21788.0,20243.0,0
21780.0,20251.0,0
21800.0,20254.0,0
21802.0,20262.0,0
21810.0,20268.0,0
21807.0,20269.0,0
21810.0,20276.0,0
21812.0,20273.0,0
21821.0,20271.0,0
21818.0,20276.0,0
21833.0,20274.0,0
21826.0,20280.0,0
21829.0,20285.0,0
21827.0,20276.0,0
21803.0,20269.0,0
21803.0,20276.0,0
21804.0,20270.0,0
21804.0,20272.0,0
21801.0,20268.0,0
21792.0,20271.0,0
21804.0,20275.0,0
21805.0,20268.0,0
21817.0,20271.0,0
21816.0,20267.0,0
21824.0,20282.0,0
21815.0,20294.0,0
21818.0,20291.0,0
21814.0,20296.0,0
21828.0,20288.0,0
21823.0,20288.0,0
21832.0,20284.0,0
21822.0,20294.0,0
21821.0,20294.0,0
21828.0,20290.0,0
21835.0,20300.0,0
21826.0,20305.0,0
21846.0,20302.0,0
21832.0,20308.0,0
21832.0,20303.0,0
21829.0,20303.0,0
21822.0,20295.0,0
21822.0,20293.0,0
21820.0,20302.0,0
21830.0,20311.0,0
21830.0,20315.0,0
21835.0,20317.0,0
21841.0,20314.0,0
21831.0,20318.0,0
21834.0,20307.0,0
21838.0,20298.0,0
21826.0,20292.0,0
21826.0,20288.0,0
21810.0,20288.0,0
21828.0,20288.0,0
21824.0,20293.0,0
21818.0,20276.0,0
21823.0,20282.0,0
21819.0,20284.0,0
21823.0,20284.0,0
21818.0,20283.0,0
21832.0,20286.0,0
21826.0,20281.0,0
21824.0,20275.0,0
21831.0,20284.0,0
21830.0,20290.0,0
21822.0,20283.0,0
21825.0,20294.0,0
21811.0,20289.0,0
21811.0,20290.0,0
21808.0,20285.0,0
21806.0,20281.0,0
21806.0,20278.0,0
21796.0,20282.0,0
21806.0,20290.0,0
21810.0,20282.0,0
21828.0,20292.0,0
21808.0,20294.0,0
21815.0,20287.0,0
21815.0,20299.0,0
21798.0,20296.0,0
21780.0,20272.0,0
21775.0,20261.0,0
21770.0,20251.0,0
21763.0,20249.0,0
21764.0,20252.0,0
21760.0,20259.0,0
21762.0,20244.0,0
21754.0,20242.0,0
21754.0,20247.0,0
21743.0,20245.0,0
21749.0,20238.0,0
21750.0,20238.0,0
21746.0,20248.0,0
21749.0,20251.0,0
21753.0,20262.0,0
21761.0,20262.0,0
21761.0,20267.0,0
21777.0,20276.0,0
21776.0,20291.0,0
21780.0,20280.0,0
21791.0,20289.0,0
21804.0,20307.0,0
21806.0,20310.0,0
21818.0,20314.0,0
21810.0,20315.0,0
21812.0,20318.0,0
21810.0,20306.0,0
21811.0,20301.0,0
21812.0,20312.0,0
21805.0,20318.0,0
21815.0,20309.0,0
21815.0,20307.0,0
21819.0,20324.0,0
21816.0,20318.0,0
21817.0,20313.0,0
21809.0,20319.0,0
21811.0,20320.0,0
21809.0,20327.0,0
21819.0,20324.0,0
21825.0,20329.0,0
21813.0,20318.0,0
21816.0,20324.0,0
21806.0,20306.0,0
21797.0,20287.0,0
21770.0,20283.0,0
21769.0,20277.0,0
21748.0,20276.0,0
21751.0,20258.0,0
21741.0,20249.0,0
21741.0,20241.0,0
21730.0,20230.0,0
21723.0,20228.0,0
21706.0,20214.0,0
21700.0,20199.0,0
21677.0,20207.0,0
21678.0,20189.0,0
21657.0,20167.0,0
21655.0,20165.0,0
21646.0,20153.0,0
21646.0,20150.0,0
21639.0,20144.0,0
21637.0,20137.0,0
21642.0,20142.0,0
21636.0,20146.0,0
21640.0,20146.0,0
21644.0,20149.0,0
21651.0,20155.0,0
21657.0,20146.0,0
21644.0,20152.0,0
21637.0,20140.0,0
21637.0,20139.0,0
21623.0,20133.0,0
21625.0,20127.0,0
21624.0,20131.0,0
21629.0,20131.0,0
21638.0,20139.0,0
21647.0,20147.0,0
21663.0,20161.0,0
21673.0,20172.0,0
21690.0,20194.0,0
21704.0,20207.0,0
21702.0,20224.0,0
21684.0,20213.0,0
21683.0,20206.0,0
21687.0,20198.0,0
21656.0,20191.0,0
21657.0,20186.0,0
21663.0,20193.0,0
21665.0,20200.0,0
21648.0,20175.0,0
21657.0,20178.0,0
21655.0,20179.0,0
21649.0,20181.0,0
21656.0,20182.0,0
21656.0,20176.0,0
21659.0,20190.0,0
21665.0,20197.0,0
21675.0,20196.0,0
21668.0,20211.0,0
21679.0,20199.0,0
21681.0,20207.0,0
21667.0,20206.0,0
21671.0,20197.0,0
21677.0,20192.0,0
21679.0,20201.0,0
21681.0,20194.0,0
21689.0,20212.0,0
21690.0,20219.0,0
21701.0,20229.0,0
21710.0,20237.0,0
21709.0,20251.0,0
21731.0,20261.0,0
21763.0,20276.0,0
21765.0,20286.0,0
21783.0,20308.0,0
21795.0,20314.0,0
21803.0,20315.0,0
21796.0,20301.0,0
21786.0,20301.0,0
21764.0,20293.0,0
21781.0,20292.0,0
21776.0,20287.0,0
21758.0,20294.0,0
21769.0,20291.0,0
21758.0,20277.0,0
21763.0,20271.0,0
21764.0,20284.0,0
21770.0,20278.0,0
21772.0,20287.0,0
21777.0,20293.0,0
21782.0,20287.0,0
21775.0,20300.0,0
21786.0,20283.0,0
21793.0,20286.0,0
21799.0,20286.0,0
21780.0,20296.0,0
21785.0,20288.0,0
21786.0,20282.0,0
21777.0,20282.0,0
21768.0,20288.0,0
21777.0,20292.0,0
21783.0,20289.0,0
21784.0,20292.0,0
21772.0,20286.0,0
21779.0,20286.0,0
21793.0,20283.0,0
21796.0,20294.0,0
21792.0,20298.0,0
21795.0,20304.0,0
21826.0,20311.0,0
21838.0,20338.0,0
21845.0,20347.0,0
21868.0,20365.0,0
21881.0,20382.0,0
21887.0,20385.0,0
21890.0,20386.0,0
21878.0,20377.0,0
21877.0,20380.0,0
21890.0,20371.0,0
21871.0,20369.0,0
21863.0,20363.0,0
21862.0,20365.0,0
21875.0,20371.0,0
21873.0,20381.0,0
21884.0,20384.0,0
21885.0,20389.0,0
21881.0,20381.0,0
21879.0,20368.0,0
21863.0,20359.0,0
21842.0,20349.0,0
21829.0,20336.0,0
21826.0,20331.0,0
21827.0,20325.0,0
21818.0,20322.0,0
21827.0,20327.0,0
21825.0,20319.0,0
21826.0,20327.0,0
21820.0,20310.0,0
21820.0,20316.0,0
21816.0,20314.0,0
21802.0,20311.0,0
21795.0,20303.0,0
21785.0,20283.0,0
21784.0,20281.0,0
21787.0,20302.0,0
21790.0,20288.0,0
21779.0,20285.0,0
21783.0,20278.0,0
21780.0,20263.0,0
21762.0,20231.0,0
21737.0,20227.0,0
21705.0,20199.0,0
21685.0,20187.0,0
21661.0,20153.0,0
21649.0,20143.0,0
21624.0,20118.0,0
21613.0,20127.0,0
21596.0,20104.0,0
21597.0,20100.0,0
21585.0,20082.0,0
21578.0,20076.0,0
21592.0,20068.0,0
21600.0,20088.0,0
21601.0,20073.0,0
21608.0,20092.0,0
21590.0,20086.0,0
21586.0,20074.0,0
21585.0,20089.0,0
21584.0,20089.0,0
21582.0,20102.0,0
21605.0,20129.0,0
21594.0,20138.0,0
21585.0,20151.0,0
21584.0,20153.0,0
21577.0,20155.0,0
21580.0,20172.0,0
21586.0,20177.0,0
21582.0,20197.0,0
21606.0,20209.0,0
21539.0,20085.0,0
21533.0,20003.0,0
21512.0,19986.0,0
21499.0,19997.0,0
21518.0,19986.0,0
21514.0,19991.0,0
21538.0,19997.0,0
21536.0,19996.0,0
21565.0,20032.0,0
21581.0,20042.0,0
21610.0,20070.0,0
21660.0,20107.0,0
21690.0,20129.0,0
21726.0,20143.0,0
21738.0,20152.0,0
21749.0,20147.0,0
21760.0,20159.0,0
21786.0,20174.0,0
21805.0,20177.0,0
21830.0,20192.0,0
21838.0,20200.0,0
21857.0,20214.0,0
21879.0,20226.0,0
21893.0,20246.0,0
21906.0,20250.0,0
21901.0,20252.0,0
21912.0,20250.0,0
21922.0,20256.0,0
21920.0,20265.0,0
21911.0,20267.0,0
21901.0,20265.0,0
21887.0,20251.0,0
21899.0,20237.0,0
21882.0,20237.0,0
21876.0,20235.0,0
21890.0,20231.0,0
21911.0,20235.0,0
21909.0,20223.0,0
21909.0,20235.0,0
21905.0,20227.0,0
21914.0,20229.0,0
21910.0,20240.0,0
21921.0,20228.0,0
21907.0,20226.0,0
21921.0,20220.0,0
21923.0,20221.0,0
21941.0,20242.0,0
21923.0,20232.0,0
21918.0,20231.0,0
21923.0,20236.0,0
21919.0,20233.0,0
21923.0,20227.0,0
21920.0,20236.0,0
21936.0,20240.0,0
21929.0,20233.0,0
21925.0,20233.0,0
21939.0,20233.0,0
21928.0,20246.0,0
21928.0,20241.0,0
21936.0,20240.0,0
21933.0,20258.0,0
21950.0,20253.0,0
21949.0,20261.0,0
21941.0,20262.0,0
21948.0,20258.0,0
21941.0,20266.0,0
21944.0,20270.0,0
21949.0,20272.0,0
21947.0,20271.0,0
21945.0,20278.0,0
21952.0,20279.0,0
21966.0,20279.0,0
21969.0,20295.0,0
21993.0,20307.0,0
22004.0,20320.0,0
22011.0,20326.0,0
22017.0,20322.0,0
22025.0,20323.0,0
22032.0,20343.0,0
22047.0,20337.0,0
22054.0,20353.0,0
22054.0,20361.0,0
22056.0,20370.0,0
22063.0,20364.0,0
22059.0,20368.0,0
22067.0,20377.0,0
22075.0,20376.0,0
22079.0,20387.0,0
22082.0,20390.0,0
22078.0,20397.0,0
22084.0,20399.0,0
22082.0,20393.0,0
22083.0,20393.0,0
22082.0,20397.0,0
22079.0,20394.0,0
22081.0,20384.0,0
22088.0,20390.0,0
22092.0,20389.0,0
22088.0,20389.0,0
22097.0,20392.0,0
22082.0,20384.0,0
22079.0,20381.0,0
22076.0,20377.0,0
22072.0,20381.0,0
22069.0,20377.0,0
22063.0,20359.0,0
22068.0,20359.0,0
22059.0,20358.0,0
22055.0,20354.0,0
22063.0,20352.0,0
22049.0,20351.0,0
22054.0,20351.0,0
22051.0,20357.0,0
22065.0,20356.0,0
22055.0,20358.0,0
22069.0,20356.0,0
22062.0,20368.0,0
22071.0,20362.0,0
22074.0,20360.0,0
22067.0,20360.0,0
22079.0,20358.0,0
22079.0,20358.0,0
22083.0,20366.0,0
22089.0,20374.0,0
22089.0,20377.0,0
22086.0,20369.0,0
22091.0,20379.0,0
22092.0,20381.0,0
22107.0,20383.0,0
22091.0,20379.0,0
22095.0,20373.0,0
22106.0,20375.0,0
22106.0,20371.0,0
22109.0,20380.0,0
22097.0,20376.0,0
22116.0,20385.0,0
22102.0,20393.0,0
22117.0,20394.0,0
22120.0,20403.0,0
22123.0,20392.0,0
22126.0,20401.0,0
22134.0,20399.0,0
22119.0,20398.0,0
22118.0,20395.0,0
22112.0,20397.0,0
22139.0,20396.0,0
22124.0,20409.0,0
22120.0,20401.0,0
22118.0,20415.0,0
22126.0,20413.0,0
22124.0,20412.0,0
22131.0,20409.0,0
22119.0,20407.0,0
22121.0,20405.0,0
22112.0,20408.0,0
22123.0,20405.0,0
22108.0,20409.0,0
22115.0,20412.0,0
22119.0,20406.0,0
22118.0,20410.0,0
22125.0,20413.0,0
22118.0,20412.0,0
22117.0,20412.0,0
22127.0,20407.0,0
22106.0,20404.0,0
22108.0,20402.0,0
22109.0,20403.0,0
22098.0,20395.0,0
22089.0,20384.0,0
22091.0,20387.0,0
22087.0,20380.0,0
22069.0,20376.0,0
22083.0,20370.0,0
22082.0,20373.0,0
22072.0,20359.0,0
22078.0,20362.0,0
22075.0,20358.0,0
22076.0,20367.0,0
22076.0,20364.0,0
22074.0,20365.0,0
22071.0,20368.0,0
22079.0,20370.0,0
22084.0,20367.0,0
22084.0,20372.0,0
22070.0,20380.0,0
22070.0,20372.0,0
22068.0,20376.0,0
22064.0,20373.0,0
22071.0,20367.0,0
22061.0,20368.0,0
22064.0,20363.0,0
22061.0,20353.0,0
22057.0,20363.0,0
22056.0,20360.0,0
22051.0,20360.0,0
22059.0,20363.0,0
22060.0,20358.0,0
22049.0,20356.0,0
22064.0,20361.0,0
22055.0,20361.0,0
22053.0,20365.0,0
22056.0,20360.0,0
22048.0,20360.0,0
22060.0,20358.0,0
22057.0,20360.0,0
22043.0,20355.0,0
22044.0,20357.0,0
22051.0,20357.0,0
22055.0,20378.0,0
22055.0,20355.0,0
22065.0,20368.0,0
22061.0,20368.0,0
22064.0,20381.0,0
22076.0,20369.0,0
22061.0,20369.0,0
22063.0,20363.0,0
22071.0,20373.0,0
22070.0,20371.0,0
22071.0,20372.0,0
22056.0,20370.0,0
22069.0,20383.0,0
22062.0,20378.0,0
22057.0,20384.0,0
22062.0,20376.0,0
22063.0,20374.0,0
22057.0,20371.0,0
22050.0,20367.0,0
22054.0,20368.0,0
22049.0,20350.0,0
22053.0,20348.0,0
22042.0,20350.0,0
22040.0,20346.0,0
22044.0,20349.0,0
22036.0,20347.0,0
22034.0,20344.0,0
22041.0,20338.0,0
22038.0,20343.0,0
22037.0,20343.0,0
22032.0,20337.0,0
22037.0,20344.0,0
22028.0,20333.0,0
22032.0,20331.0,0
22033.0,20341.0,0
22034.0,20349.0,0
22035.0,20344.0,0
22039.0,20355.0,0
22034.0,20344.0,0
22041.0,20344.0,0
22039.0,20352.0,0
22042.0,20351.0,0
22042.0,20346.0,0
22030.0,20353.0,0
22047.0,20346.0,0
22041.0,20334.0,0
22038.0,20350.0,0
22040.0,20344.0,0
22045.0,20350.0,0
22045.0,20336.0,0
22052.0,20343.0,0
22037.0,20348.0,0
22046.0,20355.0,0
22052.0,20358.0,0
22050.0,20348.0,0
22041.0,20363.0,0
22053.0,20350.0,0
22058.0,20355.0,0
22043.0,20353.0,0
22048.0,20358.0,0
22058.0,20363.0,0
22056.0,20356.0,0
22050.0,20361.0,0
22057.0,20372.0,0
22056.0,20371.0,0
22052.0,20355.0,0
22055.0,20377.0,0
22064.0,20369.0,0
22066.0,20371.0,0
22065.0,20368.0,0
22062.0,20375.0,0
22061.0,20380.0,0
22050.0,20377.0,0
22056.0,20372.0,0
22054.0,20363.0,0
22054.0,20359.0,0
22042.0,20353.0,0
22043.0,20350.0,0
22034.0,20343.0,0
22043.0,20341.0,0
22034.0,20329.0,0
22032.0,20341.0,0
22035.0,20326.0,0
22047.0,20340.0,0
22038.0,20339.0,0
22028.0,20331.0,0
22033.0,20347.0,0
22044.0,20345.0,0
22039.0,20357.0,0
22034.0,20336.0,0
22033.0,20354.0,0
22029.0,20343.0,0
22039.0,20336.0,0
22046.0,20344.0,0
22038.0,20348.0,0
22040.0,20345.0,0
22040.0,20344.0,0
22042.0,20348.0,0
22041.0,20347.0,0
22044.0,20346.0,0
22038.0,20356.0,0
22038.0,20348.0,0
22042.0,20349.0,0
22042.0,20353.0,0
22045.0,20350.0,0
22041.0,20353.0,0
22044.0,20349.0,0
22048.0,20349.0,0
22047.0,20347.0,0
22055.0,20349.0,0
22039.0,20346.0,0
22043.0,20352.0,0
22044.0,20358.0,0
22044.0,20350.0,0
22046.0,20350.0,0
22046.0,20349.0,0
22056.0,20368.0,0
22048.0,20362.0,0
22059.0,20363.0,0
22045.0,20353.0,0
22055.0,20359.0,0
22055.0,20359.0,0
22058.0,20367.0,0
22055.0,20362.0,0
22059.0,20367.0,0
22065.0,20364.0,0
22067.0,20371.0,0
22066.0,20374.0,0
22063.0,20377.0,0
22061.0,20376.0,0
22061.0,20377.0,0
22060.0,20374.0,0
22058.0,20363.0,0
22069.0,20368.0,0
22064.0,20367.0,0
22062.0,20352.0,0
22057.0,20341.0,0
22061.0,20351.0,0
22057.0,20341.0,0
22046.0,20348.0,0
22050.0,20346.0,0
22047.0,20351.0,0
22049.0,20341.0,0
22056.0,20341.0,0
22045.0,20345.0,0
22064.0,20347.0,0
22054.0,20344.0,0
22058.0,20345.0,0
22051.0,20351.0,0
22049.0,20348.0,0
22061.0,20355.0,0
22071.0,20361.0,0
22071.0,20362.0,0
22073.0,20361.0,0
22075.0,20351.0,0
22083.0,20354.0,0
22071.0,20351.0,0
22093.0,20356.0,0
22082.0,20369.0,0
22095.0,20358.0,0
22095.0,20365.0,0
22095.0,20372.0,0
22095.0,20361.0,0
22101.0,20378.0,0
22093.0,20360.0,0
22089.0,20358.0,0
22101.0,20370.0,0
22091.0,20383.0,0
22106.0,20376.0,0
22106.0,20381.0,0
22120.0,20375.0,0
22099.0,20378.0,0
22106.0,20389.0,0
22106.0,20379.0,0
22106.0,20378.0,0
22109.0,20379.0,0
22109.0,20373.0,0
22101.0,20384.0,0
22102.0,20384.0,0
22103.0,20378.0,0
22102.0,20380.0,0
22111.0,20384.0,0
22109.0,20383.0,0
22118.0,20399.0,0
22117.0,20390.0,0
22120.0,20404.0,0
22125.0,20405.0,0
22123.0,20408.0,0
22121.0,20397.0,0
22112.0,20409.0,0
22112.0,20397.0,0
22116.0,20399.0,0
22100.0,20379.0,0
22098.0,20379.0,0
22092.0,20363.0,0
22095.0,20374.0,0
22093.0,20363.0,0
22088.0,20358.0,0
22086.0,20358.0,0
22081.0,20360.0,0
22076.0,20361.0,0
22083.0,20353.0,0
22080.0,20360.0,0
22071.0,20356.0,0
22078.0,20360.0,0
22075.0,20349.0,0
22070.0,20363.0,0
22081.0,20349.0,0
22085.0,20355.0,0
22089.0,20352.0,0
22086.0,20363.0,0
22092.0,20354.0,0
22077.0,20352.0,0
22087.0,20353.0,0
22082.0,20351.0,0
22077.0,20350.0,0
22074.0,20357.0,0
22077.0,20360.0,0
22072.0,20362.0,0
22075.0,20357.0,0
22069.0,20359.0,0
22069.0,20356.0,0
22075.0,20357.0,0
22072.0,20346.0,0
22069.0,20351.0,0
22064.0,20373.0,0
22079.0,20363.0,0
22075.0,20355.0,0
22065.0,20353.0,0
22067.0,20355.0,0
22062.0,20357.0,0
22055.0,20362.0,0
22067.0,20364.0,0
22057.0,20347.0,0
22058.0,20361.0,0
22066.0,20354.0,0
22052.0,20348.0,0
22069.0,20355.0,0
22060.0,20355.0,0
22050.0,20356.0,0
22056.0,20357.0,0
22056.0,20352.0,0
22063.0,20366.0,0
22053.0,20359.0,0
22070.0,20368.0,0
22057.0,20360.0,0
22057.0,20361.0,0
22060.0,20356.0,0
22057.0,20360.0,0
22059.0,20365.0,0
22059.0,20358.0,0
22053.0,20365.0,0
22065.0,20366.0,0
22066.0,20362.0,0
22053.0,20353.0,0
22049.0,20350.0,0
22046.0,20341.0,0
22033.0,20343.0,0
22043.0,20335.0,0
22023.0,20333.0,0
22033.0,20332.0,0
22028.0,20323.0,0
22038.0,20322.0,0
22017.0,20325.0,0
22017.0,20328.0,0
22028.0,20326.0,0
22022.0,20325.0,0
22025.0,20321.0,0
22028.0,20325.0,0
22022.0,20325.0,0
22034.0,20328.0,0
22028.0,20314.0,0
22031.0,20319.0,0
22020.0,20324.0,0
22021.0,20319.0,0
22036.0,20317.0,0
22025.0,20321.0,0
22013.0,20323.0,0
22021.0,20315.0,0
22027.0,20323.0,0
22025.0,20323.0,0
22032.0,20327.0,0
22015.0,20310.0,1
22022.0,20317.0,0
22022.0,20318.0,0
22023.0,20315.0,0
22020.0,20317.0,0
22028.0,20316.0,0
22011.0,20318.0,0
22034.0,20313.0,0
22020.0,20319.0,0
22020.0,20313.0,0
22018.0,20312.0,0
22015.0,20313.0,0
22025.0,20308.0,0
22016.0,20321.0,0
22021.0,20315.0,0
22023.0,20321.0,0
22016.0,20313.0,0
22022.0,20313.0,0
22019.0,20325.0,0
22019.0,20319.0,0
22029.0,20316.0,0
22029.0,20323.0,0
22029.0,20325.0,0
22027.0,20329.0,0
22015.0,20327.0,0
22035.0,20326.0,0
22021.0,20327.0,0
22035.0,20331.0,0
22030.0,20329.0,0
22018.0,20333.0,0
22022.0,20332.0,0
22027.0,20334.0,0
22019.0,20340.0,0
22029.0,20331.0,0
22031.0,20335.0,0
22023.0,20332.0,0
22020.0,20318.0,0
22019.0,20327.0,0
22020.0,20311.0,0
22019.0,20315.0,0
22006.0,20308.0,0
22008.0,20311.0,0
22009.0,20309.0,0
21996.0,20301.0,0
22008.0,20296.0,0
22000.0,20299.0,0
21999.0,20293.0,0
22005.0,20293.0,0
22006.0,20300.0,0
22007.0,20299.0,0
22013.0,20296.0,0
22004.0,20304.0,0
22014.0,20296.0,0
22014.0,20300.0,0
22010.0,20299.0,0
22018.0,20305.0,0
22011.0,20293.0,0
22015.0,20299.0,0
21996.0,20300.0,0
21997.0,20299.0,0
22014.0,20306.0,0
22007.0,20292.0,0
22010.0,20301.0,0
22010.0,20297.0,0
22010.0,20300.0,0
22015.0,20301.0,0
22007.0,20300.0,0
22019.0,20296.0,0
22020.0,20304.0,0
22018.0,20301.0,0
22012.0,20297.0,0
22011.0,20296.0,0
22017.0,20296.0,0
22015.0,20304.0,0
22021.0,20305.0,0
22026.0,20304.0,0
22019.0,20308.0,0
22020.0,20312.0,0
22015.0,20305.0,0
22021.0,20308.0,0
22019.0,20314.0,0
22019.0,20310.0,0
22022.0,20313.0,0
22030.0,20309.0,0
22031.0,20319.0,0
22030.0,20326.0,0
22040.0,20320.0,0
22043.0,20330.0,0
22046.0,20319.0,0
22042.0,20322.0,0
22054.0,20330.0,0
22052.0,20329.0,0
22047.0,20329.0,0
22062.0,20330.0,0
22055.0,20340.0,0
22057.0,20336.0,0
22054.0,20339.0,0
22065.0,20334.0,0
22064.0,20340.0,0
22057.0,20347.0,0
22054.0,20335.0,0
22056.0,20340.0,0
22051.0,20342.0,0
22059.0,20330.0,0
22054.0,20321.0,0
22043.0,20324.0,0
22059.0,20309.0,0
22046.0,20308.0,0
22044.0,20311.0,0
22035.0,20310.0,0
22043.0,20308.0,0
22047.0,20310.0,0
22040.0,20304.0,0
22038.0,20298.0,0
22050.0,20305.0,0
22047.0,20312.0,0
22054.0,20295.0,0
22041.0,20297.0,0
22047.0,20302.0,0
22063.0,20313.0,0
22063.0,20302.0,0
22059.0,20313.0,0
22057.0,20305.0,0
22058.0,20311.0,0
22054.0,20312.0,0
22049.0,20309.0,0
22053.0,20304.0,0
22061.0,20307.0,0
22052.0,20315.0,0
22048.0,20309.0,0
22057.0,20317.0,0
22056.0,20317.0,0
22060.0,20314.0,0
22051.0,20311.0,0
22058.0,20318.0,0
22058.0,20314.0,0
22072.0,20319.0,0
22063.0,20327.0,0
22054.0,20317.0,0
22059.0,20325.0,0
22047.0,20320.0,0
22052.0,20317.0,0
22050.0,20323.0,0
22053.0,20322.0,0
22064.0,20332.0,0
22052.0,20325.0,0
22068.0,20323.0,0
22056.0,20324.0,0
22064.0,20330.0,0
22062.0,20324.0,0
22055.0,20332.0,0
22064.0,20334.0,0
22055.0,20341.0,0
22064.0,20327.0,0
22057.0,20324.0,0
22065.0,20331.0,0
22064.0,20339.0,0
22073.0,20339.0,0
22060.0,20353.0,0
22083.0,20336.0,0
22087.0,20346.0,0
22076.0,20342.0,0
22073.0,20342.0,0
22072.0,20349.0,0
22076.0,20347.0,0
22072.0,20348.0,0
22079.0,20352.0,0
22085.0,20350.0,0
22075.0,20351.0,0
22072.0,20346.0,0
22065.0,20338.0,0
22070.0,20330.0,0
22054.0,20323.0,0
22057.0,20318.0,0
22042.0,20315.0,0
22050.0,20313.0,0
22043.0,20309.0,0
22041.0,20301.0,0
22051.0,20313.0,0
22060.0,20306.0,0
22045.0,20305.0,0
22052.0,20308.0,0
22047.0,20304.0,0
22047.0,20307.0,0
22052.0,20307.0,0
22039.0,20309.0,0
22052.0,20300.0,0
22051.0,20299.0,0
22063.0,20307.0,0
22054.0,20302.0,0
22054.0,20308.0,0
22050.0,20310.0,0
22052.0,20303.0,0
22053.0,20316.0,0
22057.0,20305.0,0
22051.0,20303.0,0
22055.0,20320.0,0
22057.0,20308.0,0
22051.0,20307.0,0
22055.0,20309.0,0
22057.0,20309.0,0
22045.0,20310.0,0
22057.0,20303.0,0
22064.0,20303.0,0
22055.0,20304.0,0
22051.0,20309.0,0
22051.0,20309.0,0
22053.0,20311.0,0
22058.0,20318.0,0
22053.0,20316.0,0
22051.0,20304.0,0
22054.0,20308.0,0
22048.0,20307.0,0
22050.0,20314.0,0
22058.0,20304.0,0
22044.0,20316.0,0
22051.0,20315.0,0
22050.0,20301.0,0
22053.0,20311.0,0
22045.0,20315.0,0
22058.0,20314.0,0
22048.0,20305.0,0
22041.0,20307.0,0
22056.0,20315.0,0
22041.0,20319.0,0
22045.0,20310.0,0
22050.0,20320.0,0
22046.0,20320.0,0
22052.0,20319.0,0
22049.0,20320.0,0
22049.0,20333.0,0
22043.0,20335.0,0
22053.0,20324.0,0
22055.0,20324.0,0
22053.0,20327.0,0
22064.0,20333.0,0
22061.0,20336.0,0
22043.0,20336.0,0
22046.0,20320.0,0
22044.0,20320.0,0
22047.0,20322.0,0
22035.0,20307.0,0
22030.0,20308.0,0
22024.0,20308.0,0
22028.0,20302.0,0
22023.0,20282.0,0
22022.0,20281.0,0
22025.0,20285.0,0
22027.0,20286.0,0
22030.0,20291.0,0
22011.0,20292.0,0
22016.0,20285.0,0
22016.0,20282.0,0
22017.0,20276.0,0
22017.0,20279.0,0
22016.0,20278.0,0
22013.0,20280.0,0
22018.0,20274.0,0
22002.0,20282.0,0
22007.0,20277.0,0
22027.0,20277.0,0
22014.0,20285.0,0
22007.0,20275.0,1
22021.0,20272.0,0
22019.0,20272.0,0
22021.0,20283.0,0
22026.0,20283.0,0
22022.0,20289.0,0
22023.0,20277.0,0
22027.0,20277.0,0
22023.0,20275.0,0
22036.0,20284.0,0
22022.0,20290.0,0
22034.0,20286.0,0
22032.0,20290.0,0
22034.0,20295.0,0
22024.0,20280.0,0
22022.0,20286.0,0
22030.0,20287.0,0
22034.0,20296.0,0
22036.0,20282.0,0
22036.0,20296.0,0
22027.0,20287.0,0
22024.0,20295.0,0
22025.0,20295.0,0
22031.0,20291.0,0
22039.0,20288.0,0
22035.0,20289.0,0
22034.0,20302.0,0
22037.0,20303.0,0
22042.0,20308.0,0
22040.0,20306.0,0
22046.0,20309.0,0
22034.0,20307.0,0
22034.0,20298.0,0
22047.0,20312.0,0
22046.0,20315.0,0
22051.0,20311.0,0
22050.0,20311.0,0
22053.0,20316.0,0
22045.0,20316.0,0
22058.0,20319.0,0
22059.0,20325.0,0
22059.0,20315.0,0
22059.0,20322.0,0
22061.0,20324.0,0
22053.0,20323.0,0
22058.0,20319.0,0
22062.0,20313.0,0
22060.0,20312.0,0
22052.0,20307.0,0
22051.0,20303.0,0
22055.0,20288.0,0
22046.0,20292.0,0
22055.0,20291.0,0
22039.0,20291.0,0
22040.0,20287.0,0
22040.0,20296.0,0
22056.0,20285.0,0
22048.0,20296.0,0
22045.0,20288.0,0
22052.0,20295.0,0
22057.0,20291.0,0
22052.0,20298.0,0
22047.0,20289.0,0
22055.0,20295.0,0
22063.0,20291.0,0
22068.0,20291.0,0
22065.0,20293.0,0
22057.0,20295.0,0
22061.0,20291.0,0
22067.0,20307.0,0
22059.0,20296.0,0
22067.0,20304.0,0
22066.0,20302.0,0
22065.0,20306.0,0
22065.0,20311.0,0
22066.0,20308.0,0
22063.0,20309.0,0
22072.0,20315.0,0
22079.0,20304.0,0
22071.0,20306.0,0
22076.0,20312.0,0
22071.0,20312.0,0
22080.0,20307.0,0
22080.0,20312.0,0
22082.0,20315.0,0
22078.0,20320.0,0
22085.0,20319.0,0
22080.0,20320.0,0
22076.0,20324.0,0
22087.0,20320.0,0
22083.0,20319.0,0
22087.0,20325.0,0
22086.0,20332.0,0
22084.0,20336.0,0
22086.0,20335.0,0
22089.0,20335.0,0
22082.0,20328.0,0
22093.0,20333.0,0
22086.0,20342.0,0
22080.0,20344.0,0
22086.0,20334.0,0
22091.0,20335.0,0
22102.0,20334.0,0
22100.0,20349.0,0
22098.0,20337.0,0
22093.0,20355.0,0
22107.0,20344.0,0
22097.0,20349.0,0
22108.0,20351.0,0
22110.0,20355.0,0
22120.0,20361.0,0
22117.0,20359.0,0
22120.0,20362.0,0
22112.0,20365.0,0
22114.0,20362.0,0
22112.0,20367.0,0
22120.0,20367.0,0
22107.0,20367.0,0
22109.0,20356.0,0
22099.0,20356.0,0
22103.0,20346.0,0
22095.0,20343.0,0
22092.0,20337.0,0
22089.0,20339.0,0
22081.0,20327.0,0
22084.0,20331.0,0
22085.0,20319.0,0
22065.0,20317.0,0
22077.0,20312.0,0
22078.0,20324.0,0
22077.0,20319.0,0
22085.0,20312.0,0
22081.0,20322.0,0
22067.0,20325.0,0
22076.0,20312.0,0
22080.0,20313.0,0
22073.0,20318.0,0
22077.0,20320.0,0
22084.0,20313.0,0
22078.0,20316.0,0
22083.0,20316.0,0
22077.0,20313.0,0
22080.0,20315.0,0
22077.0,20317.0,0
22077.0,20324.0,0
22084.0,20318.0,0
22084.0,20313.0,0
22084.0,20323.0,0
22088.0,20321.0,0
22080.0,20317.0,0
22079.0,20317.0,0
22069.0,20314.0,0
22078.0,20308.0,0
22076.0,20306.0,0
22071.0,20315.0,0
22078.0,20308.0,0
22073.0,20309.0,0
22079.0,20319.0,0
22076.0,20313.0,0
22082.0,20316.0,0
22083.0,20318.0,0
22070.0,20323.0,0
22081.0,20331.0,0
22080.0,20320.0,0
22075.0,20326.0,0
22077.0,20324.0,0
22078.0,20327.0,0
22080.0,20325.0,0
22083.0,20329.0,0
22083.0,20317.0,0
22079.0,20330.0,0
22073.0,20331.0,0
22068.0,20336.0,0
22067.0,20321.0,0
22076.0,20329.0,0
22076.0,20331.0,0
22062.0,20319.0,0
22067.0,20324.0,0
22073.0,20331.0,0
22072.0,20331.0,0
22066.0,20328.0,0
22058.0,20330.0,0
22064.0,20335.0,0
22064.0,20326.0,0
22070.0,20330.0,0
22072.0,20336.0,0
22072.0,20326.0,0
22071.0,20327.0,0
22075.0,20337.0,0
22072.0,20337.0,0
22066.0,20333.0,0
22070.0,20327.0,0
22056.0,20321.0,0
22056.0,20317.0,0
22049.0,20301.0,0
22031.0,20296.0,0
22035.0,20287.0,0
22046.0,20286.0,0
22039.0,20280.0,0
22029.0,20281.0,0
22035.0,20286.0,0
22027.0,20282.0,0
22031.0,20276.0,0
22033.0,20283.0,0
22033.0,20272.0,0
22028.0,20274.0,0
22038.0,20276.0,0
22027.0,20268.0,0
22026.0,20281.0,0
22018.0,20280.0,0
22023.0,20274.0,0
22022.0,20280.0,0
22026.0,20277.0,0
22026.0,20278.0,0
22022.0,20283.0,0
22030.0,20274.0,0
22021.0,20277.0,0
22023.0,20268.0,0
22020.0,20275.0,0
22025.0,20258.0,0
22019.0,20264.0,0
22012.0,20276.0,0
22011.0,20268.0,0
22018.0,20279.0,0
22022.0,20271.0,0
22021.0,20273.0,0
22019.0,20267.0,0
22012.0,20267.0,0
22010.0,20248.0,0
22010.0,20260.0,0
22012.0,20263.0,0
22008.0,20261.0,0
22003.0,20255.0,0
22004.0,20266.0,0
21996.0,20260.0,0
22007.0,20261.0,0
22008.0,20266.0,0
22002.0,20275.0,0
21992.0,20269.0,0
22008.0,20267.0,0
21998.0,20268.0,0
22008.0,20263.0,0
22011.0,20270.0,0
22020.0,20282.0,0
22014.0,20264.0,0
22010.0,20269.0,0
22004.0,20269.0,0
22009.0,20273.0,0
22011.0,20261.0,0
22002.0,20271.0,0
22003.0,20278.0,0
22012.0,20290.0,0
22013.0,20282.0,0
22016.0,20285.0,0
22016.0,20281.0,0
22033.0,20280.0,0
22025.0,20286.0,0
22027.0,20280.0,0
22026.0,20294.0,0
22027.0,20286.0,0
22024.0,20292.0,0
22032.0,20290.0,0
22031.0,20277.0,0
22015.0,20290.0,0
22004.0,20275.0,0
22015.0,20263.0,0
22003.0,20256.0,0
22004.0,20257.0,0
21998.0,20259.0,0
22000.0,20250.0,0
21999.0,20244.0,0
22005.0,20243.0,0
22003.0,20245.0,0
22008.0,20239.0,0
22009.0,20246.0,0
21994.0,20250.0,0
22000.0,20254.0,0
21999.0,20249.0,0
22005.0,20248.0,0
22001.0,20250.0,0
22000.0,20242.0,0
22001.0,20246.0,0
21990.0,20246.0,0
21997.0,20247.0,0
21998.0,20249.0,0
22004.0,20260.0,0
22008.0,20251.0,0
22004.0,20255.0,0
22003.0,20256.0,0
22005.0,20257.0,0
22004.0,20259.0,0
21997.0,20254.0,0
22001.0,20248.0,0
21995.0,20259.0,0
21999.0,20253.0,0
22002.0,20248.0,0
22010.0,20250.0,0
22007.0,20256.0,0
22004.0,20250.0,0
22004.0,20263.0,0
22004.0,20256.0,0
22000.0,20259.0,0
22010.0,20260.0,0
22003.0,20262.0,0
22000.0,20259.0,0
22018.0,20256.0,0
22006.0,20260.0,0
22010.0,20265.0,0
22007.0,20263.0,0
22007.0,20264.0,0
22018.0,20263.0,0
22020.0,20271.0,0
22019.0,20266.0,0
22019.0,20258.0,0
22022.0,20274.0,0
22014.0,20277.0,0
22027.0,20272.0,0
22019.0,20273.0,0
22019.0,20278.0,0
22016.0,20280.0,0
22031.0,20286.0,0
22022.0,20292.0,0
22028.0,20287.0,0
22029.0,20283.0,0
22027.0,20286.0,0
22034.0,20293.0,0
22036.0,20283.0,0
22040.0,20283.0,0
22028.0,20288.0,0
22036.0,20294.0,0
22039.0,20293.0,0
22037.0,20290.0,0
22030.0,20292.0,0
22028.0,20294.0,0
22018.0,20285.0,0
22026.0,20270.0,0
22025.0,20287.0,0
22013.0,20275.0,0
22015.0,20258.0,0
22005.0,20255.0,0
22009.0,20258.0,0
21998.0,20244.0,0
22007.0,20245.0,0
22007.0,20242.0,0
22011.0,20239.0,0
21998.0,20243.0,0
21996.0,20246.0,0
21991.0,20248.0,0
21999.0,20246.0,0
21996.0,20242.0,0
22003.0,20248.0,0
22003.0,20245.0,0
22010.0,20246.0,0
22008.0,20250.0,0
22012.0,20248.0,0
22008.0,20245.0,0
22006.0,20245.0,0
22000.0,20251.0,1
22003.0,20251.0,0
21999.0,20250.0,0
22004.0,20250.0,0
22012.0,20250.0,0
22005.0,20251.0,0
22008.0,20251.0,0
22014.0,20256.0,0
22014.0,20259.0,0
22009.0,20246.0,0
22013.0,20251.0,0
22013.0,20246.0,0
22017.0,20258.0,0
22010.0,20254.0,0
22010.0,20249.0,0
22013.0,20255.0,0
22012.0,20259.0,0
22015.0,20252.0,0
22006.0,20259.0,0
22012.0,20253.0,0
22007.0,20265.0,0
22008.0,20264.0,0
22015.0,20263.0,0
22029.0,20255.0,0
22020.0,20262.0,0
22018.0,20257.0,0
22017.0,20269.0,0
22022.0,20272.0,0
22017.0,20262.0,0
22022.0,20261.0,0
22019.0,20261.0,0
22021.0,20271.0,0
22022.0,20274.0,0
22020.0,20287.0,0
22011.0,20264.0,0
22029.0,20271.0,0
22027.0,20276.0,0
22026.0,20273.0,0
22025.0,20283.0,0
22020.0,20284.0,0
22015.0,20275.0,0
22022.0,20285.0,0
22018.0,20283.0,0
22023.0,20290.0,0
22028.0,20281.0,0
22027.0,20289.0,0
22037.0,20288.0,0
22033.0,20284.0,0
22028.0,20281.0,0
22034.0,20277.0,0
22031.0,20276.0,0
22026.0,20282.0,0
22017.0,20278.0,0
22024.0,20274.0,0
22012.0,20265.0,0
22006.0,20257.0,0
21991.0,20251.0,0
21990.0,20246.0,0
21994.0,20241.0,0
21998.0,20247.0,0
21992.0,20239.0,0
22002.0,20236.0,0
22000.0,20233.0,0
22002.0,20235.0,0
21994.0,20240.0,0
21987.0,20240.0,0
21992.0,20244.0,0
22000.0,20235.0,0
21995.0,20237.0,0
22002.0,20233.0,0
21998.0,20239.0,0
21996.0,20237.0,0
22001.0,20238.0,0
21998.0,20240.0,0
21994.0,20232.0,0
21993.0,20244.0,0
21998.0,20240.0,0
21998.0,20240.0,0
22000.0,20244.0,0
21997.0,20239.0,0
22004.0,20242.0,0
21992.0,20237.0,0
22006.0,20244.0,0
21997.0,20242.0,0
21993.0,20241.0,0
21995.0,20242.0,0
21996.0,20233.0,0
21999.0,20246.0,0
21998.0,20239.0,0
21991.0,20246.0,0
21990.0,20246.0,0
21987.0,20243.0,0
21989.0,20240.0,0
21991.0,20242.0,0
21992.0,20236.0,0
21987.0,20241.0,0
21986.0,20245.0,0
21984.0,20234.0,0
21996.0,20237.0,0
21974.0,20243.0,0
21992.0,20240.0,0
21986.0,20245.0,0
21982.0,20236.0,0
21992.0,20243.0,0
21989.0,20249.0,0
21993.0,20243.0,0
21993.0,20258.0,0
21983.0,20255.0,0
21992.0,20249.0,0
21997.0,20241.0,0
21991.0,20246.0,0
21998.0,20260.0,0
22010.0,20258.0,0
21997.0,20256.0,0
21998.0,20257.0,0
22002.0,20254.0,0
21999.0,20259.0,0
22003.0,20259.0,0
22000.0,20255.0,0
22005.0,20262.0,0
22005.0,20264.0,0
22002.0,20263.0,0
21999.0,20272.0,0
21997.0,20266.0,0
22000.0,20271.0,0
21995.0,20265.0,0
21997.0,20257.0,0
21987.0,20247.0,0
21988.0,20250.0,0
21984.0,20238.0,0
21989.0,20235.0,0
21985.0,20232.0,0
21973.0,20229.0,0
21967.0,20217.0,0
21971.0,20229.0,0
21966.0,20226.0,0
21961.0,20214.0,0
21955.0,20210.0,0
21975.0,20211.0,0
21974.0,20227.0,0
21972.0,20215.0,0
21956.0,20216.0,0
21962.0,20221.0,0
21975.0,20216.0,0
21969.0,20226.0,0
21973.0,20221.0,0
21961.0,20214.0,1
21960.0,20223.0,0
21967.0,20225.0,0
21959.0,20218.0,0
21968.0,20230.0,0
21971.0,20223.0,0
21974.0,20224.0,0
21973.0,20226.0,0
21972.0,20229.0,0
21981.0,20233.0,0
21977.0,20212.0,0
21971.0,20226.0,0
21957.0,20228.0,0
21984.0,20224.0,0
21968.0,20221.0,0
21975.0,20230.0,0
21975.0,20222.0,0
21969.0,20218.0,0
21964.0,20216.0,0
21975.0,20224.0,0
21974.0,20221.0,0
21971.0,20227.0,1
21975.0,20213.0,0
21972.0,20233.0,0
21961.0,20230.0,0
21968.0,20234.0,0
21980.0,20232.0,0
21973.0,20234.0,0
21980.0,20232.0,0
21984.0,20232.0,0
21979.0,20239.0,0
21984.0,20238.0,0
21982.0,20245.0,0
21981.0,20245.0,0
21986.0,20241.0,0
21981.0,20249.0,0
21984.0,20248.0,0
21988.0,20238.0,0
21981.0,20244.0,0
21981.0,20245.0,0
22000.0,20248.0,0
21993.0,20252.0,0
22000.0,20249.0,0
21995.0,20258.0,0
21994.0,20257.0,0
22003.0,20256.0,0
22002.0,20255.0,0
21994.0,20257.0,0
22001.0,20255.0,0
21998.0,20263.0,0
22007.0,20266.0,0
21997.0,20258.0,0
21994.0,20259.0,0
21988.0,20261.0,0
21986.0,20252.0,0
21990.0,20261.0,0
21978.0,20243.0,0
21977.0,20235.0,0
21979.0,20238.0,0
21977.0,20220.0,0
21969.0,20221.0,0
21983.0,20219.0,0
21962.0,20221.0,0
21968.0,20217.0,0
21968.0,20225.0,0
21973.0,20227.0,0
21964.0,20218.0,0
21958.0,20220.0,0
21972.0,20211.0,0
21971.0,20218.0,0
21973.0,20221.0,0
21968.0,20207.0,0
21975.0,20225.0,0
21972.0,20227.0,0
21968.0,20227.0,0
21967.0,20223.0,0
21976.0,20215.0,0
21968.0,20224.0,0
21965.0,20225.0,0
21980.0,20228.0,0
21979.0,20222.0,0
21973.0,20231.0,0
21988.0,20219.0,0
21989.0,20218.0,0
21983.0,20221.0,0
21987.0,20224.0,0
21982.0,20230.0,0
21990.0,20224.0,0
21997.0,20221.0,0
21995.0,20226.0,0
21991.0,20229.0,0
21997.0,20241.0,0
21983.0,20219.0,0
21989.0,20229.0,0
21995.0,20226.0,0
21990.0,20222.0,0
21988.0,20235.0,0
21985.0,20233.0,0
21995.0,20224.0,0
21993.0,20232.0,0
21993.0,20220.0,0
22003.0,20241.0,0
21988.0,20237.0,0
21997.0,20237.0,0
21991.0,20243.0,0
21999.0,20240.0,0
21987.0,20247.0,0
22000.0,20239.0,0
21985.0,20253.0,0
22002.0,20247.0,0
22003.0,20253.0,0
22006.0,20255.0,0
21996.0,20251.0,0
21999.0,20244.0,0
22005.0,20257.0,0
22005.0,20254.0,0
22003.0,20252.0,0
22013.0,20265.0,0
22011.0,20259.0,0
22005.0,20260.0,0
22009.0,20261.0,0
22021.0,20281.0,0
22013.0,20273.0,0
22014.0,20262.0,0
22022.0,20271.0,0
22023.0,20278.0,0
22020.0,20273.0,0
22018.0,20270.0,0
22011.0,20267.0,0
22005.0,20265.0,0
22002.0,20263.0,0
22005.0,20244.0,0
21996.0,20259.0,0
22000.0,20252.0,0
21999.0,20244.0,0
21993.0,20237.0,0
21989.0,20228.0,0
21990.0,20236.0,0
21995.0,20226.0,0
21990.0,20236.0,0
21987.0,20223.0,0
21985.0,20232.0,0
21980.0,20228.0,0
21981.0,20228.0,0
21970.0,20222.0,0
21986.0,20214.0,0
21979.0,20222.0,0
21990.0,20222.0,0
21989.0,20225.0,0
21998.0,20224.0,0
21987.0,20227.0,0
22000.0,20224.0,0
21986.0,20229.0,0
21999.0,20233.0,0
21996.0,20224.0,0
21986.0,20233.0,0
21995.0,20227.0,0
21989.0,20229.0,0
21986.0,20231.0,0
21985.0,20235.0,0
21983.0,20223.0,0
21999.0,20222.0,0
21996.0,20230.0,0
21991.0,20221.0,0
21985.0,20229.0,0
21988.0,20222.0,0
21980.0,20225.0,0
21981.0,20228.0,0
21982.0,20232.0,0
21976.0,20228.0,0
21976.0,20237.0,0
21986.0,20222.0,1
21978.0,20227.0,0
21979.0,20223.0,0
21997.0,20231.0,0
21980.0,20226.0,0
21987.0,20218.0,0
21983.0,20232.0,0
21988.0,20224.0,0
21989.0,20226.0,0
21985.0,20234.0,0
21985.0,20237.0,0
21996.0,20227.0,0
21985.0,20229.0,0
21987.0,20234.0,0
21991.0,20241.0,0
21986.0,20238.0,0
21991.0,20247.0,0
21989.0,20244.0,0
21990.0,20249.0,0
22000.0,20245.0,0
21995.0,20244.0,0
21985.0,20239.0,0
21987.0,20246.0,0
21991.0,20244.0,0
21989.0,20233.0,0
21992.0,20243.0,0
21996.0,20255.0,0
22002.0,20253.0,0
21996.0,20261.0,0
21996.0,20257.0,0
22003.0,20265.0,0
21998.0,20242.0,0
21993.0,20246.0,0
21980.0,20249.0,0
21992.0,20242.0,0
21978.0,20237.0,0
21969.0,20223.0,0
21970.0,20219.0,0
21965.0,20221.0,0
21961.0,20218.0,0
21956.0,20211.0,0
21951.0,20215.0,0
21966.0,20206.0,0
21953.0,20206.0,0
21958.0,20205.0,0
21962.0,20207.0,0
21951.0,20203.0,0
21951.0,20202.0,0
21960.0,20199.0,0
21955.0,20206.0,0
21957.0,20202.0,0
21961.0,20204.0,0
21957.0,20198.0,0
21951.0,20198.0,0
21959.0,20192.0,0
21956.0,20205.0,0
21952.0,20193.0,0
21945.0,20199.0,0
21953.0,20193.0,0
21955.0,20191.0,0
21949.0,20193.0,0
21945.0,20209.0,0
21950.0,20204.0,0
21953.0,20197.0,0
21940.0,20196.0,0
21949.0,20192.0,0
21928.0,20187.0,0
21931.0,20195.0,0
21936.0,20191.0,0
21938.0,20186.0,0
21937.0,20192.0,0
21932.0,20187.0,0
21939.0,20183.0,0
21946.0,20196.0,0
21936.0,20196.0,0
21936.0,20195.0,0
21929.0,20196.0,0
21934.0,20194.0,0
21927.0,20187.0,0
21933.0,20196.0,0
21939.0,20190.0,0
21937.0,20188.0,0
21936.0,20187.0,0
21939.0,20194.0,0
21944.0,20195.0,0
21936.0,20197.0,0
21948.0,20200.0,0
21949.0,20200.0,0
21948.0,20198.0,0
21950.0,20209.0,0
21941.0,20209.0,0
21949.0,20206.0,0
21959.0,20207.0,0
21942.0,20208.0,0
21949.0,20212.0,0
21950.0,20204.0,0
21946.0,20215.0,0
21953.0,20204.0,0
21954.0,20211.0,0
21949.0,20200.0,0
21948.0,20213.0,0
21947.0,20215.0,0
21948.0,20221.0,0
21953.0,20214.0,0
21952.0,20223.0,0
21957.0,20216.0,0
21948.0,20210.0,0
21942.0,20208.0,0
21941.0,20202.0,0
21929.0,20200.0,0
21934.0,20191.0,0
21933.0,20187.0,0
21933.0,20189.0,0
21925.0,20179.0,0
21923.0,20176.0,0
21927.0,20178.0,0
21929.0,20179.0,0
21929.0,20176.0,0
21931.0,20174.0,0
21935.0,20175.0,0
21933.0,20166.0,0
21926.0,20178.0,0
21937.0,20185.0,0
21923.0,20180.0,0
21924.0,20189.0,0
21937.0,20181.0,0
21932.0,20182.0,0
21921.0,20174.0,0
21931.0,20177.0,0
21928.0,20177.0,0
21933.0,20180.0,1
21942.0,20180.0,0
21946.0,20185.0,0
21936.0,20178.0,0
21948.0,20186.0,0
21942.0,20178.0,0
21941.0,20184.0,0
21935.0,20182.0,0
21940.0,20185.0,0
21941.0,20187.0,0
21940.0,20184.0,0
21938.0,20186.0,0
21934.0,20188.0,0
21934.0,20182.0,0
21945.0,20183.0,0
21945.0,20193.0,0
21936.0,20190.0,0
21937.0,20192.0,0
21944.0,20191.0,0
21939.0,20192.0,0
21952.0,20198.0,0
21927.0,20205.0,0
21946.0,20204.0,0
21944.0,20202.0,0
21946.0,20206.0,0
21951.0,20200.0,0
21952.0,20206.0,0
21967.0,20206.0,0
21963.0,20211.0,0
21946.0,20205.0,0
21950.0,20210.0,0
21966.0,20217.0,0
21952.0,20221.0,0
21957.0,20211.0,0
21964.0,20213.0,0
21965.0,20217.0,0
21967.0,20216.0,0
21965.0,20225.0,0
21979.0,20231.0,0
21975.0,20222.0,0
21973.0,20226.0,0
21984.0,20229.0,0
21984.0,20231.0,0
21971.0,20226.0,0
21976.0,20239.0,0
21985.0,20235.0,0
21982.0,20234.0,0
21976.0,20233.0,0
21967.0,20223.0,0
21961.0,20210.0,0
21957.0,20210.0,0
21956.0,20204.0,0
21954.0,20193.0,0
21942.0,20202.0,0
21951.0,20187.0,0
21956.0,20195.0,0
21951.0,20189.0,0
21951.0,20190.0,0
21951.0,20187.0,0
21954.0,20189.0,0
21955.0,20190.0,0
21948.0,20186.0,0
21953.0,20186.0,0
21946.0,20193.0,0
21944.0,20186.0,0
21954.0,20192.0,0
21962.0,20192.0,0
21955.0,20199.0,0
21943.0,20189.0,0
21954.0,20187.0,0
21956.0,20192.0,0
21958.0,20198.0,0
21956.0,20207.0,0
21964.0,20202.0,0
21970.0,20206.0,0
21965.0,20199.0,0
21969.0,20188.0,0
21978.0,20203.0,0
21981.0,20195.0,0
21977.0,20213.0,0
21982.0,20209.0,0
21990.0,20201.0,0
21990.0,20214.0,0
21978.0,20215.0,0
21986.0,20206.0,0
21987.0,20220.0,0
21986.0,20216.0,0
21996.0,20214.0,0
21986.0,20212.0,0
21984.0,20208.0,0
21990.0,20212.0,0
21988.0,20213.0,0
21994.0,20212.0,0
21985.0,20222.0,0
21983.0,20209.0,0
21989.0,20216.0,0
21996.0,20214.0,0
21997.0,20219.0,0
21993.0,20222.0,0
21988.0,20224.0,0
22005.0,20221.0,0
21996.0,20228.0,0
21996.0,20224.0,0
22003.0,20239.0,0
21996.0,20242.0,0
21987.0,20240.0,0
21999.0,20244.0,0
22003.0,20240.0,0
22003.0,20236.0,0
21998.0,20234.0,0
22002.0,20240.0,0
22002.0,20245.0,0
22004.0,20242.0,0
22014.0,20254.0,0
22019.0,20248.0,0
22022.0,20256.0,0
22008.0,20251.0,0
22014.0,20256.0,0
22007.0,20250.0,0
22016.0,20247.0,0
22005.0,20233.0,0
22007.0,20241.0,0
22002.0,20231.0,0
22007.0,20226.0,0
21991.0,20215.0,0
21994.0,20218.0,0
21986.0,20211.0,0
21984.0,20207.0,0
21990.0,20206.0,0
21981.0,20212.0,0
21983.0,20210.0,0
21975.0,20201.0,0
21984.0,20198.0,0
21981.0,20204.0,0
21974.0,20206.0,0
21980.0,20201.0,0
21975.0,20203.0,0
21984.0,20211.0,0
21980.0,20206.0,0
21992.0,20208.0,0
21985.0,20202.0,0
21978.0,20199.0,0
21965.0,20196.0,0
21957.0,20209.0,0
21968.0,20196.0,0
21954.0,20190.0,0
21973.0,20194.0,0
21964.0,20200.0,0
21972.0,20195.0,0
21960.0,20205.0,0
21972.0,20194.0,0
21969.0,20192.0,0
21956.0,20197.0,0
21951.0,20185.0,0
21954.0,20186.0,0
21962.0,20179.0,0
21967.0,20191.0,0
21960.0,20199.0,0
21963.0,20198.0,0
21968.0,20193.0,0
21958.0,20189.0,0
21969.0,20202.0,0
21959.0,20194.0,0
21960.0,20192.0,0
21956.0,20189.0,0
21952.0,20199.0,0
21946.0,20194.0,0
21946.0,20193.0,0
21948.0,20182.0,0
21951.0,20194.0,0
21951.0,20193.0,0
21947.0,20192.0,0
21949.0,20190.0,0
21953.0,20184.0,0
21962.0,20194.0,0
21954.0,20193.0,0
21954.0,20188.0,0
21950.0,20191.0,0
21948.0,20194.0,0
21944.0,20194.0,0
21954.0,20201.0,0
21945.0,20204.0,0
21956.0,20205.0,0
21954.0,20200.0,0
21953.0,20194.0,0
21958.0,20202.0,0
21950.0,20207.0,0
21960.0,20208.0,0
21963.0,20213.0,0
21959.0,20196.0,0
21958.0,20204.0,0
21974.0,20212.0,0
21965.0,20216.0,0
21953.0,20206.0,0
21954.0,20204.0,0
21947.0,20189.0,0
21940.0,20196.0,0
21941.0,20176.0,0
21939.0,20181.0,0
21938.0,20178.0,0
21927.0,20172.0,0
21926.0,20164.0,0
21928.0,20165.0,0
21928.0,20161.0,0
21932.0,20151.0,0
21918.0,20151.0,0
21919.0,20160.0,0
21919.0,20156.0,0
21928.0,20159.0,0
21912.0,20151.0,0
21918.0,20154.0,0
21922.0,20144.0,0
21915.0,20154.0,0
21918.0,20145.0,0
21911.0,20153.0,0
21908.0,20148.0,0
21914.0,20148.0,1
21918.0,20145.0,0
21918.0,20150.0,0
21913.0,20146.0,0
21900.0,20162.0,0
21908.0,20151.0,0
21912.0,20157.0,0
21908.0,20148.0,0
21926.0,20158.0,0
21913.0,20148.0,0
21914.0,20149.0,0
21912.0,20147.0,0
21930.0,20147.0,0
21922.0,20157.0,0
21912.0,20143.0,0
21904.0,20148.0,0
21910.0,20155.0,0
21912.0,20148.0,0
21914.0,20158.0,0
21911.0,20161.0,0
21915.0,20164.0,0
21908.0,20156.0,0
21914.0,20154.0,0
21920.0,20164.0,0
21906.0,20157.0,0
21921.0,20177.0,0
21916.0,20154.0,0
21924.0,20178.0,0
21927.0,20164.0,0
21924.0,20180.0,0
21925.0,20174.0,0
21926.0,20174.0,0
21924.0,20187.0,0
21920.0,20174.0,0
21927.0,20170.0,0
21928.0,20168.0,0
21918.0,20179.0,0
21924.0,20174.0,0
21934.0,20178.0,0
21937.0,20184.0,0
21941.0,20185.0,0
21943.0,20183.0,0
21942.0,20187.0,0
21946.0,20185.0,0
21950.0,20190.0,0
21948.0,20201.0,0
21956.0,20203.0,0
21950.0,20205.0,0
21939.0,20197.0,0
21943.0,20195.0,0
21939.0,20198.0,0
21952.0,20196.0,0
21931.0,20186.0,0
21934.0,20180.0,0
21927.0,20170.0,0
21916.0,20174.0,0
21919.0,20163.0,0
21921.0,20158.0,0
21913.0,20157.0,0
21914.0,20155.0,0
21922.0,20157.0,0
21914.0,20165.0,0
21921.0,20156.0,0
21926.0,20165.0,0
21926.0,20158.0,0
21919.0,20155.0,0
21918.0,20152.0,0
21922.0,20164.0,0
21921.0,20160.0,0
21929.0,20163.0,0
21926.0,20160.0,0
21920.0,20156.0,0
21926.0,20162.0,0
21946.0,20162.0,0
21940.0,20172.0,0
21940.0,20176.0,0
21948.0,20177.0,0
21938.0,20161.0,0
21953.0,20170.0,0
21942.0,20173.0,0
21951.0,20170.0,0
21952.0,20170.0,0
21953.0,20175.0,0
21963.0,20173.0,0
21967.0,20191.0,0
21965.0,20182.0,0
21956.0,20188.0,0
21951.0,20183.0,0
21967.0,20181.0,0
21963.0,20192.0,0
21970.0,20183.0,0
21968.0,20188.0,0
21958.0,20181.0,0
21964.0,20192.0,0
21963.0,20189.0,0
21963.0,20188.0,0
21971.0,20198.0,0
21972.0,20197.0,0
21970.0,20191.0,0
21973.0,20204.0,0
21978.0,20194.0,0
21986.0,20198.0,0
21980.0,20199.0,0
21982.0,20214.0,0
21980.0,20198.0,0
21986.0,20202.0,0
21987.0,20204.0,0
21980.0,20207.0,0
21990.0,20201.0,0
21982.0,20217.0,0
21981.0,20209.0,0
21988.0,20210.0,0
21992.0,20209.0,0
21981.0,20213.0,0
21992.0,20225.0,0
21984.0,20218.0,0
21999.0,20220.0,0
21996.0,20226.0,0
21989.0,20223.0,0
21989.0,20222.0,0
21984.0,20236.0,0
21994.0,20237.0,0
21987.0,20227.0,0
21983.0,20227.0,0
21977.0,20221.0,0
21984.0,20215.0,0
21981.0,20213.0,0
21977.0,20202.0,0
21982.0,20203.0,0
21972.0,20201.0,0
21976.0,20193.0,0
21969.0,20194.0,0
21973.0,20195.0,0
21958.0,20189.0,0
21964.0,20184.0,0
21971.0,20199.0,0
21974.0,20184.0,0
21964.0,20176.0,0
21972.0,20179.0,0
21962.0,20179.0,0
21967.0,20191.0,0
21961.0,20186.0,0
21966.0,20183.0,0
21968.0,20186.0,0
21972.0,20184.0,0
21964.0,20187.0,0
21968.0,20181.0,0
21974.0,20183.0,0
21976.0,20184.0,0
21974.0,20197.0,0
21964.0,20193.0,0
21967.0,20194.0,0
21976.0,20194.0,0
21972.0,20187.0,0
21962.0,20187.0,0
21967.0,20196.0,0
21967.0,20192.0,0
21979.0,20181.0,0
21979.0,20186.0,0
21964.0,20173.0,0
21968.0,20183.0,0
21973.0,20184.0,0
21967.0,20191.0,0
21963.0,20189.0,0
21972.0,20192.0,0
21970.0,20192.0,0
21978.0,20196.0,0
21977.0,20200.0,0
21978.0,20188.0,0
21970.0,20198.0,0
21970.0,20189.0,0
21973.0,20197.0,0
21976.0,20186.0,0
21972.0,20193.0,0
21972.0,20190.0,0
21967.0,20191.0,0
21972.0,20193.0,0
21980.0,20193.0,0
21969.0,20205.0,0
21973.0,20201.0,0
21978.0,20207.0,0
21977.0,20203.0,0
21975.0,20213.0,0
21971.0,20205.0,0
21969.0,20202.0,0
21976.0,20199.0,0
21973.0,20196.0,0
21968.0,20199.0,0
21982.0,20205.0,0
21959.0,20212.0,0
21975.0,20203.0,0
21978.0,20212.0,0
21974.0,20202.0,0
21972.0,20209.0,0
21967.0,20215.0,0
21974.0,20204.0,0
21970.0,20202.0,0
21977.0,20210.0,0
21969.0,20213.0,0
21968.0,20210.0,0
21966.0,20201.0,0
21961.0,20185.0,0
21969.0,20186.0,0
21953.0,20177.0,0
21949.0,20182.0,0
21952.0,20175.0,0
21943.0,20169.0,0
21956.0,20165.0,0
21950.0,20164.0,0
21952.0,20157.0,0
21949.0,20164.0,0
21946.0,20162.0,0
21952.0,20163.0,0
21958.0,20167.0,0
21943.0,20165.0,0
21940.0,20160.0,0
21944.0,20154.0,0
21939.0,20150.0,0
21934.0,20160.0,0
21929.0,20158.0,0
21928.0,20158.0,0
21929.0,20150.0,0
21928.0,20159.0,0
21936.0,20156.0,0
21929.0,20151.0,0
21929.0,20157.0,0
21936.0,20159.0,0
21927.0,20156.0,0
21926.0,20162.0,0
21931.0,20157.0,0
21935.0,20164.0,0
21934.0,20151.0,0
21929.0,20153.0,0
21926.0,20152.0,0
21930.0,20156.0,0
21931.0,20154.0,0
21924.0,20154.0,0
21929.0,20154.0,0
21929.0,20157.0,0
21930.0,20156.0,0
21925.0,20154.0,0
21931.0,20152.0,0
21930.0,20149.0,0
21936.0,20162.0,0
21930.0,20159.0,0
21934.0,20160.0,0
21938.0,20168.0,0
21936.0,20163.0,0
21945.0,20166.0,0
21935.0,20158.0,0
21939.0,20152.0,0
21946.0,20177.0,0
21947.0,20172.0,0
21934.0,20182.0,0
21948.0,20165.0,0
21939.0,20167.0,0
21948.0,20177.0,0
21945.0,20171.0,0
21944.0,20170.0,0
21943.0,20165.0,0
21950.0,20163.0,0
21948.0,20183.0,0
21956.0,20181.0,0
21953.0,20180.0,0
21951.0,20180.0,0
21956.0,20181.0,0
21958.0,20184.0,0
21957.0,20190.0,0
21962.0,20188.0,0
21957.0,20191.0,0
21964.0,20172.0,0
21961.0,20176.0,0
21944.0,20172.0,0
21943.0,20173.0,0
21944.0,20163.0,0
21942.0,20156.0,0
21937.0,20161.0,0
21938.0,20147.0,0
21936.0,20153.0,0
21946.0,20149.0,0
21941.0,20153.0,0
21944.0,20163.0,0
21948.0,20154.0,0
21943.0,20148.0,0
21955.0,20154.0,0
21941.0,20162.0,0
21949.0,20155.0,0
21949.0,20151.0,0
21948.0,20163.0,0
21941.0,20156.0,0
21937.0,20150.0,0
21945.0,20165.0,0
21947.0,20164.0,0
21951.0,20154.0,0
21963.0,20151.0,0
21957.0,20164.0,0
21955.0,20158.0,0
21953.0,20173.0,0
21960.0,20167.0,0
21960.0,20170.0,0
21967.0,20175.0,0
21963.0,20174.0,0
21962.0,20167.0,0
21952.0,20167.0,0
21954.0,20169.0,0
21960.0,20176.0,0
21959.0,20163.0,0
21965.0,20184.0,0
21960.0,20187.0,0
21967.0,20180.0,0
21964.0,20178.0,0
21976.0,20186.0,0
21977.0,20179.0,0
21971.0,20184.0,0
21965.0,20185.0,0
21962.0,20180.0,0
21961.0,20173.0,0
21971.0,20189.0,0
21975.0,20177.0,0
21977.0,20183.0,0
21982.0,20185.0,0
21983.0,20204.0,0
21988.0,20197.0,0
21972.0,20198.0,0
21989.0,20197.0,0
21984.0,20197.0,0
21994.0,20207.0,0
21993.0,20207.0,0
21988.0,20212.0,0
22003.0,20218.0,0
21996.0,20207.0,0
22000.0,20213.0,0
21992.0,20217.0,0
21990.0,20207.0,0
22004.0,20217.0,0
21997.0,20218.0,0
22008.0,20222.0,0
22009.0,20226.0,0
22015.0,20228.0,0
22007.0,20228.0,0
22021.0,20235.0,0
22009.0,20219.0,0
22004.0,20230.0,0
22009.0,20226.0,0
22004.0,20219.0,0
21995.0,20204.0,0
21985.0,20202.0,0
21990.0,20197.0,0
21994.0,20193.0,0
21984.0,20194.0,0
21978.0,20200.0,0
21979.0,20189.0,0
21987.0,20184.0,0
21971.0,20185.0,0
21982.0,20175.0,0
21981.0,20186.0,0
21983.0,20171.0,0
21976.0,20184.0,0
21967.0,20172.0,0
21980.0,20174.0,0
21971.0,20179.0,0
21978.0,20185.0,0
21976.0,20178.0,0
21975.0,20186.0,0
21964.0,20178.0,0
21972.0,20179.0,0
21968.0,20178.0,0
21980.0,20183.0,0
21969.0,20187.0,0
21976.0,20176.0,0
21963.0,20184.0,0
21975.0,20183.0,0
21969.0,20178.0,0
21969.0,20169.0,0
21967.0,20177.0,0
21966.0,20177.0,0
21957.0,20165.0,0
21965.0,20165.0,0
21958.0,20170.0,0
21942.0,20171.0,0
21961.0,20169.0,0
21945.0,20175.0,0
21957.0,20170.0,0
21947.0,20166.0,0
21952.0,20166.0,0
21958.0,20169.0,0
21951.0,20168.0,0
21939.0,20160.0,0
21951.0,20173.0,0
21949.0,20173.0,0
21955.0,20174.0,0
21948.0,20161.0,0
21949.0,20163.0,0
21952.0,20166.0,0
21935.0,20161.0,0
21954.0,20169.0,0
21940.0,20158.0,0
21942.0,20172.0,0
21942.0,20165.0,0
21935.0,20161.0,0
21945.0,20177.0,0
21940.0,20171.0,0
21950.0,20170.0,0
21943.0,20178.0,0
21942.0,20175.0,0
21944.0,20171.0,0
21945.0,20173.0,0
21955.0,20178.0,0
21947.0,20180.0,0
21942.0,20177.0,0
21957.0,20178.0,0
21953.0,20183.0,0
21963.0,20187.0,0
21957.0,20171.0,0
21944.0,20184.0,0
21943.0,20182.0,0
21938.0,20171.0,0
21938.0,20163.0,0
21923.0,20173.0,0
21925.0,20150.0,0
21913.0,20151.0,0
21918.0,20142.0,0
21915.0,20137.0,0
21910.0,20135.0,0
21907.0,20126.0,0
21911.0,20124.0,0
21907.0,20133.0,0
21903.0,20124.0,0
21894.0,20123.0,0
21901.0,20125.0,0
21897.0,20125.0,0
21903.0,20123.0,0
21895.0,20120.0,0
21883.0,20107.0,0
21882.0,20107.0,0
21882.0,20098.0,0
21884.0,20105.0,0
21882.0,20103.0,0
21874.0,20102.0,0
21877.0,20102.0,1
21885.0,20104.0,0
21883.0,20108.0,0
21886.0,20101.0,0
21881.0,20110.0,0
21890.0,20103.0,0
21879.0,20108.0,0
21869.0,20111.0,0
21878.0,20111.0,0
21874.0,20107.0,0
21873.0,20105.0,0
21871.0,20106.0,0
21876.0,20095.0,0
21869.0,20111.0,0
21877.0,20112.0,0
21880.0,20104.0,0
21878.0,20112.0,0
21876.0,20112.0,0
21872.0,20112.0,0
21877.0,20119.0,0
21879.0,20115.0,0
21879.0,20117.0,0
21880.0,20114.0,0
21871.0,20119.0,0
21879.0,20112.0,0
21885.0,20121.0,0
21886.0,20123.0,0
21901.0,20127.0,0
21906.0,20123.0,0
21902.0,20130.0,0
21894.0,20133.0,0
21888.0,20136.0,0
21902.0,20133.0,0
21895.0,20134.0,0
21893.0,20133.0,0
21900.0,20138.0,0
21893.0,20138.0,0
21903.0,20134.0,0
21905.0,20139.0,0
21906.0,20141.0,0
21908.0,20155.0,0
21907.0,20146.0,0
21906.0,20154.0,0
21904.0,20150.0,0
21915.0,20149.0,0
21912.0,20155.0,0
21906.0,20145.0,0
21903.0,20148.0,0
21898.0,20141.0,0
21902.0,20132.0,0
21893.0,20123.0,0
21894.0,20121.0,0
21888.0,20118.0,0
21898.0,20115.0,0
21899.0,20116.0,0
21895.0,20110.0,0
21906.0,20102.0,0
21895.0,20113.0,0
21906.0,20111.0,0
21895.0,20115.0,0
21894.0,20106.0,0
21902.0,20109.0,0
21886.0,20111.0,0
21896.0,20096.0,0
21894.0,20109.0,0
21896.0,20104.0,0
21896.0,20103.0,0
21891.0,20108.0,0
21894.0,20102.0,0
21895.0,20113.0,0
21904.0,20108.0,0
21891.0,20111.0,0
21897.0,20112.0,0
21903.0,20119.0,0
21902.0,20109.0,0
21906.0,20111.0,0
21905.0,20126.0,0
21898.0,20115.0,0
21915.0,20131.0,0
21902.0,20110.0,0
21911.0,20114.0,0
21914.0,20120.0,0
21912.0,20122.0,0
21906.0,20122.0,0
21912.0,20128.0,0
21913.0,20120.0,0
21917.0,20121.0,0
21921.0,20126.0,0
21920.0,20135.0,0
21924.0,20132.0,0
21913.0,20135.0,0
21926.0,20131.0,0
21915.0,20137.0,0
21921.0,20133.0,0
21921.0,20143.0,0
21922.0,20135.0,0
21930.0,20158.0,0
21928.0,20151.0,0
21929.0,20148.0,0
21936.0,20156.0,0
21928.0,20152.0,0
21921.0,20150.0,0
21931.0,20144.0,0
21930.0,20149.0,0
21923.0,20150.0,0
21939.0,20164.0,0
21926.0,20155.0,0
21947.0,20166.0,0
21944.0,20161.0,0
21955.0,20163.0,0
21944.0,20164.0,0
21953.0,20172.0,0
21946.0,20173.0,0
21938.0,20170.0,0
21949.0,20163.0,0
21954.0,20163.0,0
21939.0,20161.0,0
21932.0,20151.0,0
21918.0,20149.0,0
21934.0,20141.0,0
21925.0,20138.0,0
21923.0,20138.0,0
21922.0,20133.0,0
21921.0,20121.0,0
21912.0,20129.0,0
21918.0,20126.0,0
21926.0,20125.0,0
21911.0,20134.0,0
21928.0,20136.0,0
21925.0,20128.0,0
21924.0,20135.0,0
21932.0,20123.0,0
21926.0,20127.0,0
21925.0,20135.0,0
21922.0,20122.0,0
21933.0,20130.0,0
21928.0,20132.0,0
21935.0,20134.0,0
21933.0,20132.0,0
21940.0,20137.0,0
21933.0,20127.0,0
21931.0,20140.0,0
21935.0,20127.0,0
21941.0,20133.0,0
21935.0,20133.0,0
21941.0,20147.0,0
21934.0,20138.0,0
21929.0,20141.0,0
21933.0,20140.0,0
21942.0,20140.0,0
21934.0,20144.0,0
21941.0,20141.0,0
21933.0,20149.0,0
21952.0,20140.0,0
21945.0,20142.0,0
21932.0,20145.0,0
21947.0,20137.0,0
21942.0,20140.0,0
21946.0,20148.0,0
21944.0,20147.0,0
21941.0,20149.0,0
21946.0,20145.0,0
21938.0,20142.0,0
21934.0,20148.0,0
21938.0,20143.0,0
21962.0,20160.0,0
21945.0,20161.0,0
21939.0,20158.0,0
21946.0,20158.0,0
21943.0,20159.0,0
21960.0,20157.0,0
21952.0,20166.0,0
21946.0,20160.0,0
21952.0,20165.0,0
21957.0,20172.0,0
21953.0,20167.0,0
21961.0,20166.0,0
21966.0,20175.0,0
21954.0,20168.0,0
21947.0,20180.0,0
21962.0,20174.0,0
21964.0,20180.0,0
21970.0,20191.0,0
21975.0,20188.0,0
21973.0,20187.0,0
21966.0,20182.0,0
21963.0,20177.0,0
21961.0,20187.0,0
21959.0,20171.0,0
21956.0,20162.0,0
21957.0,20165.0,0
21946.0,20153.0,0
21936.0,20144.0,0
21943.0,20150.0,0
21946.0,20159.0,0
21939.0,20145.0,0
21940.0,20147.0,0
21940.0,20144.0,0
21938.0,20142.0,0
21946.0,20147.0,0
21940.0,20147.0,0
21936.0,20147.0,0
21945.0,20127.0,0
21939.0,20142.0,0
21945.0,20142.0,1
21950.0,20137.0,0
21940.0,20130.0,0
21946.0,20140.0,0
21940.0,20130.0,0
21935.0,20140.0,0
21940.0,20142.0,0
21933.0,20130.0,0
21939.0,20135.0,0
21935.0,20136.0,0
21936.0,20142.0,0
21936.0,20140.0,0
21937.0,20134.0,0
21932.0,20134.0,0
21943.0,20130.0,0
21931.0,20137.0,0
21940.0,20136.0,0
21941.0,20142.0,0
21935.0,20133.0,0
21942.0,20151.0,0
21931.0,20145.0,0
21930.0,20150.0,0
21925.0,20150.0,0
21934.0,20140.0,0
21937.0,20148.0,0
21926.0,20140.0,0
21926.0,20136.0,0
21926.0,20140.0,0
21930.0,20152.0,0
21925.0,20137.0,0
21934.0,20135.0,0
21927.0,20147.0,0
21929.0,20145.0,0
21933.0,20141.0,0
21922.0,20145.0,0
21931.0,20158.0,0
21927.0,20145.0,0
21935.0,20144.0,0
21936.0,20152.0,0
21944.0,20157.0,0
21928.0,20152.0,0
21933.0,20152.0,0
21921.0,20149.0,0
21939.0,20148.0,0
21937.0,20152.0,0
21926.0,20157.0,0
21934.0,20151.0,0
21929.0,20153.0,0
21935.0,20157.0,0
21931.0,20158.0,0
21943.0,20153.0,0
21936.0,20160.0,0
21945.0,20156.0,0
21937.0,20168.0,0
21940.0,20165.0,0
21936.0,20164.0,0
21929.0,20161.0,0
21927.0,20163.0,0
21931.0,20156.0,0
21920.0,20146.0,0
21919.0,20157.0,0
21906.0,20139.0,0
21909.0,20134.0,0
21915.0,20126.0,0
21904.0,20124.0,0
21919.0,20124.0,0
21913.0,20124.0,0
21904.0,20128.0,0
21911.0,20121.0,0
21919.0,20122.0,0
21912.0,20130.0,0
21908.0,20127.0,0
21921.0,20131.0,0
21907.0,20124.0,0
21913.0,20123.0,0
21904.0,20111.0,0
21901.0,20122.0,0
21905.0,20112.0,0
21914.0,20118.0,0
21919.0,20125.0,0
21918.0,20128.0,0
21919.0,20124.0,0
21917.0,20131.0,0
21923.0,20127.0,0
21921.0,20125.0,0
21920.0,20131.0,0
21920.0,20136.0,0
21925.0,20135.0,0
21936.0,20138.0,0
21928.0,20126.0,0
21924.0,20137.0,0
21919.0,20138.0,0
21923.0,20133.0,0
21927.0,20134.0,0
21924.0,20143.0,0
21932.0,20139.0,0
21914.0,20140.0,0
21926.0,20150.0,0
21930.0,20153.0,0
21918.0,20155.0,0
21919.0,20144.0,0
21930.0,20156.0,0
21928.0,20150.0,0
21929.0,20148.0,0
21928.0,20152.0,0
21936.0,20143.0,0
21934.0,20153.0,0
21946.0,20151.0,0
21952.0,20164.0,0
21949.0,20160.0,0
21947.0,20166.0,0
21950.0,20164.0,0
21944.0,20157.0,0
21946.0,20167.0,0
21944.0,20169.0,0
21961.0,20170.0,0
21949.0,20162.0,0
21946.0,20175.0,0
21951.0,20178.0,0
21960.0,20166.0,0
21950.0,20165.0,0
21963.0,20174.0,0
21960.0,20175.0,0
21950.0,20173.0,0
21964.0,20180.0,0
21963.0,20187.0,0
21957.0,20191.0,0
21956.0,20186.0,0
21969.0,20187.0,0
21965.0,20175.0,0
21956.0,20182.0,0
21962.0,20183.0,0
21955.0,20173.0,0
21952.0,20176.0,0
21953.0,20167.0,0
21951.0,20158.0,0
21943.0,20164.0,0
21948.0,20158.0,0
21942.0,20149.0,0
21937.0,20149.0,0
21942.0,20158.0,0
21944.0,20159.0,0
21942.0,20156.0,0
21940.0,20167.0,0
21935.0,20151.0,0
21950.0,20159.0,0
21943.0,20158.0,0
21958.0,20157.0,0
21948.0,20164.0,0
21957.0,20145.0,0
21943.0,20151.0,0
21950.0,20152.0,1
21943.0,20153.0,0
21954.0,20157.0,0
21952.0,20162.0,0
21951.0,20158.0,0
21952.0,20160.0,0
21954.0,20163.0,0
21959.0,20167.0,0
21959.0,20169.0,0
21962.0,20168.0,0
21958.0,20167.0,0
21955.0,20165.0,0
21950.0,20165.0,0
21949.0,20160.0,0
21953.0,20166.0,0
21955.0,20156.0,0
21971.0,20163.0,0
21949.0,20159.0,0
21947.0,20159.0,0
21953.0,20169.0,0
21952.0,20169.0,0
21962.0,20172.0,0
21958.0,20160.0,0
21959.0,20175.0,0
21954.0,20171.0,0
21954.0,20180.0,0
21957.0,20168.0,0
21957.0,20160.0,0
21947.0,20172.0,0
21956.0,20169.0,0
21956.0,20172.0,0
21962.0,20167.0,0
21965.0,20178.0,0
21965.0,20174.0,0
21965.0,20179.0,0
21964.0,20181.0,0
21957.0,20183.0,0
21964.0,20180.0,0
21957.0,20189.0,0
21969.0,20185.0,0
21973.0,20180.0,0
21976.0,20186.0,0
21971.0,20183.0,0
21951.0,20187.0,0
21966.0,20190.0,0
21964.0,20190.0,0
21968.0,20192.0,0
21977.0,20195.0,0
21976.0,20209.0,0
21982.0,20192.0,0
21992.0,20201.0,0
21983.0,20198.0,0
21986.0,20202.0,0
21994.0,20207.0,0
21984.0,20212.0,0
21972.0,20214.0,0
21982.0,20214.0,0
21983.0,20204.0,0
21978.0,20192.0,0
21973.0,20200.0,0
21970.0,20185.0,0
21956.0,20181.0,0
21956.0,20184.0,0
21950.0,20170.0,0
21950.0,20168.0,0
21948.0,20167.0,0
21955.0,20160.0,0
21945.0,20159.0,0
21940.0,20164.0,0
21945.0,20165.0,0
21949.0,20163.0,0
21943.0,20164.0,0
21947.0,20156.0,0
21943.0,20163.0,0
21941.0,20165.0,0
21938.0,20159.0,0
21940.0,20152.0,0
21927.0,20152.0,0
21926.0,20162.0,0
21931.0,20155.0,0
21932.0,20163.0,0
21929.0,20167.0,0
21937.0,20160.0,0
21933.0,20156.0,0
21940.0,20158.0,0
21932.0,20149.0,0
21933.0,20151.0,0
21929.0,20159.0,0
21933.0,20153.0,0
21944.0,20156.0,0
21931.0,20155.0,0
21930.0,20152.0,0
21937.0,20165.0,0
21939.0,20153.0,0
21933.0,20152.0,0
21931.0,20163.0,0
21931.0,20165.0,0
21947.0,20156.0,0
21934.0,20160.0,0
21933.0,20157.0,0
21934.0,20157.0,0
21944.0,20155.0,0
21934.0,20164.0,0
21934.0,20160.0,0
21935.0,20173.0,0
21941.0,20172.0,0
21931.0,20167.0,0
21935.0,20162.0,0
21929.0,20174.0,0
21930.0,20159.0,0
21928.0,20166.0,0
21939.0,20169.0,0
21924.0,20171.0,0
21943.0,20169.0,0
21934.0,20171.0,0
21928.0,20170.0,0
21926.0,20175.0,0
21925.0,20161.0,0
21932.0,20181.0,0
21933.0,20170.0,0
21934.0,20182.0,0
21935.0,20183.0,0
21942.0,20175.0,0
21941.0,20185.0,0
21934.0,20179.0,0
21946.0,20190.0,0
21948.0,20176.0,0
21933.0,20188.0,0
21937.0,20183.0,0
21937.0,20180.0,0
21934.0,20186.0,0
21931.0,20180.0,0
21938.0,20177.0,0
21936.0,20177.0,0
21934.0,20174.0,0
21932.0,20168.0,0
21933.0,20157.0,0
21925.0,20149.0,0
21929.0,20151.0,0
21928.0,20157.0,0
21922.0,20144.0,0
21922.0,20158.0,0
21919.0,20144.0,0
21926.0,20150.0,0
21915.0,20151.0,0
21912.0,20152.0,0
21917.0,20142.0,0
21915.0,20153.0,0
21925.0,20142.0,0
21919.0,20147.0,0
21920.0,20145.0,0
21920.0,20156.0,0
21911.0,20144.0,0
21925.0,20154.0,0
21925.0,20160.0,0
21926.0,20153.0,0
21924.0,20158.0,0
21930.0,20152.0,0
21926.0,20152.0,0
21926.0,20157.0,0
21929.0,20155.0,0
21928.0,20151.0,0
21939.0,20148.0,0
21922.0,20148.0,0
21923.0,20145.0,0
21932.0,20153.0,0
21926.0,20150.0,0
21924.0,20147.0,0
21928.0,20143.0,0
21917.0,20159.0,0
21930.0,20153.0,0
21919.0,20140.0,0
21929.0,20146.0,0
21918.0,20151.0,0
21916.0,20162.0,0
21924.0,20157.0,1
21925.0,20164.0,0
21920.0,20161.0,0
21927.0,20162.0,0
21931.0,20161.0,0
21927.0,20164.0,0
21931.0,20169.0,0
21929.0,20166.0,0
21927.0,20171.0,0
21928.0,20166.0,0
21938.0,20171.0,0
21933.0,20179.0,0
21949.0,20170.0,0
21935.0,20181.0,0
21944.0,20179.0,0
21938.0,20181.0,0
21946.0,20183.0,0
21943.0,20191.0,0
21945.0,20194.0,0
21942.0,20194.0,0
21953.0,20191.0,0
21952.0,20191.0,0
21960.0,20186.0,0
21951.0,20194.0,0
21953.0,20198.0,0
21954.0,20207.0,0
21969.0,20196.0,0
21960.0,20197.0,0
21956.0,20207.0,0
21962.0,20197.0,0
21953.0,20196.0,0
21952.0,20198.0,0
21961.0,20184.0,0
21954.0,20189.0,0
21940.0,20172.0,0
21937.0,20167.0,0
21923.0,20161.0,0
21935.0,20159.0,0
21927.0,20165.0,0
21940.0,20159.0,0
21924.0,20161.0,0
21936.0,20154.0,0
21929.0,20153.0,0
21934.0,20152.0,0
21936.0,20164.0,0
21932.0,20155.0,0
21934.0,20153.0,0
21936.0,20153.0,0
21937.0,20153.0,0
21933.0,20154.0,0
21936.0,20163.0,0
21941.0,20163.0,0
21929.0,20157.0,0
21937.0,20159.0,0
21931.0,20162.0,0
21938.0,20164.0,0
21933.0,20169.0,1
21939.0,20154.0,0
21937.0,20163.0,0
21941.0,20166.0,0
21940.0,20156.0,0
21939.0,20148.0,0
21941.0,20166.0,0
21949.0,20160.0,0
21946.0,20154.0,0
21940.0,20159.0,0
21936.0,20157.0,0
21940.0,20156.0,0
21938.0,20167.0,0
21932.0,20159.0,0
21934.0,20158.0,0
21939.0,20158.0,0
21950.0,20151.0,0
21931.0,20165.0,0
21932.0,20160.0,0
21936.0,20174.0,0
21939.0,20161.0,0
21940.0,20171.0,0
21939.0,20161.0,0
21946.0,20177.0,0
21943.0,20175.0,0
21942.0,20174.0,0
21943.0,20166.0,0
21940.0,20184.0,0
21949.0,20166.0,0
21950.0,20179.0,0
21947.0,20177.0,0
21947.0,20175.0,0
21946.0,20185.0,0
21944.0,20172.0,0
21950.0,20170.0,0
21946.0,20177.0,0
21947.0,20184.0,0
21948.0,20189.0,0
21958.0,20186.0,0
21951.0,20193.0,0
21953.0,20185.0,0
21953.0,20187.0,0
21975.0,20193.0,0
21955.0,20202.0,0
21954.0,20203.0,0
21961.0,20201.0,0
21965.0,20204.0,0
21954.0,20204.0,0
21953.0,20194.0,0
21947.0,20188.0,0
21939.0,20178.0,0
21934.0,20173.0,0
21929.0,20158.0,0
21935.0,20164.0,0
21919.0,20162.0,0
21924.0,20150.0,0
21907.0,20143.0,0
21921.0,20156.0,0
21916.0,20152.0,0
21923.0,20150.0,0
21914.0,20137.0,0
21910.0,20143.0,0
21911.0,20151.0,0
21911.0,20138.0,0
21910.0,20135.0,0
21920.0,20135.0,0
21901.0,20139.0,0
21905.0,20137.0,0
21907.0,20135.0,0
21896.0,20133.0,0
21909.0,20137.0,0
21902.0,20139.0,0
21907.0,20137.0,0
21910.0,20139.0,0
21912.0,20143.0,0
21910.0,20133.0,0
21915.0,20140.0,0
21907.0,20145.0,0
21920.0,20142.0,0
21916.0,20149.0,0
21907.0,20147.0,0
21913.0,20141.0,0
21912.0,20140.0,0
21906.0,20131.0,0
21911.0,20149.0,0
21909.0,20138.0,0
21894.0,20137.0,0
21911.0,20139.0,0
21905.0,20149.0,0
21905.0,20146.0,0
21910.0,20150.0,0
21908.0,20148.0,0
21913.0,20143.0,0
21903.0,20142.0,0
21909.0,20152.0,0
21896.0,20144.0,0
21906.0,20147.0,0
21905.0,20135.0,0
21909.0,20152.0,0
21903.0,20152.0,0
21908.0,20154.0,0
21893.0,20155.0,0
21910.0,20142.0,0
21899.0,20153.0,0
21914.0,20151.0,0
21909.0,20155.0,0
21913.0,20154.0,0
21915.0,20153.0,0
21912.0,20157.0,0
21918.0,20149.0,0
21914.0,20154.0,0
21918.0,20159.0,0
21922.0,20159.0,0
21926.0,20159.0,0
21926.0,20163.0,0
21920.0,20154.0,0
21923.0,20160.0,0
21925.0,20174.0,0
21924.0,20164.0,0
21916.0,20169.0,0
21915.0,20157.0,0
21906.0,20161.0,0
21910.0,20163.0,0
21899.0,20146.0,0
21894.0,20141.0,0
21890.0,20129.0,0
21893.0,20120.0,0
21899.0,20127.0,0
21888.0,20131.0,0
21890.0,20127.0,0
21893.0,20125.0,0
21890.0,20122.0,0
21902.0,20117.0,0
21883.0,20133.0,0
21888.0,20133.0,0
21887.0,20132.0,0
21895.0,20129.0,0
21896.0,20132.0,0
21894.0,20118.0,0
21888.0,20117.0,0
21891.0,20131.0,0
21890.0,20125.0,0
21890.0,20126.0,0
21895.0,20120.0,0
21898.0,20131.0,0
21901.0,20134.0,0
21900.0,20127.0,0
21901.0,20130.0,0
21904.0,20137.0,0
21898.0,20127.0,0
21891.0,20140.0,0
21902.0,20129.0,0
21903.0,20131.0,0
21904.0,20133.0,0
21911.0,20136.0,0
21912.0,20133.0,0
21903.0,20131.0,0
21912.0,20134.0,0
21904.0,20140.0,0
21910.0,20134.0,0
21925.0,20147.0,0
21903.0,20145.0,0
21912.0,20145.0,0
21908.0,20147.0,0
21905.0,20148.0,0
21900.0,20141.0,0
21907.0,20147.0,0
21912.0,20146.0,0
21904.0,20145.0,0
21919.0,20153.0,0
21910.0,20148.0,0
21910.0,20148.0,0
21918.0,20148.0,0
21927.0,20154.0,0
21911.0,20164.0,0
21910.0,20165.0,0
21900.0,20156.0,0
21916.0,20163.0,0
21919.0,20167.0,0
21916.0,20166.0,0
21918.0,20167.0,0
21918.0,20156.0,0
21914.0,20170.0,0
21923.0,20169.0,0
21919.0,20169.0,0
21915.0,20168.0,0
21914.0,20161.0,0
21927.0,20165.0,0
21927.0,20161.0,0
21918.0,20165.0,0
21913.0,20161.0,0
21919.0,20163.0,0
21905.0,20154.0,0
21910.0,20153.0,0
21903.0,20151.0,0
21899.0,20140.0,0
21905.0,20138.0,0
21902.0,20129.0,0
21906.0,20129.0,0
21901.0,20125.0,0
21902.0,20130.0,0
21901.0,20143.0,0
21907.0,20133.0,0
21902.0,20136.0,0
21897.0,20130.0,0
21900.0,20128.0,0
21894.0,20125.0,0
21888.0,20125.0,1
21891.0,20122.0,0
21889.0,20138.0,0
21900.0,20125.0,0
21901.0,20131.0,0
21891.0,20135.0,0
21891.0,20130.0,0
21898.0,20124.0,0
21902.0,20136.0,0
21893.0,20125.0,0
21904.0,20130.0,0
21906.0,20128.0,0
21897.0,20140.0,0
21900.0,20133.0,0
21904.0,20133.0,0
21906.0,20141.0,0
21904.0,20137.0,0
21911.0,20141.0,0
21917.0,20142.0,0
21916.0,20132.0,0
21912.0,20135.0,0
21915.0,20141.0,0
21907.0,20148.0,0
21905.0,20140.0,0
21908.0,20149.0,0
21911.0,20148.0,0
21908.0,20146.0,0
21914.0,20153.0,0
21916.0,20160.0,0
21924.0,20153.0,0
21919.0,20163.0,0
21911.0,20154.0,0
21918.0,20162.0,0
21928.0,20157.0,0
21916.0,20149.0,0
21918.0,20163.0,0
21926.0,20154.0,0
21913.0,20161.0,0
21920.0,20163.0,0
21919.0,20157.0,0
21921.0,20152.0,0
21911.0,20160.0,0
21917.0,20169.0,0
21939.0,20171.0,0
21931.0,20176.0,0
21927.0,20182.0,0
21926.0,20172.0,0
21922.0,20168.0,0
21921.0,20169.0,0
21925.0,20168.0,0
21916.0,20173.0,0
21917.0,20170.0,0
21909.0,20163.0,0
21909.0,20160.0,0
21902.0,20155.0,0
21900.0,20149.0,0
21899.0,20151.0,0
21891.0,20147.0,0
21900.0,20139.0,0
21893.0,20138.0,0
21899.0,20134.0,0
21894.0,20132.0,0
21886.0,20131.0,0
21883.0,20130.0,0
21884.0,20126.0,0
21890.0,20130.0,0
21889.0,20124.0,0
21873.0,20128.0,0
21894.0,20125.0,0
21877.0,20117.0,0
21880.0,20133.0,0
21883.0,20119.0,0
21888.0,20119.0,0
21886.0,20115.0,0
21884.0,20121.0,0
21874.0,20119.0,0
21879.0,20116.0,0
21884.0,20126.0,0
21883.0,20120.0,0
21881.0,20122.0,0
21882.0,20130.0,0
21882.0,20131.0,0
21876.0,20118.0,0
21892.0,20123.0,0
21879.0,20116.0,0
21881.0,20116.0,0
21884.0,20115.0,0
21877.0,20107.0,0
21867.0,20107.0,0
21866.0,20118.0,0
21868.0,20111.0,0
21876.0,20116.0,0
21874.0,20117.0,0
21873.0,20111.0,0
21871.0,20114.0,0
21870.0,20119.0,0
21870.0,20119.0,0
21876.0,20122.0,0
21875.0,20120.0,0
21871.0,20125.0,0
21860.0,20119.0,0
21871.0,20123.0,0
21864.0,20128.0,0
21868.0,20129.0,0
21869.0,20125.0,0
21870.0,20120.0,0
21876.0,20127.0,0
21869.0,20124.0,0
21863.0,20128.0,0
21872.0,20130.0,0
21876.0,20137.0,0
21867.0,20134.0,0
21875.0,20129.0,0
21869.0,20130.0,0
21877.0,20135.0,0
21875.0,20130.0,0
21870.0,20131.0,0
21868.0,20135.0,0
21886.0,20142.0,0
21880.0,20132.0,0
21874.0,20128.0,0
21870.0,20132.0,0
21872.0,20112.0,0
21863.0,20118.0,0
21859.0,20104.0,0
21851.0,20093.0,0
21855.0,20113.0,0
21844.0,20100.0,0
21852.0,20094.0,0
21842.0,20085.0,0
21843.0,20083.0,0
21857.0,20085.0,0
21850.0,20084.0,0
21848.0,20079.0,0
21848.0,20084.0,0
21851.0,20083.0,0
21844.0,20085.0,0
21839.0,20089.0,0
21838.0,20080.0,0
21823.0,20070.0,0
21843.0,20073.0,0
21839.0,20078.0,0
21843.0,20089.0,0
21856.0,20092.0,0
21853.0,20092.0,0
21859.0,20092.0,0
21862.0,20096.0,0
21871.0,20095.0,0
21859.0,20094.0,0
21862.0,20095.0,0
21860.0,20093.0,0
21865.0,20090.0,0
21868.0,20097.0,0
21870.0,20094.0,0
21872.0,20105.0,0
21867.0,20102.0,0
21863.0,20102.0,0
21857.0,20095.0,0
21871.0,20111.0,0
21852.0,20107.0,0
21864.0,20103.0,0
21864.0,20111.0,0
21871.0,20108.0,0
21868.0,20108.0,0
21880.0,20107.0,0
21873.0,20113.0,0
21871.0,20107.0,0
21879.0,20109.0,0
21880.0,20108.0,0
21891.0,20114.0,0
21879.0,20114.0,0
21887.0,20125.0,0
21887.0,20122.0,0
21880.0,20118.0,0
21885.0,20129.0,0
21884.0,20126.0,0
21893.0,20117.0,0
21890.0,20126.0,0
21893.0,20126.0,0
21892.0,20130.0,0
21890.0,20133.0,0
21895.0,20137.0,0
21897.0,20134.0,0
21899.0,20136.0,0
21917.0,20136.0,0
21907.0,20149.0,0
21904.0,20141.0,0
21905.0,20146.0,0
21898.0,20143.0,0
21902.0,20152.0,0
21904.0,20136.0,0
21899.0,20127.0,0
21893.0,20127.0,0
21876.0,20110.0,0
21879.0,20109.0,0
21881.0,20102.0,0
21876.0,20113.0,0
21882.0,20100.0,0
21892.0,20103.0,0
21871.0,20113.0,0
21898.0,20109.0,0
21892.0,20115.0,0
21893.0,20109.0,0
21889.0,20112.0,0
21889.0,20102.0,0
21884.0,20106.0,0
21892.0,20115.0,0
21903.0,20108.0,0
21890.0,20115.0,0
21885.0,20110.0,0
21894.0,20107.0,0
21895.0,20116.0,0
21903.0,20120.0,0
21893.0,20114.0,0
21899.0,20123.0,0
21895.0,20111.0,0
21887.0,20120.0,0
21893.0,20112.0,0
21894.0,20122.0,0
21887.0,20114.0,0
21892.0,20110.0,0
21896.0,20119.0,0
21911.0,20117.0,0
21895.0,20117.0,0
21899.0,20117.0,0
21900.0,20115.0,0
21895.0,20124.0,0
21887.0,20119.0,0
21889.0,20120.0,0
21898.0,20126.0,0
21903.0,20126.0,0
21897.0,20121.0,0
21906.0,20128.0,0
21902.0,20126.0,0
21901.0,20134.0,0
21897.0,20126.0,0
21894.0,20132.0,0
21897.0,20133.0,0
21898.0,20130.0,0
21913.0,20137.0,0
21903.0,20135.0,0
21915.0,20148.0,0
21909.0,20140.0,0
21912.0,20140.0,0
21910.0,20143.0,0
21913.0,20142.0,0
21907.0,20153.0,0
21918.0,20149.0,0
21912.0,20146.0,0
21917.0,20151.0,0
21919.0,20152.0,0
21916.0,20154.0,0
21920.0,20147.0,0
21929.0,20149.0,0
21929.0,20156.0,0
21924.0,20158.0,0
21923.0,20162.0,0
21933.0,20163.0,0
21927.0,20153.0,0
21916.0,20139.0,0
21915.0,20145.0,0
21899.0,20128.0,0
21894.0,20130.0,0
21897.0,20119.0,0
21903.0,20116.0,0
21891.0,20108.0,0
21893.0,20122.0,0
21899.0,20107.0,0
21887.0,20109.0,0
21891.0,20104.0,0
21889.0,20110.0,0
21885.0,20111.0,0
21882.0,20108.0,0
21887.0,20106.0,0
21892.0,20111.0,0
21882.0,20104.0,0
21884.0,20109.0,0
21885.0,20109.0,0
21882.0,20099.0,0
21881.0,20101.0,0
21879.0,20107.0,0
21888.0,20104.0,0
21879.0,20110.0,0
21890.0,20110.0,0
21878.0,20106.0,0
21879.0,20113.0,0
21890.0,20103.0,0
21888.0,20103.0,0
21888.0,20103.0,0
21891.0,20100.0,0
21890.0,20106.0,0
21893.0,20104.0,0
21889.0,20111.0,0
21878.0,20117.0,0
21879.0,20106.0,0
21879.0,20114.0,0
21883.0,20106.0,0
21891.0,20105.0,1
21888.0,20108.0,0
21888.0,20108.0,0
21888.0,20121.0,0
21888.0,20107.0,0
21883.0,20110.0,0
21879.0,20106.0,0
21886.0,20114.0,0
21878.0,20120.0,0
21880.0,20111.0,0
21882.0,20112.0,0
21880.0,20116.0,0
21890.0,20116.0,0
21882.0,20116.0,0
21888.0,20120.0,0
21896.0,20116.0,0
21886.0,20125.0,0
21886.0,20113.0,0
21883.0,20124.0,0
21881.0,20125.0,0
21886.0,20120.0,0
21891.0,20117.0,0
21885.0,20124.0,0
21877.0,20127.0,0
21885.0,20125.0,0
21888.0,20115.0,0
21879.0,20133.0,0
21887.0,20124.0,0
21888.0,20125.0,0
21892.0,20127.0,0
21889.0,20122.0,0
21892.0,20127.0,0
21889.0,20121.0,0
21887.0,20112.0,0
21886.0,20115.0,0
21877.0,20110.0,0
21871.0,20115.0,0
21867.0,20089.0,0
21861.0,20091.0,0
21868.0,20086.0,0
21868.0,20084.0,0
21861.0,20088.0,0
21859.0,20087.0,0
21860.0,20092.0,0
21866.0,20079.0,0
21872.0,20083.0,0
21864.0,20089.0,0
21863.0,20087.0,0
21854.0,20082.0,0
21854.0,20077.0,0
21867.0,20086.0,0
21859.0,20075.0,0
21863.0,20077.0,0
21861.0,20089.0,0
21867.0,20078.0,0
21871.0,20080.0,0
21873.0,20095.0,0
21874.0,20087.0,0
21884.0,20091.0,0
21873.0,20093.0,0
21871.0,20099.0,0
21872.0,20086.0,0
21868.0,20098.0,0
21876.0,20089.0,0
21870.0,20079.0,0
21867.0,20086.0,0
21873.0,20092.0,0
21884.0,20091.0,0
21883.0,20095.0,0
21877.0,20103.0,0
21882.0,20098.0,0
21881.0,20092.0,0
21888.0,20097.0,0
21886.0,20098.0,0
21880.0,20102.0,0
21875.0,20089.0,0
21879.0,20102.0,0
21881.0,20104.0,0
21879.0,20104.0,0
21869.0,20104.0,0
21874.0,20101.0,0
21877.0,20108.0,0
21886.0,20114.0,0
21890.0,20109.0,0
21884.0,20103.0,0
21882.0,20113.0,0
21887.0,20111.0,0
21883.0,20107.0,0
21887.0,20114.0,0
21884.0,20109.0,0
21887.0,20118.0,0
21886.0,20117.0,0
21890.0,20117.0,0
21889.0,20120.0,0
21885.0,20120.0,0
21892.0,20129.0,0
21905.0,20125.0,0
21900.0,20129.0,0
21903.0,20134.0,0
21906.0,20124.0,0
21894.0,20137.0,0
21901.0,20141.0,0
21897.0,20136.0,0
21898.0,20143.0,0
21895.0,20140.0,0
21895.0,20129.0,0
21889.0,20122.0,0
21884.0,20109.0,0
21874.0,20109.0,0
21879.0,20099.0,0
21870.0,20105.0,0
21871.0,20100.0,0
21866.0,20106.0,0
21882.0,20094.0,0
21878.0,20102.0,0
21887.0,20108.0,0
21879.0,20095.0,0
21891.0,20101.0,0
21883.0,20098.0,0
21890.0,20094.0,0
21877.0,20091.0,0
21869.0,20097.0,0
21883.0,20100.0,0
21881.0,20098.0,0
21873.0,20091.0,0
21877.0,20102.0,0
21883.0,20095.0,0
21879.0,20104.0,0
21875.0,20104.0,0
21879.0,20110.0,0
21876.0,20101.0,0
21885.0,20103.0,0
21885.0,20102.0,0
21883.0,20091.0,0
21878.0,20106.0,0
21881.0,20103.0,0
21880.0,20094.0,0
21878.0,20110.0,0
21882.0,20098.0,0
21879.0,20100.0,0
21881.0,20103.0,0
21875.0,20100.0,0
21888.0,20099.0,0
21886.0,20109.0,0
21877.0,20104.0,0
21879.0,20107.0,0
21888.0,20104.0,0
21877.0,20116.0,0
21882.0,20108.0,0
21882.0,20111.0,0
21888.0,20098.0,0
21884.0,20104.0,0
21877.0,20108.0,0
21866.0,20103.0,0
21879.0,20106.0,0
21876.0,20116.0,0
21879.0,20117.0,0
21894.0,20114.0,0
21886.0,20125.0,0
21890.0,20114.0,0
21888.0,20119.0,0
21894.0,20138.0,0
21897.0,20123.0,0
21898.0,20130.0,0
21893.0,20125.0,0
21892.0,20123.0,0
21896.0,20133.0,0
21899.0,20132.0,0
21899.0,20132.0,0
21906.0,20133.0,0
21895.0,20129.0,0
21908.0,20138.0,0
21895.0,20136.0,0
21894.0,20139.0,0
21909.0,20129.0,0
21893.0,20134.0,0
21907.0,20140.0,0
21901.0,20137.0,0
21893.0,20142.0,0
21895.0,20141.0,0
21895.0,20137.0,0
21892.0,20119.0,0
21886.0,20123.0,0
21866.0,20109.0,0
21866.0,20103.0,0
21868.0,20102.0,0
21869.0,20094.0,0
21846.0,20093.0,0
21852.0,20096.0,0
21864.0,20097.0,0
21858.0,20088.0,0
21853.0,20091.0,0
21849.0,20087.0,0
21858.0,20082.0,0
21850.0,20088.0,0
21845.0,20087.0,0
21847.0,20079.0,0
21851.0,20075.0,0
21846.0,20077.0,0
21853.0,20077.0,0
21853.0,20081.0,0
21853.0,20077.0,0
21851.0,20078.0,0
21860.0,20082.0,0
21855.0,20078.0,0
21848.0,20082.0,0
21860.0,20077.0,0
21846.0,20087.0,0
21854.0,20072.0,0
21858.0,20088.0,0
21848.0,20084.0,0
21846.0,20095.0,0
21856.0,20089.0,0
21848.0,20090.0,0
21849.0,20077.0,0
21847.0,20090.0,0
21854.0,20082.0,0
21843.0,20088.0,0
21853.0,20089.0,0
21848.0,20085.0,0
21845.0,20088.0,0
21846.0,20085.0,0
21847.0,20086.0,0
21852.0,20091.0,0
21855.0,20095.0,0
21863.0,20095.0,0
21859.0,20091.0,0
21861.0,20097.0,0
21856.0,20093.0,0
21854.0,20098.0,0
21857.0,20105.0,0
21854.0,20104.0,0
21861.0,20102.0,0
21864.0,20095.0,0
21861.0,20107.0,0
21862.0,20115.0,0
21857.0,20108.0,0
21869.0,20114.0,0
21855.0,20121.0,0
21859.0,20107.0,0
21861.0,20108.0,0
21859.0,20109.0,0
21858.0,20111.0,0
21878.0,20103.0,0
21868.0,20115.0,0
21862.0,20117.0,0
21863.0,20112.0,0
21870.0,20110.0,0
21881.0,20119.0,0
21876.0,20127.0,0
21874.0,20133.0,0
21880.0,20122.0,0
21878.0,20114.0,0
21879.0,20126.0,0
21866.0,20127.0,0
21878.0,20116.0,0
21871.0,20117.0,0
21870.0,20109.0,0
21873.0,20104.0,0
21869.0,20097.0,0
21864.0,20103.0,0
21859.0,20100.0,0
21860.0,20094.0,0
21865.0,20092.0,0
21867.0,20092.0,0
21874.0,20097.0,0
21867.0,20093.0,0
21866.0,20097.0,0
21867.0,20100.0,0
21864.0,20099.0,0
21874.0,20097.0,0
21875.0,20089.0,0
21869.0,20099.0,0
21879.0,20095.0,0
21869.0,20107.0,0
21869.0,20096.0,0
21873.0,20097.0,0
21866.0,20093.0,0
21877.0,20101.0,0
21882.0,20097.0,0
21879.0,20103.0,0
21878.0,20090.0,0
21874.0,20116.0,0
21880.0,20101.0,0
21882.0,20107.0,0
21888.0,20103.0,0
21881.0,20110.0,0
21893.0,20112.0,0
21885.0,20112.0,0
21891.0,20115.0,0
21898.0,20117.0,0
21892.0,20118.0,0
21895.0,20117.0,0
21902.0,20118.0,0
21898.0,20118.0,0
21882.0,20117.0,0
21882.0,20125.0,0
21895.0,20119.0,0
21899.0,20120.0,0
21899.0,20121.0,0
21887.0,20118.0,0
21898.0,20129.0,0
21902.0,20121.0,0
21891.0,20127.0,0
21903.0,20122.0,0
21914.0,20130.0,0
21908.0,20121.0,0
21900.0,20136.0,0
21911.0,20139.0,0
21914.0,20138.0,0
21897.0,20136.0,0
21893.0,20132.0,0
21902.0,20139.0,0
21909.0,20133.0,0
21907.0,20138.0,0
21909.0,20135.0,0
21915.0,20143.0,0
21913.0,20135.0,0
21914.0,20142.0,0
21919.0,20148.0,0
21923.0,20153.0,0
21921.0,20153.0,0
21914.0,20150.0,0
21922.0,20157.0,0
21925.0,20154.0,0
21919.0,20154.0,0
21919.0,20148.0,0
21916.0,20150.0,0
21919.0,20150.0,0
21920.0,20160.0,0
21929.0,20159.0,0
21925.0,20135.0,0
21914.0,20148.0,0
21906.0,20141.0,0
21900.0,20127.0,0
21894.0,20128.0,0
21886.0,20118.0,0
21877.0,20113.0,0
21893.0,20115.0,0
21887.0,20118.0,0
21899.0,20115.0,0
21889.0,20114.0,0
21901.0,20113.0,0
21890.0,20117.0,0
21893.0,20114.0,0
21896.0,20119.0,0
21895.0,20108.0,0
21893.0,20106.0,0
21888.0,20111.0,0
21892.0,20114.0,0
21894.0,20119.0,0
21895.0,20120.0,0
21892.0,20114.0,0
21899.0,20113.0,0
21891.0,20122.0,0
21904.0,20126.0,0
21905.0,20120.0,0
21907.0,20118.0,0
21909.0,20119.0,0
21910.0,20127.0,0
21912.0,20120.0,0
21920.0,20123.0,0
21910.0,20120.0,0
21911.0,20126.0,0
21905.0,20122.0,0
21905.0,20125.0,0
21900.0,20131.0,0
21904.0,20118.0,0
21901.0,20121.0,0
21896.0,20121.0,0
21907.0,20129.0,0
21898.0,20123.0,0
21901.0,20122.0,0
21893.0,20125.0,0
21890.0,20122.0,0
21894.0,20126.0,0
21888.0,20118.0,0
21896.0,20126.0,0
21903.0,20131.0,0
21892.0,20125.0,0
21898.0,20133.0,0
21899.0,20128.0,0
21897.0,20139.0,0
21900.0,20133.0,0
21906.0,20134.0,0
21902.0,20133.0,0
21904.0,20143.0,0
21902.0,20147.0,0
21894.0,20140.0,0
21898.0,20147.0,0
21898.0,20140.0,0
21891.0,20140.0,0
21889.0,20135.0,0
21892.0,20139.0,0
21895.0,20131.0,0
21896.0,20140.0,0
21896.0,20141.0,0
21878.0,20143.0,0
21895.0,20139.0,0
21887.0,20143.0,0
21890.0,20140.0,0
21898.0,20135.0,0
21892.0,20137.0,0
21895.0,20131.0,0
21883.0,20139.0,0
21878.0,20135.0,0
21884.0,20141.0,0
21882.0,20123.0,0
21880.0,20126.0,0
21874.0,20124.0,0
21863.0,20120.0,0
21850.0,20099.0,0
21855.0,20103.0,0
21837.0,20093.0,0
21846.0,20088.0,0
21845.0,20083.0,0
21841.0,20075.0,0
21840.0,20080.0,0
21828.0,20064.0,0
21827.0,20067.0,0
21828.0,20063.0,0
21813.0,20066.0,0
21808.0,20053.0,0
21820.0,20065.0,0
21816.0,20054.0,0
21810.0,20056.0,0
21802.0,20048.0,0
21799.0,20064.0,0
21806.0,20053.0,0
21809.0,20051.0,0
21807.0,20054.0,0
21804.0,20050.0,0
21816.0,20053.0,0
21819.0,20057.0,0
21819.0,20069.0,0
21813.0,20063.0,0
21819.0,20062.0,0
21820.0,20057.0,0
21823.0,20063.0,0
21821.0,20065.0,0
21818.0,20065.0,0
21823.0,20058.0,0
21830.0,20067.0,0
21835.0,20064.0,0
21831.0,20067.0,0
21838.0,20073.0,0
21836.0,20070.0,0
21834.0,20081.0,0
21827.0,20080.0,0
21833.0,20081.0,0
21846.0,20087.0,0
21839.0,20083.0,0
21839.0,20074.0,0
21840.0,20089.0,0
21840.0,20073.0,0
21837.0,20078.0,0
21853.0,20097.0,0
21845.0,20094.0,0
21854.0,20090.0,0
21858.0,20090.0,0
21858.0,20090.0,0
21854.0,20088.0,0
21849.0,20105.0,0
21862.0,20095.0,0
21864.0,20100.0,0
21854.0,20096.0,0
21861.0,20106.0,0
21873.0,20109.0,0
21864.0,20120.0,0
21864.0,20109.0,0
21875.0,20114.0,0
21880.0,20117.0,0
21892.0,20118.0,0
21876.0,20116.0,0
21873.0,20135.0,0
21891.0,20119.0,0
21891.0,20135.0,0
21887.0,20132.0,0
21877.0,20123.0,0
21878.0,20126.0,0
21876.0,20137.0,0
21881.0,20117.0,0
21880.0,20110.0,0
21870.0,20105.0,0
21863.0,20094.0,0
21866.0,20099.0,0
21856.0,20086.0,0
21863.0,20090.0,0
21855.0,20093.0,0
21860.0,20087.0,0
21856.0,20087.0,0
21846.0,20089.0,0
21854.0,20094.0,0
21856.0,20080.0,0
21854.0,20086.0,0
21844.0,20081.0,0
21854.0,20082.0,0
21855.0,20091.0,0
21860.0,20088.0,0
21846.0,20084.0,0
21852.0,20082.0,0
21854.0,20078.0,0
21855.0,20089.0,0
21855.0,20094.0,1
21874.0,20101.0,0
21875.0,20110.0,0
21869.0,20111.0,0
21878.0,20111.0,0
21881.0,20116.0,0
21868.0,20115.0,0
21871.0,20108.0,0
21873.0,20113.0,0
21885.0,20115.0,0
21883.0,20110.0,0
21889.0,20103.0,0
21883.0,20112.0,0
21895.0,20121.0,0
21885.0,20121.0,0
21886.0,20119.0,0
21881.0,20125.0,0
21887.0,20128.0,0
21892.0,20117.0,0
21882.0,20117.0,0
21890.0,20121.0,0
21899.0,20132.0,0
21891.0,20129.0,0
21894.0,20130.0,0
21901.0,20125.0,0
21892.0,20129.0,0
21901.0,20131.0,0
21900.0,20137.0,0
21905.0,20135.0,0
21895.0,20131.0,0
21901.0,20136.0,0
21911.0,20149.0,0
21904.0,20145.0,0
21907.0,20145.0,0
21910.0,20146.0,0
21907.0,20147.0,0
21906.0,20150.0,0
21913.0,20155.0,0
21917.0,20147.0,0
21920.0,20159.0,0
21922.0,20159.0,0
21912.0,20162.0,0
21934.0,20155.0,0
21921.0,20166.0,0
21930.0,20155.0,0
21929.0,20159.0,0
21930.0,20159.0,0
21928.0,20161.0,0
21928.0,20160.0,0
21915.0,20162.0,0
21916.0,20154.0,0
21918.0,20150.0,0
21921.0,20135.0,0
21915.0,20130.0,0
21916.0,20133.0,0
21911.0,20128.0,0
21908.0,20131.0,0
21902.0,20127.0,0
21901.0,20132.0,0
21912.0,20125.0,0
21911.0,20128.0,0
21898.0,20128.0,0
21909.0,20131.0,0
21905.0,20123.0,0
21901.0,20116.0,0
21893.0,20120.0,0
21893.0,20117.0,0
21893.0,20122.0,0
21897.0,20118.0,0
21902.0,20118.0,0
21886.0,20122.0,0
21893.0,20109.0,0
21895.0,20116.0,0
21891.0,20132.0,0
21893.0,20123.0,0
21890.0,20127.0,0
21891.0,20123.0,0
21886.0,20123.0,0
21893.0,20112.0,0
21894.0,20118.0,0
21902.0,20123.0,0
21898.0,20113.0,0
21886.0,20117.0,0
21884.0,20114.0,0
21876.0,20113.0,0
21886.0,20112.0,0
21888.0,20124.0,0
21885.0,20119.0,0
21894.0,20128.0,0
21905.0,20126.0,0
21906.0,20123.0,0
21906.0,20126.0,0
21897.0,20127.0,0
21886.0,20118.0,0
21886.0,20120.0,0
21887.0,20123.0,0
21891.0,20128.0,0
21899.0,20135.0,0
21899.0,20128.0,0
21902.0,20128.0,0
21898.0,20129.0,0
21897.0,20133.0,0
21882.0,20123.0,0
21884.0,20131.0,0
21887.0,20122.0,0
21890.0,20125.0,0
21891.0,20125.0,0
21900.0,20123.0,0
21895.0,20138.0,0
21896.0,20133.0,0
21894.0,20126.0,0
21886.0,20132.0,0
21908.0,20136.0,0
21916.0,20132.0,0
21897.0,20138.0,0
21895.0,20144.0,0
21909.0,20143.0,0
21901.0,20138.0,0
21898.0,20147.0,0
21896.0,20133.0,0
21891.0,20136.0,0
21892.0,20130.0,0
21875.0,20113.0,0
21878.0,20111.0,0
21864.0,20104.0,0
21855.0,20098.0,0
21852.0,20098.0,0
21846.0,20081.0,0
21839.0,20075.0,0
21839.0,20066.0,0
21844.0,20070.0,0
21846.0,20072.0,0
21847.0,20080.0,0
21851.0,20077.0,0
21830.0,20074.0,0
21828.0,20073.0,0
21825.0,20068.0,0
21821.0,20060.0,0
21813.0,20068.0,0
21813.0,20057.0,0
21818.0,20054.0,0
21805.0,20051.0,0
21816.0,20040.0,0
21816.0,20049.0,0
21809.0,20050.0,0
21812.0,20048.0,0
21802.0,20053.0,0
21821.0,20049.0,0
21821.0,20064.0,0
21820.0,20066.0,0
21817.0,20055.0,0
21801.0,20054.0,0
21810.0,20052.0,0
21810.0,20045.0,0
21810.0,20050.0,0
21810.0,20041.0,0
21810.0,20053.0,0
21812.0,20063.0,0
21814.0,20055.0,0
21827.0,20052.0,0
21832.0,20067.0,0
21822.0,20063.0,0
21814.0,20058.0,0
21826.0,20066.0,0
21812.0,20057.0,0
21819.0,20057.0,0
21824.0,20063.0,0
21826.0,20057.0,0
21833.0,20064.0,0
21833.0,20069.0,0
21831.0,20068.0,0
21831.0,20080.0,0
21829.0,20070.0,0
21823.0,20073.0,0
21836.0,20072.0,0
21831.0,20077.0,0
21841.0,20074.0,0
21837.0,20074.0,0
21836.0,20075.0,0
21836.0,20090.0,0
21858.0,20090.0,0
21856.0,20092.0,0
21857.0,20100.0,0
21867.0,20092.0,0
21862.0,20111.0,0
21869.0,20112.0,0
21868.0,20111.0,0
21858.0,20105.0,0
21857.0,20107.0,0
21855.0,20104.0,0
21856.0,20092.0,0
21843.0,20082.0,0
21844.0,20074.0,0
21827.0,20066.0,0
21828.0,20059.0,0
21831.0,20055.0,0
21837.0,20061.0,0
21832.0,20066.0,0
21838.0,20071.0,0
21827.0,20065.0,0
21837.0,20054.0,0
21836.0,20058.0,0
21825.0,20050.0,0
21834.0,20051.0,0
21823.0,20055.0,0
21815.0,20057.0,0
21823.0,20052.0,0
21825.0,20056.0,0
21830.0,20061.0,0
21830.0,20072.0,0
21824.0,20063.0,0
21832.0,20067.0,0
21841.0,20065.0,0
21841.0,20065.0,0
21844.0,20071.0,0
21849.0,20082.0,0
21851.0,20088.0,0
21863.0,20086.0,0
21857.0,20085.0,0
21869.0,20088.0,0
21863.0,20090.0,0
21862.0,20085.0,0
21865.0,20094.0,0
21874.0,20090.0,0
21868.0,20088.0,0
21864.0,20094.0,0
21862.0,20096.0,0
21872.0,20105.0,0
21878.0,20105.0,0
21869.0,20110.0,0
21879.0,20118.0,0
21881.0,20107.0,0
21887.0,20109.0,0
21886.0,20112.0,0
21895.0,20106.0,0
21884.0,20114.0,0
21887.0,20105.0,0
21882.0,20111.0,0
21876.0,20116.0,0
21880.0,20124.0,0
21891.0,20123.0,0
21892.0,20114.0,0
21895.0,20123.0,0
21896.0,20126.0,0
21897.0,20127.0,0
21893.0,20122.0,0
21887.0,20125.0,0
21894.0,20126.0,0
21893.0,20130.0,0
21902.0,20132.0,0
21907.0,20137.0,0
21906.0,20141.0,0
21914.0,20150.0,0
21916.0,20155.0,0
21908.0,20149.0,0
21902.0,20145.0,0
21908.0,20139.0,0
21911.0,20156.0,0
21913.0,20144.0,0
21905.0,20135.0,0
21901.0,20133.0,0
21902.0,20126.0,0
21896.0,20120.0,0
21885.0,20128.0,0
21882.0,20116.0,0
21891.0,20116.0,0
21874.0,20124.0,0
21891.0,20116.0,0
21891.0,20114.0,0
21890.0,20112.0,0
21880.0,20112.0,0
21891.0,20115.0,0
21892.0,20121.0,0
21886.0,20125.0,0
21893.0,20114.0,0
21884.0,20110.0,0
21890.0,20109.0,0
21893.0,20117.0,0
21896.0,20115.0,0
21882.0,20122.0,0
21896.0,20121.0,0
21880.0,20112.0,0
21880.0,20120.0,0
21883.0,20108.0,0
21869.0,20105.0,0
21867.0,20104.0,0
21854.0,20093.0,0
21841.0,20088.0,0
21831.0,20087.0,0
21818.0,20079.0,0
21808.0,20069.0,0
21812.0,20064.0,0
21802.0,20052.0,0
21782.0,20040.0,0
21780.0,20042.0,0
21792.0,20045.0,0
21790.0,20052.0,0
21791.0,20052.0,0
21794.0,20056.0,0
21799.0,20056.0,0
21799.0,20067.0,0
21799.0,20063.0,0
21799.0,20056.0,0
21805.0,20051.0,0
21789.0,20063.0,0
21795.0,20053.0,0
21799.0,20046.0,0
21804.0,20052.0,0
21803.0,20055.0,0
21804.0,20058.0,0
21805.0,20066.0,0
21800.0,20065.0,0
21812.0,20075.0,0
21807.0,20064.0,0
21805.0,20066.0,0
21794.0,20073.0,0
21795.0,20072.0,0
21808.0,20071.0,0
21796.0,20067.0,0
21805.0,20070.0,0
21811.0,20076.0,0
21822.0,20080.0,0
21817.0,20086.0,0
21824.0,20087.0,0
21824.0,20079.0,0
21818.0,20087.0,0
21817.0,20080.0,0
21830.0,20078.0,0
21817.0,20076.0,0
21822.0,20070.0,0
21813.0,20079.0,0
21806.0,20076.0,0
21805.0,20068.0,0
21789.0,20069.0,0
21784.0,20054.0,0
21776.0,20044.0,0
21763.0,20027.0,0
21770.0,20022.0,0
21753.0,20013.0,0
21755.0,20007.0,0
21746.0,20005.0,0
21751.0,19992.0,0
21744.0,19996.0,0
21737.0,19996.0,0
21740.0,19986.0,0
21744.0,19985.0,0
21739.0,19989.0,0
21740.0,19993.0,0
21726.0,19981.0,0
21730.0,19977.0,0
21731.0,19988.0,0
21735.0,19994.0,0
21741.0,19999.0,0
21737.0,19988.0,0
21749.0,19996.0,0
21743.0,20001.0,0
21729.0,19990.0,0
21728.0,19985.0,0
21720.0,19976.0,0
21724.0,19976.0,0
21714.0,19974.0,0
21714.0,19969.0,0
21718.0,19964.0,0
21709.0,19963.0,0
21711.0,19957.0,0
21707.0,19955.0,0
21706.0,19964.0,0
21709.0,19968.0,0
21713.0,19957.0,0
21689.0,19959.0,0
21705.0,19948.0,0
21702.0,19953.0,0
21691.0,19948.0,0
21688.0,19951.0,0
21691.0,19944.0,0
21695.0,19945.0,0
21694.0,19940.0,0
21702.0,19950.0,0
21701.0,19942.0,0
21708.0,19960.0,0
21699.0,19948.0,0
21704.0,19956.0,0
21706.0,19957.0,0
21720.0,19955.0,0
21705.0,19961.0,0
21714.0,19964.0,0
21720.0,19973.0,0
21720.0,19960.0,0
21727.0,19968.0,0
21735.0,19975.0,0
21721.0,19966.0,0
21726.0,19975.0,0
21740.0,19976.0,0
21736.0,19973.0,0
21746.0,19987.0,0
21736.0,19996.0,0
21750.0,19992.0,0
21760.0,20009.0,0
21749.0,19999.0,0
21750.0,20004.0,0
21737.0,20004.0,0
21736.0,19999.0,0
21733.0,19985.0,0
21726.0,19980.0,0
21731.0,19976.0,0
21733.0,19983.0,0
21741.0,19986.0,0
21750.0,20006.0,0
21758.0,20017.0,0
21781.0,20029.0,0
21799.0,20049.0,0
21807.0,20056.0,0
21814.0,20062.0,0
21814.0,20057.0,0
21813.0,20075.0,0
21816.0,20073.0,0
21817.0,20076.0,0
21825.0,20075.0,0
21837.0,20093.0,0
21853.0,20095.0,0
21867.0,20115.0,0
21875.0,20128.0,0
21885.0,20136.0,0
21889.0,20142.0,0
21880.0,20131.0,0
21888.0,20140.0,0
21874.0,20149.0,0
21872.0,20140.0,0
21871.0,20139.0,0
21865.0,20137.0,0
21869.0,20136.0,0
21868.0,20139.0,0
21858.0,20117.0,0
21847.0,20110.0,0
21836.0,20095.0,0
21831.0,20107.0,0
21828.0,20094.0,0
21841.0,20084.0,0
21823.0,20095.0,0
21827.0,20086.0,0
21834.0,20089.0,0
21832.0,20090.0,0
21830.0,20093.0,0
21821.0,20086.0,0
21819.0,20093.0,0
21815.0,20081.0,0
21811.0,20075.0,0
21795.0,20061.0,0
21800.0,20058.0,0
21778.0,20059.0,0
21799.0,20060.0,0
21811.0,20063.0,0
21837.0,20094.0,0
21852.0,20117.0,0
21871.0,20133.0,0
21870.0,20134.0,0
21871.0,20127.0,0
21874.0,20125.0,0
21859.0,20126.0,0
21864.0,20128.0,0
21890.0,20142.0,0
21907.0,20157.0,0
21897.0,20160.0,0
21927.0,20153.0,0
21928.0,20178.0,0
21937.0,20178.0,0
21932.0,20180.0,0
21933.0,20175.0,0
21923.0,20171.0,0
21922.0,20159.0,0
21914.0,20153.0,0
21902.0,20150.0,0
21914.0,20152.0,0
21903.0,20140.0,0
21911.0,20156.0,0
21920.0,20154.0,0
21922.0,20162.0,0
21922.0,20166.0,0
21918.0,20162.0,0
21910.0,20161.0,0
21899.0,20142.0,0
21890.0,20136.0,0
21889.0,20136.0,0
21889.0,20122.0,0
21891.0,20139.0,0
21894.0,20129.0,0
21901.0,20138.0,0
21904.0,20146.0,0
21902.0,20140.0,0
21906.0,20144.0,0
21898.0,20142.0,0
21906.0,20132.0,0
21889.0,20133.0,0
21875.0,20134.0,0
21877.0,20131.0,0
21890.0,20137.0,0
21900.0,20138.0,0
21890.0,20146.0,0
21894.0,20142.0,0
21897.0,20139.0,0
21897.0,20137.0,0
21906.0,20149.0,0
21902.0,20145.0,0
21910.0,20148.0,0
21913.0,20146.0,0
21925.0,20171.0,0
21929.0,20168.0,0
21933.0,20179.0,0
21937.0,20186.0,0
21935.0,20192.0,0
21947.0,20183.0,0
21942.0,20195.0,0
21950.0,20199.0,0
21944.0,20209.0,0
21949.0,20200.0,0
21957.0,20198.0,0
21960.0,20217.0,0
21959.0,20212.0,0
21964.0,20214.0,0
21964.0,20223.0,0
21969.0,20214.0,0
21963.0,20226.0,0
21969.0,20224.0,0
21957.0,20225.0,0
21953.0,20222.0,0
21955.0,20219.0,0
21955.0,20217.0,0
21939.0,20215.0,0
21943.0,20203.0,0
21938.0,20199.0,0
21937.0,20203.0,0
21934.0,20190.0,0
21925.0,20191.0,0
21931.0,20187.0,0
21920.0,20178.0,0
21923.0,20183.0,0
21925.0,20175.0,0
21917.0,20182.0,0
21912.0,20164.0,0
21913.0,20165.0,0
21905.0,20174.0,0
21913.0,20166.0,0
21905.0,20151.0,0
21901.0,20147.0,0
21903.0,20152.0,0
21907.0,20159.0,0
21926.0,20171.0,0
21917.0,20182.0,0
21916.0,20167.0,0
21922.0,20171.0,0
21916.0,20171.0,0
21915.0,20166.0,0
21922.0,20155.0,0
21927.0,20150.0,0
21922.0,20164.0,0
21932.0,20156.0,0
21924.0,20159.0,0
21923.0,20155.0,0
21913.0,20148.0,0
21909.0,20154.0,0
21912.0,20149.0,0
21906.0,20148.0,0
21888.0,20140.0,0
21893.0,20128.0,0
21875.0,20128.0,0
21862.0,20109.0,0
21862.0,20105.0,0
21864.0,20110.0,0
21872.0,20111.0,0
21881.0,20115.0,0
21876.0,20117.0,0
21860.0,20100.0,0
21855.0,20104.0,0
21853.0,20091.0,0
21855.0,20090.0,0
21846.0,20084.0,0
21840.0,20089.0,0
21844.0,20089.0,0
21829.0,20074.0,0
21816.0,20077.0,0
21813.0,20058.0,0
21790.0,20054.0,0
21776.0,20045.0,0
21771.0,20039.0,0
21760.0,20039.0,0
21773.0,20046.0,0
21788.0,20051.0,0
21789.0,20064.0,0
21790.0,20062.0,0
21787.0,20072.0,0
21782.0,20068.0,0
21799.0,20074.0,0
21811.0,20074.0,0
21809.0,20077.0,0
21812.0,20089.0,0
21823.0,20100.0,0
21833.0,20089.0,0
21852.0,20105.0,0
21848.0,20113.0,0
21864.0,20120.0,0
21870.0,20128.0,0
21880.0,20138.0,0
21876.0,20149.0,0
21865.0,20141.0,0
21857.0,20130.0,0
21849.0,20121.0,0
21837.0,20111.0,0
21840.0,20111.0,0
21853.0,20119.0,0
21858.0,20122.0,0
21878.0,20133.0,0
21883.0,20142.0,0
21885.0,20133.0,0
21893.0,20141.0,0
21882.0,20144.0,0
21885.0,20138.0,0
21881.0,20137.0,0
21889.0,20141.0,0
21897.0,20130.0,0
21885.0,20141.0,0
21890.0,20140.0,0
21900.0,20146.0,0
21897.0,20159.0,0
21906.0,20156.0,0
21904.0,20148.0,0
21901.0,20151.0,0
21903.0,20150.0,0
21892.0,20147.0,0
21886.0,20153.0,0
21880.0,20140.0,0
21892.0,20145.0,0
21879.0,20129.0,0
21890.0,20138.0,0
21875.0,20130.0,0
21887.0,20133.0,0
21892.0,20141.0,0
21897.0,20140.0,0
21901.0,20148.0,0
21898.0,20150.0,0
21891.0,20157.0,0
21891.0,20154.0,0
21882.0,20156.0,0
21886.0,20149.0,0
21874.0,20154.0,0
21873.0,20149.0,0
21879.0,20162.0,0
21885.0,20166.0,0
21892.0,20165.0,0
21893.0,20153.0,0
21891.0,20172.0,0
21901.0,20162.0,0
21917.0,20182.0,0
21914.0,20189.0,0
21915.0,20181.0,0
21911.0,20186.0,0
21906.0,20178.0,0
21928.0,20183.0,0
21914.0,20185.0,0
21915.0,20173.0,0
21915.0,20184.0,0
21919.0,20176.0,0
21905.0,20175.0,0
21904.0,20157.0,0
21908.0,20162.0,0
21906.0,20153.0,0
21907.0,20163.0,0
21918.0,20167.0,0
21916.0,20161.0,0
21920.0,20155.0,0
21924.0,20176.0,0
21919.0,20167.0,0
21910.0,20162.0,0
21920.0,20174.0,0
21932.0,20159.0,0
21933.0,20174.0,0
21936.0,20171.0,0
21941.0,20177.0,0
21943.0,20183.0,0
21943.0,20182.0,0
21961.0,20187.0,0
21968.0,20189.0,0
21972.0,20198.0,0
21974.0,20203.0,0
21963.0,20200.0,0
21969.0,20196.0,0
21974.0,20205.0,0
21975.0,20207.0,0
21973.0,20207.0,0
21975.0,20207.0,0
21978.0,20208.0,0
21989.0,20213.0,0
21983.0,20207.0,0
21995.0,20230.0,0
21992.0,20226.0,0
21999.0,20232.0,0
21999.0,20229.0,0
22000.0,20227.0,0
21996.0,20229.0,0
21989.0,20223.0,0
21996.0,20224.0,0
21993.0,20221.0,0
21998.0,20227.0,0
22006.0,20239.0,0
22010.0,20240.0,0
22017.0,20245.0,0
22015.0,20248.0,0
22021.0,20261.0,0
22021.0,20265.0,0
22013.0,20258.0,0
22022.0,20255.0,0
22014.0,20259.0,0
22008.0,20248.0,0
22011.0,20249.0,0
22026.0,20260.0,0
22027.0,20260.0,0
22028.0,20269.0,0
22022.0,20270.0,0
22036.0,20276.0,0
22024.0,20274.0,0
22037.0,20281.0,0
22024.0,20275.0,0
22035.0,20281.0,0
22033.0,20283.0,0
22041.0,20285.0,0
22034.0,20278.0,0
22022.0,20278.0,0
22022.0,20275.0,0
22026.0,20266.0,0
22023.0,20265.0,0
22018.0,20262.0,0
22025.0,20256.0,0
22013.0,20251.0,0
22013.0,20256.0,0
22019.0,20260.0,0
22019.0,20258.0,0
22028.0,20249.0,0
22029.0,20252.0,0
22032.0,20250.0,0
22023.0,20263.0,0
22016.0,20261.0,0
22030.0,20255.0,0
22029.0,20255.0,0
22027.0,20260.0,0
22026.0,20269.0,0
22035.0,20255.0,0
22031.0,20270.0,0
22039.0,20270.0,0
22031.0,20264.0,0
22034.0,20271.0,0
22031.0,20269.0,0
22034.0,20263.0,0
22029.0,20264.0,0
22033.0,20262.0,0
22043.0,20266.0,0
22037.0,20271.0,0
22045.0,20268.0,0
22028.0,20268.0,0
22032.0,20268.0,0
22033.0,20279.0,0
22034.0,20272.0,0
22045.0,20271.0,0
22035.0,20279.0,0
22039.0,20283.0,0
22039.0,20287.0,0
22031.0,20294.0,0
22034.0,20295.0,0
22032.0,20285.0,0
22043.0,20283.0,0
22045.0,20284.0,0
22039.0,20285.0,0
22034.0,20292.0,0
22039.0,20282.0,0
22031.0,20289.0,0
22042.0,20287.0,0
22040.0,20293.0,0
22028.0,20287.0,0
22031.0,20292.0,0
22030.0,20290.0,0
22038.0,20290.0,0
22041.0,20294.0,0
22033.0,20291.0,0
22030.0,20301.0,0
22040.0,20291.0,0
22044.0,20294.0,0
22039.0,20292.0,0
22049.0,20298.0,0
22044.0,20298.0,0
22041.0,20298.0,0
22050.0,20293.0,0
22061.0,20299.0,0
22045.0,20309.0,0
22050.0,20299.0,0
22058.0,20296.0,0
22059.0,20301.0,0
22045.0,20301.0,0
22038.0,20295.0,0
22042.0,20278.0,0
22026.0,20279.0,0
22039.0,20279.0,0
22019.0,20269.0,0
22021.0,20280.0,0
22008.0,20277.0,0
22020.0,20264.0,0
22019.0,20263.0,0
22010.0,20264.0,0
22022.0,20280.0,0
22024.0,20268.0,0
22027.0,20273.0,0
22026.0,20263.0,0
22021.0,20271.0,0
22023.0,20259.0,0
22030.0,20260.0,0
22031.0,20269.0,0
22027.0,20262.0,0
22019.0,20265.0,0
22013.0,20268.0,0
22028.0,20270.0,0
22011.0,20265.0,0
22010.0,20267.0,0
22013.0,20263.0,0
22006.0,20273.0,0
22014.0,20264.0,0
22025.0,20264.0,0
22021.0,20265.0,0
22014.0,20266.0,0
22020.0,20277.0,0
22021.0,20262.0,0
22013.0,20265.0,0
22016.0,20271.0,0
22014.0,20265.0,0
22024.0,20275.0,0
22018.0,20275.0,0
22011.0,20266.0,0
22019.0,20276.0,0
22009.0,20277.0,0
22021.0,20273.0,0
22017.0,20273.0,0
22012.0,20269.0,0
22012.0,20283.0,0
22018.0,20275.0,0
22016.0,20276.0,0
22017.0,20282.0,0
22023.0,20288.0,0
22020.0,20281.0,0
22018.0,20296.0,0
22025.0,20291.0,0
22027.0,20290.0,0
22022.0,20285.0,0
22027.0,20279.0,0
22019.0,20293.0,0
22034.0,20294.0,0
22030.0,20296.0,0
22030.0,20293.0,0
22038.0,20308.0,0
22045.0,20298.0,0
22047.0,20301.0,0
22034.0,20296.0,0
22033.0,20296.0,0
22037.0,20301.0,0
22036.0,20305.0,0
22034.0,20290.0,0
22028.0,20297.0,0
22036.0,20293.0,0
22041.0,20294.0,0
22036.0,20294.0,0
22026.0,20283.0,0
22020.0,20283.0,0
22022.0,20283.0,0
22027.0,20266.0,0
22020.0,20263.0,0
22032.0,20274.0,0
22028.0,20280.0,0
22021.0,20281.0,0
22011.0,20270.0,0
22013.0,20280.0,0
22026.0,20275.0,0
22023.0,20262.0,0
22044.0,20266.0,0
22038.0,20281.0,0
22026.0,20278.0,0
22043.0,20274.0,0
22038.0,20281.0,0
22043.0,20280.0,0
22036.0,20276.0,0
22030.0,20281.0,0
22037.0,20284.0,0
22042.0,20284.0,0
22039.0,20280.0,0
22038.0,20283.0,0
22039.0,20285.0,0
22057.0,20294.0,0
22047.0,20295.0,0
22042.0,20293.0,0
22039.0,20285.0,0
22049.0,20289.0,0
22044.0,20285.0,0
22045.0,20292.0,0
22059.0,20297.0,0
22051.0,20301.0,0
22052.0,20293.0,0
22051.0,20293.0,0
22060.0,20297.0,0
22061.0,20303.0,0
22055.0,20300.0,0
22056.0,20309.0,0
22065.0,20311.0,0
22058.0,20301.0,0
22052.0,20303.0,0
22052.0,20311.0,0
22053.0,20313.0,0
22061.0,20307.0,0
22063.0,20313.0,0
22060.0,20314.0,0
22064.0,20324.0,0
22064.0,20311.0,0
22059.0,20319.0,0
22059.0,20310.0,0
22057.0,20313.0,0
22072.0,20321.0,0
22066.0,20322.0,0
22070.0,20318.0,0
22072.0,20327.0,0
22065.0,20326.0,0
22075.0,20330.0,0
22077.0,20340.0,0
22084.0,20350.0,0
22079.0,20332.0,0
22084.0,20341.0,0
22088.0,20331.0,0
22070.0,20338.0,0
22072.0,20339.0,0
22080.0,20335.0,0
22064.0,20325.0,0
22069.0,20326.0,0
22071.0,20312.0,0
22073.0,20313.0,0
22058.0,20318.0,0
22065.0,20319.0,0
22061.0,20306.0,0
22067.0,20307.0,0
22074.0,20314.0,0
22065.0,20309.0,0
22065.0,20315.0,0
22074.0,20311.0,0
22056.0,20311.0,0
22056.0,20311.0,0
22075.0,20319.0,0
22082.0,20314.0,0
22071.0,20309.0,0
22076.0,20309.0,0
22068.0,20327.0,0
22073.0,20316.0,0
22068.0,20328.0,0
22074.0,20324.0,0
22086.0,20323.0,0
22083.0,20320.0,0
22084.0,20319.0,0
22084.0,20322.0,0
22084.0,20328.0,0
22083.0,20325.0,0
22087.0,20329.0,0
22079.0,20323.0,0
22083.0,20326.0,0
22076.0,20329.0,0
22071.0,20322.0,0
22078.0,20327.0,0
22083.0,20327.0,0
22080.0,20326.0,0
22084.0,20329.0,0
22080.0,20331.0,0
22084.0,20336.0,0
22085.0,20333.0,1
22085.0,20340.0,0
22080.0,20340.0,0
22077.0,20340.0,0
22076.0,20340.0,0
22096.0,20344.0,0
22080.0,20340.0,0
22083.0,20343.0,0
22089.0,20342.0,0
22092.0,20350.0,0
22095.0,20344.0,0
22092.0,20350.0,0
22095.0,20357.0,0
22090.0,20349.0,0
22092.0,20356.0,0
22095.0,20351.0,0
22095.0,20352.0,0
22090.0,20349.0,0
22096.0,20350.0,0
22092.0,20357.0,0
22101.0,20353.0,0
22102.0,20358.0,0
22097.0,20367.0,0
22109.0,20363.0,0
22099.0,20356.0,0
22099.0,20370.0,0
22102.0,20380.0,0
22105.0,20366.0,0
22101.0,20365.0,0
22104.0,20380.0,0
22102.0,20374.0,0
22112.0,20369.0,0
22091.0,20357.0,0
22092.0,20357.0,0
22092.0,20350.0,0
22096.0,20347.0,0
22075.0,20343.0,0
22073.0,20335.0,0
22076.0,20329.0,0
22068.0,20327.0,0
22074.0,20336.0,0
22066.0,20329.0,0
22080.0,20339.0,0
22084.0,20342.0,0
22082.0,20347.0,0
22082.0,20336.0,0
22080.0,20342.0,0
22079.0,20334.0,0
22082.0,20334.0,0
22078.0,20334.0,0
22072.0,20331.0,0
22071.0,20338.0,0
22079.0,20339.0,0
22073.0,20337.0,0
22076.0,20321.0,0
22093.0,20335.0,0
22078.0,20337.0,0
22075.0,20334.0,0
22073.0,20340.0,0
22071.0,20334.0,0
22072.0,20336.0,0
22066.0,20331.0,0
22067.0,20333.0,0
22071.0,20335.0,0
22087.0,20334.0,0
22081.0,20322.0,0
22073.0,20333.0,0
22071.0,20335.0,0
22069.0,20324.0,0
22075.0,20324.0,0
22066.0,20338.0,0
22072.0,20318.0,0
22074.0,20333.0,0
22062.0,20336.0,0
22079.0,20342.0,0
22071.0,20334.0,0
22071.0,20341.0,0
22072.0,20334.0,0
22071.0,20337.0,0
22076.0,20338.0,0
22080.0,20349.0,0
22072.0,20339.0,0
22067.0,20351.0,0
22076.0,20355.0,0
22078.0,20348.0,0
22071.0,20349.0,0
22066.0,20342.0,0
22077.0,20355.0,0
22073.0,20338.0,0
22079.0,20350.0,0
22078.0,20348.0,0
22068.0,20350.0,0
22073.0,20345.0,0
22079.0,20348.0,0
22065.0,20348.0,0
22077.0,20349.0,0
22064.0,20357.0,0
22078.0,20350.0,0
22065.0,20355.0,0
22085.0,20352.0,0
22085.0,20353.0,0
22068.0,20361.0,0
22078.0,20359.0,0
22064.0,20351.0,0
22062.0,20347.0,0
22063.0,20334.0,0
22052.0,20327.0,0
22050.0,20323.0,0
22043.0,20323.0,0
22040.0,20317.0,0
22044.0,20322.0,0
22049.0,20310.0,0
22036.0,20309.0,0
22052.0,20313.0,0
22052.0,20317.0,0
22050.0,20315.0,0
22048.0,20314.0,0
22053.0,20312.0,0
22042.0,20318.0,0
22055.0,20308.0,0
22051.0,20309.0,0
22046.0,20322.0,0
22060.0,20316.0,0
22053.0,20324.0,0
22052.0,20327.0,0
22059.0,20328.0,0
22069.0,20324.0,0
22055.0,20326.0,0
22051.0,20319.0,0
22064.0,20318.0,0
22061.0,20324.0,0
22071.0,20313.0,0
22060.0,20317.0,0
22052.0,20323.0,0
22052.0,20338.0,0
22060.0,20319.0,0
22077.0,20324.0,0
22067.0,20325.0,0
22061.0,20315.0,0
22063.0,20323.0,0
22065.0,20321.0,0
22069.0,20322.0,0
22071.0,20325.0,0
22067.0,20330.0,0
22067.0,20331.0,0
22067.0,20337.0,0
22069.0,20335.0,0
22072.0,20337.0,0
22075.0,20338.0,0
22079.0,20339.0,0
22076.0,20343.0,0
22073.0,20341.0,0
22081.0,20342.0,0
22081.0,20349.0,0
22084.0,20347.0,0
22074.0,20347.0,0
22067.0,20344.0,0
22084.0,20352.0,0
22081.0,20346.0,0
22086.0,20354.0,0
22092.0,20351.0,0
22089.0,20358.0,0
22096.0,20363.0,0
22084.0,20364.0,0
22088.0,20363.0,0
22095.0,20364.0,0
22100.0,20361.0,0
22101.0,20363.0,0
22098.0,20366.0,0
22096.0,20365.0,0
22093.0,20355.0,0
22106.0,20365.0,0
22092.0,20369.0,0
22088.0,20359.0,0
22088.0,20349.0,0
22086.0,20344.0,0
22077.0,20344.0,0
22073.0,20337.0,0
22078.0,20343.0,0
22076.0,20323.0,0
22074.0,20330.0,0
22070.0,20320.0,0
22076.0,20310.0,0
22077.0,20313.0,0
22069.0,20328.0,0
22076.0,20328.0,0
22070.0,20330.0,0
22074.0,20315.0,0
22075.0,20327.0,0
22071.0,20321.0,0
22077.0,20325.0,0
22075.0,20327.0,0
22084.0,20330.0,0
22090.0,20326.0,0
22081.0,20334.0,0
22086.0,20333.0,0
22087.0,20336.0,0
22075.0,20319.0,0
22081.0,20331.0,1
22083.0,20324.0,0
22082.0,20325.0,0
22087.0,20341.0,0
22090.0,20334.0,0
22087.0,20332.0,0
22090.0,20336.0,0
22091.0,20331.0,0
22088.0,20332.0,0
22087.0,20338.0,0
22088.0,20330.0,0
22086.0,20335.0,0
22085.0,20339.0,0
22073.0,20336.0,0
22075.0,20337.0,0
22082.0,20333.0,0
22090.0,20354.0,0
22079.0,20342.0,0
22084.0,20337.0,0
22076.0,20339.0,0
22088.0,20341.0,0
22087.0,20340.0,0
22093.0,20351.0,0
22090.0,20340.0,0
22086.0,20343.0,0
22081.0,20348.0,0
22093.0,20350.0,0
22092.0,20356.0,0
22084.0,20353.0,0
22091.0,20348.0,0
22090.0,20353.0,0
22090.0,20359.0,0
22084.0,20354.0,0
22102.0,20363.0,0
22093.0,20356.0,0
22108.0,20366.0,0
22103.0,20364.0,0
22097.0,20369.0,0
22096.0,20363.0,0
22098.0,20364.0,0
22111.0,20379.0,0
22105.0,20378.0,0
22106.0,20375.0,0
22108.0,20372.0,0
22102.0,20377.0,0
22102.0,20363.0,0
22099.0,20349.0,0
22084.0,20348.0,0
22085.0,20347.0,0
22084.0,20340.0,0
22069.0,20327.0,0
22082.0,20325.0,0
22085.0,20319.0,0
22071.0,20326.0,0
22066.0,20332.0,0
22087.0,20329.0,0
22076.0,20327.0,0
22078.0,20323.0,0
22067.0,20322.0,0
22068.0,20320.0,0
22068.0,20322.0,0
22078.0,20326.0,0
22060.0,20325.0,0
22063.0,20326.0,0
22067.0,20331.0,0
22076.0,20319.0,0
22073.0,20325.0,0
22064.0,20325.0,0
22084.0,20321.0,0
22072.0,20318.0,0
22074.0,20330.0,0
22072.0,20331.0,0
22080.0,20327.0,0
22078.0,20326.0,0
22072.0,20335.0,0
22073.0,20320.0,0
22074.0,20321.0,0
22083.0,20326.0,0
22077.0,20323.0,0
22077.0,20324.0,0
22069.0,20332.0,0
22070.0,20323.0,0
22071.0,20319.0,0
22070.0,20324.0,0
22067.0,20320.0,1
22072.0,20324.0,0
22066.0,20321.0,0
22065.0,20319.0,0
22063.0,20317.0,0
22059.0,20321.0,0
22060.0,20323.0,0
22066.0,20325.0,0
22064.0,20320.0,0
22057.0,20327.0,0
22069.0,20328.0,0
22057.0,20328.0,0
22072.0,20327.0,0
22071.0,20328.0,0
22062.0,20337.0,0
22062.0,20333.0,0
22068.0,20331.0,0
22061.0,20320.0,0
22062.0,20324.0,0
22060.0,20330.0,0
22057.0,20324.0,0
22064.0,20326.0,0
22057.0,20333.0,0
22066.0,20331.0,0
22057.0,20337.0,0
22058.0,20332.0,0
22064.0,20342.0,0
22067.0,20333.0,0
22061.0,20333.0,0
22068.0,20335.0,0
22052.0,20330.0,0
22057.0,20329.0,0
22042.0,20330.0,0
22049.0,20320.0,0
22042.0,20305.0,0
22044.0,20303.0,0
22042.0,20297.0,0
22034.0,20293.0,0
22026.0,20298.0,0
22040.0,20293.0,0
22025.0,20287.0,0
22026.0,20288.0,0
22040.0,20291.0,0
22039.0,20288.0,0
22039.0,20289.0,0
22029.0,20293.0,0
22027.0,20276.0,0
22032.0,20296.0,0
22028.0,20277.0,0
22038.0,20283.0,0
22025.0,20288.0,0
22027.0,20292.0,0
22031.0,20289.0,1
22040.0,20293.0,0
22053.0,20291.0,0
22042.0,20290.0,0
22036.0,20293.0,0
22050.0,20291.0,0
22038.0,20291.0,0
22039.0,20289.0,0
22041.0,20298.0,0
22049.0,20295.0,0
22045.0,20299.0,0
22050.0,20299.0,0
22058.0,20285.0,0
22052.0,20293.0,0
22048.0,20289.0,0
22048.0,20294.0,0
22040.0,20289.0,0
22042.0,20292.0,0
22040.0,20297.0,0
22033.0,20293.0,0
22039.0,20292.0,0
22040.0,20308.0,0
22055.0,20299.0,0
22042.0,20293.0,0
22038.0,20296.0,0
22037.0,20295.0,0
22039.0,20297.0,0
22040.0,20294.0,0
22028.0,20290.0,0
22037.0,20292.0,0
22034.0,20306.0,0
22038.0,20301.0,0
22044.0,20294.0,0
22044.0,20305.0,0
22039.0,20304.0,0
22052.0,20307.0,0
22058.0,20313.0,0
22053.0,20313.0,0
22054.0,20319.0,0
22049.0,20307.0,0
22059.0,20319.0,0
22053.0,20312.0,0
22048.0,20319.0,0
22062.0,20320.0,0
22058.0,20320.0,0
22059.0,20320.0,0
22049.0,20305.0,0
22057.0,20308.0,0
22053.0,20301.0,0
22056.0,20308.0,0
22053.0,20296.0,0
22051.0,20291.0,0
22039.0,20287.0,0
22037.0,20286.0,0
22040.0,20278.0,0
22040.0,20289.0,0
22035.0,20281.0,0
22041.0,20289.0,0
22045.0,20291.0,0
22029.0,20282.0,0
22036.0,20289.0,0
22041.0,20293.0,0
22042.0,20281.0,0
22050.0,20289.0,0
22048.0,20289.0,0
22043.0,20285.0,0
22047.0,20292.0,0
22045.0,20289.0,0
22052.0,20287.0,0
22052.0,20293.0,0
22048.0,20285.0,0
22057.0,20292.0,0
22038.0,20284.0,0
22039.0,20296.0,0
22043.0,20285.0,0
22047.0,20290.0,0
22047.0,20293.0,0
22052.0,20284.0,0
22053.0,20288.0,0
22045.0,20297.0,0
22051.0,20291.0,0
22045.0,20288.0,0
22046.0,20299.0,0
22043.0,20298.0,0
22054.0,20298.0,0
22048.0,20301.0,0
22049.0,20289.0,0
22036.0,20299.0,0
22058.0,20302.0,0
22064.0,20300.0,0
22054.0,20303.0,0
22055.0,20302.0,0
22061.0,20309.0,0
22055.0,20311.0,0
22065.0,20307.0,0
22060.0,20311.0,0
22068.0,20316.0,0
22066.0,20311.0,0
22065.0,20309.0,0
22067.0,20314.0,0
22056.0,20311.0,0
22064.0,20312.0,0
22060.0,20306.0,0
22064.0,20316.0,0
22063.0,20316.0,0
22073.0,20317.0,0
22066.0,20317.0,0
22069.0,20317.0,0
22070.0,20329.0,0
22068.0,20318.0,0
22088.0,20331.0,0
22074.0,20324.0,0
22068.0,20337.0,0
22066.0,20318.0,0
22071.0,20318.0,0
22067.0,20311.0,0
22056.0,20298.0,0
22050.0,20298.0,0
22045.0,20295.0,0
22034.0,20287.0,0
22029.0,20283.0,0
22031.0,20273.0,0
22038.0,20278.0,0
22046.0,20280.0,0
22035.0,20279.0,0
22038.0,20275.0,0
22036.0,20279.0,0
22040.0,20277.0,0
22041.0,20286.0,0
22038.0,20268.0,0
22038.0,20281.0,0
22029.0,20278.0,0
22038.0,20275.0,0
22041.0,20281.0,0
22043.0,20270.0,0
22044.0,20278.0,0
22040.0,20280.0,0
22037.0,20285.0,0
22035.0,20269.0,0
22037.0,20274.0,0
22033.0,20279.0,0
22032.0,20273.0,0
22040.0,20275.0,0
22037.0,20278.0,0
22044.0,20269.0,0
22036.0,20279.0,0
22046.0,20275.0,0
22041.0,20277.0,0
22047.0,20278.0,0
22044.0,20287.0,0
22045.0,20279.0,0
22045.0,20287.0,0
22049.0,20286.0,0
22045.0,20285.0,0
22038.0,20281.0,0
22037.0,20288.0,0
22031.0,20277.0,0
22045.0,20277.0,0
22038.0,20273.0,0
22037.0,20280.0,0
22051.0,20293.0,0
22046.0,20286.0,0
22041.0,20288.0,0
22040.0,20283.0,0
22039.0,20278.0,0
22050.0,20287.0,0
22055.0,20292.0,0
22042.0,20297.0,0
22035.0,20296.0,0
22041.0,20301.0,0
22061.0,20299.0,0
22048.0,20290.0,0
22061.0,20294.0,0
22047.0,20301.0,0
22046.0,20289.0,0
22042.0,20297.0,0
22046.0,20298.0,0
22054.0,20313.0,0
22054.0,20295.0,0
22049.0,20303.0,0
22050.0,20301.0,0
22048.0,20304.0,0
22040.0,20289.0,0
22040.0,20273.0,0
22035.0,20285.0,0
22025.0,20271.0,0
22031.0,20273.0,0
22019.0,20257.0,0
22011.0,20260.0,0
22019.0,20249.0,0
22024.0,20248.0,0
22024.0,20248.0,0
22020.0,20251.0,0
22030.0,20246.0,0
22024.0,20248.0,0
22022.0,20251.0,0
22007.0,20254.0,0
22020.0,20248.0,0
22002.0,20239.0,1
22009.0,20254.0,0
22014.0,20250.0,0
22009.0,20255.0,0
22020.0,20256.0,0
22016.0,20244.0,0
22025.0,20248.0,0
22021.0,20259.0,0
22024.0,20251.0,0
22016.0,20243.0,0
22015.0,20254.0,0
22018.0,20249.0,0
22015.0,20245.0,0
22007.0,20245.0,0
22006.0,20241.0,0
22004.0,20245.0,0
22011.0,20240.0,0
22008.0,20244.0,0
22010.0,20238.0,0
22003.0,20244.0,0
21995.0,20234.0,0
22008.0,20244.0,0
22001.0,20235.0,0
21998.0,20242.0,0
22000.0,20249.0,0
22002.0,20248.0,0
22002.0,20254.0,0
22012.0,20248.0,0
22011.0,20243.0,0
22007.0,20247.0,0
22001.0,20237.0,0
22010.0,20235.0,0
21999.0,20246.0,0
22004.0,20239.0,0
21996.0,20258.0,0
22013.0,20254.0,0
22008.0,20258.0,0
22001.0,20252.0,0
22002.0,20251.0,0
22012.0,20259.0,0
22002.0,20258.0,0
22006.0,20253.0,0
22011.0,20251.0,0
22011.0,20256.0,0
22003.0,20262.0,0
22013.0,20266.0,0
22023.0,20260.0,0
22018.0,20267.0,0
22020.0,20270.0,0
22017.0,20273.0,0
22030.0,20266.0,0
22026.0,20273.0,0
22020.0,20270.0,0
22002.0,20261.0,0
22018.0,20253.0,0
22021.0,20252.0,0
22002.0,20251.0,0
22005.0,20243.0,0
22002.0,20243.0,0
22003.0,20235.0,0
22014.0,20250.0,0
21997.0,20231.0,0
22007.0,20240.0,0
22014.0,20243.0,0
22007.0,20241.0,0
22018.0,20243.0,0
22020.0,20246.0,0
22010.0,20234.0,0
22021.0,20231.0,0
22014.0,20243.0,0
22017.0,20226.0,0
22012.0,20243.0,0
22009.0,20240.0,0
22009.0,20238.0,0
22012.0,20237.0,0
22012.0,20241.0,0
22020.0,20237.0,0
22017.0,20241.0,0
22019.0,20246.0,0
22004.0,20241.0,0
22011.0,20239.0,0
22017.0,20240.0,0
22019.0,20240.0,0
22016.0,20250.0,0
22025.0,20243.0,0
22011.0,20239.0,0
22018.0,20241.0,0
22015.0,20249.0,0
22020.0,20246.0,0
22023.0,20254.0,0
22012.0,20249.0,0
22013.0,20249.0,0
22030.0,20246.0,0
22020.0,20257.0,0
22017.0,20250.0,0
22020.0,20244.0,0
22023.0,20253.0,0
22023.0,20264.0,0
22020.0,20249.0,0
22022.0,20257.0,0
22025.0,20263.0,0
22035.0,20264.0,0
22027.0,20278.0,0
22030.0,20264.0,0
22016.0,20264.0,0
22038.0,20271.0,0
22035.0,20274.0,0
22034.0,20270.0,0
22036.0,20270.0,0
22037.0,20272.0,0
22048.0,20280.0,0
22042.0,20276.0,0
22037.0,20280.0,0
22051.0,20290.0,0
22050.0,20281.0,0
22052.0,20280.0,0
22053.0,20286.0,0
22057.0,20288.0,0
22055.0,20285.0,0
22060.0,20279.0,0
22050.0,20281.0,0
22051.0,20274.0,0
22044.0,20269.0,0
22036.0,20264.0,0
22039.0,20262.0,0
22034.0,20254.0,0
22039.0,20248.0,0
22043.0,20257.0,0
22038.0,20256.0,0
22041.0,20242.0,0
22037.0,20250.0,0
22038.0,20245.0,0
22025.0,20246.0,0
22044.0,20245.0,0
22043.0,20245.0,0
22044.0,20246.0,0
22045.0,20259.0,0
22039.0,20237.0,0
22033.0,20244.0,0
22051.0,20244.0,0
22053.0,20255.0,1
22040.0,20255.0,0
22035.0,20256.0,0
22046.0,20244.0,0
22042.0,20256.0,0
22040.0,20246.0,0
22045.0,20247.0,0
22040.0,20256.0,0
22031.0,20259.0,0
22044.0,20258.0,0
22052.0,20258.0,0
22043.0,20247.0,0
22051.0,20255.0,0
22044.0,20266.0,0
22047.0,20250.0,0
22050.0,20257.0,0
22037.0,20255.0,0
22042.0,20259.0,0
22032.0,20260.0,0
22040.0,20257.0,0
22039.0,20255.0,0
22041.0,20251.0,0
22042.0,20263.0,1
22045.0,20259.0,0
22043.0,20262.0,0
22038.0,20258.0,0
22037.0,20260.0,0
22036.0,20264.0,0
22042.0,20256.0,0
22039.0,20256.0,0
22047.0,20264.0,0
22044.0,20269.0,0
22045.0,20263.0,0
22041.0,20267.0,0
22043.0,20267.0,0
22044.0,20264.0,0
22047.0,20270.0,0
22049.0,20271.0,0
22043.0,20266.0,0
22050.0,20271.0,0
22046.0,20281.0,0
22046.0,20269.0,0
22054.0,20276.0,0
22054.0,20275.0,0
22055.0,20282.0,0
22057.0,20280.0,0
22059.0,20279.0,0
22062.0,20286.0,0
22062.0,20296.0,0
22062.0,20282.0,0
22056.0,20286.0,0
22059.0,20296.0,0
22047.0,20289.0,0
22045.0,20279.0,0
22042.0,20275.0,0
22051.0,20266.0,0
22039.0,20257.0,0
22038.0,20253.0,0
22028.0,20250.0,0
22028.0,20243.0,0
22022.0,20244.0,0
22024.0,20239.0,0
22023.0,20241.0,0
22031.0,20232.0,0
22020.0,20236.0,0
22019.0,20238.0,0
22020.0,20240.0,0
22023.0,20242.0,0
22010.0,20232.0,0
22020.0,20233.0,0
22019.0,20241.0,0
22013.0,20225.0,0
22017.0,20228.0,0
22009.0,20236.0,0
22011.0,20231.0,0
22016.0,20231.0,0
22010.0,20229.0,0
22015.0,20225.0,0
22022.0,20229.0,0
22014.0,20239.0,0
22007.0,20229.0,0
22011.0,20232.0,0
22011.0,20232.0,0
22005.0,20231.0,0
22002.0,20230.0,0
22006.0,20223.0,0
22007.0,20226.0,0
22011.0,20234.0,0
22002.0,20229.0,0
22008.0,20233.0,0
22002.0,20218.0,0
22010.0,20226.0,0
22003.0,20219.0,0
21988.0,20225.0,0
22006.0,20217.0,0
22007.0,20219.0,0
21997.0,20223.0,0
21984.0,20219.0,0
21981.0,20219.0,0
21980.0,20221.0,0
21989.0,20210.0,0
21985.0,20222.0,0
21989.0,20210.0,0
21999.0,20226.0,0
21991.0,20225.0,0
21993.0,20219.0,0
22007.0,20228.0,0
21996.0,20220.0,0
21999.0,20223.0,0
21999.0,20231.0,0
21991.0,20215.0,0
21996.0,20222.0,0
21990.0,20226.0,0
21991.0,20225.0,0
21991.0,20226.0,0
22001.0,20227.0,0
21997.0,20233.0,0
21993.0,20227.0,0
21992.0,20225.0,0
22002.0,20237.0,0
22001.0,20233.0,0
22001.0,20230.0,0
21999.0,20226.0,0
21999.0,20223.0,0
21993.0,20224.0,0
21992.0,20225.0,0
21985.0,20227.0,0
21981.0,20223.0,0
21986.0,20202.0,0
21975.0,20204.0,0
21968.0,20207.0,0
21973.0,20192.0,0
21960.0,20189.0,0
21964.0,20190.0,0
21958.0,20184.0,0
21965.0,20190.0,0
21963.0,20182.0,0
21967.0,20172.0,0
21962.0,20175.0,0
21959.0,20175.0,0
21962.0,20184.0,0
21952.0,20186.0,0
21956.0,20183.0,0
21958.0,20180.0,0
21959.0,20180.0,0
21957.0,20177.0,0
21955.0,20170.0,0
21964.0,20177.0,0
21952.0,20180.0,0
21956.0,20172.0,0
21968.0,20179.0,0
21964.0,20178.0,0
21966.0,20168.0,0
21962.0,20171.0,0
21961.0,20172.0,0
21953.0,20180.0,0
21963.0,20170.0,0
21956.0,20175.0,0
21956.0,20171.0,0
21967.0,20174.0,0
21954.0,20157.0,0
21942.0,20166.0,0
21948.0,20157.0,0
21946.0,20155.0,0
21935.0,20152.0,0
21935.0,20156.0,0
21927.0,20153.0,0
21923.0,20156.0,0
21910.0,20145.0,0
21912.0,20142.0,0
21921.0,20139.0,0
21906.0,20129.0,0
21904.0,20135.0,0
21894.0,20129.0,0
21901.0,20125.0,0
21907.0,20141.0,0
21902.0,20130.0,0
21901.0,20129.0,0
21899.0,20134.0,0
21897.0,20140.0,0
21896.0,20130.0,0
21898.0,20128.0,0
21900.0,20131.0,0
21899.0,20142.0,0
21893.0,20137.0,0
21897.0,20137.0,0
21880.0,20121.0,0
21865.0,20116.0,0
21861.0,20108.0,0
21857.0,20106.0,0
21844.0,20102.0,0
21851.0,20092.0,0
21865.0,20100.0,0
21867.0,20104.0,0
21859.0,20109.0,0
21866.0,20108.0,0
21866.0,20110.0,0
21854.0,20102.0,0
21859.0,20104.0,0
21833.0,20093.0,0
21816.0,20073.0,0
21787.0,20039.0,0
21763.0,20025.0,0
21758.0,20014.0,0
21761.0,20011.0,0
21756.0,19991.0,0
21748.0,20003.0,0
21746.0,19997.0,0
21747.0,19991.0,0
21745.0,19990.0,0
21750.0,19996.0,0
21750.0,19984.0,0
21761.0,19993.0,0
21758.0,19991.0,0
21759.0,19997.0,0
21746.0,19990.0,0
21734.0,19992.0,0
21730.0,19978.0,0
21736.0,19975.0,0
21721.0,19964.0,0
21725.0,19976.0,0
21740.0,19968.0,0
21727.0,19975.0,0
21728.0,19975.0,0
21731.0,19970.0,0
21728.0,19971.0,0
21729.0,19971.0,0
21735.0,19960.0,0
21739.0,19966.0,0
21732.0,19977.0,0
21724.0,19960.0,0
21723.0,19964.0,0
21706.0,19961.0,0
21710.0,19952.0,0
21715.0,19944.0,0
21703.0,19947.0,0
21717.0,19955.0,0
21710.0,19957.0,0
21720.0,19964.0,0
21722.0,19967.0,0
21719.0,19978.0,0
21717.0,19973.0,0
21715.0,19973.0,0
21712.0,19973.0,0
21722.0,19966.0,0
21712.0,19970.0,0
21724.0,19977.0,0
21726.0,19979.0,0
21728.0,19987.0,0
21731.0,19984.0,0
21729.0,19986.0,0
21739.0,19994.0,0
21731.0,19993.0,0
21738.0,19995.0,0
21730.0,19988.0,0
21739.0,19992.0,0
21731.0,19992.0,0
21739.0,19996.0,0
21736.0,19995.0,0
21743.0,19998.0,0
21735.0,19996.0,0
21739.0,20009.0,0
21732.0,19998.0,0
21738.0,20005.0,0
21736.0,20005.0,0
21754.0,20003.0,0
21736.0,20005.0,0
21734.0,19995.0,0
21715.0,19989.0,0
21720.0,19976.0,0
21708.0,19965.0,0
21698.0,19962.0,0
21693.0,19952.0,0
21690.0,19954.0,0
21678.0,19948.0,0
21670.0,19935.0,0
21670.0,19937.0,0
21683.0,19939.0,0
21675.0,19933.0,0
21683.0,19936.0,0
21673.0,19930.0,0
21670.0,19933.0,0
21660.0,19918.0,0
21677.0,19916.0,0
21667.0,19921.0,0
21659.0,19916.0,0
21678.0,19929.0,0
21671.0,19921.0,0
21670.0,19924.0,0
21687.0,19927.0,0
21686.0,19926.0,0
21695.0,19923.0,0
21686.0,19938.0,0
21689.0,19935.0,0
21686.0,19931.0,0
21675.0,19931.0,0
21678.0,19938.0,0
21682.0,19932.0,0
21683.0,19927.0,0
21682.0,19930.0,0
21685.0,19926.0,0
21685.0,19926.0,0
21675.0,19926.0,0
21680.0,19929.0,0
21681.0,19926.0,0
21685.0,19922.0,0
21691.0,19929.0,0
21695.0,19949.0,0
21692.0,19936.0,0
21687.0,19947.0,0
21685.0,19937.0,0
21692.0,19944.0,0
21688.0,19926.0,0
21689.0,19939.0,0
21695.0,19932.0,0
21704.0,19950.0,0
21681.0,19954.0,0
21696.0,19953.0,0
21698.0,19954.0,0
21692.0,19947.0,0
21692.0,19952.0,0
21692.0,19946.0,0
21687.0,19960.0,0
21692.0,19943.0,0
21693.0,19949.0,0
21696.0,19951.0,0
21699.0,19957.0,0
21696.0,19950.0,0
21695.0,19947.0,0
21707.0,19961.0,0
21695.0,19953.0,0
21688.0,19949.0,0
21690.0,19942.0,0
21673.0,19932.0,0
21661.0,19923.0,0
21665.0,19906.0,0
21654.0,19903.0,0
21648.0,19894.0,0
21648.0,19894.0,0
21653.0,19890.0,0
21647.0,19901.0,0
21652.0,19890.0,0
21644.0,19885.0,0
21657.0,19897.0,0
21650.0,19881.0,0
21644.0,19884.0,0
21646.0,19882.0,0
21643.0,19880.0,0
21641.0,19874.0,0
21639.0,19876.0,0
21633.0,19877.0,0
21645.0,19879.0,0
21643.0,19875.0,0
21637.0,19885.0,0
21640.0,19886.0,0
21644.0,19890.0,0
21646.0,19879.0,0
21651.0,19872.0,0
21650.0,19883.0,0
21658.0,19882.0,0
21663.0,19886.0,0
21665.0,19884.0,0
21657.0,19891.0,0
21660.0,19885.0,0
21654.0,19889.0,0
21665.0,19885.0,0
21644.0,19886.0,0
21649.0,19880.0,0
21637.0,19878.0,0
21647.0,19877.0,0
21649.0,19881.0,0
21645.0,19878.0,0
21647.0,19889.0,0
21649.0,19888.0,0
21662.0,19896.0,0
21662.0,19899.0,0
21665.0,19901.0,0
21659.0,19910.0,0
21653.0,19898.0,0
21658.0,19895.0,0
21654.0,19900.0,0
21659.0,19893.0,0
21658.0,19894.0,0
21666.0,19902.0,0
21676.0,19910.0,0
21664.0,19920.0,0
21686.0,19926.0,0
21679.0,19917.0,0
21691.0,19927.0,0
21683.0,19917.0,0
21677.0,19915.0,0
21670.0,19923.0,0
21678.0,19916.0,0
21678.0,19922.0,0
21680.0,19915.0,0
21675.0,19903.0,0
21661.0,19905.0,0
21665.0,19891.0,0
21648.0,19887.0,0
21642.0,19879.0,0
21633.0,19864.0,0
21636.0,19873.0,0
21630.0,19849.0,0
21628.0,19854.0,0
21616.0,19853.0,0
21622.0,19849.0,0
21629.0,19851.0,0
21628.0,19850.0,0
21631.0,19854.0,0
21620.0,19847.0,0
21613.0,19843.0,0
21609.0,19839.0,0
21613.0,19834.0,0
21616.0,19826.0,0
21616.0,19842.0,0
21614.0,19845.0,0
21611.0,19838.0,0
21625.0,19840.0,0
21629.0,19843.0,1
21625.0,19843.0,0
21612.0,19845.0,0
21623.0,19849.0,0
21612.0,19849.0,0
21618.0,19846.0,0
21616.0,19845.0,0
21626.0,19847.0,0
21620.0,19845.0,0
21622.0,19850.0,0
21621.0,19850.0,0
21624.0,19850.0,0
21622.0,19851.0,0
21626.0,19850.0,0
21620.0,19866.0,0
21629.0,19855.0,0
21633.0,19861.0,0
21637.0,19862.0,0
21637.0,19869.0,0
21636.0,19874.0,0
21638.0,19877.0,0
21643.0,19876.0,0
21635.0,19873.0,0
21644.0,19873.0,0
21639.0,19863.0,0
21636.0,19867.0,0
21639.0,19884.0,0
21648.0,19887.0,0
21649.0,19889.0,0
21654.0,19892.0,0
21662.0,19897.0,0
21663.0,19894.0,0
21656.0,19888.0,0
21648.0,19885.0,0
21650.0,19895.0,0
21648.0,19890.0,0
21658.0,19892.0,0
21664.0,19892.0,0
21667.0,19898.0,0
21675.0,19906.0,0
21671.0,19900.0,0
21668.0,19897.0,0
21650.0,19877.0,0
21646.0,19885.0,0
21645.0,19868.0,0
21630.0,19866.0,0
21635.0,19857.0,0
21612.0,19863.0,0
21615.0,19854.0,0
21621.0,19835.0,0
21613.0,19853.0,0
21608.0,19843.0,0
21605.0,19836.0,0
21610.0,19841.0,0
21604.0,19833.0,0
21609.0,19835.0,0
21602.0,19833.0,0
21596.0,19829.0,0
21595.0,19823.0,0
21595.0,19829.0,0
21593.0,19828.0,0
21600.0,19820.0,0
21605.0,19824.0,0
21600.0,19828.0,0
21603.0,19821.0,0
21610.0,19830.0,0
21608.0,19833.0,0
21617.0,19833.0,0
21607.0,19839.0,0
21621.0,19831.0,0
21618.0,19838.0,0
21618.0,19844.0,0
21617.0,19842.0,0
21614.0,19842.0,0
21617.0,19841.0,0
21610.0,19838.0,0
21613.0,19846.0,0
21618.0,19848.0,0
21622.0,19839.0,0
21622.0,19850.0,0
21630.0,19854.0,0
21628.0,19854.0,0
21633.0,19853.0,0
21639.0,19861.0,0
21629.0,19855.0,0
21636.0,19845.0,0
21631.0,19843.0,0
21633.0,19853.0,0
21630.0,19863.0,0
21630.0,19863.0,0
21638.0,19879.0,0
21639.0,19871.0,0
21647.0,19869.0,0
21635.0,19873.0,0
21637.0,19870.0,0
21642.0,19868.0,0
21636.0,19869.0,0
21654.0,19874.0,0
21642.0,19875.0,0
21644.0,19877.0,0
21649.0,19872.0,0
21653.0,19883.0,0
21656.0,19877.0,0
21663.0,19891.0,0
21656.0,19879.0,0
21660.0,19889.0,0
21666.0,19890.0,0
21656.0,19904.0,0
21664.0,19902.0,0
21668.0,19904.0,0
21664.0,19897.0,0
21655.0,19885.0,0
21648.0,19875.0,0
21647.0,19868.0,0
21630.0,19864.0,0
21637.0,19856.0,0
21637.0,19850.0,0
21629.0,19848.0,0
21644.0,19842.0,0
21636.0,19835.0,0
21636.0,19843.0,0
21632.0,19851.0,0
21625.0,19840.0,0
21630.0,19839.0,0
21634.0,19845.0,0
21635.0,19846.0,0
21631.0,19835.0,0
21638.0,19841.0,0
21632.0,19844.0,0
21635.0,19845.0,0
21632.0,19850.0,0
21628.0,19851.0,0
21645.0,19853.0,0
21656.0,19851.0,0
21666.0,19850.0,0
21665.0,19873.0,0
21652.0,19875.0,0
21659.0,19871.0,0
21661.0,19883.0,0
21667.0,19876.0,0
21657.0,19874.0,0
21652.0,19875.0,0
21666.0,19872.0,0
21669.0,19877.0,0
21659.0,19865.0,0
21678.0,19882.0,0
21682.0,19878.0,0
21676.0,19888.0,0
21672.0,19893.0,0
21677.0,19885.0,0
21684.0,19892.0,0
21680.0,19888.0,0
21685.0,19895.0,0
21677.0,19892.0,0
21680.0,19892.0,0
21675.0,19893.0,0
21683.0,19895.0,0
21681.0,19889.0,0
21684.0,19906.0,0
21696.0,19909.0,0
21704.0,19907.0,0
21701.0,19923.0,0
21700.0,19923.0,0
21694.0,19920.0,0
21703.0,19931.0,0
21701.0,19921.0,0
21692.0,19920.0,0
21690.0,19915.0,0
21699.0,19917.0,0
21694.0,19927.0,0
21704.0,19925.0,0
21704.0,19934.0,0
21710.0,19945.0,0
21710.0,19940.0,0
21724.0,19942.0,0
21711.0,19949.0,0
21714.0,19954.0,0
21724.0,19951.0,0
21731.0,19957.0,0
21730.0,19956.0,0
21737.0,19968.0,0
21727.0,19962.0,0
21726.0,19961.0,0
21734.0,19957.0,0
21739.0,19963.0,0
21729.0,19944.0,0
21725.0,19933.0,0
21702.0,19926.0,0
21689.0,19921.0,0
21684.0,19903.0,0
21670.0,19900.0,0
21667.0,19883.0,0
21658.0,19884.0,0
21663.0,19884.0,0
21659.0,19882.0,0
21656.0,19879.0,0
21667.0,19873.0,0
21664.0,19892.0,0
21663.0,19887.0,0
21647.0,19878.0,0
21650.0,19866.0,0
21649.0,19863.0,0
21642.0,19862.0,0
21642.0,19862.0,0
21639.0,19872.0,0
21646.0,19865.0,0
21664.0,19883.0,0
21672.0,19880.0,0
21671.0,19882.0,0
21670.0,19892.0,0
21666.0,19888.0,0
21671.0,19875.0,0
21667.0,19875.0,0
21666.0,19876.0,0
21665.0,19875.0,0
21671.0,19877.0,0
21671.0,19882.0,0
21668.0,19887.0,0
21667.0,19879.0,0
21674.0,19883.0,0
21665.0,19888.0,0
21665.0,19884.0,0
21681.0,19889.0,0
21670.0,19886.0,0
21670.0,19899.0,0
21676.0,19899.0,0
21676.0,19902.0,0
21665.0,19900.0,0
21674.0,19896.0,0
21683.0,19906.0,0
21684.0,19892.0,0
21677.0,19896.0,0
21673.0,19902.0,0
21683.0,19906.0,0
21687.0,19919.0,0
21679.0,19914.0,0
21685.0,19907.0,0
21688.0,19921.0,0
21706.0,19924.0,0
21703.0,19927.0,0
21699.0,19917.0,0
21710.0,19929.0,0
21711.0,19935.0,0
21702.0,19940.0,0
21709.0,19932.0,0
21702.0,19937.0,0
21701.0,19943.0,0
21716.0,19941.0,0
21722.0,19953.0,0
21713.0,19948.0,0
21728.0,19949.0,0
21724.0,19954.0,0
21721.0,19957.0,0
21725.0,19955.0,0
21714.0,19957.0,0
21726.0,19958.0,0
21723.0,19948.0,0
21720.0,19957.0,0
21722.0,19973.0,0
21733.0,19960.0,0
21728.0,19971.0,0
21722.0,19960.0,0
21713.0,19951.0,0
21710.0,19951.0,0
21695.0,19931.0,0
21688.0,19937.0,0
21687.0,19914.0,0
21675.0,19898.0,0
21663.0,19908.0,0
21665.0,19898.0,0
21669.0,19905.0,0
21661.0,19893.0,0
21658.0,19899.0,0
21670.0,19894.0,0
21661.0,19888.0,0
21667.0,19887.0,0
21658.0,19896.0,0
21655.0,19890.0,0
21667.0,19895.0,0
21658.0,19881.0,0
21665.0,19887.0,0
21661.0,19893.0,0
21665.0,19894.0,0
21670.0,19895.0,0
21672.0,19897.0,0
21673.0,19901.0,0
21684.0,19898.0,0
21695.0,19901.0,0
21687.0,19909.0,0
21693.0,19917.0,0
21702.0,19909.0,0
21706.0,19914.0,0
21701.0,19921.0,0
21699.0,19921.0,0
21686.0,19916.0,0
21690.0,19915.0,0
21700.0,19912.0,0
21691.0,19911.0,0
21693.0,19914.0,0
21699.0,19921.0,0
21716.0,19932.0,0
21718.0,19934.0,0
21722.0,19935.0,0
21705.0,19931.0,0
21711.0,19931.0,0
21707.0,19932.0,0
21707.0,19923.0,0
21712.0,19936.0,0
21730.0,19946.0,0
21713.0,19938.0,0
21729.0,19944.0,0
21721.0,19943.0,0
21732.0,19951.0,0
21734.0,19958.0,0
21743.0,19955.0,0
21735.0,19964.0,0
21735.0,19964.0,0
21747.0,19967.0,0
21737.0,19970.0,0
21760.0,19985.0,0
21758.0,19971.0,0
21758.0,19972.0,0
21754.0,19974.0,0
21756.0,19986.0,0
21755.0,19980.0,0
21755.0,19986.0,0
21765.0,19993.0,0
21759.0,19990.0,0
21771.0,19999.0,0
21778.0,20013.0,0
21771.0,20004.0,0
21784.0,20008.0,0
21785.0,20016.0,0
21787.0,20012.0,0
21791.0,20011.0,0
21801.0,20016.0,0
21795.0,20022.0,0
21795.0,20026.0,0
21798.0,20023.0,0
21791.0,20021.0,0
21782.0,20013.0,0
21778.0,19998.0,0
21776.0,19985.0,0
21775.0,19984.0,0
21774.0,19977.0,0
21761.0,19982.0,0
21769.0,19982.0,0
21766.0,19967.0,0
21758.0,19966.0,0
21749.0,19960.0,0
21750.0,19965.0,0
21750.0,19964.0,0
21754.0,19968.0,0
21756.0,19963.0,0
21769.0,19969.0,0
21760.0,19976.0,0
21760.0,19962.0,0
21755.0,19969.0,0
21756.0,19962.0,0
21760.0,19967.0,0
21754.0,19969.0,0
21766.0,19989.0,0
21776.0,19976.0,0
21777.0,19979.0,0
21779.0,19989.0,0
21779.0,19993.0,0
21793.0,19997.0,0
21791.0,19992.0,0
21784.0,19998.0,0
21782.0,19987.0,0
21786.0,20007.0,0
21790.0,20001.0,0
21776.0,19997.0,0
21777.0,19990.0,0
21783.0,19989.0,0
21779.0,20000.0,0
21793.0,19997.0,0
21792.0,19995.0,0
21795.0,20002.0,0
21794.0,20009.0,0
21797.0,20014.0,0
21790.0,20009.0,0
21791.0,20013.0,0
21784.0,20005.0,0
21798.0,20005.0,0
21791.0,20014.0,0
21818.0,20012.0,0
21807.0,20020.0,0
21810.0,20020.0,0
21818.0,20030.0,0
21812.0,20031.0,0
21816.0,20031.0,0
21810.0,20030.0,0
21817.0,20034.0,0
21818.0,20039.0,0
21831.0,20044.0,0
21826.0,20051.0,0
21823.0,20053.0,0
21828.0,20045.0,0
21822.0,20057.0,0
21837.0,20058.0,0
21831.0,20044.0,0
21827.0,20047.0,0
21816.0,20055.0,0
21826.0,20054.0,0
21829.0,20050.0,0
21836.0,20050.0,0
21830.0,20060.0,0
21837.0,20064.0,0
21834.0,20060.0,0
21839.0,20075.0,0
21855.0,20067.0,0
21846.0,20083.0,0
21872.0,20081.0,0
21870.0,20092.0,0
21861.0,20093.0,0
21879.0,20099.0,0
21864.0,20089.0,0
21855.0,20085.0,0
21851.0,20070.0,0
21838.0,20060.0,0
21830.0,20040.0,0
21829.0,20048.0,0
21814.0,20047.0,0
21827.0,20034.0,0
21809.0,20036.0,0
21814.0,20029.0,0
21804.0,20028.0,0
21807.0,20022.0,0
21796.0,20023.0,0
21799.0,20022.0,0
21808.0,20021.0,0
21794.0,20012.0,0
21796.0,20006.0,0
21790.0,20019.0,0
21779.0,19993.0,0
21792.0,20008.0,0
21781.0,19999.0,0
21793.0,19997.0,0
21790.0,20000.0,0
21797.0,20005.0,0
21795.0,20017.0,0
21813.0,20024.0,0
21809.0,20025.0,0
21811.0,20018.0,0
21801.0,20022.0,0
21806.0,20020.0,0
21795.0,20012.0,0
21793.0,20022.0,0
21795.0,20009.0,0
21798.0,20003.0,0
21795.0,20001.0,0
21785.0,20004.0,0
21799.0,20012.0,0
21805.0,20023.0,0
21798.0,20010.0,0
21795.0,20017.0,0
21795.0,20019.0,0
21796.0,20022.0,0
21796.0,20024.0,0
21789.0,20024.0,0
21793.0,20028.0,0
21793.0,20016.0,0
21798.0,20033.0,0
21809.0,20032.0,0
21811.0,20039.0,0
21817.0,20041.0,0
21818.0,20049.0,0
21827.0,20049.0,0
21819.0,20065.0,0
21827.0,20056.0,0
21826.0,20049.0,0
21833.0,20053.0,0
21816.0,20052.0,0
21826.0,20046.0,0
21811.0,20058.0,0
21823.0,20047.0,0
21830.0,20055.0,0
21830.0,20054.0,0
21836.0,20075.0,0
21844.0,20067.0,0
21841.0,20065.0,0
21839.0,20078.0,0
21851.0,20068.0,0
21852.0,20075.0,0
21849.0,20077.0,0
21849.0,20075.0,0
21848.0,20074.0,0
21842.0,20079.0,0
21855.0,20084.0,0
21843.0,20089.0,0
21853.0,20085.0,0
21857.0,20088.0,0
21852.0,20090.0,0
21839.0,20071.0,0
21825.0,20052.0,0
21816.0,20049.0,0
21814.0,20036.0,0
21818.0,20032.0,0
21807.0,20029.0,0
21813.0,20022.0,0
21800.0,20025.0,0
21799.0,20023.0,0
21801.0,20015.0,0
21793.0,20013.0,0
21789.0,20003.0,0
21789.0,20014.0,0
21793.0,20011.0,0
21794.0,20017.0,0
21790.0,20015.0,0
21796.0,20016.0,0
21802.0,20015.0,0
21804.0,20026.0,0
21804.0,20020.0,0
21806.0,20029.0,0
21808.0,20026.0,0
21820.0,20032.0,0
21827.0,20035.0,0
21816.0,20024.0,0
21823.0,20039.0,0
21813.0,20031.0,0
21815.0,20036.0,0
21832.0,20040.0,0
21827.0,20037.0,0
21828.0,20051.0,0
21832.0,20049.0,0
21828.0,20040.0,0
21816.0,20037.0,0
21808.0,20031.0,0
21819.0,20031.0,0
21825.0,20030.0,0
21819.0,20032.0,0
21829.0,20034.0,0
21839.0,20046.0,0
21830.0,20040.0,0
21824.0,20055.0,0
21824.0,20052.0,0
21839.0,20051.0,0
21827.0,20047.0,0
21832.0,20048.0,0
21827.0,20050.0,0
21839.0,20075.0,0
21837.0,20056.0,0
21842.0,20060.0,0
21861.0,20064.0,0
21869.0,20078.0,0
21871.0,20082.0,0
21852.0,20078.0,0
21857.0,20074.0,0
21863.0,20075.0,0
21850.0,20069.0,0
21850.0,20072.0,0
21850.0,20074.0,0
21868.0,20066.0,0
21863.0,20083.0,0
21859.0,20090.0,0
21865.0,20094.0,0
21872.0,20085.0,0
21880.0,20099.0,0
21874.0,20089.0,0
21886.0,20092.0,0
21887.0,20096.0,0
21881.0,20098.0,0
21889.0,20110.0,0
21896.0,20109.0,0
21906.0,20120.0,0
21902.0,20138.0,0
21911.0,20134.0,0
21899.0,20115.0,0
21890.0,20109.0,0
21882.0,20098.0,0
21866.0,20079.0,0
21858.0,20077.0,0
21857.0,20066.0,0
21852.0,20058.0,0
21851.0,20061.0,0
21848.0,20046.0,0
21846.0,20038.0,0
21844.0,20042.0,0
21846.0,20044.0,0
21835.0,20042.0,0
21824.0,20040.0,0
21823.0,20035.0,0
21836.0,20039.0,0
21840.0,20038.0,0
21828.0,20036.0,0
21826.0,20036.0,0
21836.0,20029.0,0
21845.0,20042.0,0
21841.0,20042.0,0
21850.0,20038.0,0
21842.0,20046.0,0
21855.0,20054.0,0
21855.0,20054.0,0
21870.0,20049.0,0
21868.0,20054.0,0
21868.0,20071.0,0
21870.0,20070.0,0
21868.0,20073.0,0
21872.0,20078.0,0
21869.0,20080.0,0
21884.0,20074.0,0
21870.0,20075.0,0
21871.0,20075.0,0
21858.0,20076.0,0
21879.0,20080.0,0
21875.0,20077.0,0
21886.0,20078.0,0
21876.0,20080.0,0
21869.0,20066.0,0
21874.0,20078.0,0
21881.0,20079.0,0
21878.0,20080.0,0
21883.0,20077.0,0
21882.0,20088.0,0
21878.0,20088.0,0
21886.0,20091.0,0
21883.0,20094.0,0
21900.0,20096.0,0
21891.0,20097.0,0
21889.0,20091.0,0
21901.0,20110.0,0
21895.0,20109.0,0
21913.0,20115.0,0
21912.0,20121.0,0
21902.0,20109.0,0
21890.0,20107.0,0
21892.0,20097.0,0
21901.0,20118.0,0
21901.0,20110.0,0
21902.0,20126.0,0
21902.0,20117.0,0
21913.0,20121.0,0
21911.0,20127.0,0
21910.0,20126.0,0
21910.0,20128.0,0
21926.0,20153.0,0
21924.0,20145.0,0
21933.0,20146.0,0
21936.0,20142.0,0
21932.0,20159.0,0
21940.0,20161.0,0
21947.0,20166.0,0
21940.0,20157.0,0
21938.0,20165.0,0
21923.0,20141.0,0
21907.0,20122.0,0
21899.0,20114.0,0
21882.0,20104.0,0
21881.0,20107.0,0
21868.0,20083.0,0
21869.0,20086.0,0
21864.0,20076.0,0
21855.0,20074.0,0
21860.0,20077.0,0
21855.0,20071.0,0
21850.0,20064.0,0
21847.0,20062.0,0
21847.0,20063.0,0
21840.0,20060.0,0
21835.0,20059.0,0
21837.0,20052.0,0
21840.0,20049.0,0
21835.0,20053.0,0
21846.0,20056.0,0
21836.0,20055.0,0
21847.0,20058.0,0
21849.0,20064.0,0
21847.0,20065.0,0
21852.0,20067.0,0
21852.0,20063.0,0
21849.0,20064.0,0
21843.0,20050.0,0
21847.0,20054.0,0
21837.0,20056.0,0
21845.0,20052.0,0
21839.0,20054.0,0
21847.0,20048.0,0
21843.0,20040.0,0
21836.0,20047.0,0
21840.0,20055.0,0
21834.0,20053.0,0
21832.0,20051.0,0
21841.0,20047.0,0
21835.0,20050.0,0
21841.0,20066.0,0
21843.0,20063.0,0
21842.0,20072.0,0
21839.0,20061.0,0
21850.0,20069.0,0
21837.0,20067.0,0
21851.0,20059.0,0
21844.0,20068.0,0
21849.0,20073.0,0
21854.0,20080.0,0
21855.0,20077.0,0
21866.0,20091.0,0
21865.0,20089.0,0
21866.0,20090.0,0
21872.0,20083.0,0
21857.0,20086.0,0
21868.0,20094.0,0
21865.0,20097.0,0
21876.0,20087.0,0
21863.0,20097.0,0
21875.0,20090.0,0
21865.0,20097.0,0
21882.0,20105.0,0
21892.0,20110.0,0
21897.0,20109.0,0
21887.0,20116.0,0
21892.0,20118.0,0
21889.0,20113.0,0
21896.0,20113.0,0
21892.0,20114.0,0
21890.0,20119.0,0
21904.0,20123.0,0
21895.0,20118.0,0
21889.0,20131.0,0
21896.0,20111.0,0
21882.0,20096.0,0
21872.0,20088.0,0
21856.0,20073.0,0
21854.0,20062.0,0
21865.0,20061.0,0
21849.0,20060.0,0
21834.0,20047.0,0
21832.0,20041.0,0
21841.0,20045.0,0
21832.0,20041.0,0
21824.0,20044.0,0
21830.0,20044.0,0
21823.0,20041.0,0
21830.0,20046.0,0
21832.0,20030.0,0
21820.0,20036.0,0
21835.0,20039.0,0
21824.0,20042.0,0
21824.0,20036.0,0
21847.0,20052.0,0
21846.0,20052.0,0
21849.0,20066.0,0
21849.0,20061.0,0
21848.0,20050.0,0
21847.0,20058.0,0
21846.0,20053.0,0
21843.0,20052.0,0
21853.0,20056.0,0
21851.0,20057.0,0
21842.0,20063.0,0
21854.0,20065.0,0
21861.0,20062.0,0
21862.0,20065.0,0
21863.0,20069.0,0
21863.0,20066.0,0
21859.0,20080.0,0
21864.0,20068.0,0
21863.0,20079.0,0
21868.0,20071.0,0
21867.0,20071.0,0
21869.0,20077.0,0
21865.0,20085.0,0
21878.0,20088.0,0
21873.0,20096.0,0
21888.0,20095.0,0
21886.0,20091.0,0
21896.0,20104.0,0
21903.0,20111.0,0
21896.0,20104.0,0
21898.0,20105.0,0
21906.0,20113.0,0
21904.0,20110.0,0
21899.0,20113.0,0
21909.0,20117.0,0
21911.0,20124.0,0
21920.0,20124.0,0
21921.0,20132.0,0
21911.0,20135.0,0
21933.0,20139.0,0
21926.0,20137.0,0
21928.0,20146.0,0
21928.0,20145.0,0
21936.0,20152.0,0
21949.0,20170.0,0
21948.0,20163.0,0
21969.0,20177.0,0
21976.0,20180.0,0
21966.0,20169.0,0
21974.0,20190.0,0
21973.0,20177.0,0
21971.0,20183.0,0
21973.0,20172.0,0
21959.0,20174.0,0
21950.0,20170.0,0
21956.0,20151.0,0
21942.0,20140.0,0
21943.0,20143.0,0
21932.0,20132.0,0
21928.0,20119.0,0
21915.0,20120.0,0
21918.0,20110.0,0
21906.0,20102.0,0
21899.0,20098.0,0
21911.0,20100.0,0
21906.0,20103.0,0
21895.0,20106.0,0
21908.0,20113.0,0
21912.0,20108.0,0
21915.0,20112.0,0
21906.0,20112.0,0
21917.0,20107.0,0
21912.0,20104.0,0
21927.0,20110.0,0
21910.0,20112.0,0
21910.0,20112.0,0
21929.0,20119.0,0
21930.0,20115.0,0
21928.0,20112.0,0
21936.0,20116.0,0
21918.0,20121.0,0
21923.0,20124.0,0
21913.0,20112.0,0
21923.0,20111.0,0
21916.0,20107.0,0
21909.0,20109.0,0
21917.0,20114.0,0
21919.0,20105.0,0
21914.0,20106.0,0
21916.0,20108.0,0
21925.0,20116.0,0
21916.0,20117.0,0
21925.0,20105.0,0
21922.0,20115.0,0
21908.0,20114.0,0
21901.0,20119.0,0
21913.0,20106.0,0
21909.0,20113.0,0
21906.0,20113.0,0
21904.0,20107.0,0
21904.0,20104.0,0
21914.0,20102.0,0
21913.0,20107.0,0
21919.0,20111.0,0
21923.0,20113.0,0
21931.0,20138.0,0
21938.0,20131.0,0
21944.0,20133.0,0
21938.0,20138.0,0
21941.0,20136.0,0
21943.0,20130.0,0
21945.0,20138.0,0
21957.0,20139.0,0
21957.0,20148.0,0
21946.0,20147.0,0
21965.0,20155.0,0
21949.0,20148.0,0
21950.0,20145.0,0
21943.0,20137.0,0
21936.0,20131.0,0
21895.0,20103.0,0
21864.0,20086.0,0
21862.0,20064.0,0
21852.0,20054.0,0
21858.0,20048.0,0
21828.0,20048.0,0
21807.0,20017.0,0
21787.0,19992.0,0
21778.0,19975.0,0
21747.0,19946.0,0
21752.0,19949.0,0
21734.0,19935.0,0
21735.0,19926.0,0
21726.0,19905.0,0
21709.0,19898.0,0
21700.0,19887.0,0
21697.0,19879.0,0
21704.0,19872.0,0
21702.0,19879.0,0
21693.0,19865.0,0
21681.0,19875.0,0
21679.0,19864.0,0
21689.0,19867.0,0
21687.0,19865.0,0
21690.0,19865.0,0
21692.0,19885.0,0
21693.0,19878.0,0
21695.0,19878.0,0
21701.0,19889.0,0
21701.0,19893.0,0
21716.0,19909.0,0
21756.0,19929.0,0
21792.0,19969.0,0
21838.0,20000.0,0
21926.0,20047.0,0
22037.0,20116.0,0
22126.0,20168.0,0
22169.0,20206.0,0
22227.0,20250.0,0
22264.0,20268.0,0
22288.0,20293.0,0
22317.0,20323.0,0
22363.0,20348.0,0
22380.0,20373.0,0
22415.0,20390.0,0
22450.0,20417.0,0
22503.0,20446.0,0
22550.0,20498.0,0
22610.0,20558.0,0
22661.0,20594.0,0
22731.0,20637.0,0
22750.0,20666.0,0
22805.0,20697.0,0
22816.0,20705.0,0
22838.0,20732.0,0
22851.0,20723.0,0
22865.0,20730.0,0
22866.0,20738.0,0
22888.0,20747.0,0
22917.0,20765.0,0
22939.0,20766.0,0
22951.0,20781.0,0
22980.0,20789.0,0
22995.0,20793.0,0
23002.0,20796.0,0
23003.0,20795.0,0
23025.0,20802.0,0
23016.0,20799.0,0
23025.0,20801.0,0
23033.0,20817.0,0
23045.0,20811.0,0
23071.0,20816.0,0
23057.0,20822.0,0
23073.0,20820.0,0
23075.0,20827.0,0
23062.0,20817.0,0
23046.0,20803.0,0
23035.0,20790.0,0
23032.0,20776.0,0
23011.0,20755.0,0
23022.0,20754.0,0
23007.0,20746.0,0
22993.0,20738.0,0
22989.0,20719.0,0
22984.0,20713.0,0
22983.0,20707.0,0
22988.0,20709.0,0
22990.0,20712.0,0
23005.0,20710.0,0
23008.0,20702.0,0
22993.0,20696.0,0
22990.0,20689.0,0
22989.0,20675.0,0
22981.0,20664.0,0
22972.0,20662.0,0
22973.0,20660.0,0
22970.0,20662.0,0
22980.0,20676.0,0
22997.0,20677.0,0
23028.0,20672.0,0
23028.0,20690.0,0
23043.0,20695.0,0
23044.0,20701.0,0
23049.0,20696.0,0
23050.0,20690.0,0
23053.0,20678.0,0
23048.0,20685.0,0
23066.0,20707.0,0
23088.0,20719.0,0
23130.0,20736.0,0
23165.0,20754.0,0
23218.0,20786.0,0
23298.0,20842.0,0
23386.0,20892.0,0
23453.0,20952.0,0
23509.0,20988.0,0
23544.0,21014.0,0
23554.0,21018.0,0
23572.0,21037.0,0
23588.0,21034.0,0
23593.0,21044.0,0
23608.0,21042.0,0
23614.0,21043.0,0
23618.0,21054.0,0
23640.0,21056.0,0
23648.0,21061.0,0
23689.0,21079.0,0
23703.0,21092.0,0
23711.0,21106.0,0
23738.0,21107.0,0
23734.0,21111.0,0
23752.0,21127.0,0
23749.0,21136.0,0
23757.0,21139.0,0
23773.0,21143.0,0
23767.0,21136.0,0
23777.0,21147.0,0
23785.0,21153.0,0
23805.0,21152.0,0
23830.0,21167.0,0
23837.0,21184.0,0
23857.0,21191.0,0
23868.0,21201.0,0
23880.0,21212.0,0
23873.0,21215.0,0
23878.0,21207.0,0
23898.0,21220.0,0
23896.0,21228.0,0
23907.0,21235.0,0
23906.0,21230.0,0
23900.0,21231.0,0
23908.0,21229.0,0
23915.0,21232.0,0
23923.0,21215.0,0
23914.0,21228.0,0
23919.0,21221.0,0
23915.0,21223.0,0
23937.0,21234.0,0
23937.0,21231.0,0
23940.0,21237.0,0
23934.0,21231.0,0
23940.0,21230.0,0
23948.0,21236.0,0
23954.0,21237.0,0
23933.0,21238.0,0
23948.0,21233.0,0
23955.0,21244.0,0
23958.0,21254.0,0
23969.0,21255.0,0
23971.0,21257.0,0
23977.0,21250.0,0
23970.0,21251.0,0
23971.0,21259.0,0
23973.0,21253.0,0
23976.0,21253.0,0
23981.0,21247.0,0
23986.0,21253.0,0
23993.0,21252.0,0
24003.0,21252.0,0
23991.0,21262.0,0
23993.0,21246.0,0
23989.0,21252.0,0
23991.0,21254.0,0
23985.0,21261.0,0
23987.0,21250.0,0
24001.0,21262.0,0
23996.0,21253.0,0
24003.0,21268.0,0
24002.0,21249.0,0
24010.0,21256.0,0
24006.0,21253.0,0
24014.0,21262.0,0
24016.0,21263.0,0
24012.0,21259.0,0
24019.0,21256.0,0
24017.0,21253.0,0
24018.0,21256.0,0
24021.0,21261.0,0
24029.0,21258.0,0
24028.0,21268.0,0
24030.0,21265.0,0
24028.0,21264.0,0
24026.0,21265.0,0
24033.0,21260.0,0
24018.0,21268.0,0
24020.0,21263.0,0
24020.0,21265.0,0
24024.0,21264.0,0
24022.0,21277.0,0
24027.0,21264.0,0
24022.0,21266.0,0
24041.0,21274.0,0
24037.0,21263.0,0
24042.0,21272.0,0
24029.0,21272.0,0
24040.0,21282.0,0
24027.0,21274.0,0
24026.0,21274.0,0
24026.0,21257.0,0
24041.0,21271.0,0
24030.0,21265.0,0
24057.0,21272.0,0
24044.0,21277.0,0
24047.0,21269.0,0
24031.0,21273.0,0
24028.0,21271.0,0
24022.0,21254.0,0
24008.0,21240.0,0
23989.0,21229.0,0
23984.0,21216.0,0
23983.0,21215.0,0
23978.0,21215.0,0
23964.0,21199.0,0
23978.0,21208.0,0
23978.0,21198.0,0
23975.0,21214.0,0
23979.0,21205.0,0
23964.0,21209.0,0
23970.0,21201.0,0
23969.0,21192.0,0
23972.0,21195.0,0
23977.0,21201.0,0
23989.0,21196.0,0
23980.0,21199.0,0
23982.0,21198.0,0
23985.0,21197.0,0
23979.0,21197.0,0
23981.0,21195.0,0
23976.0,21204.0,0
23977.0,21195.0,0
23980.0,21200.0,0
23980.0,21203.0,0
23988.0,21199.0,0
23988.0,21202.0,0
24001.0,21193.0,0
23981.0,21192.0,0
23984.0,21199.0,0
23979.0,21195.0,0
23977.0,21185.0,0
23971.0,21187.0,0
23977.0,21186.0,0
23960.0,21185.0,0
23981.0,21183.0,0
23952.0,21180.0,0
23960.0,21175.0,0
23948.0,21166.0,0
23947.0,21157.0,0
23941.0,21163.0,0
23945.0,21159.0,0
23933.0,21153.0,0
23936.0,21143.0,0
23920.0,21146.0,0
23932.0,21149.0,0
23923.0,21141.0,0
23909.0,21137.0,0
23913.0,21129.0,0
23907.0,21137.0,0
23913.0,21129.0,0
23907.0,21131.0,0
23915.0,21124.0,0
23907.0,21128.0,0
23906.0,21126.0,0
23914.0,21121.0,0
23903.0,21120.0,0
23900.0,21130.0,0
23903.0,21120.0,0
23901.0,21115.0,0
23905.0,21122.0,0
23907.0,21123.0,0
23903.0,21116.0,0
23912.0,21118.0,0
23904.0,21118.0,0
23910.0,21115.0,0
23904.0,21111.0,0
23911.0,21111.0,0
23914.0,21114.0,0
23925.0,21113.0,0
23919.0,21121.0,0
23909.0,21122.0,0
23916.0,21111.0,0
23900.0,21108.0,0
23884.0,21094.0,0
23893.0,21092.0,0
23886.0,21096.0,0
23885.0,21088.0,0
23892.0,21081.0,0
23883.0,21070.0,0
23886.0,21065.0,0
23876.0,21062.0,0
23887.0,21049.0,0
23878.0,21059.0,0
23889.0,21059.0,0
23885.0,21070.0,0
23893.0,21059.0,0
23904.0,21061.0,0
23891.0,21057.0,0
23893.0,21060.0,0
23892.0,21056.0,0
23893.0,21062.0,0
23905.0,21072.0,0
23909.0,21052.0,0
23902.0,21059.0,0
23905.0,21050.0,0
23916.0,21042.0,0
23914.0,21053.0,0
23908.0,21061.0,0
23930.0,21063.0,0
23927.0,21059.0,0
23938.0,21055.0,0
23936.0,21048.0,0
23936.0,21058.0,0
23929.0,21051.0,0
23928.0,21056.0,0
23936.0,21051.0,0
23934.0,21056.0,0
23939.0,21049.0,0
23942.0,21064.0,0
23940.0,21061.0,0
23945.0,21052.0,0
23942.0,21062.0,0
23935.0,21060.0,0
23931.0,21056.0,0
23944.0,21042.0,0
23938.0,21053.0,0
23951.0,21050.0,0
23948.0,21053.0,0
23950.0,21062.0,0
23955.0,21061.0,0
23946.0,21038.0,0
23959.0,21061.0,0
23960.0,21059.0,0
23961.0,21049.0,0
23962.0,21051.0,0
23963.0,21064.0,0
23970.0,21058.0,0
23974.0,21055.0,0
23979.0,21064.0,0
23989.0,21065.0,0
23984.0,21064.0,0
23995.0,21064.0,0
24002.0,21066.0,0
23989.0,21062.0,0
23988.0,21061.0,0
23992.0,21060.0,0
24005.0,21067.0,0
24008.0,21073.0,0
24004.0,21065.0,0
24008.0,21067.0,0
24009.0,21072.0,0
24003.0,21075.0,0
24018.0,21077.0,0
24022.0,21076.0,0
24023.0,21067.0,0
24012.0,21070.0,0
24019.0,21069.0,0
23995.0,21048.0,0
24008.0,21050.0,0
24002.0,21044.0,0
24000.0,21039.0,0
24004.0,21040.0,0
24005.0,21047.0,0
24017.0,21039.0,0
24022.0,21033.0,0
24017.0,21037.0,0
24020.0,21036.0,0
24019.0,21043.0,0
24036.0,21042.0,0
24032.0,21039.0,0
24020.0,21042.0,0
24042.0,21039.0,0
24047.0,21047.0,0
24051.0,21038.0,0
24058.0,21057.0,0
24055.0,21056.0,0
24061.0,21047.0,0
24072.0,21054.0,0
24065.0,21041.0,0
24060.0,21044.0,0
24067.0,21042.0,0
24081.0,21049.0,0
24082.0,21041.0,0
24081.0,21051.0,0
24082.0,21039.0,0
24097.0,21060.0,0
24088.0,21047.0,0
24088.0,21055.0,0
24095.0,21047.0,0
24101.0,21047.0,0
24095.0,21047.0,0
24100.0,21048.0,0
24107.0,21043.0,0
24104.0,21051.0,0
24101.0,21046.0,0
24112.0,21041.0,0
24093.0,21053.0,0
24109.0,21048.0,0
24093.0,21042.0,0
24105.0,21037.0,0
24094.0,21052.0,0
24108.0,21057.0,0
24108.0,21051.0,0
24112.0,21049.0,0
24111.0,21053.0,0
24121.0,21045.0,0
24113.0,21049.0,0
24109.0,21053.0,0
24106.0,21048.0,0
24100.0,21057.0,0
24099.0,21038.0,0
24101.0,21053.0,0
24109.0,21058.0,0
24107.0,21048.0,0
24107.0,21052.0,0
24119.0,21046.0,0
24122.0,21058.0,0
24120.0,21054.0,0
24125.0,21067.0,0
24134.0,21048.0,0
24127.0,21060.0,0
24129.0,21059.0,0
24132.0,21055.0,0
24130.0,21062.0,0
24129.0,21054.0,0
24139.0,21066.0,0
24130.0,21054.0,0
24123.0,21052.0,0
24121.0,21048.0,0
24108.0,21038.0,0
24114.0,21043.0,0
24113.0,21058.0,0
24098.0,21042.0,0
24102.0,21049.0,0
24079.0,21042.0,0
24062.0,21011.0,0
24066.0,21011.0,0
24060.0,20992.0,0
24041.0,20988.0,0
24028.0,20988.0,0
24041.0,20975.0,0
24046.0,20975.0,0
24037.0,20975.0,0
24040.0,20967.0,0
24046.0,20970.0,0
24033.0,20972.0,0
24036.0,20966.0,0
24026.0,20968.0,0
24043.0,20979.0,0
24038.0,20975.0,0
24057.0,20978.0,0
24053.0,20984.0,0
24070.0,20986.0,0
24075.0,20991.0,0
24071.0,21001.0,0
24080.0,20994.0,0
24104.0,21005.0,0
24101.0,21011.0,0
24105.0,21009.0,0
24111.0,21021.0,0
24112.0,21021.0,0
24128.0,21017.0,0
24115.0,21021.0,0
24125.0,21030.0,0
24122.0,21030.0,0
24139.0,21028.0,0
24125.0,21031.0,0
24130.0,21036.0,0
24119.0,21036.0,0
24135.0,21035.0,0
24128.0,21022.0,0
24127.0,21033.0,0
24130.0,21036.0,0
24127.0,21026.0,0
24125.0,21024.0,0
24128.0,21030.0,0
24127.0,21037.0,0
24134.0,21032.0,0
24130.0,21016.0,0
24122.0,21014.0,0
24131.0,21018.0,0
24117.0,21014.0,0
24118.0,21022.0,0
24114.0,21013.0,0
24129.0,21018.0,0
24124.0,21017.0,0
24128.0,21027.0,0
24129.0,21019.0,0
24123.0,21017.0,0
24117.0,21009.0,0
24112.0,21018.0,0
24125.0,21016.0,0
24125.0,21017.0,0
24129.0,21010.0,0
24126.0,21019.0,0
24132.0,21025.0,0
24138.0,21022.0,0
24130.0,21008.0,0
24132.0,21018.0,0
24129.0,21012.0,0
24145.0,21016.0,0
24143.0,21023.0,0
24142.0,21013.0,0
24154.0,21026.0,0
24155.0,21028.0,0
24149.0,21025.0,0
24146.0,21022.0,0
24137.0,21003.0,0
24128.0,21009.0,0
24119.0,20992.0,0
24110.0,20988.0,0
24111.0,20980.0,0
24106.0,20979.0,0
24113.0,20970.0,0
24107.0,20970.0,0
24108.0,20981.0,0
24112.0,20978.0,0
24121.0,20969.0,0
24120.0,20978.0,0
24125.0,20977.0,0
24118.0,20971.0,0
24109.0,20982.0,0
24121.0,20981.0,0
24134.0,20975.0,0
24128.0,20979.0,0
24120.0,20975.0,0
24129.0,20977.0,0
24130.0,20973.0,0
24136.0,20971.0,0
24136.0,20970.0,0
24124.0,20968.0,0
24136.0,20971.0,0
24136.0,20968.0,0
24145.0,20978.0,0
24144.0,20978.0,0
24136.0,20975.0,0
24138.0,20971.0,0
24132.0,20971.0,0
24145.0,20969.0,0
24143.0,20964.0,0
24138.0,20970.0,0
24145.0,20961.0,0
24154.0,20973.0,0
24161.0,20977.0,0
24141.0,20977.0,0
24157.0,20965.0,0
24155.0,20969.0,0
24155.0,20972.0,0
24154.0,20958.0,0
24157.0,20965.0,0
24161.0,20959.0,0
24156.0,20969.0,0
24140.0,20969.0,0
24160.0,20969.0,0
24156.0,20963.0,0
24149.0,20964.0,0
24143.0,20965.0,0
24152.0,20955.0,0
24139.0,20965.0,0
24147.0,20962.0,0
24147.0,20959.0,0
24142.0,20965.0,0
24139.0,20963.0,0
24144.0,20957.0,0
24148.0,20960.0,0
24136.0,20964.0,0
24143.0,20955.0,0
24141.0,20957.0,0
24146.0,20955.0,0
24145.0,20954.0,0
24148.0,20954.0,0
24150.0,20956.0,0
24150.0,20964.0,0
24148.0,20945.0,0
24141.0,20961.0,0
24139.0,20956.0,0
24148.0,20956.0,0
24147.0,20961.0,0
24146.0,20954.0,0
24159.0,20969.0,0
24152.0,20957.0,0
24146.0,20957.0,0
24150.0,20948.0,0
24151.0,20943.0,0
24141.0,20946.0,0
24124.0,20939.0,0
24126.0,20936.0,0
24123.0,20935.0,0
24135.0,20932.0,0
24133.0,20933.0,0
24128.0,20915.0,0
24134.0,20927.0,0
24133.0,20924.0,0
24136.0,20924.0,0
24144.0,20925.0,0
24148.0,20944.0,0
24147.0,20927.0,0
24140.0,20928.0,0
24154.0,20935.0,0
24161.0,20943.0,0
24158.0,20937.0,0
24160.0,20945.0,0
24175.0,20953.0,0
24158.0,20943.0,0
24163.0,20947.0,0
24176.0,20946.0,0
24156.0,20955.0,0
24167.0,20931.0,0
24169.0,20939.0,0
24172.0,20946.0,0
24178.0,20942.0,0
24176.0,20943.0,0
24173.0,20942.0,0
24176.0,20929.0,0
24172.0,20941.0,0
24170.0,20942.0,0
24172.0,20944.0,0
24169.0,20946.0,0
24176.0,20948.0,0
24174.0,20945.0,0
24173.0,20945.0,0
24178.0,20940.0,0
24172.0,20946.0,0
24174.0,20945.0,0
24181.0,20946.0,0
24182.0,20930.0,0
24166.0,20942.0,0
24176.0,20944.0,0
24178.0,20933.0,0
24180.0,20941.0,0
24180.0,20944.0,0
24165.0,20933.0,0
24183.0,20933.0,0
24168.0,20943.0,0
24174.0,20946.0,0
24169.0,20940.0,0
24182.0,20932.0,0
24178.0,20946.0,0
24177.0,20943.0,0
24186.0,20950.0,0
24189.0,20953.0,0
24192.0,20953.0,0
24187.0,20955.0,0
24190.0,20953.0,0
24194.0,20953.0,0
24187.0,20959.0,0
24202.0,20953.0,0
24203.0,20963.0,0
24202.0,20959.0,0
24196.0,20966.0,0
24198.0,20966.0,0
24200.0,20966.0,0
24198.0,20958.0,0
24196.0,20961.0,0
24206.0,20961.0,0
24206.0,20967.0,0
24204.0,20967.0,0
24186.0,20966.0,0
24196.0,20965.0,0
24185.0,20965.0,0
24182.0,20953.0,0
24167.0,20945.0,0
24175.0,20935.0,0
24171.0,20930.0,0
24155.0,20927.0,0
24152.0,20924.0,0
24164.0,20933.0,0
24158.0,20924.0,0
24171.0,20935.0,0
24175.0,20936.0,0
24182.0,20934.0,0
24180.0,20929.0,0
24185.0,20954.0,0
24165.0,20938.0,0
24169.0,20938.0,0
24158.0,20927.0,0
24155.0,20921.0,0
24160.0,20923.0,0
24152.0,20920.0,0
24161.0,20926.0,0
24149.0,20920.0,0
24152.0,20923.0,0
24158.0,20933.0,0
24152.0,20931.0,0
24150.0,20928.0,0
24162.0,20933.0,0
24170.0,20930.0,0
24166.0,20926.0,0
24159.0,20936.0,0
24175.0,20934.0,0
24154.0,20927.0,0
24156.0,20920.0,0
24163.0,20922.0,0
24173.0,20930.0,0
24153.0,20931.0,0
24176.0,20924.0,0
24170.0,20934.0,0
24165.0,20928.0,0
24172.0,20925.0,0
24167.0,20933.0,0
24168.0,20945.0,0
24160.0,20933.0,0
24148.0,20930.0,0
24166.0,20926.0,0
24157.0,20921.0,0
24158.0,20931.0,0
24162.0,20919.0,0
24160.0,20943.0,0
24160.0,20937.0,0
24160.0,20936.0,0
24172.0,20945.0,0
24158.0,20932.0,0
24151.0,20933.0,0
24155.0,20927.0,0
24143.0,20920.0,0
24154.0,20931.0,0
24151.0,20931.0,0
24153.0,20928.0,0
24153.0,20917.0,0
24153.0,20911.0,0
24131.0,20924.0,0
24143.0,20905.0,0
24135.0,20917.0,0
24134.0,20903.0,0
24139.0,20919.0,0
24137.0,20917.0,0
24137.0,20925.0,0
24135.0,20927.0,0
24139.0,20912.0,0
24136.0,20924.0,1
24139.0,20923.0,0
24146.0,20919.0,0
24145.0,20918.0,0
24141.0,20928.0,0
24140.0,20919.0,0
24137.0,20925.0,0
24126.0,20921.0,0
24128.0,20917.0,0
24122.0,20905.0,0
24118.0,20902.0,0
24123.0,20894.0,0
24110.0,20899.0,0
24116.0,20894.0,0
24106.0,20888.0,0
24110.0,20885.0,0
24113.0,20880.0,0
24108.0,20889.0,0
24122.0,20897.0,0
24118.0,20892.0,0
24128.0,20898.0,0
24130.0,20902.0,0
24124.0,20899.0,0
24125.0,20898.0,0
24117.0,20901.0,0
24126.0,20892.0,0
24123.0,20892.0,0
24127.0,20894.0,0
24129.0,20892.0,0
24116.0,20892.0,0
24123.0,20888.0,0
24105.0,20899.0,0
24105.0,20886.0,0
24112.0,20889.0,0
24121.0,20879.0,0
24109.0,20881.0,0
24102.0,20887.0,0
24106.0,20887.0,0
24100.0,20891.0,0
24099.0,20872.0,0
24096.0,20887.0,0
24098.0,20877.0,0
24099.0,20880.0,0
24081.0,20876.0,0
24087.0,20873.0,0
24077.0,20869.0,0
24079.0,20868.0,0
24076.0,20864.0,0
24075.0,20872.0,0
24069.0,20858.0,0
24078.0,20863.0,0
24074.0,20863.0,0
24074.0,20860.0,0
24063.0,20857.0,0
24063.0,20865.0,0
24066.0,20866.0,0
24063.0,20854.0,0
24069.0,20858.0,0
24065.0,20863.0,0
24062.0,20864.0,0
24067.0,20869.0,0
24059.0,20863.0,0
24074.0,20871.0,0
24082.0,20876.0,0
24075.0,20874.0,0
24079.0,20858.0,0
24065.0,20872.0,0
24071.0,20868.0,0
24071.0,20869.0,0
24086.0,20868.0,0
24074.0,20874.0,0
24078.0,20875.0,0
24089.0,20878.0,0
24083.0,20879.0,0
24073.0,20881.0,0
24093.0,20875.0,0
24098.0,20887.0,0
24095.0,20880.0,0
24094.0,20895.0,0
24101.0,20879.0,0
24097.0,20885.0,0
24084.0,20871.0,0
24086.0,20880.0,0
24078.0,20866.0,0
24073.0,20866.0,0
24076.0,20861.0,0
24064.0,20851.0,0
24068.0,20847.0,0
24060.0,20851.0,0
24065.0,20848.0,0
24060.0,20852.0,0
24064.0,20855.0,0
24057.0,20855.0,0
24070.0,20863.0,0
24078.0,20847.0,0
24067.0,20852.0,0
24074.0,20854.0,0
24066.0,20852.0,0
24071.0,20861.0,0
24078.0,20863.0,0
24083.0,20861.0,0
24085.0,20858.0,0
24095.0,20872.0,0
24091.0,20867.0,0
24083.0,20865.0,0
24083.0,20863.0,0
24079.0,20850.0,0
24077.0,20854.0,0
24087.0,20860.0,0
24077.0,20857.0,0
24098.0,20852.0,0
24094.0,20852.0,0
24088.0,20864.0,0
24092.0,20863.0,0
24090.0,20846.0,0
24097.0,20860.0,0
24099.0,20856.0,0
24101.0,20859.0,0
24097.0,20857.0,0
24109.0,20862.0,0
24108.0,20873.0,0
24111.0,20877.0,0
24108.0,20871.0,0
24117.0,20870.0,0
24106.0,20873.0,0
24115.0,20876.0,0
24117.0,20868.0,0
24117.0,20875.0,0
24123.0,20869.0,0
24124.0,20877.0,0
24120.0,20879.0,0
24125.0,20883.0,0
24121.0,20879.0,0
24117.0,20881.0,0
24113.0,20883.0,0
24130.0,20880.0,0
24120.0,20879.0,0
24125.0,20881.0,0
24134.0,20880.0,0
24124.0,20885.0,0
24118.0,20885.0,0
24131.0,20880.0,0
24121.0,20879.0,0
24131.0,20888.0,0
24122.0,20880.0,0
24135.0,20880.0,0
24124.0,20883.0,0
24124.0,20892.0,0
24127.0,20887.0,0
24116.0,20884.0,0
24133.0,20884.0,0
24135.0,20888.0,0
24132.0,20882.0,0
24128.0,20891.0,0
24126.0,20901.0,0
24124.0,20884.0,0
24120.0,20888.0,0
24115.0,20873.0,0
24118.0,20868.0,0
24106.0,20865.0,0
24102.0,20863.0,0
24092.0,20869.0,0
24091.0,20852.0,0
24106.0,20854.0,0
24099.0,20859.0,0
24107.0,20854.0,0
24114.0,20857.0,0
24116.0,20863.0,0
24130.0,20864.0,0
24126.0,20860.0,0
24133.0,20861.0,0
24123.0,20859.0,0
24133.0,20868.0,0
24131.0,20852.0,0
24138.0,20860.0,0
24137.0,20877.0,0
24148.0,20862.0,0
24155.0,20878.0,0
24148.0,20868.0,0
24145.0,20891.0,0
24151.0,20882.0,0
24151.0,20883.0,0
24156.0,20873.0,0
24149.0,20876.0,0
24147.0,20863.0,0
24147.0,20870.0,0
24157.0,20877.0,0
24152.0,20865.0,0
24161.0,20865.0,0
24155.0,20870.0,0
24160.0,20881.0,0
24161.0,20886.0,0
24170.0,20888.0,0
24169.0,20883.0,0
24162.0,20885.0,0
24161.0,20884.0,0
24169.0,20890.0,0
24154.0,20874.0,0
24171.0,20881.0,0
24156.0,20877.0,0
24158.0,20876.0,0
24151.0,20878.0,0
24159.0,20874.0,0
24161.0,20873.0,0
24157.0,20856.0,0
24155.0,20871.0,0
24163.0,20864.0,0
24152.0,20873.0,0
24158.0,20874.0,0
24163.0,20878.0,0
24176.0,20874.0,0
24175.0,20873.0,0
24172.0,20873.0,0
24182.0,20876.0,0
24174.0,20871.0,0
24169.0,20885.0,0
24172.0,20884.0,0
24173.0,20886.0,0
24180.0,20882.0,0
24180.0,20887.0,0
24190.0,20901.0,0
24191.0,20894.0,0
24196.0,20906.0,0
24206.0,20902.0,0
24213.0,20899.0,0
24211.0,20904.0,0
24209.0,20896.0,0
24201.0,20902.0,0
24197.0,20905.0,0
24205.0,20900.0,0
24219.0,20902.0,0
24206.0,20907.0,0
24207.0,20908.0,0
24208.0,20901.0,0
24199.0,20896.0,0
24190.0,20884.0,0
24181.0,20881.0,0
24183.0,20871.0,0
24186.0,20874.0,0
24182.0,20862.0,0
24176.0,20874.0,0
24179.0,20874.0,0
24175.0,20868.0,0
24190.0,20874.0,0
24190.0,20888.0,0
24192.0,20879.0,0
24191.0,20876.0,0
24187.0,20874.0,0
24200.0,20873.0,0
24191.0,20879.0,0
24188.0,20867.0,0
24191.0,20877.0,0
24195.0,20872.0,0
24200.0,20871.0,0
24184.0,20871.0,0
24172.0,20859.0,0
24167.0,20860.0,0
24167.0,20854.0,0
24183.0,20864.0,0
24175.0,20860.0,0
24181.0,20862.0,0
24183.0,20858.0,0
24180.0,20860.0,0
24188.0,20853.0,0
24187.0,20858.0,0
24173.0,20863.0,0
24183.0,20865.0,0
24170.0,20858.0,0
24172.0,20863.0,0
24177.0,20861.0,0
24167.0,20853.0,0
24165.0,20866.0,0
24163.0,20863.0,0
24169.0,20859.0,0
24164.0,20864.0,0
24160.0,20853.0,0
24161.0,20860.0,0
24162.0,20858.0,0
24153.0,20857.0,0
24172.0,20861.0,0
24167.0,20871.0,0
24176.0,20874.0,0
24164.0,20871.0,0
24166.0,20863.0,0
24173.0,20873.0,0
24166.0,20859.0,0
24166.0,20869.0,0
24159.0,20868.0,0
24162.0,20866.0,0
24160.0,20871.0,0
24163.0,20865.0,0
24160.0,20876.0,0
24148.0,20869.0,0
24160.0,20872.0,0
24163.0,20888.0,0
24163.0,20880.0,0
24158.0,20880.0,0
24151.0,20881.0,0
24156.0,20896.0,0
24148.0,20888.0,0
24151.0,20890.0,0
24158.0,20893.0,0
24152.0,20902.0,0
24157.0,20908.0,0
24158.0,20893.0,0
24160.0,20898.0,0
24149.0,20893.0,0
24145.0,20890.0,0
24122.0,20875.0,0
24134.0,20868.0,0
24124.0,20876.0,0
24121.0,20865.0,0
24112.0,20860.0,0
24111.0,20873.0,0
24112.0,20862.0,0
24105.0,20867.0,0
24113.0,20873.0,0
24108.0,20873.0,0
24118.0,20880.0,0
24123.0,20876.0,0
24115.0,20868.0,0
24109.0,20887.0,0
24116.0,20882.0,0
24103.0,20881.0,0
24101.0,20882.0,0
24106.0,20882.0,0
24107.0,20887.0,0
24105.0,20893.0,0
24109.0,20892.0,0
24108.0,20896.0,0
24097.0,20899.0,0
24109.0,20890.0,0
24105.0,20903.0,0
24099.0,20897.0,0
24097.0,20896.0,0
24101.0,20888.0,0
24098.0,20898.0,0
24094.0,20892.0,0
24099.0,20894.0,0
24087.0,20902.0,0
24078.0,20906.0,0
24081.0,20900.0,0
24080.0,20893.0,0
24080.0,20897.0,0
24082.0,20898.0,0
24080.0,20907.0,0
24076.0,20909.0,0
24079.0,20894.0,0
24069.0,20895.0,0
24072.0,20894.0,0
24066.0,20896.0,0
24061.0,20898.0,0
24060.0,20904.0,0
24057.0,20904.0,0
24053.0,20896.0,0
24059.0,20897.0,0
24044.0,20900.0,0
24047.0,20896.0,0
24044.0,20898.0,0
24053.0,20901.0,0
24051.0,20899.0,0
24043.0,20899.0,0
24040.0,20898.0,0
24047.0,20898.0,0
24037.0,20899.0,0
24055.0,20901.0,0
24046.0,20907.0,0
24047.0,20901.0,0
24039.0,20903.0,0
24040.0,20899.0,0
24033.0,20907.0,0
24038.0,20916.0,0
24037.0,20913.0,0
24042.0,20910.0,0
24041.0,20907.0,0
24034.0,20904.0,0
24036.0,20912.0,0
24053.0,20916.0,0
24047.0,20924.0,0
24036.0,20924.0,0
24036.0,20928.0,0
24029.0,20912.0,0
24022.0,20917.0,0
24026.0,20908.0,0
24018.0,20900.0,0
24010.0,20897.0,0
24005.0,20898.0,0
23998.0,20897.0,0
23994.0,20888.0,0
23996.0,20892.0,0
23992.0,20895.0,0
23994.0,20885.0,0
23995.0,20892.0,0
23990.0,20898.0,0
23993.0,20897.0,0
24000.0,20910.0,0
24000.0,20917.0,0
24003.0,20916.0,0
23997.0,20915.0,0
23996.0,20922.0,0
24012.0,20902.0,0
23999.0,20905.0,0
24002.0,20917.0,0
24012.0,20924.0,0
24010.0,20927.0,0
24015.0,20926.0,0
24006.0,20913.0,0
24008.0,20916.0,0
23996.0,20922.0,0
24002.0,20931.0,0
24002.0,20918.0,0
23999.0,20928.0,0
24000.0,20918.0,0
23996.0,20923.0,0
23999.0,20919.0,0
24012.0,20913.0,0
24001.0,20920.0,0
24010.0,20916.0,0
24007.0,20920.0,0
24000.0,20927.0,0
24000.0,20934.0,0
23996.0,20923.0,0
23988.0,20914.0,0
23990.0,20914.0,0
23984.0,20923.0,0
23993.0,20922.0,0
23984.0,20930.0,0
23993.0,20934.0,0
23983.0,20924.0,0
23999.0,20928.0,0
23976.0,20927.0,0
23973.0,20922.0,0
23981.0,20922.0,0
23974.0,20923.0,0
23978.0,20924.0,0
23987.0,20930.0,0
23989.0,20921.0,0
23980.0,20925.0,0
23983.0,20925.0,0
23973.0,20936.0,0
23983.0,20929.0,0
23982.0,20932.0,0
23974.0,20941.0,0
23968.0,20932.0,0
23978.0,20926.0,0
23978.0,20925.0,0
23975.0,20924.0,0
23985.0,20923.0,0
23973.0,20927.0,0
23970.0,20930.0,0
23966.0,20923.0,0
23975.0,20928.0,0
23971.0,20937.0,0
23972.0,20937.0,0
23990.0,20936.0,0
23979.0,20945.0,0
23971.0,20948.0,0
23980.0,20946.0,0
23969.0,20936.0,0
23967.0,20932.0,0
23963.0,20928.0,0
23962.0,20921.0,0
23960.0,20920.0,0
23958.0,20924.0,0
23953.0,20916.0,0
23950.0,20921.0,0
23944.0,20910.0,0
23963.0,20920.0,0
23966.0,20926.0,0
23961.0,20919.0,0
23973.0,20920.0,0
23975.0,20921.0,0
23974.0,20922.0,0
23979.0,20926.0,0
23973.0,20923.0,0
23970.0,20925.0,0
23973.0,20933.0,0
23982.0,20930.0,0
23975.0,20938.0,0
23973.0,20929.0,0
23959.0,20927.0,0
23969.0,20919.0,0
23976.0,20924.0,0
23974.0,20925.0,0
23974.0,20920.0,0
23978.0,20918.0,0
23971.0,20925.0,0
23969.0,20921.0,0
23962.0,20917.0,0
23962.0,20912.0,0
23971.0,20915.0,0
23963.0,20915.0,0
23967.0,20916.0,0
23962.0,20916.0,0
23952.0,20906.0,0
23951.0,20909.0,0
23956.0,20900.0,0
23947.0,20901.0,0
23947.0,20901.0,0
23949.0,20909.0,0
23953.0,20912.0,0
23948.0,20905.0,0
23944.0,20896.0,0
23942.0,20901.0,0
23950.0,20901.0,0
23938.0,20894.0,0
23939.0,20903.0,0
23941.0,20893.0,0
23937.0,20894.0,0
23948.0,20893.0,0
23940.0,20893.0,0
23941.0,20902.0,0
23942.0,20901.0,0
23953.0,20895.0,0
23960.0,20904.0,0
23948.0,20909.0,0
23963.0,20907.0,0
23946.0,20899.0,0
23960.0,20904.0,0
23955.0,20904.0,0
23965.0,20914.0,0
23962.0,20907.0,0
23961.0,20904.0,0
23964.0,20910.0,0
23957.0,20918.0,0
23959.0,20922.0,0
23966.0,20916.0,0
23969.0,20909.0,0
23956.0,20913.0,0
23970.0,20912.0,0
23972.0,20914.0,0
23976.0,20921.0,0
23964.0,20921.0,0
23962.0,20915.0,0
23956.0,20906.0,0
23960.0,20896.0,0
23956.0,20904.0,0
23950.0,20896.0,0
23951.0,20887.0,0
23934.0,20890.0,0
23944.0,20885.0,0
23939.0,20888.0,0
23956.0,20898.0,0
23949.0,20884.0,0
23961.0,20897.0,0
23954.0,20887.0,0
23959.0,20886.0,0
23955.0,20894.0,0
23950.0,20892.0,0
23961.0,20890.0,0
23957.0,20885.0,0
23964.0,20897.0,0
23961.0,20901.0,0
23965.0,20887.0,0
23957.0,20898.0,0
23967.0,20895.0,0
23980.0,20894.0,0
23968.0,20890.0,0
23974.0,20891.0,0
23981.0,20899.0,0
23982.0,20895.0,0
23981.0,20905.0,0
23989.0,20904.0,0
23995.0,20906.0,0
23997.0,20908.0,0
23993.0,20900.0,0
23993.0,20899.0,0
23996.0,20905.0,0
23999.0,20909.0,0
24005.0,20910.0,0
24002.0,20911.0,0
24003.0,20909.0,0
23999.0,20914.0,0
24005.0,20915.0,0
24006.0,20914.0,0
24016.0,20914.0,0
24011.0,20917.0,0
24016.0,20915.0,0
24020.0,20919.0,0
24021.0,20921.0,0
24024.0,20915.0,0
24013.0,20918.0,0
24028.0,20915.0,0
24029.0,20926.0,0
24018.0,20925.0,0
24014.0,20911.0,0
24024.0,20915.0,0
24014.0,20917.0,0
24022.0,20913.0,0
24027.0,20918.0,0
24035.0,20923.0,0
24029.0,20917.0,0
24026.0,20923.0,0
24032.0,20916.0,0
24020.0,20927.0,0
24037.0,20912.0,0
24029.0,20911.0,0
24036.0,20920.0,0
24033.0,20918.0,0
24051.0,20933.0,0
24052.0,20932.0,0
24052.0,20929.0,0
24048.0,20928.0,0
24067.0,20933.0,0
24066.0,20945.0,0
24074.0,20954.0,0
24075.0,20940.0,0
24084.0,20948.0,0
24068.0,20955.0,0
24063.0,20946.0,0
24051.0,20948.0,0
24066.0,20943.0,0
24066.0,20941.0,0
24058.0,20931.0,0
24057.0,20940.0,0
24050.0,20927.0,0
24046.0,20924.0,0
24062.0,20925.0,0
24070.0,20930.0,0
24072.0,20930.0,0
24079.0,20932.0,0
24078.0,20938.0,0
24085.0,20942.0,0
24088.0,20944.0,0
24088.0,20943.0,0
24094.0,20934.0,0
24095.0,20957.0,0
24093.0,20942.0,0
24110.0,20952.0,0
24104.0,20950.0,0
24090.0,20943.0,0
24071.0,20930.0,0
24076.0,20929.0,0
24066.0,20933.0,0
24073.0,20938.0,0
24083.0,20927.0,0
24077.0,20938.0,0
24081.0,20921.0,0
24076.0,20931.0,0
24074.0,20926.0,0
24081.0,20924.0,0
24068.0,20921.0,0
24073.0,20925.0,0
24069.0,20919.0,0
24063.0,20917.0,0
24080.0,20927.0,0
24079.0,20918.0,0
24074.0,20931.0,0
24079.0,20921.0,0
24076.0,20924.0,0
24087.0,20925.0,0
24080.0,20932.0,0
24072.0,20910.0,0
24075.0,20922.0,0
24079.0,20911.0,0
24081.0,20921.0,0
24083.0,20925.0,0
24071.0,20921.0,0
24085.0,20929.0,0
24083.0,20925.0,0
24078.0,20917.0,0
24084.0,20920.0,0
24086.0,20933.0,0
24086.0,20930.0,0
24092.0,20930.0,0
24084.0,20923.0,0
24088.0,20926.0,0
24081.0,20930.0,0
24096.0,20927.0,0
24078.0,20925.0,0
24083.0,20928.0,0
24076.0,20929.0,0
24076.0,20911.0,0
24083.0,20919.0,0
24093.0,20927.0,0
24088.0,20930.0,0
24084.0,20928.0,0
24076.0,20924.0,0
24080.0,20930.0,0
24083.0,20921.0,0
24082.0,20919.0,0
24078.0,20919.0,0
24077.0,20911.0,0
24079.0,20918.0,0
24076.0,20916.0,0
24074.0,20911.0,0
24073.0,20914.0,0
24058.0,20900.0,0
24044.0,20899.0,0
24046.0,20897.0,0
24044.0,20887.0,0
24024.0,20879.0,0
24028.0,20883.0,0
24032.0,20876.0,0
24039.0,20880.0,0
24034.0,20874.0,0
24034.0,20868.0,0
24037.0,20870.0,0
24043.0,20881.0,0
24047.0,20872.0,0
24038.0,20885.0,0
24042.0,20887.0,0
24040.0,20874.0,0
24034.0,20887.0,0
24055.0,20882.0,0
24065.0,20886.0,0
24063.0,20883.0,0
24067.0,20886.0,0
24072.0,20880.0,0
24062.0,20883.0,0
24058.0,20890.0,0
24072.0,20883.0,0
24066.0,20873.0,0
24057.0,20878.0,0
24055.0,20883.0,0
24054.0,20880.0,0
24062.0,20876.0,0
24066.0,20877.0,0
24062.0,20875.0,0
24051.0,20876.0,0
24059.0,20872.0,0
24067.0,20877.0,0
24055.0,20881.0,0
24056.0,20869.0,0
24055.0,20881.0,0
24050.0,20862.0,0
24046.0,20864.0,0
24054.0,20861.0,0
24052.0,20859.0,0
24044.0,20860.0,0
24037.0,20855.0,0
24026.0,20860.0,0
24034.0,20854.0,0
24030.0,20850.0,0
24037.0,20847.0,0
24023.0,20850.0,0
24031.0,20851.0,0
24024.0,20843.0,0
24039.0,20847.0,0
24027.0,20849.0,0
24038.0,20852.0,0
24039.0,20849.0,0
24036.0,20854.0,0
24035.0,20845.0,0
24037.0,20853.0,0
24044.0,20859.0,0
24037.0,20859.0,0
24039.0,20865.0,0
24050.0,20853.0,0
24049.0,20854.0,0
24049.0,20868.0,0
24051.0,20854.0,0
24056.0,20864.0,0
24064.0,20861.0,0
24058.0,20869.0,0
24055.0,20869.0,0
24061.0,20867.0,0
24071.0,20872.0,0
24090.0,20879.0,0
24077.0,20881.0,0
24087.0,20881.0,0
24073.0,20872.0,0
24072.0,20873.0,0
24071.0,20868.0,0
24060.0,20871.0,0
24064.0,20851.0,0
24067.0,20860.0,0
24063.0,20852.0,0
24064.0,20855.0,0
24059.0,20850.0,0
24059.0,20846.0,0
24053.0,20845.0,0
24062.0,20868.0,0
24069.0,20862.0,0
24076.0,20860.0,0
24073.0,20862.0,0
24061.0,20858.0,0
24086.0,20861.0,0
24069.0,20858.0,0
24070.0,20856.0,0
24077.0,20870.0,0
24075.0,20860.0,0
24087.0,20858.0,0
24081.0,20869.0,0
24076.0,20850.0,0
24067.0,20858.0,0
24067.0,20848.0,0
24080.0,20856.0,0
24070.0,20862.0,0
24080.0,20854.0,0
24077.0,20849.0,0
24081.0,20857.0,0
24075.0,20854.0,0
24070.0,20852.0,0
24077.0,20850.0,0
24067.0,20851.0,0
24066.0,20849.0,0
24062.0,20849.0,0
24068.0,20845.0,0
24051.0,20856.0,0
24063.0,20837.0,0
24057.0,20843.0,0
24068.0,20840.0,0
24062.0,20841.0,0
24061.0,20851.0,0
24070.0,20844.0,0
24070.0,20852.0,0
24082.0,20853.0,0
24080.0,20855.0,0
24073.0,20855.0,0
24084.0,20853.0,0
24086.0,20850.0,0
24082.0,20857.0,0
24081.0,20863.0,0
24088.0,20859.0,0
24086.0,20861.0,0
24089.0,20856.0,0
24098.0,20863.0,0
24091.0,20863.0,0
24083.0,20871.0,0
24092.0,20869.0,0
24081.0,20870.0,0
24089.0,20870.0,0
24085.0,20862.0,0
24086.0,20866.0,0
24091.0,20862.0,0
24086.0,20863.0,0
24075.0,20859.0,0
24074.0,20859.0,0
24084.0,20867.0,0
24088.0,20856.0,0
24096.0,20861.0,0
24087.0,20864.0,0
24091.0,20855.0,0
24100.0,20856.0,0
24087.0,20869.0,0
24071.0,20856.0,0
24075.0,20845.0,0
24074.0,20846.0,0
24064.0,20852.0,0
24072.0,20840.0,0
24065.0,20852.0,0
24076.0,20844.0,0
24074.0,20832.0,0
24070.0,20836.0,0
24067.0,20837.0,0
24086.0,20841.0,0
24071.0,20832.0,0
24078.0,20843.0,0
24090.0,20832.0,0
24083.0,20840.0,0
24101.0,20833.0,0
24091.0,20831.0,0
24084.0,20842.0,0
24087.0,20831.0,0
24089.0,20840.0,0
24096.0,20847.0,0
24102.0,20839.0,0
24102.0,20846.0,0
24112.0,20846.0,0
24106.0,20857.0,0
24107.0,20849.0,0
24113.0,20845.0,0
24107.0,20842.0,0
24109.0,20846.0,0
24114.0,20847.0,0
24114.0,20852.0,0
24121.0,20860.0,0
24117.0,20861.0,0
24112.0,20857.0,0
24113.0,20852.0,0
24117.0,20852.0,0
24114.0,20855.0,0
24115.0,20850.0,0
24113.0,20845.0,0
24097.0,20848.0,0
24116.0,20851.0,0
24107.0,20847.0,0
24106.0,20850.0,0
24123.0,20846.0,0
24115.0,20847.0,0
24110.0,20851.0,0
24121.0,20847.0,0
24120.0,20851.0,0
24117.0,20857.0,0
24120.0,20857.0,0
24115.0,20857.0,0
24123.0,20854.0,0
24122.0,20852.0,0
24124.0,20858.0,0
24135.0,20860.0,0
24132.0,20866.0,0
24131.0,20864.0,0
24138.0,20860.0,0
24128.0,20858.0,0
24147.0,20863.0,0
24131.0,20868.0,0
24154.0,20874.0,0
24150.0,20869.0,0
24146.0,20880.0,0
24154.0,20878.0,0
24162.0,20870.0,0
24169.0,20879.0,0
24178.0,20884.0,0
24175.0,20901.0,0
24183.0,20896.0,0
24178.0,20897.0,0
24173.0,20895.0,0
24180.0,20893.0,0
24185.0,20897.0,0
24185.0,20907.0,0
24187.0,20896.0,0
24191.0,20888.0,0
24173.0,20879.0,0
24157.0,20881.0,0
24165.0,20879.0,0
24166.0,20866.0,0
24159.0,20868.0,0
24161.0,20857.0,0
24153.0,20853.0,0
24150.0,20853.0,0
24144.0,20856.0,0
24147.0,20849.0,0
24143.0,20834.0,0
24125.0,20825.0,0
24111.0,20823.0,0
24097.0,20809.0,0
24086.0,20807.0,0
24096.0,20794.0,0
24092.0,20804.0,0
24076.0,20793.0,0
24073.0,20792.0,0
24082.0,20800.0,0
24078.0,20806.0,0
24086.0,20812.0,0
24084.0,20798.0,0
24085.0,20800.0,0
24093.0,20803.0,0
24097.0,20794.0,0
24092.0,20789.0,0
24072.0,20790.0,0
24076.0,20781.0,0
24090.0,20790.0,0
24079.0,20786.0,0
24069.0,20777.0,0
24064.0,20785.0,0
24068.0,20791.0,0
24075.0,20779.0,0
24061.0,20784.0,0
24075.0,20790.0,0
24076.0,20783.0,0
24075.0,20783.0,0
24069.0,20787.0,0
24050.0,20780.0,0
24045.0,20773.0,0
24045.0,20767.0,0
24033.0,20765.0,0
24037.0,20775.0,0
24046.0,20758.0,0
24053.0,20764.0,0
24053.0,20768.0,0
24058.0,20773.0,0
24069.0,20779.0,0
24070.0,20782.0,0
24099.0,20795.0,0
24112.0,20808.0,0
24137.0,20829.0,0
24212.0,20847.0,0
24302.0,20925.0,0
24419.0,20990.0,0
24497.0,21055.0,0
24531.0,21092.0,0
24545.0,21111.0,0
24533.0,21097.0,0
24519.0,21085.0,0
24491.0,21064.0,0
24482.0,21061.0,0
24480.0,21039.0,0
24472.0,21047.0,0
24493.0,21048.0,0
24477.0,21053.0,0
24486.0,21053.0,0
24480.0,21051.0,0
24469.0,21045.0,0
24459.0,21030.0,0
24459.0,21031.0,0
24449.0,21017.0,0
24449.0,21020.0,0
24437.0,21012.0,0
24438.0,21006.0,0
24430.0,21004.0,0
24428.0,21000.0,0
24421.0,20994.0,0
24421.0,21005.0,0
24423.0,20982.0,0
24432.0,20995.0,0
24428.0,21001.0,0
24435.0,20995.0,0
24447.0,20996.0,0
24451.0,21013.0,0
24447.0,21013.0,0
24449.0,21001.0,0
24446.0,21014.0,0
24450.0,21004.0,0
24458.0,20995.0,0
24447.0,20996.0,0
24439.0,20993.0,0
24440.0,20995.0,0
24420.0,20984.0,0
24423.0,20984.0,0
24420.0,20981.0,0
24415.0,20980.0,0
24416.0,20965.0,0
24420.0,20971.0,0
24402.0,20970.0,0
24400.0,20970.0,0
24397.0,20967.0,0
24388.0,20962.0,0
24369.0,20939.0,0
24356.0,20942.0,0
24358.0,20932.0,0
24350.0,20937.0,0
24341.0,20921.0,0
24329.0,20918.0,0
24340.0,20923.0,0
24337.0,20925.0,0
24319.0,20919.0,0
24329.0,20922.0,0
24330.0,20912.0,0
24324.0,20909.0,0
24319.0,20914.0,0
24317.0,20914.0,0
24305.0,20903.0,0
24315.0,20915.0,0
24317.0,20906.0,0
24314.0,20900.0,0
24307.0,20906.0,0
24300.0,20897.0,0
24292.0,20900.0,0
24294.0,20889.0,0
24299.0,20888.0,0
24294.0,20882.0,0
24295.0,20885.0,0
24287.0,20880.0,0
24293.0,20877.0,0
24280.0,20879.0,0
24260.0,20865.0,0
24272.0,20865.0,0
24256.0,20860.0,0
24253.0,20856.0,0
24261.0,20860.0,0
24256.0,20855.0,0
24251.0,20850.0,0
24258.0,20843.0,0
24255.0,20852.0,0
24245.0,20843.0,0
24244.0,20856.0,0
24255.0,20847.0,0
24253.0,20852.0,0
24265.0,20858.0,0
24264.0,20862.0,0
24267.0,20871.0,0
24270.0,20863.0,0
24272.0,20863.0,0
24270.0,20877.0,0
24283.0,20873.0,0
24279.0,20872.0,0
24277.0,20869.0,0
24275.0,20869.0,0
24263.0,20861.0,0
24263.0,20860.0,0
24269.0,20858.0,0
24266.0,20847.0,0
24257.0,20855.0,0
24263.0,20855.0,0
24272.0,20857.0,0
24263.0,20847.0,0
24263.0,20859.0,0
24260.0,20849.0,0
24253.0,20849.0,0
24258.0,20850.0,0
24259.0,20856.0,0
24252.0,20854.0,0
24261.0,20853.0,0
24272.0,20859.0,0
24257.0,20861.0,0
24267.0,20852.0,0
24256.0,20857.0,0
24252.0,20846.0,0
24250.0,20847.0,0
24255.0,20847.0,0
24254.0,20859.0,0
24253.0,20858.0,0
24256.0,20848.0,0
24271.0,20851.0,0
24252.0,20854.0,0
24261.0,20858.0,0
24266.0,20857.0,0
24258.0,20860.0,0
24270.0,20863.0,0
24272.0,20866.0,0
24278.0,20856.0,0
24289.0,20865.0,0
24281.0,20870.0,0
24284.0,20857.0,0
24280.0,20864.0,0
24273.0,20855.0,0
24280.0,20857.0,0
24278.0,20839.0,0
24270.0,20855.0,0
24269.0,20845.0,0
24270.0,20842.0,0
24266.0,20851.0,0
24274.0,20849.0,0
24284.0,20855.0,0
24289.0,20850.0,0
24295.0,20848.0,0
24290.0,20857.0,0
24299.0,20857.0,0
24293.0,20856.0,0
24311.0,20863.0,0
24308.0,20867.0,0
24312.0,20872.0,0
24314.0,20863.0,0
24333.0,20875.0,0
24331.0,20877.0,0
24351.0,20870.0,0
24341.0,20868.0,0
24338.0,20865.0,0
24341.0,20865.0,0
24340.0,20871.0,0
24350.0,20878.0,0
24349.0,20886.0,0
24359.0,20886.0,0
24361.0,20890.0,0
24375.0,20897.0,0
24371.0,20891.0,0
24376.0,20901.0,0
24380.0,20903.0,0
24384.0,20898.0,0
24370.0,20897.0,0
24378.0,20893.0,0
24374.0,20890.0,0
24377.0,20886.0,0
24371.0,20892.0,0
24367.0,20890.0,0
24375.0,20888.0,0
24367.0,20889.0,0
24367.0,20882.0,0
24375.0,20877.0,0
24375.0,20889.0,0
24367.0,20886.0,0
24374.0,20877.0,0
24381.0,20887.0,0
24363.0,20881.0,0
24369.0,20891.0,0
24372.0,20889.0,0
24378.0,20879.0,0
24371.0,20880.0,0
24371.0,20884.0,0
24361.0,20879.0,0
24374.0,20878.0,0
24373.0,20876.0,0
24371.0,20877.0,0
24368.0,20879.0,0
24357.0,20871.0,0
24369.0,20865.0,0
24361.0,20867.0,0
24357.0,20864.0,0
24354.0,20854.0,0
24367.0,20857.0,0
24349.0,20857.0,0
24358.0,20846.0,0
24351.0,20857.0,0
24352.0,20849.0,0
24352.0,20849.0,0
24358.0,20854.0,0
24371.0,20863.0,0
24373.0,20868.0,0
24364.0,20861.0,0
24374.0,20866.0,0
24385.0,20862.0,0
24386.0,20861.0,0
24372.0,20851.0,0
24376.0,20852.0,0
24379.0,20860.0,0
24395.0,20848.0,0
24381.0,20866.0,0
24387.0,20858.0,0
24393.0,20859.0,0
24392.0,20862.0,0
24388.0,20855.0,0
24389.0,20859.0,0
24403.0,20857.0,0
24391.0,20849.0,0
24404.0,20852.0,0
24405.0,20867.0,0
24411.0,20870.0,0
24412.0,20859.0,0
24420.0,20854.0,0
24416.0,20853.0,0
24423.0,20862.0,0
24417.0,20861.0,0
24425.0,20853.0,0
24417.0,20866.0,0
24421.0,20861.0,0
24430.0,20859.0,0
24421.0,20852.0,0
24423.0,20851.0,0
24422.0,20855.0,0
24432.0,20859.0,0
24440.0,20862.0,0
24445.0,20858.0,0
24434.0,20861.0,0
24427.0,20860.0,0
24422.0,20852.0,0
24420.0,20856.0,0
24427.0,20849.0,0
24439.0,20854.0,0
24443.0,20868.0,0
24443.0,20863.0,0
24427.0,20853.0,0
24442.0,20851.0,0
24436.0,20858.0,0
24424.0,20854.0,0
24432.0,20850.0,0
24428.0,20842.0,0
24431.0,20838.0,0
24423.0,20835.0,0
24422.0,20826.0,0
24421.0,20831.0,0
24420.0,20826.0,0
24423.0,20840.0,0
24437.0,20830.0,0
24443.0,20835.0,0
24443.0,20836.0,0
24439.0,20839.0,0
24435.0,20842.0,0
24442.0,20847.0,0
24443.0,20834.0,0
24447.0,20835.0,0
24454.0,20844.0,0
24454.0,20850.0,0
24464.0,20842.0,0
24459.0,20847.0,0
24449.0,20843.0,0
24450.0,20843.0,0
24448.0,20851.0,0
24450.0,20846.0,0
24460.0,20839.0,0
24466.0,20865.0,0
24471.0,20845.0,0
24466.0,20848.0,0
24466.0,20842.0,0
24477.0,20841.0,0
24472.0,20839.0,0
24475.0,20849.0,0
24481.0,20845.0,0
24483.0,20834.0,0
24476.0,20845.0,0
24471.0,20840.0,0
24476.0,20851.0,0
24475.0,20842.0,0
24469.0,20836.0,0
24470.0,20838.0,0
24470.0,20838.0,0
24457.0,20847.0,0
24461.0,20850.0,0
24464.0,20842.0,0
24465.0,20843.0,0
24479.0,20841.0,0
24462.0,20850.0,0
24475.0,20848.0,0
24472.0,20841.0,0
24478.0,20840.0,0
24465.0,20847.0,0
24473.0,20857.0,0
24476.0,20839.0,0
24471.0,20837.0,0
24466.0,20845.0,0
24478.0,20846.0,0
24483.0,20845.0,0
24482.0,20855.0,0
24482.0,20854.0,0
24489.0,20842.0,0
24487.0,20858.0,0
24491.0,20843.0,0
24479.0,20859.0,0
24483.0,20836.0,0
24479.0,20840.0,0
24472.0,20836.0,0
24477.0,20827.0,0
24466.0,20834.0,0
24461.0,20820.0,0
24459.0,20819.0,0
24465.0,20820.0,0
24477.0,20822.0,0
24481.0,20825.0,0
24495.0,20839.0,0
24494.0,20841.0,0
24492.0,20831.0,0
24497.0,20826.0,0
24495.0,20842.0,0
24492.0,20833.0,0
24504.0,20835.0,0
24505.0,20829.0,0
24515.0,20840.0,0
24524.0,20838.0,0
24514.0,20832.0,0
24513.0,20837.0,0
24515.0,20839.0,0
24526.0,20838.0,0
24519.0,20826.0,0
24530.0,20837.0,0
24532.0,20834.0,0
24536.0,20833.0,0
24530.0,20843.0,0
24523.0,20835.0,0
24536.0,20830.0,0
24534.0,20828.0,0
24521.0,20834.0,0
24533.0,20835.0,0
24532.0,20833.0,0
24531.0,20830.0,0
24531.0,20841.0,0
24533.0,20838.0,0
24537.0,20838.0,0
24532.0,20832.0,0
24528.0,20833.0,0
24535.0,20835.0,0
24540.0,20834.0,0
24537.0,20816.0,0
24540.0,20830.0,0
24542.0,20827.0,0
24541.0,20841.0,0
24527.0,20836.0,0
24531.0,20838.0,0
24541.0,20823.0,0
24534.0,20840.0,0
24541.0,20842.0,0
24545.0,20838.0,0
24552.0,20843.0,0
24551.0,20838.0,0
24560.0,20836.0,0
24556.0,20834.0,0
24552.0,20834.0,0
24558.0,20850.0,0
24562.0,20837.0,0
24551.0,20832.0,0
24553.0,20837.0,0
24548.0,20839.0,0
24551.0,20840.0,0
24560.0,20857.0,0
24563.0,20852.0,0
24564.0,20853.0,0
24560.0,20855.0,0
24562.0,20848.0,0
24562.0,20842.0,0
24563.0,20842.0,0
24570.0,20844.0,0
24554.0,20837.0,0
24545.0,20833.0,0
24537.0,20826.0,0
24543.0,20819.0,0
24540.0,20823.0,0
24545.0,20815.0,0
24547.0,20821.0,0
24556.0,20829.0,0
24562.0,20834.0,0
24576.0,20830.0,0
24568.0,20832.0,0
24570.0,20830.0,0
24578.0,20825.0,0
24573.0,20824.0,0
24569.0,20817.0,0
24567.0,20824.0,0
24575.0,20826.0,0
24578.0,20833.0,0
24596.0,20831.0,0
24591.0,20833.0,0
24594.0,20832.0,0
24592.0,20831.0,0
24599.0,20832.0,0
24602.0,20837.0,0
24603.0,20832.0,0
24605.0,20838.0,0
24602.0,20845.0,0
24603.0,20831.0,0
24609.0,20828.0,0
24610.0,20833.0,0
24622.0,20835.0,0
24613.0,20837.0,0
24613.0,20843.0,0
24623.0,20836.0,0
24638.0,20846.0,0
24639.0,20850.0,0
24627.0,20841.0,0
24632.0,20853.0,0
24637.0,20842.0,0
24627.0,20850.0,0
24624.0,20840.0,0
24638.0,20847.0,0
24632.0,20846.0,0
24639.0,20843.0,0
24635.0,20839.0,0
24637.0,20851.0,0
24639.0,20852.0,0
24638.0,20857.0,0
24639.0,20859.0,0
24651.0,20856.0,0
24651.0,20852.0,0
24653.0,20853.0,0
24648.0,20854.0,0
24661.0,20848.0,0
24650.0,20866.0,0
24659.0,20863.0,0
24658.0,20863.0,0
24662.0,20861.0,0
24672.0,20867.0,0
24663.0,20870.0,0
24653.0,20864.0,0
24662.0,20867.0,0
24665.0,20863.0,0
24673.0,20864.0,0
24672.0,20870.0,0
24680.0,20863.0,0
24684.0,20884.0,0
24690.0,20879.0,0
24692.0,20882.0,0
24683.0,20879.0,0
24681.0,20869.0,0
24671.0,20872.0,0
24681.0,20865.0,0
24677.0,20870.0,0
24668.0,20859.0,0
24670.0,20855.0,0
24659.0,20847.0,0
24657.0,20855.0,0
24647.0,20836.0,0
24648.0,20838.0,0
24655.0,20836.0,0
24651.0,20839.0,0
24657.0,20840.0,0
24666.0,20842.0,0
24675.0,20841.0,0
24668.0,20854.0,0
24668.0,20839.0,0
24665.0,20845.0,0
24662.0,20845.0,0
24676.0,20848.0,0
24682.0,20851.0,0
24685.0,20859.0,0
24685.0,20861.0,0
24692.0,20862.0,0
24702.0,20860.0,0
24704.0,20864.0,0
24700.0,20864.0,0
24711.0,20861.0,0
24706.0,20866.0,0
24715.0,20862.0,0
24722.0,20870.0,0
24712.0,20880.0,0
24712.0,20875.0,0
24709.0,20871.0,0
24724.0,20860.0,0
24702.0,20868.0,0
24716.0,20862.0,0
24716.0,20874.0,0
24713.0,20873.0,0
24713.0,20871.0,0
24725.0,20873.0,0
24718.0,20874.0,0
24733.0,20877.0,0
24718.0,20874.0,0
24726.0,20878.0,0
24720.0,20868.0,0
24730.0,20871.0,0
24724.0,20875.0,0
24721.0,20877.0,0
24715.0,20878.0,0
24726.0,20878.0,0
24734.0,20894.0,0
24723.0,20883.0,0
24742.0,20888.0,0
24748.0,20897.0,0
24743.0,20889.0,0
24746.0,20895.0,0
24734.0,20890.0,0
24738.0,20892.0,0
24744.0,20886.0,0
24743.0,20887.0,0
24741.0,20894.0,0
24750.0,20904.0,0
24750.0,20901.0,0
24757.0,20908.0,0
24761.0,20901.0,0
24754.0,20905.0,0
24754.0,20894.0,0
24744.0,20902.0,0
24753.0,20909.0,0
24751.0,20903.0,0
24754.0,20911.0,0
24755.0,20917.0,0
24750.0,20910.0,0
24754.0,20911.0,0
24746.0,20916.0,0
24754.0,20911.0,0
24744.0,20906.0,0
24741.0,20913.0,0
24730.0,20902.0,0
24734.0,20893.0,0
24718.0,20890.0,0
24720.0,20892.0,0
24713.0,20889.0,0
24703.0,20862.0,0
24694.0,20870.0,0
24696.0,20860.0,0
24690.0,20865.0,0
24708.0,20867.0,0
24714.0,20869.0,0
24729.0,20862.0,0
24726.0,20873.0,0
24732.0,20865.0,0
24727.0,20878.0,0
24725.0,20880.0,0
24734.0,20882.0,0
24736.0,20887.0,0
24735.0,20865.0,0
24743.0,20884.0,0
24746.0,20893.0,0
24749.0,20894.0,0
24744.0,20892.0,0
24747.0,20892.0,0
24746.0,20907.0,0
24756.0,20905.0,0
24759.0,20897.0,0
24752.0,20895.0,0
24757.0,20892.0,0
24753.0,20906.0,0
24743.0,20898.0,0
24742.0,20887.0,0
24740.0,20881.0,0
24746.0,20886.0,0
24746.0,20880.0,0
24736.0,20891.0,0
24740.0,20887.0,0
24746.0,20888.0,0
24731.0,20883.0,0
24742.0,20883.0,0
24727.0,20880.0,0
24731.0,20881.0,0
24737.0,20886.0,0
24741.0,20893.0,0
24732.0,20888.0,0
24743.0,20886.0,0
24729.0,20888.0,0
24726.0,20883.0,0
24733.0,20879.0,0
24735.0,20884.0,0
24732.0,20881.0,0
24740.0,20884.0,0
24740.0,20892.0,0
24741.0,20883.0,0
24734.0,20894.0,0
24742.0,20899.0,0
24742.0,20902.0,0
24750.0,20894.0,0
24749.0,20893.0,0
24745.0,20881.0,0
24746.0,20888.0,0
24749.0,20896.0,0
24755.0,20897.0,0
24756.0,20890.0,0
24752.0,20892.0,0
24757.0,20899.0,0
24758.0,20904.0,0
24765.0,20896.0,0
24769.0,20913.0,0
24766.0,20906.0,0
24773.0,20916.0,0
24789.0,20919.0,0
24776.0,20923.0,0
24785.0,20918.0,0
24783.0,20929.0,0
24792.0,20932.0,0
24786.0,20931.0,0
24793.0,20936.0,0
24783.0,20934.0,0
24775.0,20940.0,0
24775.0,20933.0,0
24767.0,20925.0,0
24764.0,20927.0,0
24763.0,20914.0,0
24752.0,20906.0,0
24747.0,20899.0,0
24741.0,20889.0,0
24750.0,20885.0,0
24741.0,20880.0,0
24743.0,20874.0,0
24736.0,20879.0,0
24750.0,20884.0,0
24748.0,20880.0,0
24738.0,20878.0,0
24740.0,20876.0,0
24745.0,20881.0,0
24739.0,20871.0,0
24743.0,20869.0,0
24757.0,20886.0,0
24743.0,20876.0,0
24746.0,20875.0,0
24744.0,20875.0,0
24742.0,20878.0,0
24740.0,20877.0,0
24744.0,20875.0,0
24738.0,20879.0,0
24745.0,20882.0,0
24741.0,20869.0,0
24746.0,20879.0,0
24742.0,20876.0,0
24743.0,20870.0,0
24740.0,20874.0,0
24748.0,20870.0,0
24745.0,20877.0,0
24751.0,20888.0,0
24745.0,20884.0,0
24761.0,20884.0,0
24746.0,20875.0,0
24751.0,20883.0,0
24753.0,20874.0,0
24753.0,20872.0,0
24746.0,20894.0,0
24744.0,20888.0,0
24749.0,20880.0,0
24759.0,20888.0,0
24760.0,20879.0,0
24764.0,20888.0,0
24764.0,20897.0,0
24768.0,20900.0,0
24768.0,20890.0,0
24778.0,20889.0,0
24758.0,20892.0,0
24788.0,20885.0,0
24790.0,20903.0,0
24785.0,20900.0,0
24771.0,20893.0,0
24771.0,20909.0,0
24771.0,20890.0,0
24775.0,20893.0,0
24778.0,20910.0,0
24769.0,20908.0,0
24776.0,20898.0,0
24784.0,20899.0,0
24777.0,20902.0,0
24779.0,20906.0,0
24786.0,20898.0,0
24779.0,20898.0,0
24783.0,20907.0,0
24795.0,20911.0,0
24778.0,20910.0,0
24776.0,20905.0,0
24791.0,20911.0,0
24786.0,20907.0,0
24788.0,20917.0,0
24781.0,20910.0,0
24784.0,20917.0,0
24775.0,20900.0,0
24777.0,20908.0,0
24781.0,20903.0,0
24787.0,20900.0,0
24772.0,20900.0,0
24754.0,20899.0,0
24759.0,20887.0,0
24743.0,20879.0,0
24752.0,20884.0,0
24756.0,20881.0,0
24751.0,20880.0,0
24763.0,20876.0,0
24757.0,20877.0,0
24757.0,20885.0,0
24762.0,20885.0,0
24764.0,20880.0,0
24771.0,20872.0,0
24770.0,20886.0,0
24771.0,20886.0,0
24764.0,20888.0,0
24780.0,20886.0,0
24783.0,20883.0,0
24777.0,20893.0,0
24776.0,20890.0,0
24784.0,20897.0,0
24791.0,20894.0,0
24802.0,20907.0,0
24796.0,20898.0,0
24806.0,20902.0,0
24810.0,20900.0,0
24794.0,20904.0,0
24795.0,20900.0,0
24808.0,20902.0,0
24803.0,20905.0,0
24794.0,20906.0,0
24800.0,20907.0,0
24803.0,20905.0,0
24786.0,20908.0,0
24789.0,20892.0,0
24803.0,20897.0,0
24793.0,20896.0,0
24793.0,20902.0,0
24778.0,20892.0,0
24787.0,20895.0,0
24782.0,20901.0,0
24787.0,20897.0,0
24788.0,20899.0,0
24793.0,20896.0,0
24793.0,20897.0,0
24793.0,20909.0,0
24784.0,20900.0,0
24786.0,20900.0,0
24800.0,20904.0,0
24796.0,20904.0,0
24797.0,20903.0,0
24792.0,20905.0,0
24795.0,20907.0,0
24801.0,20913.0,0
24805.0,20907.0,0
24801.0,20902.0,0
24791.0,20897.0,0
24799.0,20908.0,0
24792.0,20908.0,0
24800.0,20918.0,0
24803.0,20905.0,0
24804.0,20904.0,0
24804.0,20916.0,0
24804.0,20921.0,0
24805.0,20914.0,0
24808.0,20926.0,0
24815.0,20925.0,0
24813.0,20922.0,0
24814.0,20926.0,0
24828.0,20919.0,0
24835.0,20928.0,0
24834.0,20930.0,0
24839.0,20930.0,0
24840.0,20933.0,0
24843.0,20937.0,0
24841.0,20928.0,0
24836.0,20932.0,0
24833.0,20920.0,0
24827.0,20931.0,0
24820.0,20923.0,0
24813.0,20910.0,0
24810.0,20905.0,0
24800.0,20891.0,0
24803.0,20882.0,0
24795.0,20894.0,0
24801.0,20895.0,0
24809.0,20887.0,0
24819.0,20898.0,0
24820.0,20900.0,0
24818.0,20900.0,0
24819.0,20901.0,0
24814.0,20899.0,0
24814.0,20914.0,0
24816.0,20918.0,0
24823.0,20903.0,0
24828.0,20912.0,0
24831.0,20917.0,0
24833.0,20913.0,0
24828.0,20910.0,0
24837.0,20910.0,0
24833.0,20918.0,0
24839.0,20910.0,0
24828.0,20919.0,0
24827.0,20912.0,0
24823.0,20925.0,0
24838.0,20933.0,0
24845.0,20919.0,0
24846.0,20928.0,0
24834.0,20917.0,0
24846.0,20922.0,0
24842.0,20921.0,0
24849.0,20926.0,0
24846.0,20937.0,0
24855.0,20924.0,0
24843.0,20916.0,0
24851.0,20917.0,0
24851.0,20923.0,0
24850.0,20929.0,0
24847.0,20927.0,0
24841.0,20923.0,0
24839.0,20928.0,0
24841.0,20927.0,0
24858.0,20943.0,0
24849.0,20934.0,0
24844.0,20929.0,0
24861.0,20929.0,0
24861.0,20932.0,0
24851.0,20933.0,0
24844.0,20925.0,0
24843.0,20932.0,0
24847.0,20931.0,0
24854.0,20927.0,0
24848.0,20936.0,0
24849.0,20936.0,0
24858.0,20934.0,0
24865.0,20934.0,0
24862.0,20938.0,0
24858.0,20936.0,0
24845.0,20930.0,0
24855.0,20936.0,0
24851.0,20934.0,0
24856.0,20944.0,0
24859.0,20936.0,0
24849.0,20948.0,0
24854.0,20936.0,0
24856.0,20934.0,0
24874.0,20946.0,0
24853.0,20946.0,0
24874.0,20954.0,0
24857.0,20956.0,0
24867.0,20950.0,0
24874.0,20951.0,0
24858.0,20952.0,0
24854.0,20947.0,0
24847.0,20953.0,0
24851.0,20933.0,0
24835.0,20923.0,0
24832.0,20927.0,0
24827.0,20919.0,0
24815.0,20906.0,0
24809.0,20916.0,0
24821.0,20895.0,0
24818.0,20906.0,0
24812.0,20902.0,0
24816.0,20899.0,0
24819.0,20899.0,0
24824.0,20903.0,0
24823.0,20899.0,0
24819.0,20904.0,0
24823.0,20901.0,0
24826.0,20903.0,0
24814.0,20906.0,0
24821.0,20905.0,0
24823.0,20910.0,0
24828.0,20906.0,0
24827.0,20909.0,0
24839.0,20912.0,0
24839.0,20909.0,0
24840.0,20919.0,0
24835.0,20913.0,0
24839.0,20918.0,0
24849.0,20909.0,0
24839.0,20923.0,0
24843.0,20911.0,0
24847.0,20911.0,0
24831.0,20912.0,0
24833.0,20917.0,0
24843.0,20923.0,0
24841.0,20917.0,0
24841.0,20917.0,0
24848.0,20919.0,0
24839.0,20924.0,0
24848.0,20921.0,0
24845.0,20924.0,0
24846.0,20919.0,0
24844.0,20919.0,0
24841.0,20915.0,0
24848.0,20919.0,0
24839.0,20917.0,0
24848.0,20921.0,0
24842.0,20930.0,0
24840.0,20923.0,0
24836.0,20921.0,0
24848.0,20931.0,0
24846.0,20922.0,0
24853.0,20932.0,0
24857.0,20930.0,0
24849.0,20929.0,0
24842.0,20933.0,0
24844.0,20923.0,0
24847.0,20927.0,0
24850.0,20924.0,0
24845.0,20917.0,0
24844.0,20930.0,0
24840.0,20930.0,0
24838.0,20924.0,0
24843.0,20924.0,0
24851.0,20933.0,0
24854.0,20938.0,0
24864.0,20937.0,0
24861.0,20939.0,0
24870.0,20944.0,0
24875.0,20938.0,0
24869.0,20945.0,0
24875.0,20954.0,0
24868.0,20949.0,0
24876.0,20948.0,0
24865.0,20954.0,0
24865.0,20953.0,0
24864.0,20941.0,0
24862.0,20944.0,0
24855.0,20932.0,0
24860.0,20927.0,0
24853.0,20930.0,0
24860.0,20917.0,0
24848.0,20922.0,0
24855.0,20914.0,0
24857.0,20914.0,0
24863.0,20928.0,0
24861.0,20926.0,0
24855.0,20929.0,0
24857.0,20924.0,0
24859.0,20918.0,0
24858.0,20925.0,0
24871.0,20928.0,0
24872.0,20929.0,0
24882.0,20934.0,0
24883.0,20946.0,0
24880.0,20941.0,0
24886.0,20948.0,0
24888.0,20944.0,0
24883.0,20949.0,0
24875.0,20950.0,0
24887.0,20961.0,0
24879.0,20950.0,0
24894.0,20955.0,0
24883.0,20949.0,0
24891.0,20957.0,0
24878.0,20945.0,0
24901.0,20948.0,0
24892.0,20950.0,0
24901.0,20952.0,0
24896.0,20949.0,0
24892.0,20944.0,0
24886.0,20950.0,0
24895.0,20940.0,0
24880.0,20946.0,0
24881.0,20946.0,0
24880.0,20937.0,0
24893.0,20944.0,0
24889.0,20949.0,0
24888.0,20943.0,0
24888.0,20950.0,0
24896.0,20958.0,0
24885.0,20942.0,0
24887.0,20951.0,0
24887.0,20936.0,0
24883.0,20949.0,0
24877.0,20947.0,0
24890.0,20951.0,0
24889.0,20943.0,0
24891.0,20955.0,0
24887.0,20955.0,0
24881.0,20953.0,0
24889.0,20958.0,0
24893.0,20956.0,0
24888.0,20960.0,0
24904.0,20965.0,0
24908.0,20960.0,0
24905.0,20963.0,0
24902.0,20960.0,0
24906.0,20973.0,0
24890.0,20971.0,0
24905.0,20979.0,0
24910.0,20958.0,0
24908.0,20968.0,0
24923.0,20984.0,0
24904.0,20984.0,0
24920.0,20978.0,0
24914.0,20978.0,0
24920.0,20978.0,0
24893.0,20970.0,0
24903.0,20967.0,0
24917.0,20961.0,0
24912.0,20956.0,0
24902.0,20950.0,0
24890.0,20951.0,0
24900.0,20949.0,0
24900.0,20937.0,0
24881.0,20949.0,0
24890.0,20943.0,0
24897.0,20949.0,0
24899.0,20931.0,0
24896.0,20959.0,0
24903.0,20953.0,0
24907.0,20955.0,0
24909.0,20949.0,0
24892.0,20951.0,0
24898.0,20954.0,0
24915.0,20965.0,0
24901.0,20965.0,0
24898.0,20949.0,0
24903.0,20956.0,0
24900.0,20958.0,0
24894.0,20963.0,0
24908.0,20959.0,0
24906.0,20956.0,1
24915.0,20950.0,0
24907.0,20957.0,0
24909.0,20957.0,0
24911.0,20960.0,0
24902.0,20949.0,0
24906.0,20955.0,0
24897.0,20951.0,0
24905.0,20953.0,0
24898.0,20958.0,0
24897.0,20959.0,0
24893.0,20958.0,0
24897.0,20947.0,0
24912.0,20949.0,0
24896.0,20953.0,0
24898.0,20960.0,0
24912.0,20963.0,0
24906.0,20960.0,0
24905.0,20983.0,0
24918.0,20969.0,0
24916.0,20971.0,0
24907.0,20977.0,0
24918.0,20976.0,1
24919.0,20972.0,0
24923.0,20975.0,0
24922.0,20976.0,0
24926.0,20987.0,0
24917.0,20988.0,0
24935.0,20983.0,0
24918.0,20982.0,0
24926.0,20980.0,0
24926.0,20976.0,0
24935.0,20980.0,0
24926.0,20985.0,0
24928.0,20988.0,0
24942.0,20988.0,0
24937.0,20986.0,0
24919.0,20988.0,0
24941.0,20992.0,0
24940.0,20989.0,0
24950.0,20988.0,0
24939.0,20997.0,0
24947.0,20989.0,0
24952.0,20983.0,0
24954.0,20987.0,0
24946.0,20998.0,0
24938.0,20984.0,0
24945.0,20990.0,0
24936.0,20989.0,0
24930.0,20987.0,0
24922.0,20970.0,0
24913.0,20974.0,0
24910.0,20973.0,0
24899.0,20964.0,0
24903.0,20955.0,0
24906.0,20955.0,0
24893.0,20956.0,0
24898.0,20946.0,0
24906.0,20952.0,0
24894.0,20959.0,0
24903.0,20960.0,0
24895.0,20960.0,0
24903.0,20954.0,0
24896.0,20956.0,0
24897.0,20954.0,0
24908.0,20953.0,0
24909.0,20969.0,0
24908.0,20953.0,0
24903.0,20965.0,0
24912.0,20966.0,0
24906.0,20977.0,0
24925.0,20968.0,0
24923.0,20971.0,0
24925.0,20965.0,0
24937.0,20966.0,0
24927.0,20969.0,0
24929.0,20985.0,0
24929.0,20979.0,0
24930.0,20981.0,0
24922.0,20977.0,0
24927.0,20971.0,0
24934.0,20972.0,0
24935.0,20982.0,0
24932.0,20978.0,0
24930.0,20990.0,0
24930.0,20978.0,0
24932.0,20978.0,0
24930.0,20979.0,0
24933.0,20973.0,0
24934.0,20982.0,0
24926.0,20968.0,0
24923.0,20986.0,0
24928.0,20984.0,0
24926.0,20981.0,0
24929.0,20980.0,0
24928.0,20982.0,0
24933.0,20978.0,0
24923.0,20976.0,0
24922.0,20976.0,0
24934.0,20978.0,0
24931.0,20984.0,0
24924.0,20976.0,0
24937.0,20970.0,0
24932.0,20977.0,0
24928.0,20981.0,0
24925.0,20981.0,0
24940.0,20982.0,0
24939.0,20981.0,0
24938.0,20982.0,0
24932.0,20979.0,0
24935.0,20981.0,0
24947.0,20983.0,0
24943.0,20986.0,0
24954.0,20986.0,0
24954.0,20986.0,0
24954.0,20992.0,0
24947.0,20990.0,0
24934.0,21001.0,0
24946.0,20986.0,0
24931.0,20988.0,0
24944.0,20987.0,0
24943.0,20979.0,0
24934.0,20981.0,0
24922.0,20972.0,0
24913.0,20956.0,0
24914.0,20972.0,0
24920.0,20960.0,0
24936.0,20956.0,0
24926.0,20961.0,0
24939.0,20970.0,0
24938.0,20973.0,0
24940.0,20974.0,0
24953.0,20982.0,0
24952.0,20984.0,0
24943.0,20983.0,0
24947.0,20976.0,0
24950.0,20985.0,0
24952.0,20992.0,0
24947.0,20990.0,0
24966.0,21003.0,0
24961.0,21002.0,0
24956.0,21000.0,0
24961.0,20980.0,0
24973.0,20993.0,0
24959.0,20990.0,0
24967.0,21001.0,0
24963.0,20998.0,0
24969.0,20994.0,0
24952.0,20993.0,0
24952.0,20983.0,0
24936.0,20988.0,0
24942.0,20984.0,0
24938.0,20978.0,0
24938.0,20973.0,0
24941.0,20984.0,0
24936.0,20984.0,0
24939.0,20986.0,0
24939.0,20977.0,0
24933.0,20989.0,0
24933.0,20982.0,0
24943.0,20984.0,0
24941.0,20983.0,0
24935.0,20977.0,0
24948.0,20987.0,0
24940.0,20988.0,0
24954.0,20985.0,0
24951.0,20993.0,0
24956.0,20998.0,0
24968.0,20993.0,0
24966.0,21006.0,0
24973.0,21006.0,0
24976.0,21001.0,0
24968.0,21004.0,0
24970.0,21002.0,0
24968.0,21003.0,0
24963.0,21010.0,0
24962.0,20995.0,0
24972.0,21002.0,0
24961.0,20996.0,0
24966.0,21002.0,0
24965.0,21005.0,0
24957.0,21007.0,0
24972.0,21005.0,0
24973.0,21012.0,0
24972.0,21018.0,0
24989.0,21013.0,0
24988.0,21025.0,0
24980.0,21016.0,0
24984.0,21023.0,0
24989.0,21018.0,0
24991.0,21019.0,0
24993.0,21022.0,0
24985.0,21020.0,0
24979.0,21012.0,0
24994.0,21009.0,0
24981.0,21018.0,0
24985.0,21011.0,0
24985.0,21000.0,0
24991.0,20995.0,0
24976.0,20999.0,0
24996.0,21004.0,0
25008.0,21014.0,0
25006.0,21015.0,0
25013.0,21012.0,0
25004.0,21017.0,0
25013.0,21007.0,0
25018.0,21026.0,0
25011.0,21021.0,0
25026.0,21038.0,0
25043.0,21033.0,0
25043.0,21042.0,0
25056.0,21043.0,0
25031.0,21046.0,0
25039.0,21047.0,0
25027.0,21036.0,0
25037.0,21041.0,0
25039.0,21048.0,0
25032.0,21052.0,0
25048.0,21051.0,0
25045.0,21058.0,0
25040.0,21055.0,0
25038.0,21054.0,0
25036.0,21042.0,0
25024.0,21040.0,0
25013.0,21039.0,0
25029.0,21036.0,0
25028.0,21030.0,0
25028.0,21035.0,0
25039.0,21035.0,0
25027.0,21038.0,0
25030.0,21039.0,0
25018.0,21048.0,0
25022.0,21045.0,0
25031.0,21038.0,0
25028.0,21039.0,0
25024.0,21029.0,0
25007.0,21046.0,0
25022.0,21025.0,0
25014.0,21032.0,0
25030.0,21040.0,0
25026.0,21046.0,0
25029.0,21047.0,0
25037.0,21049.0,0
25037.0,21061.0,0
25024.0,21051.0,0
25033.0,21053.0,0
25028.0,21049.0,0
25034.0,21043.0,0
25045.0,21053.0,0
25046.0,21046.0,0
25049.0,21049.0,0
25037.0,21049.0,0
25037.0,21057.0,0
25043.0,21055.0,0
25058.0,21055.0,0
25039.0,21057.0,0
25046.0,21058.0,0
25034.0,21056.0,0
25049.0,21058.0,0
25056.0,21065.0,0
25053.0,21061.0,0
25046.0,21058.0,0
25042.0,21061.0,0
25037.0,21052.0,0
25034.0,21049.0,0
25023.0,21041.0,0
25014.0,21033.0,0
25011.0,21030.0,0
24996.0,21017.0,0
24996.0,21022.0,0
24989.0,21010.0,0
24981.0,21008.0,0
24982.0,21007.0,0
24984.0,21001.0,0
24992.0,21003.0,0
24977.0,21000.0,0
24992.0,21007.0,0
24977.0,20997.0,0
24989.0,21007.0,0
24983.0,21010.0,0
24988.0,20996.0,0
24977.0,21007.0,0
24976.0,21008.0,0
24993.0,21013.0,0
24993.0,21010.0,0
24990.0,21010.0,0
24983.0,21011.0,0
24995.0,21015.0,0
25003.0,21012.0,0
25009.0,21010.0,0
24993.0,21010.0,0
25003.0,21024.0,0
24991.0,21016.0,0
24991.0,21016.0,0
24999.0,21015.0,0
25003.0,21016.0,0
25019.0,21040.0,0
25010.0,21025.0,0
25002.0,21036.0,0
25016.0,21030.0,0
25002.0,21033.0,0
25006.0,21026.0,0
24998.0,21022.0,0
25009.0,21024.0,0
25003.0,21022.0,0
25012.0,21033.0,0
25008.0,21028.0,0
25017.0,21041.0,0
24999.0,21031.0,0
24990.0,21041.0,0
24984.0,21022.0,0
25002.0,21020.0,0
24982.0,21018.0,0
24983.0,21022.0,0
24981.0,21017.0,0
24982.0,21016.0,0
24963.0,21016.0,0
24977.0,21014.0,0
24968.0,21014.0,0
24972.0,21007.0,0
24982.0,21005.0,0
24963.0,21004.0,0
24968.0,21011.0,0
24971.0,21006.0,0
24971.0,21010.0,0
24979.0,21004.0,0
24961.0,21009.0,0
24961.0,20996.0,0
24961.0,21006.0,0
24958.0,20999.0,0
24955.0,21011.0,0
24950.0,20994.0,0
24954.0,20995.0,0
24948.0,20996.0,0
24943.0,20990.0,0
24941.0,20986.0,0
24935.0,20979.0,0
24914.0,20967.0,0
24911.0,20965.0,0
24914.0,20956.0,0
24904.0,20949.0,0
24907.0,20954.0,0
24911.0,20953.0,0
24912.0,20960.0,0
24920.0,20954.0,0
24922.0,20955.0,0
24908.0,20952.0,0
24915.0,20956.0,0
24909.0,20956.0,0
24914.0,20944.0,0
24905.0,20955.0,0
24915.0,20963.0,0
24908.0,20967.0,0
24914.0,20959.0,0
24914.0,20961.0,0
24913.0,20961.0,0
24913.0,20957.0,0
24915.0,20962.0,0
24919.0,20972.0,0
24928.0,20970.0,0
24926.0,20964.0,0
24918.0,20976.0,0
24924.0,20965.0,0
24913.0,20960.0,0
24920.0,20964.0,0
24905.0,20961.0,0
24920.0,20961.0,0
24900.0,20959.0,0
24909.0,20957.0,0
24911.0,20954.0,0
24905.0,20971.0,0
24905.0,20959.0,0
24900.0,20961.0,0
24906.0,20967.0,0
24912.0,20961.0,0
24909.0,20966.0,0
24917.0,20962.0,0
24915.0,20970.0,0
24902.0,20969.0,0
24911.0,20975.0,0
24906.0,20977.0,0
24907.0,20969.0,0
24910.0,20967.0,0
24925.0,20976.0,0
24927.0,20974.0,0
24924.0,20980.0,0
24926.0,20969.0,0
24931.0,20969.0,0
24925.0,20971.0,0
24920.0,20980.0,0
24919.0,20976.0,0
24924.0,20988.0,0
24918.0,20988.0,0
24930.0,20984.0,0
24929.0,20983.0,0
24927.0,20984.0,0
24924.0,20985.0,0
24928.0,20990.0,0
24935.0,20985.0,0
24937.0,20992.0,0
24933.0,20993.0,0
24934.0,20996.0,0
24934.0,20990.0,0
24943.0,20999.0,0
24925.0,20988.0,0
24922.0,20998.0,0
24918.0,20991.0,0
24903.0,20981.0,0
24907.0,20980.0,0
24899.0,20976.0,0
24889.0,20962.0,0
24890.0,20962.0,0
24894.0,20963.0,0
24899.0,20958.0,0
24894.0,20968.0,0
24905.0,20971.0,0
24902.0,20965.0,0
24902.0,20969.0,0
24898.0,20959.0,0
24902.0,20965.0,0
24888.0,20975.0,0
24895.0,20967.0,0
24901.0,20972.0,0
24910.0,20984.0,0
24916.0,20982.0,0
24916.0,20981.0,0
24911.0,20978.0,0
24911.0,20980.0,0
24908.0,20985.0,0
24912.0,20973.0,0
24914.0,20984.0,0
24926.0,20980.0,0
24922.0,20984.0,0
24928.0,20986.0,0
24937.0,20989.0,0
24927.0,20992.0,0
24922.0,20995.0,0
24927.0,20984.0,0
24928.0,20984.0,0
24922.0,20978.0,0
24923.0,20993.0,0
24930.0,20994.0,0
24940.0,20994.0,0
24931.0,20998.0,0
24939.0,21007.0,0
24942.0,21013.0,0
24935.0,20999.0,0
24925.0,21002.0,0
24924.0,20998.0,0
24926.0,20995.0,0
24933.0,21001.0,0
24916.0,21005.0,0
24923.0,21001.0,0
24916.0,21003.0,0
24923.0,21012.0,0
24920.0,21007.0,0
24924.0,21001.0,0
24923.0,21001.0,0
24941.0,21004.0,0
24923.0,21008.0,0
24924.0,21011.0,0
24926.0,21004.0,0
24922.0,21000.0,0
24935.0,21009.0,0
24926.0,21023.0,0
24924.0,21017.0,0
24935.0,21016.0,0
24936.0,21020.0,0
24935.0,21019.0,0
24934.0,21009.0,0
24937.0,21018.0,0
24938.0,21021.0,0
24932.0,21016.0,0
24934.0,21024.0,0
24934.0,21022.0,0
24934.0,21022.0,0
24920.0,21004.0,0
24917.0,21002.0,0
24909.0,21002.0,0
24903.0,20981.0,0
24907.0,21009.0,0
24890.0,20991.0,0
24889.0,20983.0,0
24877.0,20976.0,0
24885.0,20974.0,0
24883.0,20971.0,0
24879.0,20976.0,0
24877.0,20969.0,0
24881.0,20981.0,0
24881.0,20986.0,0
24884.0,20976.0,0
24864.0,20975.0,0
24875.0,20978.0,0
24866.0,20980.0,0
24863.0,20985.0,0
24860.0,20981.0,0
24873.0,20980.0,0
24868.0,20983.0,0
24865.0,20979.0,0
24871.0,20963.0,0
24861.0,20983.0,0
24858.0,20980.0,0
24852.0,20986.0,0
24865.0,20984.0,0
24858.0,20979.0,0
24858.0,20983.0,0
24851.0,20969.0,0
24862.0,20977.0,0
24868.0,20982.0,0
24865.0,20984.0,0
24858.0,20990.0,0
24870.0,20976.0,0
24862.0,20981.0,0
24863.0,20980.0,0
24864.0,20991.0,0
24856.0,20986.0,0
24855.0,20982.0,0
24858.0,20984.0,0
24862.0,20999.0,0
24844.0,20988.0,0
24848.0,20997.0,0
24851.0,20990.0,0
24848.0,20992.0,0
24849.0,20989.0,0
24851.0,20992.0,0
24843.0,20983.0,0
24840.0,20986.0,0
24848.0,20988.0,0
24841.0,20983.0,0
24841.0,20988.0,0
24838.0,20992.0,0
24835.0,20990.0,0
24841.0,20998.0,0
24837.0,20986.0,0
24835.0,20978.0,0
24833.0,20993.0,0
24845.0,20988.0,0
24843.0,20990.0,0
24833.0,20983.0,0
24837.0,20991.0,0
24831.0,20985.0,0
24821.0,20980.0,0
24821.0,20987.0,0
24836.0,20989.0,0
24834.0,20990.0,0
24830.0,20987.0,0
24830.0,20994.0,0
24829.0,20982.0,0
24824.0,20993.0,0
24819.0,20998.0,0
24818.0,20987.0,0
24812.0,20979.0,0
24811.0,20971.0,0
24800.0,20972.0,0
24787.0,20962.0,0
24781.0,20955.0,0
24772.0,20945.0,0
24775.0,20952.0,0
24764.0,20952.0,0
24771.0,20943.0,0
24762.0,20960.0,0
24767.0,20957.0,0
24778.0,20956.0,0
24778.0,20954.0,0
24775.0,20964.0,0
24774.0,20965.0,0
24766.0,20957.0,0
24778.0,20967.0,0
24766.0,20959.0,0
24781.0,20965.0,0
24773.0,20973.0,0
24767.0,20965.0,0
24775.0,20970.0,0
24763.0,20974.0,0
24766.0,20971.0,0
24750.0,20965.0,0
24748.0,20949.0,0
24742.0,20951.0,0
24730.0,20941.0,0
24727.0,20951.0,0
24703.0,20944.0,0
24702.0,20931.0,0
24683.0,20938.0,0
24676.0,20932.0,0
24655.0,20917.0,0
24645.0,20900.0,0
24634.0,20901.0,0
24625.0,20896.0,0
24610.0,20884.0,0
24620.0,20892.0,0
24617.0,20899.0,0
24607.0,20902.0,0
24607.0,20903.0,0
24612.0,20909.0,0
24599.0,20896.0,0
24597.0,20888.0,0
24595.0,20888.0,0
24602.0,20891.0,0
24603.0,20887.0,0
24603.0,20902.0,0
24604.0,20904.0,0
24607.0,20900.0,0
24608.0,20888.0,0
24602.0,20893.0,0
24606.0,20900.0,0
24602.0,20889.0,0
24605.0,20887.0,0
24595.0,20882.0,0
24585.0,20889.0,0
24571.0,20885.0,0
24568.0,20886.0,0
24574.0,20874.0,0
24562.0,20885.0,0
24565.0,20883.0,0
24556.0,20871.0,0
24553.0,20871.0,0
24552.0,20883.0,0
24536.0,20877.0,0
24536.0,20879.0,0
24546.0,20869.0,0
24551.0,20870.0,0
24551.0,20882.0,0
24555.0,20881.0,0
24564.0,20892.0,0
24572.0,20884.0,0
24567.0,20886.0,0
24570.0,20882.0,0
24567.0,20883.0,0
24563.0,20880.0,0
24558.0,20879.0,0
24560.0,20864.0,0
24555.0,20867.0,0
24549.0,20859.0,0
24557.0,20860.0,0
24553.0,20863.0,0
24561.0,20876.0,0
24551.0,20874.0,0
24548.0,20872.0,0
24544.0,20881.0,0
24537.0,20869.0,0
24529.0,20872.0,0
24538.0,20872.0,0
24540.0,20868.0,0
24555.0,20888.0,0
24564.0,20892.0,0
24570.0,20895.0,0
24557.0,20882.0,0
24553.0,20890.0,0
24523.0,20887.0,0
24524.0,20884.0,0
24540.0,20881.0,0
24548.0,20871.0,0
24545.0,20884.0,0
24550.0,20886.0,0
24547.0,20888.0,0
24530.0,20870.0,0
24510.0,20877.0,0
24508.0,20855.0,0
24483.0,20862.0,0
24488.0,20858.0,0
24501.0,20869.0,0
24506.0,20878.0,0
24508.0,20887.0,0
24501.0,20877.0,0
24498.0,20873.0,0
24486.0,20874.0,0
24480.0,20858.0,0
24472.0,20862.0,0
24476.0,20867.0,0
24486.0,20863.0,0
24488.0,20875.0,0
24490.0,20872.0,0
24492.0,20869.0,0
24488.0,20865.0,0
24487.0,20875.0,0
24470.0,20873.0,0
24473.0,20876.0,0
24475.0,20869.0,0
24474.0,20865.0,0
24476.0,20865.0,0
24471.0,20863.0,0
24479.0,20872.0,0
24470.0,20867.0,0
24471.0,20858.0,0
24458.0,20858.0,0
24467.0,20866.0,0
24474.0,20872.0,0
24471.0,20870.0,0
24475.0,20876.0,0
24486.0,20866.0,0
24494.0,20876.0,0
24484.0,20885.0,0
24499.0,20872.0,0
24501.0,20881.0,0
24507.0,20888.0,0
24513.0,20885.0,0
24511.0,20893.0,0
24525.0,20893.0,0
24508.0,20904.0,0
24514.0,20904.0,0
24509.0,20904.0,0
24509.0,20900.0,0
24502.0,20889.0,0
24510.0,20885.0,0
24509.0,20884.0,0
24497.0,20882.0,0
24504.0,20870.0,0
24496.0,20868.0,0
24502.0,20880.0,0
24494.0,20867.0,0
24506.0,20880.0,0
24514.0,20878.0,0
24520.0,20892.0,0
24517.0,20884.0,0
24531.0,20889.0,0
24523.0,20878.0,0
24525.0,20890.0,0
24507.0,20892.0,0
24520.0,20892.0,0
24520.0,20892.0,0
24523.0,20893.0,0
24515.0,20885.0,0
24516.0,20895.0,0
24519.0,20887.0,0
24517.0,20901.0,0
24522.0,20902.0,0
24523.0,20904.0,0
24522.0,20890.0,0
24522.0,20903.0,0
24517.0,20891.0,0
24526.0,20887.0,0
24520.0,20894.0,0
24527.0,20901.0,0
24518.0,20887.0,0
24527.0,20902.0,0
24517.0,20894.0,0
24513.0,20890.0,0
24515.0,20895.0,0
24521.0,20894.0,0
24511.0,20888.0,0
24513.0,20893.0,0
24513.0,20895.0,0
24518.0,20898.0,0
24503.0,20893.0,0
24503.0,20898.0,0
24508.0,20893.0,0
24511.0,20894.0,0
24507.0,20898.0,0
24516.0,20890.0,0
24514.0,20899.0,0
24521.0,20901.0,0
24524.0,20899.0,0
24519.0,20901.0,0
24532.0,20892.0,0
24517.0,20908.0,0
24525.0,20903.0,0
24526.0,20901.0,0
24526.0,20903.0,0
24528.0,20907.0,0
24523.0,20901.0,0
24522.0,20909.0,0
24526.0,20908.0,0
24524.0,20911.0,0
24515.0,20909.0,0
24518.0,20907.0,0
24520.0,20900.0,0
24523.0,20896.0,0
24519.0,20903.0,0
24507.0,20903.0,0
24516.0,20899.0,0
24508.0,20901.0,0
24516.0,20896.0,0
24507.0,20918.0,0
24515.0,20899.0,0
24509.0,20909.0,0
24495.0,20898.0,0
24488.0,20902.0,0
24482.0,20888.0,0
24464.0,20887.0,0
24480.0,20886.0,0
24465.0,20876.0,0
24457.0,20871.0,0
24464.0,20865.0,0
24454.0,20868.0,0
24453.0,20860.0,0
24466.0,20867.0,0
24461.0,20861.0,0
24449.0,20867.0,0
24464.0,20868.0,0
24456.0,20866.0,0
24452.0,20871.0,0
24444.0,20875.0,0
24453.0,20869.0,0
24458.0,20859.0,0
24457.0,20864.0,0
24463.0,20860.0,0
24451.0,20865.0,0
24453.0,20867.0,0
24446.0,20866.0,0
24447.0,20862.0,0
24446.0,20868.0,0
24445.0,20864.0,0
24446.0,20869.0,0
24454.0,20874.0,0
24462.0,20868.0,0
24450.0,20874.0,0
24451.0,20869.0,0
24440.0,20865.0,0
24443.0,20863.0,0
24444.0,20869.0,0
24446.0,20864.0,0
24441.0,20868.0,0
24447.0,20856.0,0
24435.0,20860.0,0
24449.0,20857.0,0
24430.0,20848.0,0
24442.0,20862.0,0
24435.0,20850.0,0
24419.0,20852.0,0
24431.0,20846.0,0
24421.0,20843.0,0
24423.0,20847.0,0
24412.0,20847.0,0
24413.0,20847.0,0
24415.0,20831.0,0
24416.0,20839.0,0
24404.0,20846.0,0
24401.0,20847.0,0
24382.0,20825.0,0
24387.0,20835.0,0
24390.0,20833.0,0
24376.0,20838.0,0
24372.0,20832.0,0
24375.0,20833.0,0
24376.0,20827.0,0
24376.0,20828.0,0
24368.0,20820.0,0
24367.0,20835.0,0
24354.0,20822.0,0
24351.0,20819.0,0
24358.0,20832.0,0
24362.0,20826.0,0
24368.0,20828.0,0
24355.0,20831.0,0
24360.0,20827.0,0
24349.0,20821.0,0
24348.0,20817.0,0
24340.0,20807.0,0
24344.0,20811.0,0
24334.0,20810.0,0
24331.0,20808.0,0
24338.0,20795.0,0
24326.0,20791.0,0
24335.0,20792.0,0
24338.0,20806.0,0
24329.0,20804.0,0
24337.0,20815.0,0
24345.0,20818.0,0
24346.0,20811.0,0
24339.0,20806.0,0
24356.0,20803.0,0
24348.0,20806.0,0
24351.0,20810.0,0
24350.0,20810.0,0
24351.0,20816.0,0
24341.0,20810.0,0
24350.0,20808.0,0
24351.0,20820.0,0
24349.0,20811.0,0
24343.0,20809.0,0
24350.0,20818.0,0
24343.0,20811.0,0
24346.0,20813.0,0
24363.0,20816.0,0
24344.0,20819.0,0
24346.0,20814.0,0
24351.0,20812.0,0
24353.0,20808.0,0
24343.0,20816.0,0
24346.0,20799.0,0
24342.0,20804.0,0
24345.0,20812.0,0
24345.0,20810.0,0
24338.0,20817.0,0
24340.0,20810.0,0
24336.0,20807.0,0
24330.0,20806.0,0
24335.0,20814.0,0
24333.0,20812.0,0
24330.0,20803.0,0
24324.0,20810.0,0
24324.0,20802.0,0
24328.0,20805.0,0
24321.0,20797.0,0
24330.0,20801.0,0
24325.0,20811.0,0
24321.0,20806.0,0
24323.0,20807.0,0
24310.0,20800.0,0
24317.0,20800.0,0
24320.0,20803.0,0
24321.0,20808.0,0
24325.0,20815.0,0
24334.0,20810.0,0
24328.0,20808.0,0
24325.0,20807.0,0
24326.0,20821.0,0
24322.0,20804.0,0
24324.0,20809.0,0
24331.0,20813.0,0
24327.0,20813.0,0
24339.0,20822.0,0
24331.0,20808.0,0
24330.0,20811.0,0
24326.0,20823.0,0
24324.0,20806.0,0
24323.0,20796.0,0
24318.0,20792.0,0
24302.0,20788.0,0
24312.0,20782.0,0
24312.0,20784.0,0
24303.0,20790.0,0
24305.0,20796.0,0
24304.0,20778.0,0
24306.0,20777.0,0
24314.0,20792.0,0
24314.0,20787.0,0
24306.0,20787.0,0
24306.0,20798.0,0
24309.0,20789.0,0
24310.0,20790.0,0
24306.0,20800.0,0
24305.0,20799.0,0
24311.0,20793.0,0
24306.0,20791.0,0
24301.0,20783.0,0
24313.0,20797.0,0
24307.0,20793.0,0
24303.0,20799.0,0
24307.0,20794.0,0
24312.0,20800.0,0
24313.0,20789.0,0
24319.0,20801.0,0
24325.0,20790.0,0
24315.0,20800.0,0
24321.0,20798.0,0
24321.0,20796.0,0
24310.0,20807.0,0
24314.0,20795.0,0
24320.0,20792.0,0
24317.0,20794.0,0
24319.0,20794.0,0
24327.0,20789.0,0
24318.0,20804.0,0
24317.0,20799.0,0
24317.0,20800.0,0
24314.0,20789.0,0
24310.0,20794.0,0
24317.0,20796.0,0
24304.0,20795.0,0
24322.0,20805.0,0
24310.0,20794.0,0
24311.0,20799.0,0
24310.0,20797.0,0
24310.0,20798.0,0
24310.0,20795.0,0
24312.0,20791.0,0
24299.0,20789.0,0
24303.0,20791.0,0
24307.0,20794.0,0
24316.0,20797.0,0
24302.0,20808.0,0
24319.0,20795.0,0
24322.0,20801.0,0
24318.0,20810.0,0
24323.0,20806.0,0
24311.0,20801.0,0
24314.0,20803.0,0
24310.0,20801.0,0
24311.0,20805.0,0
24315.0,20809.0,0
24327.0,20803.0,0
24306.0,20815.0,0
24324.0,20813.0,0
24322.0,20806.0,0
24316.0,20809.0,0
24321.0,20803.0,0
24318.0,20800.0,0
24302.0,20789.0,0
24308.0,20798.0,0
24295.0,20779.0,0
24298.0,20792.0,0
24297.0,20774.0,0
24296.0,20781.0,0
24299.0,20785.0,0
24297.0,20772.0,0
24314.0,20792.0,0
24310.0,20788.0,0
24315.0,20793.0,0
24322.0,20793.0,0
24323.0,20797.0,0
24320.0,20789.0,0
24305.0,20790.0,0
24317.0,20785.0,0
24318.0,20791.0,0
24320.0,20792.0,0
24318.0,20798.0,0
24317.0,20792.0,0
24329.0,20794.0,0
24321.0,20793.0,0
24329.0,20795.0,0
24316.0,20794.0,0
24317.0,20793.0,0
24319.0,20802.0,0
24318.0,20796.0,0
24322.0,20786.0,0
24318.0,20785.0,0
24321.0,20783.0,0
24311.0,20788.0,0
24315.0,20788.0,0
24316.0,20784.0,0
24321.0,20789.0,0
24306.0,20787.0,0
24306.0,20786.0,0
24309.0,20776.0,0
24308.0,20774.0,0
24296.0,20772.0,0
24310.0,20786.0,0
24301.0,20786.0,0
24295.0,20778.0,0
24307.0,20783.0,0
24307.0,20791.0,0
24305.0,20786.0,0
24306.0,20793.0,0
24317.0,20787.0,0
24319.0,20792.0,0
24309.0,20783.0,0
24306.0,20792.0,0
24307.0,20786.0,0
24307.0,20778.0,0
24299.0,20795.0,0
24308.0,20774.0,0
24302.0,20789.0,0
24310.0,20791.0,0
24310.0,20786.0,0
24306.0,20786.0,0
24310.0,20779.0,0
24312.0,20789.0,0
24316.0,20796.0,0
24313.0,20796.0,0
24309.0,20792.0,0
24310.0,20796.0,0
24322.0,20791.0,0
24317.0,20796.0,0
24317.0,20794.0,0
24316.0,20797.0,0
24318.0,20799.0,0
24313.0,20776.0,0
24304.0,20774.0,0
24309.0,20778.0,0
24295.0,20779.0,0
24296.0,20777.0,0
24292.0,20766.0,0
24291.0,20772.0,0
24284.0,20759.0,0
24288.0,20764.0,0
24298.0,20765.0,0
24294.0,20762.0,0
24288.0,20769.0,0
24296.0,20761.0,0
24292.0,20761.0,0
24290.0,20766.0,0
24293.0,20768.0,0
24304.0,20764.0,0
24300.0,20752.0,0
24302.0,20761.0,0
24291.0,20768.0,0
24291.0,20765.0,0
24292.0,20758.0,0
24297.0,20758.0,0
24292.0,20762.0,1
24291.0,20762.0,0
24299.0,20754.0,0
24286.0,20757.0,0
24302.0,20756.0,0
24289.0,20762.0,0
24283.0,20763.0,0
24281.0,20744.0,0
24287.0,20736.0,0
24276.0,20745.0,0
24293.0,20754.0,0
24292.0,20744.0,0
24285.0,20739.0,0
24279.0,20730.0,0
24288.0,20745.0,0
24277.0,20740.0,0
24289.0,20736.0,0
24287.0,20745.0,0
24287.0,20749.0,0
24291.0,20749.0,0
24289.0,20746.0,0
24298.0,20742.0,0
24289.0,20742.0,0
24291.0,20757.0,0
24294.0,20753.0,0
24291.0,20767.0,0
24287.0,20752.0,0
24300.0,20756.0,0
24295.0,20765.0,0
24306.0,20760.0,0
24302.0,20756.0,0
24308.0,20760.0,0
24312.0,20764.0,0
24305.0,20774.0,0
24304.0,20767.0,0
24305.0,20759.0,0
24309.0,20766.0,0
24316.0,20770.0,0
24305.0,20765.0,0
24314.0,20768.0,0
24313.0,20773.0,0
24313.0,20761.0,0
24316.0,20781.0,0
24328.0,20772.0,0
24316.0,20764.0,0
24319.0,20764.0,0
24323.0,20774.0,0
24319.0,20771.0,0
24324.0,20767.0,0
24315.0,20757.0,0
24318.0,20754.0,0
24315.0,20757.0,0
24319.0,20751.0,0
24311.0,20754.0,0
24307.0,20765.0,0
24320.0,20757.0,0
24319.0,20758.0,0
24323.0,20754.0,0
24321.0,20764.0,0
24324.0,20760.0,0
24334.0,20756.0,0
24328.0,20776.0,0
24329.0,20770.0,0
24339.0,20769.0,0
24335.0,20758.0,0
24347.0,20764.0,0
24336.0,20761.0,0
24343.0,20764.0,0
24342.0,20767.0,0
24334.0,20763.0,0
24340.0,20770.0,0
24339.0,20763.0,0
24339.0,20771.0,0
24351.0,20778.0,0
24338.0,20772.0,0
24350.0,20769.0,0
24355.0,20764.0,0
24345.0,20758.0,0
24354.0,20776.0,0
24348.0,20761.0,0
24362.0,20778.0,0
24352.0,20769.0,0
24365.0,20758.0,0
24363.0,20761.0,0
24355.0,20766.0,0
24356.0,20775.0,0
24362.0,20771.0,0
24371.0,20777.0,0
24376.0,20775.0,0
24368.0,20777.0,0
24367.0,20775.0,0
24371.0,20775.0,0
24367.0,20774.0,0
24372.0,20781.0,0
24377.0,20774.0,0
24368.0,20771.0,0
24374.0,20778.0,0
24378.0,20779.0,0
24377.0,20785.0,0
24385.0,20785.0,0
24373.0,20791.0,0
24374.0,20794.0,0
24386.0,20788.0,0
24389.0,20783.0,0
24411.0,20789.0,0
24388.0,20790.0,0
24396.0,20778.0,0
24397.0,20783.0,0
24394.0,20784.0,0
24389.0,20791.0,0
24378.0,20784.0,0
24396.0,20796.0,0
24386.0,20790.0,0
24415.0,20796.0,0
24402.0,20792.0,0
24394.0,20803.0,0
24406.0,20792.0,0
24411.0,20796.0,0
24412.0,20792.0,0
24415.0,20799.0,0
24403.0,20797.0,0
24414.0,20787.0,0
24406.0,20787.0,0
24404.0,20785.0,0
24405.0,20773.0,0
24404.0,20774.0,0
24399.0,20774.0,0
24391.0,20768.0,0
24393.0,20771.0,0
24406.0,20778.0,0
24403.0,20778.0,0
24411.0,20775.0,0
24420.0,20782.0,0
24423.0,20777.0,0
24419.0,20787.0,0
24410.0,20776.0,0
24421.0,20784.0,0
24433.0,20783.0,0
24435.0,20775.0,0
24435.0,20784.0,0
24432.0,20788.0,0
24436.0,20782.0,0
24436.0,20785.0,0
24434.0,20785.0,0
24431.0,20780.0,0
24443.0,20785.0,0
24439.0,20782.0,0
24435.0,20787.0,0
24442.0,20785.0,0
24437.0,20783.0,0
24443.0,20786.0,0
24441.0,20785.0,0
24427.0,20779.0,0
24435.0,20785.0,0
24439.0,20784.0,0
24441.0,20787.0,0
24439.0,20780.0,0
24450.0,20785.0,0
24451.0,20780.0,0
24450.0,20782.0,0
24434.0,20780.0,0
24441.0,20779.0,0
24442.0,20783.0,0
24442.0,20784.0,0
24431.0,20789.0,0
24429.0,20791.0,0
24442.0,20789.0,0
24443.0,20782.0,0
24443.0,20788.0,0
24440.0,20795.0,0
24448.0,20795.0,0
24446.0,20789.0,0
24449.0,20796.0,0
24443.0,20798.0,0
24442.0,20802.0,0
24448.0,20793.0,0
24447.0,20796.0,0
24451.0,20787.0,0
24448.0,20796.0,0
24458.0,20800.0,0
24451.0,20796.0,0
24457.0,20799.0,0
24466.0,20807.0,0
24467.0,20810.0,0
24459.0,20802.0,0
24455.0,20805.0,0
24462.0,20799.0,0
24466.0,20800.0,0
24467.0,20812.0,0
24475.0,20808.0,0
24474.0,20809.0,0
24476.0,20810.0,0
24466.0,20807.0,0
24476.0,20810.0,0
24462.0,20806.0,0
24465.0,20798.0,0
24457.0,20808.0,0
24445.0,20795.0,0
24448.0,20793.0,0
24445.0,20785.0,0
24440.0,20787.0,0
24444.0,20781.0,0
24433.0,20766.0,0
24433.0,20772.0,0
24436.0,20772.0,0
24446.0,20784.0,0
24445.0,20778.0,0
24451.0,20781.0,0
24452.0,20789.0,0
24458.0,20789.0,0
24459.0,20782.0,0
24455.0,20781.0,0
24455.0,20769.0,0
24449.0,20770.0,0
24456.0,20770.0,0
24455.0,20778.0,0
24450.0,20774.0,0
24453.0,20784.0,0
24463.0,20779.0,0
24459.0,20787.0,0
24470.0,20779.0,0
24470.0,20785.0,0
24476.0,20777.0,0
24463.0,20775.0,0
24470.0,20787.0,0
24454.0,20783.0,0
24459.0,20779.0,0
24466.0,20770.0,0
24482.0,20780.0,0
24470.0,20785.0,0
24485.0,20775.0,0
24480.0,20792.0,0
24489.0,20787.0,0
24488.0,20784.0,0
24483.0,20778.0,0
24483.0,20788.0,0
24491.0,20791.0,0
24483.0,20782.0,0
24479.0,20783.0,0
24483.0,20782.0,0
24469.0,20783.0,0
24481.0,20790.0,0
24482.0,20800.0,0
24477.0,20785.0,0
24481.0,20788.0,0
24479.0,20784.0,0
24489.0,20782.0,0
24483.0,20782.0,0
24483.0,20789.0,0
24479.0,20780.0,0
24479.0,20784.0,0
24481.0,20783.0,0
24478.0,20788.0,0
24471.0,20778.0,0
24480.0,20776.0,0
24470.0,20786.0,0
24478.0,20786.0,0
24475.0,20781.0,0
24474.0,20783.0,0
24473.0,20778.0,0
24479.0,20790.0,0
24477.0,20789.0,0
24473.0,20795.0,0
24480.0,20790.0,0
24487.0,20780.0,0
24484.0,20780.0,0
24485.0,20790.0,1
24483.0,20787.0,0
24480.0,20776.0,0
24471.0,20791.0,0
24469.0,20773.0,0
24474.0,20771.0,0
24468.0,20760.0,0
24482.0,20759.0,0
24470.0,20772.0,0
24473.0,20767.0,0
24471.0,20747.0,0
24464.0,20765.0,0
24482.0,20765.0,0
24469.0,20767.0,0
24476.0,20769.0,0
24484.0,20775.0,0
24477.0,20776.0,0
24484.0,20771.0,0
24483.0,20784.0,0
24494.0,20776.0,0
24497.0,20782.0,0
24505.0,20790.0,0
24502.0,20789.0,0
24492.0,20784.0,0
24496.0,20784.0,0
24491.0,20779.0,0
24499.0,20783.0,0
24503.0,20785.0,0
24507.0,20799.0,0
24508.0,20784.0,0
24495.0,20778.0,0
24497.0,20790.0,0
24491.0,20778.0,0
24500.0,20778.0,0
24497.0,20786.0,0
24494.0,20784.0,0
24494.0,20783.0,0
24511.0,20775.0,0
24510.0,20792.0,0
24504.0,20787.0,0
24502.0,20784.0,0
24495.0,20782.0,0
24500.0,20780.0,0
24495.0,20777.0,0
24495.0,20778.0,0
24498.0,20786.0,0
24498.0,20789.0,0
24504.0,20776.0,0
24503.0,20785.0,0
24502.0,20776.0,0
24503.0,20792.0,0
24510.0,20791.0,0
24508.0,20786.0,0
24515.0,20788.0,0
24507.0,20796.0,0
24511.0,20787.0,0
24513.0,20799.0,0
24525.0,20793.0,0
24519.0,20791.0,0
24517.0,20802.0,0
24527.0,20795.0,0
24526.0,20810.0,0
24530.0,20804.0,0
24541.0,20805.0,0
24547.0,20807.0,0
24556.0,20806.0,0
24555.0,20816.0,0
24549.0,20808.0,0
24547.0,20809.0,0
24547.0,20807.0,0
24541.0,20806.0,0
24545.0,20809.0,0
24550.0,20804.0,0
24530.0,20801.0,0
24538.0,20804.0,0
24531.0,20796.0,0
24528.0,20787.0,0
24524.0,20795.0,0
24522.0,20786.0,0
24515.0,20783.0,0
24518.0,20783.0,0
24525.0,20784.0,0
24516.0,20785.0,0
24524.0,20788.0,0
24525.0,20785.0,0
24528.0,20782.0,0
24527.0,20782.0,0
24526.0,20785.0,0
24520.0,20777.0,0
24526.0,20793.0,0
24522.0,20794.0,0
24523.0,20803.0,0
24532.0,20792.0,0
24528.0,20800.0,0
24539.0,20786.0,0
24538.0,20792.0,0
24534.0,20797.0,0
24539.0,20795.0,0
24542.0,20792.0,0
24543.0,20805.0,0
24546.0,20786.0,0
24550.0,20798.0,0
24536.0,20807.0,0
24532.0,20790.0,0
24547.0,20806.0,0
24545.0,20812.0,0
24562.0,20809.0,0
24555.0,20804.0,0
24552.0,20800.0,0
24559.0,20805.0,0
24548.0,20815.0,0
24548.0,20806.0,0
24558.0,20807.0,0
24552.0,20805.0,0
24549.0,20811.0,0
24546.0,20812.0,0
24551.0,20807.0,0
24540.0,20809.0,0
24555.0,20812.0,0
24565.0,20803.0,0
24551.0,20809.0,0
24555.0,20803.0,0
24548.0,20803.0,0
24554.0,20810.0,0
24560.0,20810.0,0
24555.0,20817.0,0
24557.0,20811.0,0
24565.0,20816.0,0
24551.0,20811.0,0
24549.0,20816.0,0
24556.0,20814.0,0
24557.0,20814.0,0
24563.0,20818.0,0
24559.0,20811.0,0
24559.0,20814.0,0
24565.0,20819.0,0
24559.0,20820.0,0
24568.0,20832.0,0
24567.0,20818.0,0
24568.0,20832.0,0
24557.0,20826.0,0
24565.0,20820.0,0
24568.0,20825.0,0
24567.0,20823.0,0
24570.0,20829.0,0
24576.0,20838.0,0
24574.0,20821.0,0
24560.0,20840.0,0
24552.0,20823.0,0
24558.0,20821.0,0
24559.0,20814.0,0
24553.0,20817.0,0
24541.0,20804.0,0
24540.0,20799.0,0
24539.0,20794.0,0
24533.0,20802.0,0
24566.0,20803.0,0
24551.0,20803.0,0
24562.0,20792.0,0
24558.0,20807.0,0
24559.0,20810.0,0
24559.0,20810.0,0
24552.0,20817.0,0
24546.0,20809.0,0
24570.0,20812.0,0
24558.0,20807.0,0
24566.0,20812.0,0
24557.0,20815.0,0
24574.0,20819.0,0
24563.0,20825.0,0
24571.0,20822.0,0
24554.0,20820.0,0
24561.0,20819.0,0
24569.0,20816.0,0
24564.0,20820.0,0
24571.0,20818.0,0
24565.0,20815.0,0
24560.0,20817.0,0
24563.0,20803.0,0
24571.0,20814.0,0
24576.0,20811.0,0
24558.0,20813.0,0
24567.0,20813.0,0
24556.0,20809.0,0
24555.0,20812.0,0
24570.0,20814.0,0
24555.0,20799.0,0
24560.0,20814.0,0
24555.0,20807.0,0
24555.0,20819.0,0
24559.0,20819.0,0
24563.0,20814.0,0
24556.0,20825.0,0
24565.0,20811.0,0
24551.0,20823.0,0
24567.0,20812.0,0
24569.0,20815.0,0
24561.0,20810.0,0
24562.0,20830.0,0
24567.0,20826.0,0
24558.0,20812.0,0
24562.0,20815.0,0
24565.0,20814.0,0
24568.0,20819.0,0
24557.0,20819.0,0
24558.0,20815.0,0
24566.0,20815.0,0
24565.0,20815.0,0
24567.0,20824.0,0
24560.0,20822.0,0
24557.0,20818.0,0
24559.0,20808.0,0
24553.0,20825.0,0
24550.0,20820.0,0
24544.0,20819.0,0
24549.0,20824.0,0
24558.0,20829.0,0
24548.0,20823.0,0
24552.0,20833.0,0
24542.0,20822.0,0
24539.0,20817.0,0
24535.0,20823.0,0
24532.0,20810.0,0
24521.0,20808.0,0
24525.0,20787.0,0
24519.0,20797.0,0
24515.0,20796.0,0
24519.0,20788.0,0
24516.0,20787.0,0
24524.0,20786.0,0
24524.0,20785.0,0
24528.0,20791.0,0
24531.0,20789.0,0
24520.0,20796.0,0
24528.0,20805.0,0
24531.0,20804.0,0
24526.0,20797.0,0
24523.0,20792.0,0
24530.0,20796.0,0
24535.0,20797.0,0
24535.0,20806.0,0
24533.0,20804.0,0
24535.0,20801.0,0
24540.0,20799.0,0
24532.0,20805.0,0
24537.0,20805.0,0
24541.0,20802.0,0
24538.0,20806.0,0
24547.0,20796.0,0
24551.0,20802.0,0
24544.0,20802.0,0
24539.0,20804.0,0
24532.0,20798.0,0
24540.0,20794.0,0
24545.0,20806.0,0
24532.0,20796.0,0
24534.0,20801.0,0
24533.0,20787.0,0
24540.0,20793.0,0
24538.0,20795.0,0
24527.0,20807.0,0
24529.0,20801.0,0
24534.0,20793.0,0
24526.0,20789.0,0
24522.0,20807.0,0
24518.0,20798.0,0
24519.0,20785.0,0
24517.0,20800.0,0
24509.0,20798.0,0
24517.0,20793.0,0
24516.0,20795.0,0
24521.0,20796.0,0
24518.0,20795.0,0
24514.0,20790.0,0
24519.0,20808.0,0
24518.0,20803.0,0
24515.0,20800.0,0
24518.0,20801.0,0
24523.0,20804.0,0
24524.0,20803.0,0
24522.0,20804.0,0
24530.0,20813.0,0
24523.0,20806.0,0
24531.0,20809.0,0
24521.0,20814.0,0
24522.0,20810.0,0
24521.0,20808.0,0
24530.0,20801.0,0
24526.0,20818.0,0
24522.0,20817.0,0
24527.0,20809.0,0
24525.0,20813.0,0
24519.0,20816.0,0
24524.0,20802.0,0
24529.0,20800.0,0
24520.0,20799.0,0
24512.0,20788.0,0
24514.0,20785.0,0
24508.0,20776.0,0
24502.0,20785.0,0
24503.0,20776.0,0
24493.0,20763.0,0
24488.0,20750.0,0
24502.0,20759.0,0
24540.0,20798.0,0
24551.0,20812.0,0
24539.0,20807.0,0
24552.0,20805.0,0
24560.0,20821.0,0
24549.0,20817.0,0
24555.0,20809.0,0
24552.0,20812.0,0
24549.0,20812.0,0
24536.0,20805.0,0
24532.0,20798.0,0
24534.0,20797.0,0
24530.0,20802.0,0
24544.0,20800.0,0
24554.0,20801.0,0
24578.0,20832.0,0
24624.0,20853.0,0
24655.0,20876.0,0
24672.0,20919.0,0
24667.0,20910.0,0
24676.0,20905.0,0
24658.0,20916.0,0
24655.0,20901.0,0
24646.0,20894.0,0
24650.0,20898.0,0
24655.0,20902.0,0
24654.0,20904.0,0
24661.0,20912.0,0
24655.0,20903.0,0
24658.0,20898.0,0
24650.0,20894.0,0
24649.0,20901.0,0
24665.0,20908.0,0
24651.0,20894.0,0
24664.0,20886.0,0
24665.0,20890.0,0
24665.0,20909.0,0
24668.0,20903.0,0
24661.0,20903.0,0
24659.0,20908.0,0
24671.0,20911.0,0
24672.0,20918.0,0
24685.0,20918.0,0
24685.0,20932.0,0
24698.0,20947.0,0
24701.0,20940.0,0
24700.0,20944.0,0
24696.0,20949.0,0
24695.0,20937.0,0
24695.0,20946.0,0
24688.0,20945.0,0
24678.0,20927.0,0
24682.0,20922.0,0
24667.0,20911.0,0
24675.0,20910.0,0
24671.0,20907.0,0
24673.0,20919.0,0
24690.0,20925.0,0
24686.0,20910.0,0
24697.0,20935.0,0
24724.0,20955.0,0
24738.0,20978.0,0
24745.0,20975.0,0
24740.0,20984.0,0
24742.0,20967.0,0
24739.0,20965.0,0
24739.0,20963.0,0
24727.0,20956.0,0
24722.0,20947.0,0
24721.0,20947.0,0
24715.0,20946.0,0
24703.0,20935.0,0
24691.0,20924.0,0
24683.0,20934.0,0
24693.0,20915.0,0
24688.0,20918.0,0
24677.0,20921.0,0
24675.0,20901.0,0
24667.0,20902.0,0
24660.0,20890.0,0
24660.0,20893.0,0
24657.0,20892.0,0
24665.0,20881.0,0
24663.0,20891.0,0
24658.0,20884.0,0
24646.0,20883.0,0
24657.0,20879.0,0
24662.0,20874.0,0
24642.0,20877.0,0
24650.0,20876.0,0
24642.0,20873.0,0
24640.0,20868.0,0
24633.0,20866.0,0
24640.0,20864.0,0
24646.0,20868.0,0
24637.0,20872.0,0
24640.0,20869.0,0
24643.0,20871.0,0
24628.0,20855.0,0
24613.0,20854.0,0
24606.0,20864.0,0
24604.0,20848.0,0
24615.0,20848.0,0
24592.0,20835.0,0
24598.0,20836.0,0
24591.0,20835.0,0
24598.0,20833.0,0
24576.0,20839.0,0
24567.0,20822.0,0
24581.0,20823.0,0
24567.0,20826.0,0
24573.0,20827.0,0
24567.0,20808.0,0
24564.0,20816.0,0
24572.0,20803.0,0
24578.0,20823.0,0
24565.0,20807.0,0
24568.0,20811.0,0
24568.0,20814.0,0
24572.0,20815.0,0
24572.0,20816.0,0
24568.0,20808.0,0
24569.0,20809.0,0
24567.0,20812.0,0
24565.0,20813.0,0
24571.0,20809.0,0
24555.0,20810.0,0
24560.0,20811.0,0
24562.0,20805.0,0
24574.0,20814.0,0
24581.0,20818.0,0
24580.0,20825.0,0
24583.0,20829.0,0
24586.0,20827.0,0
24575.0,20832.0,0
24583.0,20833.0,0
24558.0,20834.0,0
24565.0,20821.0,0
24557.0,20817.0,0
24546.0,20800.0,0
24539.0,20794.0,0
24533.0,20793.0,0
24535.0,20793.0,0
24535.0,20783.0,0
24528.0,20792.0,0
24525.0,20788.0,0
24533.0,20787.0,0
24530.0,20778.0,0
24519.0,20774.0,0
24513.0,20776.0,0
24497.0,20760.0,0
24510.0,20771.0,0
24519.0,20772.0,0
24517.0,20767.0,0
24510.0,20761.0,0
24510.0,20755.0,0
24507.0,20770.0,0
24504.0,20768.0,0
24504.0,20767.0,0
24517.0,20770.0,0
24495.0,20763.0,0
24499.0,20759.0,0
24504.0,20763.0,0
24513.0,20751.0,0
24511.0,20765.0,0
24523.0,20769.0,0
24499.0,20766.0,0
24509.0,20757.0,0
24496.0,20766.0,0
24511.0,20758.0,0
24514.0,20771.0,0
24505.0,20775.0,0
24512.0,20784.0,0
24534.0,20785.0,0
24549.0,20801.0,0
24571.0,20820.0,0
24568.0,20831.0,0
24556.0,20820.0,0
24546.0,20825.0,0
24532.0,20813.0,0
24551.0,20819.0,0
24564.0,20834.0,0
24574.0,20834.0,0
24582.0,20848.0,0
24596.0,20874.0,0
24617.0,20876.0,0
24635.0,20903.0,0
24658.0,20922.0,0
24649.0,20919.0,0
24648.0,20914.0,0
24641.0,20901.0,0
24634.0,20900.0,0
24636.0,20905.0,0
24656.0,20920.0,0
24660.0,20936.0,0
24661.0,20932.0,0
24672.0,20946.0,0
24664.0,20938.0,0
24663.0,20927.0,0
24668.0,20935.0,0
24673.0,20939.0,0
24678.0,20945.0,0
24670.0,20935.0,0
24660.0,20918.0,0
24643.0,20912.0,0
24640.0,20908.0,0
24640.0,20902.0,0
24652.0,20904.0,0
24638.0,20914.0,0
24638.0,20898.0,0
24653.0,20899.0,0
24668.0,20915.0,0
24685.0,20914.0,0
24676.0,20939.0,0
24676.0,20918.0,0
24660.0,20910.0,0
24659.0,20900.0,0
24651.0,20903.0,0
24662.0,20908.0,0
24666.0,20904.0,0
24645.0,20902.0,0
24621.0,20891.0,0
24633.0,20889.0,0
24632.0,20892.0,0
24651.0,20887.0,0
24658.0,20901.0,0
24653.0,20898.0,0
24642.0,20884.0,0
24606.0,20862.0,0
24606.0,20850.0,0
24585.0,20833.0,0
24591.0,20837.0,0
24618.0,20839.0,0
24619.0,20851.0,0
24645.0,20868.0,0
24654.0,20874.0,0
24662.0,20880.0,0
24665.0,20891.0,0
24665.0,20898.0,0
24670.0,20904.0,0
24670.0,20889.0,0
24661.0,20889.0,0
24655.0,20883.0,0
24648.0,20875.0,0
24653.0,20880.0,0
24652.0,20877.0,0
24655.0,20871.0,0
24646.0,20881.0,0
24654.0,20898.0,0
24661.0,20882.0,0
24655.0,20882.0,0
24654.0,20898.0,0
24654.0,20889.0,0
24664.0,20896.0,0
24654.0,20888.0,0
24665.0,20885.0,0
24663.0,20885.0,0
24663.0,20882.0,0
24663.0,20886.0,0
24657.0,20894.0,0
24665.0,20901.0,0
24695.0,20914.0,0
24705.0,20932.0,0
24717.0,20930.0,0
24712.0,20931.0,0
24700.0,20937.0,0
24706.0,20927.0,0
24679.0,20919.0,0
24684.0,20915.0,0
24685.0,20922.0,0
24724.0,20931.0,0
24727.0,20950.0,0
24736.0,20942.0,0
24726.0,20952.0,0
24741.0,20951.0,0
24722.0,20951.0,0
24718.0,20945.0,0
24715.0,20942.0,0
24712.0,20942.0,0
24723.0,20947.0,0
24729.0,20943.0,0
24738.0,20955.0,0
24759.0,20973.0,0
24767.0,20986.0,0
24793.0,21010.0,0
24803.0,21007.0,0
24793.0,21017.0,0
24802.0,21005.0,0
24796.0,21012.0,0
24785.0,21001.0,0
24789.0,20991.0,0
24779.0,20998.0,0
24774.0,20987.0,0
24769.0,20976.0,0
24765.0,20960.0,0
24735.0,20953.0,0
24716.0,20933.0,0
24732.0,20929.0,0
24719.0,20926.0,0
24723.0,20913.0,0
24730.0,20919.0,0
24734.0,20925.0,0
24736.0,20927.0,0
24755.0,20946.0,0
24758.0,20953.0,0
24777.0,20965.0,0
24779.0,20970.0,0
24779.0,20958.0,0
24786.0,20970.0,0
24779.0,20966.0,0
24784.0,20968.0,0
24810.0,20989.0,0
24847.0,21025.0,0
24862.0,21046.0,0
24848.0,21052.0,0
24837.0,21052.0,0
24841.0,21056.0,0
24832.0,21048.0,0
24815.0,21040.0,0
24804.0,21032.0,0
24771.0,21005.0,0
24770.0,21000.0,0
24775.0,20999.0,0
24762.0,21000.0,0
24762.0,20997.0,0
24778.0,20999.0,0
24773.0,21002.0,0
24782.0,21007.0,0
24778.0,21014.0,0
24754.0,21001.0,0
24764.0,21001.0,0
24759.0,20996.0,0
24763.0,20996.0,0
24777.0,20999.0,0
24771.0,21017.0,0
24784.0,21013.0,0
24793.0,21022.0,0
24783.0,21028.0,0
24790.0,21029.0,0
24797.0,21043.0,0
24822.0,21064.0,0
24833.0,21074.0,0
24846.0,21089.0,0
24846.0,21091.0,0
24856.0,21093.0,0
24849.0,21106.0,0
24841.0,21091.0,0
24827.0,21085.0,0
24820.0,21074.0,0
24803.0,21070.0,0
24789.0,21059.0,0
24783.0,21054.0,0
24771.0,21046.0,0
24775.0,21037.0,0
24761.0,21018.0,0
24733.0,20997.0,0
24722.0,20980.0,0
24727.0,20976.0,0
24713.0,20959.0,0
24710.0,20959.0,0
24713.0,20959.0,0
24716.0,20956.0,0
24709.0,20956.0,0
24711.0,20962.0,0
24709.0,20953.0,0
24700.0,20948.0,0
24693.0,20959.0,0
24699.0,20949.0,0
24696.0,20942.0,0
24686.0,20955.0,0
24687.0,20946.0,0
24676.0,20930.0,0
24677.0,20931.0,0
24676.0,20940.0,0
24681.0,20925.0,0
24666.0,20932.0,0
24661.0,20922.0,0
24666.0,20921.0,0
24649.0,20928.0,0
24649.0,20914.0,0
24639.0,20917.0,0
24640.0,20907.0,0
24621.0,20912.0,0
24633.0,20897.0,0
24628.0,20893.0,0
24627.0,20899.0,0
24622.0,20900.0,0
24622.0,20907.0,0
24620.0,20894.0,0
24612.0,20906.0,0
24608.0,20887.0,0
24612.0,20884.0,0
24594.0,20888.0,0
24601.0,20881.0,0
24599.0,20882.0,0
24594.0,20877.0,0
24605.0,20875.0,0
24597.0,20874.0,0
24590.0,20880.0,0
24596.0,20870.0,0
24586.0,20877.0,0
24592.0,20870.0,0
24583.0,20866.0,0
24591.0,20856.0,0
24585.0,20870.0,0
24580.0,20869.0,0
24573.0,20861.0,0
24571.0,20870.0,0
24576.0,20864.0,0
24578.0,20876.0,0
24561.0,20861.0,0
24560.0,20864.0,0
24562.0,20857.0,0
24554.0,20853.0,0
24545.0,20842.0,0
24541.0,20841.0,0
24539.0,20820.0,0
24531.0,20825.0,0
24527.0,20822.0,0
24527.0,20821.0,0
24529.0,20811.0,0
24528.0,20811.0,0
24532.0,20823.0,0
24530.0,20812.0,0
24535.0,20821.0,0
24538.0,20823.0,0
24544.0,20814.0,0
24538.0,20813.0,0
24537.0,20813.0,0
24538.0,20819.0,0
24528.0,20829.0,0
24524.0,20826.0,0
24527.0,20811.0,0
24534.0,20816.0,0
24543.0,20815.0,0
24524.0,20821.0,0
24518.0,20817.0,0
24521.0,20817.0,0
24529.0,20816.0,0
24523.0,20813.0,0
24526.0,20804.0,0
24525.0,20817.0,0
24522.0,20807.0,0
24520.0,20816.0,0
24520.0,20814.0,0
24525.0,20813.0,0
24522.0,20820.0,0
24510.0,20821.0,0
24528.0,20816.0,0
24529.0,20810.0,0
24529.0,20818.0,0
24529.0,20822.0,0
24521.0,20812.0,0
24522.0,20805.0,0
24521.0,20815.0,0
24514.0,20816.0,0
24515.0,20809.0,0
24517.0,20808.0,0
24526.0,20798.0,0
24522.0,20819.0,0
24509.0,20810.0,0
24509.0,20809.0,0
24528.0,20815.0,0
24519.0,20814.0,0
24522.0,20804.0,0
24523.0,20818.0,0
24530.0,20823.0,0
24529.0,20839.0,0
24530.0,20833.0,0
24531.0,20819.0,0
24540.0,20820.0,0
24533.0,20825.0,0
24532.0,20827.0,0
24530.0,20832.0,0
24532.0,20826.0,0
24533.0,20832.0,0
24538.0,20841.0,0
24536.0,20840.0,0
24535.0,20829.0,0
24529.0,20833.0,0
24530.0,20824.0,0
24516.0,20825.0,0
24519.0,20810.0,0
24511.0,20813.0,0
24514.0,20800.0,0
24500.0,20805.0,0
24515.0,20799.0,0
24502.0,20815.0,0
24504.0,20798.0,0
24502.0,20804.0,0
24504.0,20810.0,0
24505.0,20809.0,0
24501.0,20803.0,0
24506.0,20802.0,0
24510.0,20809.0,0
24511.0,20803.0,0
24516.0,20814.0,0
24504.0,20811.0,0
24516.0,20824.0,0
24519.0,20816.0,0
24523.0,20819.0,0
24511.0,20822.0,0
24521.0,20826.0,0
24533.0,20829.0,0
24526.0,20818.0,0
24535.0,20822.0,0
24534.0,20818.0,0
24526.0,20812.0,0
24517.0,20814.0,0
24520.0,20816.0,0
24520.0,20813.0,0
24517.0,20813.0,0
24517.0,20811.0,0
24511.0,20817.0,0
24522.0,20826.0,0
24515.0,20819.0,0
24527.0,20818.0,0
24511.0,20824.0,0
24515.0,20829.0,0
24510.0,20825.0,0
24509.0,20817.0,0
24516.0,20814.0,0
24502.0,20825.0,0
24516.0,20822.0,0
24507.0,20823.0,0
24509.0,20833.0,0
24512.0,20825.0,0
24512.0,20823.0,0
24493.0,20823.0,0
24507.0,20823.0,0
24495.0,20815.0,0
24498.0,20808.0,0
24496.0,20822.0,0
24501.0,20816.0,0
24504.0,20815.0,0
24499.0,20819.0,0
24493.0,20822.0,0
24508.0,20825.0,0
24509.0,20818.0,0
24511.0,20827.0,0
24501.0,20831.0,0
24507.0,20833.0,0
24520.0,20836.0,0
24501.0,20832.0,0
24515.0,20830.0,0
24506.0,20831.0,0
24511.0,20832.0,0
24509.0,20825.0,0
24514.0,20824.0,0
24508.0,20817.0,0
24516.0,20812.0,0
24509.0,20820.0,0
24500.0,20806.0,0
24498.0,20803.0,0
24490.0,20808.0,0
24493.0,20810.0,0
24490.0,20810.0,0
24500.0,20810.0,0
24508.0,20818.0,0
24504.0,20807.0,0
24498.0,20811.0,0
24504.0,20813.0,0
24496.0,20810.0,0
24501.0,20809.0,0
24493.0,20811.0,0
24495.0,20815.0,0
24489.0,20806.0,0
24488.0,20812.0,0
24487.0,20809.0,0
24489.0,20815.0,0
24495.0,20812.0,0
24492.0,20818.0,0
24487.0,20806.0,0
24496.0,20822.0,0
24508.0,20819.0,0
24498.0,20813.0,0
24499.0,20823.0,0
24499.0,20812.0,0
24494.0,20817.0,0
24496.0,20822.0,0
24492.0,20815.0,0
24494.0,20820.0,0
24488.0,20813.0,0
24488.0,20814.0,0
24488.0,20815.0,0
24488.0,20819.0,0
24478.0,20815.0,0
24496.0,20827.0,0
24496.0,20812.0,0
24500.0,20819.0,0
24495.0,20817.0,0
24492.0,20817.0,0
24498.0,20823.0,0
24503.0,20817.0,0
24500.0,20823.0,0
24493.0,20811.0,0
24497.0,20833.0,0
24494.0,20826.0,0
24495.0,20832.0,0
24502.0,20838.0,0
24492.0,20830.0,0
24496.0,20830.0,0
24505.0,20841.0,0
24494.0,20828.0,0
24503.0,20830.0,0
24518.0,20843.0,0
24511.0,20838.0,0
24522.0,20831.0,0
24514.0,20847.0,0
24506.0,20843.0,0
24499.0,20849.0,0
24509.0,20835.0,0
24495.0,20835.0,0
24498.0,20830.0,0
24509.0,20834.0,0
24506.0,20825.0,0
24499.0,20820.0,0
24491.0,20825.0,0
24482.0,20814.0,0
24475.0,20815.0,0
24459.0,20806.0,0
24463.0,20812.0,0
24465.0,20810.0,0
24477.0,20802.0,0
24482.0,20807.0,0
24482.0,20825.0,0
24480.0,20812.0,0
24478.0,20803.0,0
24482.0,20806.0,0
24487.0,20805.0,0
24487.0,20813.0,0
24488.0,20816.0,0
24485.0,20814.0,0
24484.0,20812.0,0
24482.0,20816.0,0
24484.0,20818.0,0
24479.0,20818.0,0
24487.0,20810.0,0
24479.0,20816.0,0
24479.0,20816.0,0
24491.0,20820.0,0
24479.0,20810.0,0
24495.0,20815.0,0
24479.0,20816.0,0
24479.0,20815.0,0
24478.0,20814.0,0
24482.0,20823.0,0
24472.0,20823.0,0
24467.0,20813.0,0
24482.0,20813.0,0
24470.0,20821.0,0
24472.0,20823.0,0
24471.0,20815.0,0
24469.0,20822.0,0
24470.0,20813.0,0
24469.0,20810.0,0
24460.0,20815.0,0
24453.0,20807.0,0
24466.0,20809.0,0
24455.0,20805.0,0
24453.0,20815.0,0
24449.0,20814.0,0
24461.0,20816.0,0
24448.0,20812.0,0
24449.0,20813.0,0
24449.0,20807.0,0
24448.0,20806.0,0
24440.0,20811.0,0
24450.0,20811.0,0
24432.0,20817.0,0
24442.0,20816.0,0
24439.0,20805.0,0
24450.0,20801.0,0
24436.0,20803.0,0
24432.0,20804.0,0
24420.0,20797.0,0
24426.0,20804.0,0
24417.0,20796.0,0
24420.0,20781.0,0
24415.0,20787.0,0
24400.0,20787.0,0
24402.0,20777.0,0
24412.0,20778.0,0
24402.0,20789.0,0
24401.0,20779.0,0
24408.0,20785.0,0
24407.0,20786.0,0
24410.0,20789.0,0
24403.0,20797.0,0
24418.0,20786.0,0
24410.0,20779.0,0
24406.0,20792.0,0
24415.0,20796.0,0
24421.0,20803.0,0
24416.0,20794.0,0
24413.0,20793.0,0
24409.0,20800.0,0
24419.0,20795.0,0
24414.0,20800.0,0
24421.0,20795.0,0
24425.0,20805.0,0
24424.0,20785.0,0
24400.0,20799.0,0
24420.0,20791.0,0
24412.0,20793.0,0
24409.0,20800.0,0
24410.0,20792.0,0
24407.0,20790.0,0
24405.0,20799.0,0
24406.0,20799.0,0
24414.0,20798.0,0
24418.0,20794.0,0
24414.0,20801.0,0
24421.0,20809.0,0
24422.0,20799.0,0
24420.0,20801.0,0
24421.0,20813.0,0
24419.0,20798.0,0
24423.0,20816.0,0
24420.0,20805.0,0
24423.0,20814.0,0
24424.0,20805.0,0
24437.0,20823.0,0
24438.0,20819.0,0
24436.0,20827.0,0
24442.0,20826.0,0
24439.0,20830.0,0
24439.0,20824.0,0
24443.0,20824.0,0
24448.0,20826.0,0
24446.0,20840.0,0
24454.0,20834.0,0
24456.0,20833.0,0
24447.0,20831.0,0
24444.0,20837.0,0
24454.0,20836.0,0
24450.0,20829.0,0
24446.0,20828.0,0
24452.0,20818.0,0
24455.0,20817.0,0
24449.0,20819.0,0
24442.0,20820.0,0
24434.0,20826.0,0
24450.0,20834.0,0
24449.0,20827.0,0
24461.0,20831.0,0
24469.0,20836.0,0
24471.0,20841.0,0
24478.0,20841.0,0
24480.0,20856.0,0
24476.0,20854.0,0
24479.0,20841.0,0
24470.0,20853.0,0
24469.0,20847.0,0
24472.0,20841.0,0
24465.0,20840.0,0
24470.0,20838.0,0
24462.0,20838.0,0
24466.0,20837.0,0
24464.0,20837.0,0
24468.0,20836.0,0
24470.0,20839.0,0
24473.0,20844.0,0
24469.0,20830.0,0
24461.0,20844.0,0
24474.0,20837.0,0
24460.0,20841.0,0
24461.0,20833.0,0
24467.0,20837.0,0
24468.0,20843.0,0
24464.0,20842.0,0
24461.0,20839.0,0
24455.0,20842.0,0
24461.0,20846.0,0
24464.0,20855.0,0
24471.0,20855.0,0
24468.0,20849.0,0
24471.0,20859.0,0
24470.0,20845.0,0
24469.0,20851.0,0
24470.0,20848.0,0
24481.0,20862.0,0
24478.0,20856.0,0
24497.0,20856.0,0
24489.0,20861.0,0
24499.0,20869.0,0
24492.0,20875.0,0
24503.0,20886.0,0
24505.0,20890.0,0
24517.0,20884.0,0
24519.0,20888.0,0
24522.0,20890.0,0
24517.0,20885.0,0
24533.0,20881.0,0
24532.0,20887.0,0
24539.0,20888.0,0
24527.0,20899.0,0
24539.0,20896.0,0
24529.0,20889.0,0
24536.0,20886.0,0
24533.0,20881.0,0
24522.0,20883.0,0
24515.0,20875.0,0
24510.0,20867.0,0
24509.0,20870.0,0
24495.0,20861.0,0
24509.0,20870.0,0
24516.0,20876.0,0
24511.0,20866.0,0
24512.0,20874.0,0
24525.0,20867.0,0
24518.0,20873.0,0
24523.0,20874.0,0
24532.0,20883.0,0
24536.0,20878.0,0
24537.0,20882.0,0
24545.0,20895.0,0
24543.0,20892.0,0
24543.0,20895.0,0
24537.0,20885.0,0
24535.0,20888.0,0
24534.0,20894.0,0
24524.0,20898.0,0
24527.0,20890.0,0
24523.0,20884.0,0
24522.0,20894.0,0
24527.0,20892.0,0
24521.0,20900.0,0
24518.0,20886.0,0
24522.0,20894.0,0
24532.0,20900.0,0
24516.0,20896.0,0
24524.0,20887.0,0
24518.0,20899.0,0
24518.0,20900.0,0
24523.0,20897.0,0
24517.0,20906.0,0
24514.0,20891.0,0
24507.0,20895.0,0
24516.0,20895.0,0
24509.0,20902.0,0
24510.0,20897.0,0
24502.0,20890.0,0
24507.0,20896.0,0
24490.0,20884.0,0
24504.0,20883.0,0
24507.0,20888.0,0
24505.0,20887.0,0
24511.0,20890.0,0
24512.0,20900.0,0
24501.0,20901.0,0
24501.0,20892.0,0
24496.0,20894.0,0
24507.0,20890.0,0
24519.0,20900.0,0
24501.0,20899.0,0
24504.0,20910.0,0
24508.0,20905.0,0
24511.0,20895.0,0
24502.0,20905.0,0
24502.0,20889.0,0
24489.0,20895.0,0
24479.0,20885.0,0
24479.0,20883.0,0
24472.0,20872.0,0
24466.0,20864.0,0
24458.0,20868.0,0
24448.0,20860.0,0
24450.0,20860.0,0
24445.0,20859.0,0
24449.0,20862.0,0
24451.0,20855.0,0
24458.0,20863.0,0
24465.0,20862.0,0
24453.0,20868.0,0
24462.0,20866.0,0
24448.0,20865.0,0
24458.0,20863.0,0
24445.0,20866.0,0
24458.0,20863.0,0
24451.0,20869.0,0
24451.0,20868.0,0
24442.0,20861.0,0
24442.0,20864.0,0
24448.0,20863.0,0
24457.0,20849.0,0
24452.0,20864.0,0
24455.0,20859.0,0
24442.0,20852.0,0
24438.0,20864.0,0
24441.0,20865.0,0
24427.0,20857.0,0
24433.0,20864.0,0
24431.0,20852.0,0
24422.0,20859.0,0
24425.0,20847.0,0
24433.0,20855.0,0
24428.0,20855.0,0
24432.0,20856.0,0
24423.0,20852.0,0
24429.0,20852.0,0
24419.0,20855.0,0
24415.0,20852.0,0
24419.0,20864.0,0
24407.0,20851.0,0
24411.0,20860.0,0
24407.0,20860.0,0
24393.0,20854.0,0
24407.0,20847.0,0
24405.0,20857.0,0
24410.0,20857.0,0
24409.0,20852.0,0
24414.0,20856.0,0
24410.0,20854.0,0
24417.0,20856.0,0
24412.0,20854.0,0
24420.0,20855.0,0
24419.0,20848.0,0
24429.0,20857.0,0
24423.0,20859.0,0
24419.0,20870.0,0
24431.0,20863.0,0
24425.0,20867.0,0
24431.0,20857.0,0
24433.0,20871.0,0
24432.0,20873.0,0
24427.0,20875.0,0
24419.0,20860.0,0
24417.0,20853.0,0
24410.0,20860.0,0
24408.0,20848.0,0
24394.0,20831.0,0
24390.0,20837.0,0
24390.0,20834.0,0
24391.0,20837.0,0
24388.0,20826.0,0
24394.0,20825.0,0
24390.0,20829.0,0
24398.0,20832.0,0
24401.0,20836.0,0
24395.0,20836.0,0
24393.0,20845.0,0
24392.0,20849.0,0
24406.0,20842.0,0
24400.0,20844.0,0
24398.0,20847.0,0
24407.0,20845.0,0
24403.0,20854.0,0
24393.0,20853.0,0
24393.0,20848.0,0
24389.0,20850.0,0
24402.0,20852.0,0
24403.0,20855.0,0
24404.0,20865.0,0
24411.0,20859.0,0
24420.0,20856.0,0
24414.0,20872.0,0
24421.0,20869.0,0
24424.0,20859.0,0
24406.0,20856.0,0
24406.0,20861.0,0
24408.0,20853.0,0
24414.0,20861.0,0
24402.0,20855.0,0
24409.0,20846.0,0
24405.0,20848.0,0
24393.0,20851.0,0
24406.0,20848.0,0
24407.0,20848.0,0
24393.0,20854.0,0
24385.0,20846.0,0
24393.0,20849.0,0
24389.0,20853.0,0
24392.0,20851.0,0
24396.0,20850.0,0
24404.0,20853.0,0
24397.0,20859.0,0
24393.0,20850.0,0
24400.0,20859.0,0
24401.0,20860.0,0
24397.0,20860.0,0
24408.0,20859.0,0
24404.0,20857.0,0
24414.0,20855.0,0
24411.0,20858.0,0
24414.0,20876.0,0
24425.0,20870.0,0
24429.0,20881.0,0
24419.0,20873.0,0
24433.0,20877.0,0
24451.0,20879.0,0
24437.0,20893.0,0
24441.0,20893.0,0
24441.0,20893.0,0
24450.0,20892.0,0
24453.0,20906.0,0
24449.0,20897.0,0
24447.0,20897.0,0
24435.0,20881.0,0
24427.0,20878.0,0
24428.0,20880.0,0
24428.0,20866.0,0
24414.0,20861.0,0
24411.0,20862.0,0
24414.0,20868.0,0
24423.0,20871.0,0
24414.0,20861.0,0
24418.0,20876.0,0
24422.0,20874.0,0
24421.0,20871.0,0
24424.0,20870.0,0
24432.0,20876.0,0
24432.0,20875.0,0
24435.0,20884.0,0
24429.0,20881.0,0
24434.0,20882.0,0
24434.0,20877.0,0
24442.0,20880.0,0
24438.0,20879.0,0
24444.0,20889.0,0
24438.0,20877.0,0
24454.0,20883.0,0
24459.0,20889.0,0
24463.0,20889.0,0
24471.0,20892.0,0
24451.0,20896.0,0
24454.0,20883.0,0
24455.0,20887.0,0
24469.0,20891.0,0
24456.0,20887.0,0
24462.0,20892.0,0
24460.0,20905.0,0
24473.0,20892.0,0
24474.0,20903.0,0
24472.0,20914.0,0
24471.0,20908.0,0
24476.0,20902.0,0
24469.0,20911.0,0
24462.0,20907.0,0
24474.0,20901.0,0
24462.0,20901.0,0
24462.0,20900.0,0
24467.0,20895.0,0
24465.0,20897.0,0
24459.0,20916.0,0
24454.0,20899.0,0
24462.0,20908.0,0
24454.0,20904.0,0
24447.0,20905.0,0
24455.0,20913.0,0
24455.0,20909.0,0
24459.0,20903.0,0
24454.0,20910.0,0
24454.0,20915.0,0
24463.0,20918.0,0
24464.0,20911.0,0
24458.0,20913.0,0
24462.0,20909.0,0
24460.0,20922.0,0
24472.0,20921.0,0
24460.0,20924.0,0
24465.0,20921.0,0
24468.0,20919.0,0
24466.0,20912.0,0
24470.0,20917.0,0
24463.0,20914.0,0
24449.0,20909.0,0
24443.0,20898.0,0
24448.0,20901.0,0
24426.0,20891.0,0
24427.0,20886.0,0
24415.0,20889.0,0
24417.0,20871.0,0
24409.0,20873.0,0
24412.0,20865.0,0
24405.0,20872.0,0
24408.0,20877.0,0
24403.0,20874.0,0
24403.0,20881.0,0
24404.0,20883.0,0
24406.0,20876.0,0
24402.0,20880.0,0
24410.0,20874.0,0
24408.0,20878.0,0
24409.0,20882.0,0
24394.0,20884.0,0
24400.0,20886.0,0
24392.0,20874.0,0
24399.0,20887.0,0
24394.0,20886.0,0
24400.0,20880.0,0
24390.0,20875.0,0
24385.0,20877.0,0
24385.0,20876.0,0
24377.0,20880.0,0
24390.0,20869.0,0
24383.0,20867.0,0
24376.0,20869.0,0
24371.0,20867.0,0
24384.0,20875.0,0
24379.0,20882.0,0
24375.0,20874.0,0
24362.0,20873.0,0
24351.0,20873.0,0
24347.0,20871.0,0
24335.0,20863.0,0
24345.0,20855.0,0
24343.0,20858.0,0
24334.0,20870.0,0
24330.0,20855.0,0
24330.0,20854.0,0
24327.0,20853.0,0
24333.0,20851.0,0
24326.0,20852.0,0
24317.0,20854.0,0
24320.0,20852.0,0
24314.0,20850.0,0
24313.0,20844.0,0
24300.0,20843.0,0
24302.0,20851.0,0
24303.0,20847.0,0
24305.0,20846.0,0
24302.0,20847.0,0
24303.0,20838.0,0
24298.0,20844.0,0
24291.0,20843.0,0
24299.0,20832.0,0
24305.0,20849.0,0
24299.0,20843.0,0
24296.0,20852.0,0
24285.0,20844.0,0
24302.0,20852.0,0
24290.0,20853.0,0
24288.0,20844.0,0
24292.0,20836.0,0
24290.0,20853.0,0
24283.0,20850.0,0
24281.0,20832.0,0
24273.0,20842.0,0
24285.0,20834.0,0
24266.0,20827.0,0
24269.0,20819.0,0
24270.0,20824.0,0
24272.0,20813.0,0
24271.0,20819.0,0
24266.0,20808.0,0
24273.0,20833.0,0
24278.0,20821.0,0
24287.0,20840.0,0
24282.0,20832.0,0
24281.0,20826.0,0
24274.0,20829.0,0
24273.0,20825.0,0
24267.0,20819.0,0
24276.0,20827.0,0
24272.0,20827.0,0
24272.0,20836.0,0
24271.0,20832.0,0
24260.0,20827.0,0
24260.0,20834.0,0
24254.0,20838.0,0
24253.0,20826.0,0
24261.0,20826.0,0
24255.0,20821.0,0
24257.0,20839.0,0
24259.0,20818.0,0
24259.0,20819.0,0
24259.0,20824.0,0
24256.0,20826.0,0
24258.0,20817.0,0
24252.0,20820.0,0
24248.0,20820.0,0
24260.0,20827.0,0
24259.0,20823.0,0
24263.0,20824.0,0
24254.0,20829.0,0
24253.0,20839.0,0
24252.0,20826.0,0
24259.0,20837.0,0
24260.0,20838.0,0
24265.0,20836.0,0
24272.0,20840.0,0
24274.0,20850.0,0
24282.0,20854.0,0
24301.0,20854.0,0
24316.0,20851.0,0
24325.0,20856.0,0
24329.0,20865.0,0
24321.0,20867.0,0
24322.0,20872.0,0
24346.0,20878.0,0
24353.0,20902.0,0
24384.0,20915.0,0
24403.0,20923.0,0
24418.0,20937.0,0
24425.0,20943.0,0
24412.0,20942.0,0
24415.0,20935.0,0
24400.0,20933.0,0
24392.0,20923.0,0
24378.0,20923.0,0
24376.0,20926.0,0
24358.0,20930.0,0
24362.0,20915.0,0
24368.0,20914.0,0
24389.0,20910.0,0
24396.0,20916.0,0
24378.0,20921.0,0
24371.0,20908.0,0
24364.0,20902.0,0
24355.0,20896.0,0
24351.0,20903.0,0
24342.0,20894.0,0
24342.0,20901.0,0
24336.0,20882.0,0
24337.0,20890.0,0
24328.0,20880.0,0
24346.0,20888.0,0
24343.0,20884.0,0
24352.0,20883.0,0
24352.0,20890.0,0
24364.0,20899.0,0
24362.0,20897.0,0
24375.0,20905.0,0
24380.0,20907.0,0
24392.0,20916.0,0
24390.0,20904.0,0
24389.0,20923.0,0
24390.0,20926.0,0
24392.0,20921.0,0
24391.0,20910.0,0
24398.0,20912.0,0
24394.0,20913.0,0
24406.0,20924.0,0
24400.0,20925.0,0
24408.0,20925.0,0
24402.0,20934.0,0
24409.0,20944.0,0
24414.0,20935.0,0
24414.0,20936.0,0
24416.0,20932.0,0
24403.0,20937.0,0
24401.0,20933.0,0
24396.0,20936.0,0
24388.0,20932.0,0
24397.0,20932.0,0
24402.0,20926.0,0
24403.0,20937.0,0
24395.0,20932.0,0
24397.0,20932.0,0
24394.0,20928.0,0
24392.0,20938.0,0
24395.0,20945.0,0
24408.0,20941.0,0
24422.0,20950.0,0
24422.0,20961.0,0
24443.0,20966.0,0
24430.0,20974.0,0
24441.0,20967.0,0
24444.0,20976.0,0
24440.0,20969.0,0
24454.0,20971.0,0
24448.0,20971.0,0
24440.0,20962.0,0
24420.0,20966.0,0
24423.0,20959.0,0
24420.0,20953.0,0
24420.0,20951.0,0
24408.0,20953.0,0
24395.0,20944.0,0
24386.0,20948.0,0
24382.0,20947.0,0
24362.0,20939.0,0
24358.0,20930.0,0
24340.0,20929.0,0
24333.0,20916.0,0
24327.0,20916.0,0
24316.0,20910.0,0
24313.0,20902.0,0
24306.0,20899.0,0
24297.0,20894.0,0
24284.0,20900.0,0
24294.0,20886.0,0
24287.0,20880.0,0
24284.0,20877.0,0
24280.0,20889.0,0
24285.0,20884.0,0
24297.0,20898.0,0
24292.0,20897.0,0
24288.0,20887.0,0
24289.0,20893.0,0
24294.0,20887.0,0
24293.0,20890.0,0
24299.0,20890.0,0
24292.0,20891.0,0
24294.0,20891.0,0
24293.0,20889.0,0
24282.0,20895.0,0
24296.0,20894.0,0
24292.0,20889.0,0
24286.0,20894.0,0
24291.0,20891.0,0
24289.0,20891.0,0
24293.0,20890.0,0
24300.0,20892.0,0
24296.0,20889.0,0
24309.0,20899.0,0
24307.0,20912.0,0
24316.0,20910.0,0
24315.0,20905.0,0
24313.0,20906.0,0
24313.0,20904.0,0
24307.0,20911.0,0
24304.0,20901.0,0
24298.0,20886.0,0
24302.0,20898.0,0
24298.0,20900.0,0
24294.0,20902.0,0
24305.0,20903.0,0
24306.0,20906.0,0
24312.0,20902.0,0
24307.0,20913.0,0
24325.0,20918.0,0
24315.0,20918.0,0
24319.0,20926.0,0
24319.0,20917.0,0
24313.0,20911.0,0
24315.0,20915.0,0
24323.0,20904.0,0
24297.0,20916.0,0
24306.0,20899.0,0
24292.0,20906.0,0
24306.0,20904.0,0
24308.0,20901.0,0
24295.0,20903.0,0
24286.0,20896.0,0
24283.0,20907.0,0
24289.0,20900.0,0
24282.0,20896.0,0
24296.0,20897.0,0
24289.0,20894.0,0
24292.0,20893.0,0
24306.0,20907.0,0
24290.0,20897.0,0
24301.0,20899.0,0
24298.0,20892.0,0
24306.0,20895.0,0
24304.0,20893.0,0
24298.0,20893.0,0
24294.0,20883.0,0
24298.0,20886.0,0
24286.0,20884.0,0
24293.0,20881.0,0
24296.0,20880.0,0
24303.0,20869.0,0
24315.0,20885.0,0
24327.0,20896.0,0
24351.0,20913.0,0
24384.0,20935.0,0
24421.0,20956.0,0
24478.0,21000.0,0
24565.0,21057.0,0
24664.0,21122.0,0
24736.0,21167.0,0
24783.0,21211.0,0
24833.0,21233.0,0
24854.0,21250.0,0
24900.0,21270.0,0
24904.0,21286.0,0
24946.0,21301.0,0
24973.0,21313.0,0
25039.0,21349.0,0
25087.0,21376.0,0
25137.0,21419.0,0
25188.0,21449.0,0
25231.0,21487.0,0
25262.0,21499.0,0
25273.0,21520.0,0
25285.0,21516.0,0
25290.0,21521.0,0
25293.0,21527.0,0
25293.0,21527.0,0
25302.0,21547.0,0
25319.0,21545.0,0
25325.0,21544.0,0
25336.0,21560.0,0
25347.0,21567.0,0
25362.0,21570.0,0
25379.0,21583.0,0
25389.0,21591.0,0
25394.0,21604.0,0
25416.0,21610.0,0
25417.0,21613.0,0
25420.0,21603.0,0
25443.0,21620.0,0
25463.0,21625.0,0
25457.0,21637.0,0
25494.0,21657.0,0
25521.0,21668.0,0
25537.0,21684.0,0
25552.0,21696.0,0
25574.0,21711.0,0
25583.0,21724.0,0
25608.0,21725.0,0
25624.0,21737.0,0
25650.0,21754.0,0
25674.0,21763.0,0
25697.0,21785.0,0
25732.0,21796.0,0
25719.0,21793.0,0
25726.0,21787.0,0
25729.0,21784.0,0
25717.0,21795.0,0
25710.0,21787.0,0
25714.0,21767.0,0
25714.0,21773.0,0
25692.0,21758.0,0
25683.0,21746.0,0
25650.0,21742.0,0
25653.0,21731.0,0
25636.0,21718.0,0
25627.0,21725.0,0
25618.0,21725.0,0
25623.0,21726.0,0
25635.0,21737.0,0
25636.0,21749.0,0
25650.0,21763.0,0
25663.0,21787.0,0
25662.0,21781.0,0
25681.0,21796.0,0
25678.0,21793.0,0
25671.0,21797.0,0
25660.0,21799.0,0
25655.0,21798.0,0
25666.0,21804.0,0
25672.0,21800.0,0
25653.0,21799.0,0
25672.0,21809.0,0
25664.0,21815.0,0
25666.0,21805.0,0
25667.0,21794.0,0
25674.0,21808.0,0
25685.0,21814.0,0
25674.0,21812.0,0
25699.0,21811.0,0
25710.0,21823.0,0
25713.0,21809.0,0
25689.0,21803.0,0
25697.0,21798.0,0
25706.0,21802.0,0
25716.0,21793.0,0
25726.0,21816.0,0
25737.0,21814.0,0
25755.0,21817.0,0
25748.0,21824.0,0
25752.0,21824.0,0
25745.0,21807.0,0
25752.0,21805.0,0
25745.0,21805.0,0
25739.0,21798.0,0
25756.0,21803.0,0
25763.0,21810.0,0
25761.0,21807.0,0
25753.0,21810.0,0
25744.0,21807.0,0
25735.0,21786.0,0
25720.0,21786.0,0
25722.0,21792.0,0
25719.0,21784.0,0
25701.0,21779.0,0
25706.0,21779.0,0
25707.0,21779.0,0
25698.0,21773.0,0
25691.0,21760.0,0
25694.0,21759.0,0
25689.0,21762.0,0
25689.0,21744.0,0
25686.0,21750.0,0
25688.0,21745.0,0
25679.0,21741.0,0
25669.0,21730.0,0
25658.0,21720.0,0
25648.0,21706.0,0
25651.0,21709.0,0
25643.0,21693.0,0
25639.0,21698.0,0
25638.0,21689.0,0
25640.0,21688.0,0
25631.0,21693.0,0
25630.0,21700.0,0
25630.0,21684.0,0
25644.0,21694.0,0
25646.0,21692.0,0
25648.0,21706.0,0
25662.0,21697.0,0
25645.0,21700.0,0
25630.0,21689.0,0
25615.0,21689.0,0
25617.0,21684.0,0
25606.0,21679.0,0
25619.0,21684.0,0
25606.0,21674.0,0
25626.0,21674.0,0
25632.0,21687.0,0
25628.0,21692.0,0
25621.0,21677.0,0
25619.0,21683.0,0
25617.0,21671.0,0
25614.0,21672.0,0
25606.0,21683.0,0
25609.0,21670.0,0
25603.0,21673.0,0
25614.0,21674.0,0
25619.0,21673.0,0
25611.0,21670.0,0
25609.0,21676.0,0
25608.0,21685.0,0
25612.0,21672.0,0
25603.0,21682.0,0
25601.0,21674.0,0
25608.0,21676.0,0
25607.0,21676.0,0
25607.0,21683.0,0
25612.0,21683.0,0
25630.0,21699.0,0
25624.0,21690.0,0
25631.0,21693.0,0
25623.0,21693.0,0
25625.0,21697.0,0
25627.0,21695.0,0
25616.0,21690.0,0
25622.0,21686.0,0
25630.0,21679.0,0
25624.0,21692.0,0
25636.0,21692.0,0
25629.0,21707.0,0
25649.0,21711.0,0
25645.0,21709.0,0
25652.0,21711.0,0
25651.0,21710.0,0
25651.0,21724.0,0
25654.0,21719.0,0
25643.0,21705.0,0
25643.0,21695.0,0
25638.0,21702.0,0
25627.0,21695.0,0
25614.0,21688.0,0
25615.0,21681.0,0
25608.0,21675.0,0
25597.0,21669.0,0
25588.0,21661.0,0
25594.0,21655.0,0
25600.0,21660.0,0
25588.0,21647.0,0
25584.0,21651.0,0
25585.0,21647.0,0
25569.0,21645.0,0
25580.0,21644.0,0
25583.0,21662.0,0
25564.0,21643.0,0
25569.0,21653.0,0
25559.0,21637.0,0
25571.0,21647.0,0
25565.0,21638.0,0
25561.0,21649.0,0
25552.0,21625.0,0
25550.0,21644.0,0
25556.0,21643.0,0
25540.0,21633.0,0
25545.0,21633.0,0
25548.0,21629.0,0
25538.0,21623.0,0
25539.0,21633.0,0
25529.0,21634.0,0
25534.0,21629.0,0
25527.0,21626.0,0
25536.0,21638.0,0
25531.0,21628.0,0
25523.0,21627.0,0
25531.0,21611.0,0
25526.0,21627.0,0
25531.0,21625.0,0
25528.0,21615.0,0
25507.0,21612.0,0
25507.0,21618.0,0
25514.0,21626.0,0
25509.0,21619.0,0
25503.0,21608.0,0
25505.0,21610.0,0
25494.0,21618.0,0
25485.0,21619.0,0
25490.0,21613.0,0
25480.0,21609.0,0
25480.0,21601.0,0
25473.0,21602.0,0
25476.0,21604.0,0
25477.0,21604.0,0
25472.0,21607.0,0
25476.0,21602.0,0
25470.0,21597.0,0
25474.0,21594.0,0
25466.0,21600.0,0
25464.0,21601.0,0
25468.0,21614.0,0
25466.0,21611.0,0
25456.0,21602.0,0
25459.0,21599.0,0
25452.0,21595.0,0
25443.0,21601.0,0
25445.0,21591.0,0
25448.0,21582.0,0
25435.0,21582.0,0
25432.0,21571.0,0
25427.0,21572.0,0
25422.0,21567.0,0
25423.0,21558.0,0
25410.0,21562.0,0
25418.0,21555.0,0
25413.0,21564.0,0
25415.0,21564.0,0
25411.0,21555.0,0
25415.0,21549.0,0
25411.0,21549.0,0
25406.0,21545.0,0
25394.0,21545.0,0
25410.0,21550.0,0
25405.0,21548.0,0
25407.0,21558.0,0
25412.0,21553.0,0
25414.0,21552.0,0
25410.0,21548.0,0
25401.0,21550.0,0
25402.0,21558.0,0
25394.0,21553.0,0
25401.0,21547.0,0
25405.0,21547.0,0
25388.0,21552.0,0
25394.0,21556.0,0
25393.0,21551.0,0
25377.0,21543.0,0
25395.0,21544.0,0
25384.0,21537.0,0
25381.0,21535.0,0
25384.0,21531.0,0
25395.0,21537.0,0
25378.0,21545.0,0
25384.0,21537.0,0
25378.0,21546.0,0
25374.0,21538.0,0
25367.0,21536.0,0
25374.0,21542.0,0
25361.0,21530.0,0
25376.0,21527.0,0
25380.0,21526.0,0
25371.0,21525.0,0
25367.0,21525.0,0
25362.0,21522.0,0
25363.0,21522.0,0
25365.0,21517.0,0
25366.0,21528.0,0
25368.0,21533.0,0
25369.0,21535.0,0
25357.0,21524.0,0
25356.0,21518.0,0
25363.0,21524.0,0
25359.0,21525.0,0
25362.0,21522.0,0
25366.0,21531.0,0
25356.0,21527.0,0
25365.0,21518.0,0
25362.0,21522.0,0
25357.0,21526.0,0
25360.0,21529.0,0
25359.0,21516.0,0
25352.0,21519.0,0
25346.0,21523.0,0
25355.0,21521.0,0
25345.0,21510.0,0
25343.0,21504.0,0
25347.0,21503.0,0
25335.0,21493.0,0
25334.0,21501.0,0
25341.0,21493.0,0
25332.0,21497.0,0
25330.0,21489.0,0
25322.0,21490.0,0
25338.0,21492.0,0
25336.0,21488.0,0
25337.0,21496.0,0
25336.0,21498.0,0
25337.0,21493.0,0
25352.0,21491.0,0
25338.0,21502.0,0
25337.0,21496.0,0
25338.0,21498.0,0
25349.0,21501.0,0
25330.0,21502.0,0
25341.0,21497.0,0
25335.0,21503.0,0
25350.0,21498.0,0
25351.0,21504.0,0
25347.0,21512.0,0
25347.0,21508.0,0
25353.0,21493.0,0
25356.0,21503.0,0
25361.0,21504.0,0
25348.0,21500.0,0
25345.0,21500.0,0
25349.0,21492.0,0
25348.0,21499.0,0
25358.0,21500.0,0
25351.0,21507.0,0
25346.0,21501.0,0
25346.0,21491.0,0
25342.0,21498.0,0
25341.0,21500.0,0
25347.0,21499.0,0
25348.0,21500.0,0
25331.0,21500.0,0
25331.0,21490.0,0
25342.0,21493.0,0
25336.0,21497.0,0
25332.0,21495.0,0
25334.0,21498.0,0
25329.0,21494.0,0
25331.0,21492.0,0
25336.0,21506.0,0
25326.0,21501.0,0
25345.0,21508.0,0
25330.0,21493.0,0
25334.0,21497.0,0
25337.0,21497.0,0
25334.0,21491.0,0
25351.0,21500.0,0
25342.0,21496.0,0
25331.0,21505.0,0
25336.0,21508.0,0
25328.0,21500.0,0
25350.0,21507.0,0
25343.0,21505.0,0
25351.0,21495.0,0
25357.0,21493.0,0
25346.0,21500.0,0
25352.0,21498.0,0
25338.0,21498.0,0
25347.0,21487.0,0
25345.0,21487.0,0
25339.0,21483.0,0
25322.0,21482.0,0
25331.0,21484.0,0
25331.0,21466.0,0
25333.0,21468.0,0
25337.0,21481.0,0
25330.0,21474.0,0
25336.0,21484.0,0
25331.0,21488.0,0
25338.0,21481.0,0
25353.0,21481.0,0
25346.0,21490.0,0
25353.0,21487.0,0
25361.0,21494.0,0
25359.0,21489.0,0
25350.0,21493.0,0
25353.0,21493.0,0
25350.0,21486.0,0
25342.0,21482.0,0
25356.0,21495.0,0
25347.0,21497.0,0
25360.0,21499.0,0
25356.0,21500.0,0
25356.0,21509.0,0
25361.0,21497.0,0
25368.0,21510.0,0
25358.0,21505.0,0
25357.0,21502.0,0
25367.0,21501.0,0
25365.0,21493.0,0
25370.0,21495.0,0
25361.0,21501.0,0
25357.0,21508.0,0
25385.0,21506.0,0
25377.0,21513.0,0
25366.0,21510.0,0
25360.0,21506.0,0
25360.0,21492.0,0
25339.0,21500.0,0
25342.0,21500.0,0
25340.0,21498.0,0
25351.0,21500.0,0
25344.0,21501.0,0
25351.0,21499.0,0
25350.0,21489.0,0
25352.0,21509.0,0
25355.0,21510.0,0
25372.0,21518.0,0
25374.0,21521.0,0
25382.0,21519.0,0
25371.0,21531.0,0
25373.0,21527.0,0
25369.0,21524.0,0
25376.0,21529.0,0
25377.0,21517.0,0
25383.0,21524.0,0
25378.0,21532.0,0
25398.0,21543.0,0
25405.0,21542.0,0
25410.0,21543.0,0
25422.0,21548.0,0
25418.0,21560.0,0
25419.0,21558.0,0
25426.0,21553.0,0
25410.0,21554.0,0
25408.0,21548.0,0
25414.0,21544.0,0
25397.0,21540.0,0
25388.0,21533.0,0
25395.0,21530.0,0
25380.0,21511.0,0
25377.0,21514.0,0
25375.0,21494.0,0
25370.0,21514.0,0
25365.0,21503.0,0
25374.0,21508.0,0
25361.0,21514.0,0
25363.0,21505.0,0
25363.0,21505.0,0
25362.0,21510.0,0
25357.0,21505.0,0
25365.0,21502.0,0
25373.0,21493.0,0
25354.0,21498.0,0
25357.0,21512.0,0
25350.0,21505.0,0
25350.0,21503.0,0
25343.0,21509.0,0
25342.0,21508.0,0
25339.0,21506.0,0
25343.0,21507.0,0
25338.0,21503.0,0
25340.0,21512.0,0
25339.0,21497.0,0
25342.0,21502.0,0
25336.0,21497.0,0
25345.0,21500.0,0
25342.0,21503.0,0
25349.0,21494.0,0
25334.0,21493.0,0
25340.0,21501.0,0
25338.0,21496.0,0
25339.0,21498.0,0
25343.0,21505.0,0
25335.0,21503.0,0
25325.0,21499.0,0
25311.0,21489.0,0
25324.0,21487.0,0
25312.0,21492.0,0
25318.0,21490.0,0
25323.0,21480.0,0
25316.0,21488.0,0
25318.0,21487.0,0
25304.0,21491.0,0
25302.0,21484.0,0
25311.0,21487.0,0
25299.0,21484.0,0
25299.0,21476.0,0
25304.0,21485.0,0
25300.0,21484.0,0
25302.0,21494.0,0
25297.0,21490.0,0
25290.0,21494.0,0
25295.0,21495.0,0
25294.0,21496.0,0
25303.0,21480.0,0
25288.0,21490.0,0
25292.0,21479.0,0
25288.0,21480.0,0
25284.0,21482.0,0
25285.0,21493.0,0
25292.0,21492.0,0
25277.0,21485.0,0
25293.0,21487.0,0
25293.0,21488.0,0
25286.0,21481.0,0
25285.0,21487.0,0
25292.0,21477.0,0
25280.0,21479.0,0
25268.0,21480.0,0
25270.0,21456.0,0
25257.0,21460.0,0
25248.0,21455.0,0
25251.0,21458.0,0
25251.0,21445.0,0
25261.0,21450.0,0
25253.0,21452.0,0
25260.0,21448.0,0
25255.0,21457.0,0
25254.0,21444.0,0
25252.0,21445.0,0
25245.0,21446.0,0
25257.0,21441.0,0
25252.0,21449.0,0
25253.0,21440.0,0
25254.0,21441.0,0
25252.0,21442.0,0
25243.0,21439.0,0
25243.0,21448.0,0
25243.0,21454.0,0
25240.0,21455.0,0
25244.0,21449.0,0
25245.0,21446.0,0
25243.0,21442.0,0
25247.0,21449.0,0
25253.0,21451.0,0
25247.0,21451.0,0
25241.0,21434.0,0
25243.0,21446.0,0
25235.0,21453.0,0
25256.0,21452.0,0
25253.0,21445.0,0
25249.0,21445.0,0
25251.0,21441.0,0
25248.0,21440.0,0
25247.0,21449.0,0
25255.0,21445.0,0
25245.0,21436.0,0
25248.0,21443.0,0
25254.0,21453.0,0
25247.0,21452.0,0
25250.0,21454.0,0
25250.0,21452.0,0
25243.0,21446.0,0
25239.0,21451.0,0
25249.0,21449.0,0
25251.0,21441.0,0
25256.0,21446.0,0
25243.0,21443.0,0
25254.0,21453.0,0
25250.0,21453.0,0
25249.0,21450.0,0
25255.0,21448.0,0
25249.0,21452.0,0
25251.0,21457.0,0
25261.0,21456.0,0
25259.0,21458.0,0
25260.0,21460.0,0
25269.0,21462.0,0
25276.0,21464.0,0
25264.0,21469.0,0
25271.0,21480.0,0
25284.0,21477.0,0
25288.0,21481.0,0
25279.0,21484.0,0
25287.0,21477.0,0
25280.0,21479.0,0
25284.0,21477.0,0
25278.0,21469.0,0
25272.0,21467.0,0
25276.0,21465.0,0
25279.0,21460.0,0
25266.0,21457.0,0
25274.0,21459.0,0
25267.0,21450.0,0
25267.0,21448.0,0
25282.0,21456.0,0
25278.0,21455.0,0
25293.0,21457.0,0
25280.0,21460.0,0
25260.0,21449.0,0
25280.0,21455.0,0
25277.0,21454.0,0
25284.0,21456.0,0
25280.0,21454.0,0
25282.0,21468.0,0
25282.0,21455.0,0
25278.0,21456.0,0
25284.0,21454.0,0
25270.0,21463.0,0
25276.0,21462.0,0
25297.0,21463.0,0
25290.0,21463.0,0
25301.0,21474.0,0
25304.0,21471.0,0
25312.0,21481.0,0
25308.0,21483.0,0
25321.0,21487.0,0
25310.0,21476.0,0
25318.0,21475.0,0
25311.0,21475.0,0
25321.0,21481.0,0
25302.0,21486.0,0
25323.0,21487.0,0
25332.0,21490.0,0
25318.0,21488.0,0
25325.0,21485.0,0
25321.0,21499.0,0
25328.0,21493.0,0
25325.0,21492.0,0
25324.0,21503.0,0
25314.0,21500.0,0
25327.0,21503.0,0
25325.0,21495.0,0
25329.0,21493.0,0
25334.0,21503.0,0
25336.0,21506.0,0
25346.0,21506.0,0
25353.0,21511.0,0
25344.0,21510.0,0
25344.0,21512.0,0
25348.0,21512.0,0
25335.0,21511.0,0
25346.0,21516.0,0
25345.0,21504.0,0
25334.0,21504.0,0
25335.0,21509.0,0
25337.0,21505.0,0
25348.0,21511.0,0
25342.0,21514.0,0
25348.0,21517.0,0
25361.0,21526.0,0
25371.0,21532.0,0
25377.0,21536.0,0
25363.0,21544.0,0
25370.0,21521.0,0
25376.0,21530.0,0
25378.0,21533.0,0
25377.0,21523.0,0
25372.0,21528.0,0
25367.0,21514.0,0
25370.0,21517.0,0
25353.0,21513.0,0
25349.0,21504.0,0
25348.0,21499.0,0
25345.0,21499.0,0
25340.0,21487.0,0
25333.0,21503.0,0
25340.0,21500.0,0
25362.0,21504.0,0
25347.0,21500.0,0
25345.0,21496.0,0
25341.0,21498.0,0
25350.0,21500.0,0
25346.0,21504.0,0
25338.0,21502.0,0
25345.0,21501.0,0
25350.0,21510.0,0
25337.0,21512.0,0
25344.0,21502.0,0
25340.0,21504.0,0
25328.0,21504.0,0
25330.0,21489.0,0
25336.0,21493.0,0
25340.0,21497.0,0
25351.0,21488.0,0
25345.0,21502.0,0
25339.0,21502.0,0
25344.0,21504.0,0
25341.0,21499.0,0
25360.0,21486.0,0
25347.0,21497.0,0
25346.0,21503.0,0
25349.0,21497.0,0
25340.0,21503.0,0
25343.0,21503.0,0
25339.0,21495.0,0
25340.0,21495.0,0
25343.0,21499.0,0
25351.0,21501.0,0
25346.0,21500.0,0
25337.0,21500.0,0
25333.0,21495.0,0
25324.0,21503.0,0
25336.0,21493.0,0
25331.0,21494.0,0
25327.0,21484.0,0
25335.0,21496.0,0
25330.0,21501.0,0
25338.0,21496.0,0
25323.0,21498.0,0
25338.0,21500.0,0
25338.0,21500.0,0
25324.0,21502.0,0
25333.0,21505.0,0
25328.0,21502.0,0
25330.0,21511.0,0
25335.0,21501.0,0
25321.0,21495.0,0
25318.0,21495.0,0
25311.0,21505.0,0
25322.0,21499.0,0
25326.0,21504.0,0
25327.0,21500.0,0
25324.0,21496.0,0
25322.0,21496.0,0
25334.0,21504.0,0
25317.0,21506.0,0
25324.0,21504.0,0
25318.0,21504.0,0
25316.0,21503.0,0
25303.0,21493.0,0
25316.0,21495.0,0
25312.0,21472.0,0
25285.0,21477.0,0
25282.0,21475.0,0
25280.0,21465.0,0
25285.0,21462.0,0
25270.0,21459.0,0
25267.0,21466.0,0
25270.0,21459.0,0
25271.0,21462.0,0
25274.0,21457.0,0
25272.0,21466.0,0
25264.0,21456.0,0
25265.0,21459.0,0
25269.0,21454.0,0
25269.0,21459.0,0
25259.0,21456.0,0
25271.0,21453.0,0
25265.0,21450.0,0
25260.0,21467.0,0
25271.0,21457.0,0
25265.0,21464.0,0
25263.0,21453.0,0
25258.0,21453.0,0
25250.0,21454.0,0
25268.0,21458.0,0
25266.0,21456.0,0
25249.0,21468.0,0
25256.0,21456.0,0
25267.0,21457.0,0
25257.0,21455.0,0
25255.0,21452.0,0
25265.0,21450.0,0
25249.0,21453.0,0
25257.0,21454.0,0
25256.0,21458.0,0
25248.0,21446.0,0
25243.0,21443.0,0
25250.0,21448.0,0
25241.0,21439.0,0
25244.0,21453.0,0
25236.0,21447.0,0
25230.0,21439.0,0
25231.0,21449.0,0
25226.0,21434.0,0
25228.0,21444.0,0
25226.0,21438.0,0
25233.0,21448.0,0
25221.0,21437.0,0
25222.0,21429.0,0
25232.0,21432.0,0
25226.0,21449.0,0
25231.0,21435.0,0
25233.0,21442.0,0
25239.0,21442.0,0
25239.0,21451.0,0
25238.0,21447.0,0
25248.0,21438.0,0
25246.0,21441.0,0
25241.0,21436.0,0
25224.0,21444.0,0
25226.0,21450.0,0
25237.0,21436.0,0
25238.0,21451.0,0
25240.0,21448.0,0
25247.0,21453.0,0
25239.0,21458.0,0
25243.0,21459.0,0
25247.0,21450.0,0
25231.0,21446.0,0
25235.0,21447.0,0
25230.0,21445.0,0
25233.0,21439.0,0
25222.0,21440.0,0
25223.0,21430.0,0
25212.0,21430.0,0
25217.0,21414.0,0
25208.0,21431.0,0
25206.0,21424.0,0
25216.0,21428.0,0
25225.0,21432.0,0
25225.0,21436.0,0
25229.0,21428.0,0
25232.0,21427.0,0
25230.0,21432.0,0
25236.0,21428.0,0
25235.0,21436.0,0
25241.0,21441.0,0
25241.0,21434.0,0
25251.0,21443.0,0
25254.0,21447.0,0
25240.0,21437.0,0
25247.0,21429.0,0
25246.0,21448.0,0
25258.0,21441.0,0
25256.0,21433.0,0
25257.0,21438.0,0
25242.0,21444.0,0
25260.0,21445.0,0
25262.0,21443.0,0
25257.0,21446.0,0
25253.0,21443.0,0
25263.0,21454.0,0
25255.0,21440.0,0
25255.0,21446.0,0
25257.0,21443.0,0
25245.0,21444.0,0
25253.0,21438.0,0
25248.0,21447.0,0
25247.0,21436.0,0
25233.0,21438.0,0
25237.0,21439.0,0
25242.0,21436.0,0
25244.0,21437.0,0
25247.0,21447.0,0
25236.0,21434.0,0
25246.0,21446.0,0
25252.0,21440.0,0
25255.0,21443.0,0
25254.0,21455.0,0
25248.0,21449.0,0
25264.0,21458.0,0
25263.0,21455.0,0
25259.0,21458.0,0
25261.0,21463.0,0
25274.0,21464.0,0
25252.0,21455.0,0
25267.0,21462.0,0
25257.0,21463.0,0
25255.0,21466.0,0
25259.0,21465.0,0
25261.0,21471.0,0
25282.0,21473.0,0
25269.0,21468.0,0
25288.0,21470.0,0
25291.0,21476.0,0
25290.0,21489.0,0
25297.0,21480.0,0
25292.0,21490.0,0
25289.0,21491.0,0
25286.0,21491.0,0
25294.0,21474.0,0
25284.0,21481.0,0
25291.0,21476.0,0
25279.0,21468.0,0
25272.0,21466.0,0
25270.0,21462.0,0
25268.0,21460.0,0
25267.0,21441.0,0
25275.0,21445.0,0
25255.0,21449.0,0
25254.0,21451.0,0
25267.0,21447.0,0
25268.0,21454.0,0
25273.0,21463.0,0
25271.0,21454.0,0
25277.0,21452.0,0
25259.0,21450.0,0
25266.0,21451.0,0
25276.0,21448.0,0
25281.0,21455.0,0
25280.0,21456.0,0
25288.0,21463.0,0
25287.0,21453.0,0
25287.0,21456.0,0
25283.0,21460.0,0
25283.0,21465.0,0
25297.0,21461.0,0
25284.0,21465.0,0
25281.0,21472.0,0
25288.0,21464.0,0
25286.0,21457.0,0
25287.0,21471.0,0
25287.0,21467.0,0
25280.0,21462.0,0
25277.0,21472.0,0
25287.0,21466.0,0
25287.0,21472.0,0
25286.0,21475.0,0
25294.0,21472.0,0
25284.0,21460.0,0
25291.0,21466.0,0
25287.0,21468.0,0
25281.0,21465.0,0
25294.0,21469.0,0
25291.0,21466.0,0
25292.0,21469.0,0
25295.0,21470.0,0
25292.0,21473.0,0
25300.0,21471.0,0
25291.0,21473.0,0
25293.0,21464.0,0
25295.0,21474.0,0
25297.0,21477.0,0
25299.0,21473.0,0
25293.0,21478.0,0
25296.0,21488.0,0
25306.0,21480.0,0
25302.0,21480.0,0
25308.0,21485.0,0
25287.0,21476.0,0
25295.0,21481.0,0
25288.0,21476.0,0
25291.0,21483.0,0
25296.0,21480.0,0
25301.0,21478.0,0
25298.0,21476.0,0
25302.0,21492.0,0
25310.0,21484.0,0
25305.0,21482.0,0
25299.0,21491.0,0
25291.0,21499.0,0
25289.0,21492.0,0
25276.0,21486.0,0
25272.0,21481.0,0
25273.0,21468.0,0
25262.0,21463.0,0
25254.0,21459.0,0
25243.0,21448.0,0
25245.0,21445.0,0
25238.0,21429.0,0
25228.0,21427.0,0
25225.0,21436.0,0
25228.0,21433.0,0
25231.0,21428.0,0
25225.0,21434.0,0
25230.0,21419.0,0
25228.0,21433.0,0
25238.0,21426.0,0
25229.0,21439.0,0
25228.0,21431.0,0
25234.0,21423.0,0
25226.0,21424.0,0
25225.0,21424.0,0
25211.0,21429.0,0
25227.0,21427.0,0
25212.0,21417.0,0
25232.0,21421.0,0
25214.0,21422.0,0
25226.0,21417.0,0
25223.0,21427.0,0
25225.0,21425.0,0
25217.0,21427.0,0
25213.0,21420.0,0
25214.0,21423.0,0
25210.0,21425.0,0
25219.0,21421.0,0
25225.0,21422.0,0
25213.0,21425.0,0
25227.0,21424.0,0
25220.0,21416.0,0
25208.0,21424.0,0
25201.0,21421.0,0
25198.0,21422.0,0
25201.0,21420.0,0
25193.0,21410.0,0
25199.0,21407.0,0
25194.0,21416.0,0
25178.0,21418.0,0
25181.0,21408.0,0
25180.0,21410.0,0
25177.0,21404.0,0
25178.0,21410.0,0
25176.0,21409.0,0
25169.0,21404.0,0
25174.0,21402.0,0
25170.0,21406.0,0
25166.0,21408.0,0
25167.0,21405.0,0
25163.0,21399.0,0
25165.0,21391.0,0
25169.0,21404.0,0
25167.0,21395.0,0
25166.0,21401.0,0
25183.0,21407.0,0
25167.0,21396.0,0
25173.0,21404.0,0
25177.0,21411.0,0
25184.0,21415.0,0
25186.0,21406.0,0
25170.0,21405.0,0
25181.0,21411.0,0
25180.0,21411.0,0
25184.0,21407.0,0
25179.0,21410.0,0
25177.0,21411.0,0
25170.0,21402.0,0
25170.0,21391.0,0
25163.0,21389.0,0
25162.0,21386.0,0
25153.0,21368.0,0
25153.0,21370.0,0
25154.0,21364.0,0
25144.0,21368.0,0
25158.0,21365.0,0
25159.0,21362.0,0
25158.0,21360.0,0
25158.0,21373.0,0
25153.0,21367.0,0
25169.0,21375.0,0
25152.0,21364.0,0
25144.0,21376.0,0
25152.0,21368.0,0
25153.0,21377.0,0
25153.0,21378.0,0
25162.0,21378.0,0
25149.0,21372.0,0
25155.0,21365.0,0
25155.0,21380.0,0
25155.0,21380.0,0
25156.0,21381.0,0
25162.0,21380.0,0
25167.0,21388.0,0
25167.0,21389.0,0
25169.0,21387.0,0
25170.0,21390.0,0
25168.0,21390.0,0
25172.0,21384.0,0
25177.0,21385.0,0
25171.0,21390.0,0
25180.0,21393.0,0
25168.0,21379.0,0
25173.0,21384.0,0
25166.0,21378.0,0
25164.0,21387.0,0
25173.0,21383.0,0
25173.0,21393.0,0
25168.0,21385.0,0
25156.0,21386.0,0
25167.0,21386.0,0
25177.0,21397.0,0
25174.0,21388.0,0
25172.0,21385.0,0
25180.0,21393.0,0
25183.0,21385.0,0
25176.0,21381.0,0
25164.0,21392.0,0
25171.0,21394.0,0
25169.0,21389.0,0
25177.0,21403.0,0
25185.0,21408.0,0
25179.0,21408.0,0
25181.0,21403.0,0
25191.0,21405.0,0
25187.0,21414.0,0
25178.0,21417.0,0
25189.0,21417.0,0
25200.0,21408.0,0
25199.0,21419.0,0
25192.0,21418.0,0
25194.0,21411.0,0
25199.0,21420.0,0
25209.0,21423.0,0
25209.0,21430.0,0
25216.0,21428.0,0
25222.0,21427.0,0
25220.0,21430.0,0
25217.0,21427.0,0
25217.0,21424.0,0
25199.0,21412.0,0
25205.0,21414.0,0
25191.0,21410.0,0
25195.0,21397.0,0
25188.0,21392.0,0
25181.0,21394.0,0
25188.0,21391.0,0
25194.0,21398.0,0
25189.0,21406.0,0
25204.0,21409.0,0
25210.0,21410.0,0
25202.0,21401.0,0
25200.0,21409.0,0
25199.0,21416.0,0
25187.0,21406.0,0
25197.0,21412.0,0
25203.0,21407.0,0
25194.0,21403.0,0
25201.0,21406.0,0
25197.0,21414.0,0
25206.0,21401.0,0
25189.0,21404.0,0
25201.0,21395.0,0
25204.0,21401.0,0
25188.0,21399.0,0
25200.0,21397.0,0
25211.0,21409.0,0
25214.0,21409.0,0
25194.0,21403.0,0
25206.0,21415.0,0
25218.0,21406.0,0
25207.0,21412.0,0
25214.0,21397.0,0
25203.0,21406.0,0
25210.0,21407.0,0
25210.0,21407.0,0
25210.0,21413.0,0
25199.0,21398.0,0
25213.0,21401.0,0
25201.0,21412.0,0
25203.0,21411.0,0
25197.0,21407.0,0
25193.0,21408.0,0
25203.0,21411.0,0
25202.0,21406.0,0
25195.0,21408.0,0
25198.0,21408.0,0
25189.0,21406.0,0
25204.0,21413.0,0
25197.0,21405.0,0
25193.0,21403.0,0
25191.0,21409.0,0
25199.0,21413.0,0
25206.0,21413.0,0
25193.0,21413.0,0
25203.0,21423.0,0
25199.0,21414.0,0
25204.0,21412.0,0
25200.0,21423.0,0
25212.0,21419.0,0
25208.0,21426.0,0
25205.0,21419.0,0
25204.0,21428.0,0
25212.0,21413.0,0
25217.0,21423.0,0
25219.0,21433.0,0
25222.0,21432.0,0
25213.0,21443.0,0
25213.0,21432.0,0
25223.0,21434.0,0
25223.0,21434.0,0
25209.0,21428.0,0
25205.0,21429.0,0
25202.0,21428.0,0
25199.0,21428.0,0
25198.0,21420.0,0
25186.0,21404.0,0
25185.0,21397.0,0
25167.0,21387.0,0
25175.0,21399.0,0
25163.0,21385.0,0
25170.0,21388.0,0
25168.0,21394.0,0
25175.0,21394.0,0
25170.0,21393.0,0
25169.0,21384.0,0
25172.0,21383.0,0
25160.0,21397.0,0
25167.0,21393.0,0
25169.0,21394.0,0
25169.0,21394.0,0
25161.0,21382.0,0
25161.0,21393.0,0
25164.0,21389.0,0
25166.0,21396.0,0
25154.0,21409.0,0
25157.0,21400.0,0
25172.0,21390.0,0
25159.0,21400.0,0
25154.0,21385.0,0
25159.0,21389.0,0
25160.0,21396.0,0
25163.0,21385.0,0
25156.0,21381.0,0
25159.0,21391.0,0
25153.0,21391.0,0
25157.0,21382.0,0
25156.0,21387.0,0
25160.0,21380.0,0
25159.0,21376.0,0
25156.0,21384.0,0
25160.0,21393.0,0
25147.0,21384.0,0
25149.0,21380.0,0
25150.0,21376.0,0
25139.0,21378.0,0
25131.0,21383.0,0
25136.0,21378.0,0
25128.0,21380.0,0
25124.0,21382.0,0
25112.0,21382.0,0
25113.0,21379.0,0
25127.0,21374.0,0
25116.0,21366.0,0
25121.0,21379.0,0
25110.0,21382.0,0
25124.0,21373.0,0
25125.0,21380.0,0
25126.0,21381.0,0
25118.0,21374.0,0
25127.0,21372.0,0
25124.0,21372.0,0
25124.0,21375.0,0
25107.0,21367.0,0
25116.0,21366.0,0
25123.0,21371.0,0
25112.0,21357.0,0
25114.0,21354.0,0
25116.0,21368.0,0
25114.0,21367.0,0
25110.0,21377.0,0
25116.0,21366.0,0
25130.0,21375.0,0
25115.0,21363.0,0
25111.0,21372.0,0
25119.0,21364.0,0
25106.0,21363.0,0
25108.0,21350.0,0
25099.0,21360.0,0
25099.0,21354.0,0
25101.0,21340.0,0
25100.0,21327.0,0
25095.0,21342.0,0
25104.0,21343.0,0
25090.0,21340.0,0
25090.0,21335.0,0
25105.0,21341.0,0
25090.0,21339.0,0
25093.0,21336.0,0
25094.0,21344.0,0
25103.0,21340.0,0
25105.0,21336.0,0
25098.0,21337.0,0
25109.0,21336.0,0
25101.0,21339.0,0
25109.0,21346.0,0
25102.0,21342.0,0
25101.0,21335.0,0
25099.0,21339.0,0
25106.0,21340.0,0
25104.0,21345.0,0
25100.0,21347.0,0
25115.0,21350.0,0
25116.0,21345.0,0
25113.0,21335.0,0
25116.0,21344.0,0
25123.0,21346.0,0
25119.0,21346.0,0
25123.0,21337.0,0
25121.0,21345.0,0
25117.0,21344.0,0
25108.0,21343.0,0
25113.0,21347.0,0
25118.0,21351.0,0
25108.0,21347.0,0
25101.0,21347.0,0
25107.0,21346.0,0
25110.0,21343.0,0
25108.0,21338.0,0
25112.0,21349.0,0
25106.0,21344.0,0
25106.0,21350.0,0
25102.0,21345.0,0
25104.0,21349.0,0
25107.0,21351.0,0
25101.0,21355.0,0
25111.0,21352.0,0
25125.0,21351.0,0
25113.0,21357.0,0
25122.0,21362.0,0
25117.0,21361.0,0
25110.0,21360.0,0
25113.0,21354.0,0
25128.0,21358.0,0
25130.0,21365.0,0
25121.0,21369.0,0
25130.0,21366.0,0
25133.0,21366.0,0
25128.0,21366.0,0
25135.0,21370.0,0
25132.0,21372.0,0
25138.0,21378.0,0
25133.0,21375.0,0
25134.0,21373.0,0
25158.0,21372.0,0
25138.0,21381.0,0
25137.0,21381.0,0
25153.0,21374.0,0
25137.0,21374.0,0
25145.0,21371.0,0
25140.0,21380.0,0
25136.0,21368.0,0
25126.0,21366.0,0
25119.0,21361.0,0
25118.0,21349.0,0
25110.0,21353.0,0
25106.0,21348.0,0
25106.0,21345.0,0
25107.0,21343.0,0
25119.0,21336.0,0
25115.0,21345.0,0
25104.0,21338.0,0
25115.0,21338.0,0
25114.0,21337.0,0
25115.0,21344.0,0
25103.0,21350.0,0
25118.0,21348.0,0
25120.0,21345.0,0
25106.0,21342.0,0
25113.0,21347.0,0
25114.0,21336.0,0
25115.0,21339.0,0
25129.0,21350.0,0
25126.0,21350.0,0
25127.0,21351.0,0
25123.0,21348.0,0
25132.0,21342.0,0
25131.0,21354.0,0
25112.0,21350.0,0
25126.0,21353.0,0
25127.0,21352.0,0
25143.0,21346.0,0
25122.0,21340.0,0
25126.0,21357.0,0
25132.0,21350.0,0
25133.0,21353.0,0
25119.0,21348.0,0
25129.0,21354.0,0
25120.0,21353.0,0
25113.0,21363.0,0
25128.0,21350.0,0
25109.0,21354.0,0
25121.0,21350.0,0
25115.0,21349.0,0
25126.0,21351.0,0
25114.0,21351.0,0
25110.0,21356.0,0
25110.0,21346.0,0
25108.0,21355.0,0
25115.0,21361.0,0
25119.0,21349.0,0
25110.0,21357.0,0
25128.0,21349.0,0
25123.0,21355.0,0
25107.0,21354.0,0
25118.0,21349.0,0
25123.0,21355.0,0
25111.0,21350.0,0
25126.0,21347.0,0
25110.0,21359.0,0
25118.0,21358.0,0
25112.0,21350.0,0
25124.0,21363.0,0
25124.0,21357.0,0
25138.0,21371.0,0
25118.0,21365.0,0
25125.0,21377.0,0
25127.0,21373.0,0
25124.0,21367.0,0
25117.0,21370.0,0
25136.0,21372.0,0
25130.0,21370.0,0
25136.0,21376.0,0
25137.0,21380.0,0
25117.0,21374.0,0
25119.0,21366.0,0
25119.0,21371.0,0
25123.0,21362.0,0
25115.0,21359.0,0
25092.0,21350.0,0
25100.0,21336.0,0
25101.0,21332.0,0
25096.0,21327.0,0
25089.0,21328.0,0
25080.0,21325.0,0
25086.0,21322.0,0
25087.0,21335.0,0
25087.0,21322.0,0
25094.0,21331.0,0
25081.0,21328.0,0
25072.0,21317.0,0
25076.0,21325.0,0
25085.0,21332.0,0
25071.0,21322.0,0
25072.0,21321.0,0
25091.0,21327.0,0
25075.0,21330.0,0
25059.0,21327.0,0
25074.0,21321.0,0
25073.0,21320.0,0
25068.0,21320.0,0
25073.0,21328.0,0
25079.0,21321.0,0
25082.0,21327.0,0
25062.0,21313.0,0
25058.0,21317.0,0
25059.0,21317.0,0
25074.0,21320.0,0
25063.0,21322.0,0
25069.0,21320.0,0
25079.0,21313.0,0
25061.0,21319.0,0
25059.0,21314.0,0
25059.0,21320.0,0
25054.0,21323.0,0
25058.0,21316.0,0
25054.0,21312.0,0
25062.0,21313.0,0
25053.0,21313.0,0
25059.0,21316.0,0
25064.0,21315.0,0
25054.0,21316.0,0
25060.0,21316.0,0
25056.0,21320.0,0
25065.0,21322.0,0
25050.0,21320.0,0
25064.0,21309.0,0
25064.0,21313.0,0
25049.0,21313.0,0
25054.0,21311.0,0
25050.0,21323.0,0
25052.0,21312.0,0
25039.0,21312.0,0
25051.0,21311.0,0
25051.0,21318.0,0
25048.0,21314.0,0
25056.0,21308.0,0
25060.0,21315.0,0
25031.0,21320.0,0
25055.0,21309.0,0
25057.0,21319.0,0
25055.0,21324.0,0
25063.0,21315.0,0
25049.0,21326.0,0
25039.0,21313.0,0
25063.0,21316.0,0
25044.0,21312.0,0
25034.0,21310.0,0
25057.0,21302.0,0
25034.0,21305.0,0
25033.0,21293.0,0
25047.0,21296.0,0
25034.0,21295.0,0
25035.0,21292.0,0
25023.0,21287.0,0
25030.0,21278.0,0
25013.0,21287.0,0
25038.0,21283.0,0
25042.0,21281.0,0
25041.0,21289.0,0
25045.0,21285.0,0
25037.0,21285.0,0
25023.0,21276.0,0
25033.0,21285.0,0
25036.0,21274.0,0
25027.0,21285.0,0
25035.0,21284.0,0
25031.0,21284.0,0
25036.0,21283.0,0
25037.0,21282.0,0
25033.0,21288.0,0
25037.0,21278.0,0
25023.0,21280.0,0
25038.0,21278.0,0
25036.0,21287.0,0
25040.0,21286.0,0
25022.0,21281.0,0
25019.0,21278.0,0
25044.0,21276.0,0
25037.0,21287.0,0
25039.0,21290.0,0
25052.0,21294.0,0
25050.0,21294.0,0
25050.0,21279.0,0
25035.0,21282.0,0
25044.0,21289.0,0
25048.0,21277.0,0
25021.0,21277.0,0
25043.0,21279.0,0
25027.0,21282.0,0
25039.0,21282.0,0
25030.0,21283.0,0
25037.0,21282.0,0
25024.0,21273.0,0
25026.0,21287.0,0
25043.0,21292.0,0
25023.0,21294.0,0
25028.0,21293.0,0
25029.0,21290.0,0
25044.0,21288.0,0
25041.0,21290.0,0
25037.0,21300.0,0
25038.0,21294.0,0
25040.0,21309.0,0
25047.0,21296.0,0
25029.0,21291.0,0
25030.0,21291.0,0
25045.0,21298.0,0
25028.0,21296.0,0
25036.0,21299.0,0
25052.0,21298.0,0
25044.0,21305.0,0
25057.0,21306.0,0
25048.0,21308.0,0
25049.0,21304.0,0
25061.0,21308.0,0
25052.0,21306.0,0
25075.0,21314.0,0
25062.0,21306.0,0
25073.0,21306.0,0
25076.0,21306.0,0
25063.0,21307.0,0
25053.0,21305.0,0
25047.0,21308.0,0
25054.0,21291.0,0
25048.0,21285.0,0
25047.0,21285.0,0
25047.0,21283.0,0
25039.0,21292.0,0
25062.0,21288.0,0
25078.0,21295.0,0
25055.0,21295.0,0
25055.0,21294.0,0
25055.0,21296.0,0
25035.0,21304.0,0
25042.0,21290.0,0
25047.0,21295.0,0
25051.0,21302.0,0
25061.0,21294.0,0
25064.0,21290.0,0
25055.0,21293.0,0
25067.0,21305.0,0
25064.0,21295.0,0
25060.0,21295.0,0
25066.0,21284.0,0
25056.0,21296.0,0
25062.0,21291.0,0
25056.0,21294.0,0
25053.0,21288.0,0
25060.0,21296.0,0
25057.0,21293.0,0
25061.0,21288.0,0
25065.0,21290.0,0
25066.0,21293.0,0
25057.0,21289.0,0
25060.0,21291.0,0
25053.0,21303.0,0
25066.0,21291.0,0
25066.0,21298.0,0
25070.0,21295.0,0
25062.0,21288.0,0
25059.0,21293.0,0
25063.0,21297.0,0
25065.0,21304.0,0
25059.0,21299.0,0
25061.0,21301.0,0
25054.0,21295.0,0
25071.0,21313.0,0
25066.0,21304.0,0
25061.0,21304.0,0
25081.0,21309.0,0
25074.0,21313.0,0
25087.0,21320.0,0
25080.0,21310.0,0
25075.0,21307.0,0
25075.0,21320.0,0
25082.0,21325.0,0
25081.0,21317.0,0
25083.0,21320.0,0
25072.0,21318.0,0
25091.0,21319.0,0
25075.0,21316.0,0
25087.0,21324.0,0
25088.0,21332.0,0
25095.0,21321.0,0
25093.0,21318.0,0
25103.0,21329.0,0
25092.0,21332.0,0
25084.0,21329.0,0
25094.0,21334.0,0
25084.0,21345.0,0
25102.0,21337.0,0
25095.0,21335.0,0
25089.0,21328.0,0
25090.0,21322.0,0
25083.0,21321.0,0
25074.0,21312.0,0
25070.0,21311.0,0
25069.0,21292.0,0
25065.0,21292.0,0
25058.0,21285.0,0
25065.0,21292.0,0
25063.0,21290.0,0
25044.0,21297.0,0
25069.0,21288.0,0
25049.0,21289.0,0
25058.0,21275.0,0
25050.0,21287.0,0
25062.0,21288.0,0
25045.0,21286.0,0
25045.0,21283.0,0
25062.0,21277.0,0
25056.0,21268.0,0
25053.0,21274.0,0
25048.0,21274.0,0
25043.0,21272.0,0
25045.0,21273.0,0
25061.0,21277.0,0
25053.0,21283.0,0
25039.0,21272.0,0
25040.0,21282.0,0
25045.0,21283.0,0
25058.0,21275.0,0
25052.0,21279.0,0
25047.0,21272.0,0
25060.0,21275.0,0
25042.0,21285.0,0
25042.0,21277.0,0
25040.0,21280.0,0
25037.0,21269.0,0
25043.0,21268.0,0
25022.0,21268.0,0
25031.0,21263.0,0
25022.0,21269.0,0
25031.0,21271.0,0
25020.0,21267.0,0
25029.0,21268.0,0
25041.0,21259.0,0
25038.0,21264.0,0
25013.0,21264.0,0
25025.0,21265.0,0
25035.0,21267.0,0
25027.0,21258.0,0
25022.0,21262.0,0
25002.0,21263.0,0
25004.0,21257.0,0
25007.0,21260.0,0
25012.0,21249.0,0
25021.0,21257.0,0
25015.0,21262.0,0
25010.0,21256.0,0
25010.0,21264.0,0
25020.0,21263.0,0
25004.0,21264.0,0
25006.0,21260.0,0
25008.0,21260.0,0
25011.0,21257.0,0
24994.0,21251.0,0
25006.0,21274.0,0
25011.0,21267.0,0
25012.0,21272.0,0
25010.0,21262.0,0
25022.0,21247.0,0
25006.0,21266.0,0
25004.0,21264.0,0
25016.0,21277.0,0
25013.0,21267.0,0
25008.0,21269.0,0
25000.0,21265.0,0
24997.0,21262.0,0
24997.0,21254.0,0
25005.0,21257.0,0
24999.0,21239.0,0
24993.0,21250.0,0
24993.0,21238.0,0
24992.0,21240.0,0
24977.0,21242.0,0
24979.0,21237.0,0
24994.0,21236.0,0
24976.0,21243.0,0
24988.0,21238.0,0
24997.0,21233.0,0
24990.0,21240.0,0
24979.0,21234.0,0
24996.0,21238.0,0
25001.0,21236.0,0
24983.0,21233.0,0
24990.0,21242.0,0
24995.0,21235.0,0
24987.0,21236.0,0
24995.0,21233.0,0
24998.0,21253.0,0
24991.0,21241.0,0
24986.0,21230.0,0
24977.0,21235.0,0
24997.0,21241.0,0
24992.0,21241.0,0
24996.0,21248.0,0
24998.0,21243.0,0
24996.0,21243.0,0
25008.0,21245.0,0
24985.0,21250.0,0
24994.0,21247.0,0
24986.0,21242.0,0
25004.0,21238.0,0
24991.0,21242.0,0
25000.0,21243.0,0
25005.0,21238.0,0
25000.0,21251.0,0
24987.0,21248.0,0
24994.0,21252.0,0
25003.0,21247.0,0
24998.0,21248.0,0
24995.0,21246.0,0
25000.0,21247.0,0
24990.0,21247.0,0
24995.0,21246.0,0
25002.0,21255.0,0
25013.0,21251.0,0
25011.0,21248.0,0
25006.0,21253.0,0
24991.0,21250.0,0
25007.0,21250.0,0
24998.0,21259.0,0
25005.0,21254.0,0
25004.0,21256.0,0
25014.0,21262.0,0
25011.0,21261.0,0
24995.0,21253.0,0
25014.0,21248.0,0
25015.0,21257.0,0
24995.0,21261.0,0
25019.0,21263.0,0
25012.0,21270.0,0
25021.0,21276.0,0
25028.0,21265.0,0
25003.0,21259.0,0
25015.0,21261.0,0
25030.0,21258.0,0
25034.0,21273.0,0
25029.0,21268.0,0
25006.0,21268.0,0
25026.0,21265.0,0
25009.0,21262.0,0
25025.0,21261.0,0
25014.0,21256.0,0
25017.0,21264.0,0
25031.0,21253.0,0
25023.0,21246.0,0
25010.0,21250.0,0
25015.0,21248.0,0
25016.0,21247.0,0
25027.0,21241.0,0
25006.0,21246.0,0
25012.0,21243.0,0
25017.0,21247.0,0
25006.0,21240.0,0
25010.0,21255.0,0
25023.0,21237.0,0
25017.0,21243.0,0
25017.0,21249.0,0
25022.0,21253.0,0
25008.0,21250.0,0
25016.0,21254.0,0
25011.0,21254.0,0
25006.0,21248.0,0
25010.0,21252.0,0
25010.0,21255.0,0
25019.0,21255.0,0
25034.0,21245.0,0
25031.0,21262.0,0
25021.0,21265.0,0
25032.0,21250.0,0
25029.0,21262.0,1
25038.0,21254.0,0
25026.0,21262.0,0
25033.0,21260.0,0
25032.0,21254.0,0
25050.0,21255.0,0
25043.0,21269.0,0
25034.0,21256.0,0
25034.0,21258.0,0
25042.0,21258.0,0
25034.0,21263.0,0
25039.0,21262.0,0
25048.0,21258.0,0
25023.0,21263.0,0
25022.0,21265.0,0
25038.0,21258.0,0
25052.0,21265.0,0
25037.0,21264.0,0
25036.0,21272.0,0
25023.0,21269.0,0
25035.0,21272.0,0
25029.0,21274.0,0
25035.0,21262.0,0
25043.0,21270.0,0
25044.0,21279.0,0
25033.0,21270.0,0
25049.0,21280.0,0
25035.0,21281.0,0
25036.0,21276.0,0
25023.0,21277.0,0
25046.0,21280.0,0
25038.0,21281.0,0
25047.0,21283.0,0
25036.0,21275.0,0
25037.0,21286.0,0
25041.0,21284.0,0
25046.0,21286.0,0
25039.0,21290.0,0
25049.0,21289.0,0
25054.0,21294.0,0
25040.0,21300.0,0
25038.0,21302.0,0
25062.0,21298.0,0
25052.0,21299.0,0
25054.0,21294.0,0
25063.0,21291.0,0
25051.0,21290.0,0
25046.0,21287.0,0
25021.0,21284.0,0
25031.0,21267.0,0
25034.0,21271.0,0
25033.0,21258.0,0
25021.0,21260.0,0
25015.0,21253.0,0
25009.0,21257.0,0
25021.0,21262.0,0
25032.0,21251.0,0
25028.0,21260.0,0
25014.0,21255.0,0
25024.0,21250.0,0
24999.0,21266.0,0
25012.0,21249.0,0
25003.0,21254.0,0
25017.0,21243.0,0
25002.0,21262.0,0
25008.0,21257.0,0
25019.0,21248.0,0
25013.0,21253.0,0
25014.0,21255.0,0
25010.0,21246.0,0
24996.0,21255.0,0
24999.0,21242.0,0
24998.0,21250.0,0
25007.0,21245.0,0
24988.0,21249.0,0
24991.0,21242.0,0
25003.0,21239.0,0
24993.0,21231.0,0
24992.0,21233.0,0
24989.0,21236.0,0
24985.0,21225.0,0
24984.0,21231.0,0
24970.0,21219.0,0
24984.0,21233.0,0
24995.0,21234.0,0
24976.0,21224.0,0
24974.0,21236.0,0
24973.0,21231.0,0
24980.0,21230.0,0
24970.0,21230.0,0
24968.0,21233.0,0
24967.0,21234.0,0
24969.0,21222.0,0
24969.0,21233.0,0
24968.0,21231.0,0
24971.0,21229.0,0
24973.0,21229.0,0
24963.0,21237.0,0
24969.0,21232.0,0
24960.0,21221.0,0
24967.0,21225.0,0
24967.0,21221.0,0
24973.0,21241.0,0
24971.0,21236.0,0
24968.0,21236.0,0
24947.0,21239.0,0
24965.0,21235.0,0
24966.0,21228.0,0
24955.0,21236.0,0
24959.0,21236.0,0
24959.0,21230.0,0
24968.0,21227.0,0
24958.0,21236.0,0
24964.0,21232.0,0
24962.0,21237.0,0
24962.0,21239.0,0
24969.0,21235.0,0
24952.0,21227.0,0
24947.0,21223.0,0
24955.0,21222.0,0
24946.0,21212.0,0
24945.0,21219.0,0
24949.0,21208.0,0
24938.0,21212.0,0
24929.0,21207.0,0
24921.0,21200.0,0
24922.0,21198.0,0
24921.0,21204.0,0
24932.0,21202.0,0
24927.0,21198.0,0
24935.0,21198.0,0
24937.0,21207.0,0
24938.0,21204.0,0
24924.0,21203.0,0
24943.0,21206.0,0
24940.0,21200.0,0
24933.0,21202.0,0
24939.0,21204.0,0
24942.0,21200.0,0
24938.0,21205.0,0
24939.0,21206.0,0
24940.0,21218.0,0
24945.0,21211.0,0
24941.0,21207.0,0
24951.0,21204.0,0
24955.0,21210.0,0
24958.0,21204.0,0
24951.0,21220.0,0
24960.0,21210.0,0
24952.0,21207.0,0
24943.0,21208.0,0
24949.0,21207.0,0
24952.0,21208.0,0
24942.0,21203.0,0
24954.0,21210.0,0
24949.0,21221.0,0
24959.0,21208.0,0
24949.0,21215.0,0
24953.0,21226.0,0
24952.0,21215.0,0
24968.0,21223.0,0
24965.0,21224.0,0
24952.0,21220.0,0
24959.0,21215.0,0
24953.0,21223.0,0
24963.0,21211.0,0
24960.0,21221.0,0
24953.0,21205.0,0
24953.0,21222.0,0
24957.0,21213.0,0
24960.0,21223.0,0
24967.0,21215.0,0
24967.0,21223.0,0
24972.0,21225.0,0
24967.0,21225.0,0
24979.0,21232.0,0
24981.0,21226.0,0
24990.0,21227.0,0
24984.0,21234.0,0
24978.0,21230.0,0
24986.0,21238.0,0
24991.0,21236.0,0
24989.0,21234.0,0
24990.0,21242.0,0
24985.0,21242.0,0
24994.0,21247.0,0
24981.0,21249.0,0
24990.0,21248.0,0
25004.0,21250.0,0
24999.0,21251.0,0
25008.0,21253.0,0
25012.0,21262.0,0
24988.0,21256.0,0
24990.0,21254.0,0
25010.0,21247.0,0
25002.0,21235.0,0
24989.0,21240.0,0
24980.0,21242.0,0
24992.0,21232.0,0
24988.0,21224.0,0
24970.0,21233.0,0
24982.0,21226.0,0
24979.0,21232.0,0
24993.0,21223.0,0
24991.0,21225.0,0
24991.0,21228.0,0
24989.0,21240.0,0
24993.0,21236.0,0
25009.0,21238.0,0
24996.0,21244.0,0
24998.0,21237.0,0
24998.0,21235.0,0
25013.0,21239.0,0
25013.0,21248.0,0
25000.0,21247.0,0
24995.0,21243.0,0
25020.0,21244.0,0
25015.0,21242.0,0
25012.0,21239.0,0
25010.0,21245.0,0
25016.0,21244.0,0
25021.0,21248.0,0
25017.0,21248.0,0
25019.0,21243.0,0
25014.0,21235.0,0
25019.0,21245.0,0
25024.0,21247.0,0
25023.0,21253.0,0
25006.0,21248.0,0
25009.0,21248.0,0
25009.0,21243.0,0
25011.0,21245.0,0
25023.0,21243.0,0
25001.0,21246.0,0
25012.0,21254.0,0
25025.0,21249.0,0
25012.0,21241.0,0
25023.0,21255.0,0
25002.0,21250.0,0
25016.0,21257.0,0
25006.0,21252.0,0
25022.0,21251.0,0
25025.0,21258.0,0
25014.0,21256.0,0
25028.0,21267.0,0
25033.0,21256.0,0
25016.0,21258.0,0
25029.0,21264.0,0
25033.0,21265.0,0
25045.0,21282.0,0
25033.0,21277.0,0
25031.0,21277.0,0
25043.0,21270.0,0
25034.0,21264.0,0
25043.0,21276.0,0
25052.0,21278.0,0
25035.0,21275.0,0
25049.0,21274.0,0
25040.0,21296.0,0
25062.0,21284.0,0
25045.0,21284.0,0
25040.0,21279.0,0
25047.0,21279.0,0
25056.0,21288.0,0
25055.0,21291.0,0
25050.0,21286.0,0
25054.0,21296.0,0
25059.0,21286.0,0
25055.0,21291.0,0
25059.0,21293.0,0
25051.0,21281.0,0
25036.0,21273.0,0
25034.0,21277.0,0
25039.0,21262.0,0
25021.0,21259.0,0
25020.0,21252.0,0
25013.0,21245.0,0
25001.0,21247.0,0
25007.0,21242.0,0
24994.0,21257.0,0
25010.0,21244.0,0
25012.0,21246.0,0
25003.0,21239.0,0
25004.0,21242.0,0
25007.0,21235.0,0
25004.0,21243.0,0
25000.0,21231.0,0
25001.0,21251.0,0
25018.0,21244.0,0
25001.0,21245.0,0
25006.0,21247.0,0
25008.0,21252.0,0
24998.0,21247.0,0
25021.0,21254.0,0
25017.0,21250.0,0
24999.0,21246.0,0
25027.0,21259.0,0
25001.0,21257.0,0
25000.0,21244.0,0
25000.0,21251.0,0
25003.0,21242.0,0
24999.0,21237.0,0
24997.0,21239.0,0
24994.0,21249.0,0
25004.0,21233.0,0
24984.0,21232.0,0
24999.0,21239.0,0
24999.0,21240.0,0
24984.0,21248.0,0
24992.0,21229.0,0
24991.0,21230.0,0
24982.0,21233.0,0
24979.0,21233.0,0
24980.0,21228.0,0
24963.0,21232.0,0
24968.0,21224.0,0
24974.0,21236.0,0
24965.0,21237.0,0
24966.0,21228.0,0
24958.0,21222.0,0
24959.0,21215.0,0
24964.0,21222.0,0
24968.0,21241.0,0
24966.0,21230.0,0
24960.0,21220.0,0
24941.0,21220.0,0
24949.0,21221.0,0
24953.0,21228.0,0
24951.0,21232.0,0
24957.0,21227.0,0
24947.0,21224.0,0
24951.0,21224.0,0
24945.0,21235.0,0
24938.0,21224.0,0
24949.0,21223.0,0
24943.0,21232.0,0
24947.0,21222.0,0
24943.0,21231.0,0
24941.0,21225.0,0
24940.0,21228.0,0
24942.0,21239.0,0
24943.0,21233.0,0
24941.0,21233.0,0
24932.0,21226.0,0
24920.0,21219.0,0
24924.0,21212.0,0
24926.0,21202.0,0
24915.0,21203.0,0
24919.0,21196.0,0
24896.0,21190.0,0
24893.0,21187.0,0
24896.0,21183.0,0
24898.0,21181.0,0
24891.0,21183.0,0
24882.0,21178.0,0
24888.0,21179.0,0
24890.0,21186.0,0
24879.0,21190.0,0
24877.0,21177.0,0
24869.0,21182.0,0
24863.0,21185.0,0
24861.0,21183.0,0
24849.0,21181.0,0
24849.0,21195.0,0
24853.0,21204.0,0
24851.0,21200.0,0
24849.0,21208.0,0
24832.0,21214.0,0
24847.0,21210.0,0
24833.0,21219.0,0
24822.0,21197.0,0
24812.0,21197.0,0
24818.0,21182.0,0
24816.0,21188.0,0
24811.0,21175.0,0
24800.0,21186.0,0
24805.0,21184.0,0
24812.0,21179.0,0
24837.0,21190.0,0
24817.0,21188.0,0
24809.0,21192.0,0
24810.0,21184.0,0
24813.0,21179.0,0
24801.0,21172.0,0
24806.0,21186.0,0
24800.0,21175.0,0
24796.0,21170.0,0
24809.0,21182.0,0
24809.0,21184.0,0
24808.0,21187.0,0
24805.0,21185.0,0
24800.0,21187.0,0
24800.0,21185.0,0
24797.0,21183.0,0
24781.0,21168.0,0
24781.0,21177.0,0
24783.0,21176.0,0
24782.0,21168.0,0
24778.0,21175.0,0
24786.0,21167.0,0
24777.0,21164.0,0
24766.0,21159.0,0
24771.0,21172.0,0
24764.0,21159.0,0
24769.0,21152.0,0
24767.0,21166.0,0
24778.0,21169.0,0
24763.0,21171.0,0
24768.0,21167.0,0
24776.0,21160.0,0
24775.0,21175.0,0
24777.0,21165.0,0
24780.0,21159.0,0
24798.0,21165.0,0
24784.0,21170.0,0
24789.0,21176.0,0
24780.0,21187.0,0
24782.0,21174.0,0
24771.0,21174.0,0
24771.0,21169.0,0
24760.0,21157.0,0
24756.0,21149.0,0
24759.0,21144.0,0
24753.0,21138.0,0
24741.0,21130.0,0
24732.0,21131.0,0
24736.0,21138.0,0
24733.0,21139.0,0
24725.0,21141.0,0
24735.0,21139.0,0
24726.0,21128.0,0
24725.0,21134.0,0
24725.0,21131.0,0
24716.0,21145.0,0
24722.0,21134.0,0
24729.0,21135.0,0
24726.0,21136.0,0
24725.0,21131.0,0
24719.0,21141.0,0
24726.0,21133.0,0
24719.0,21136.0,0
24725.0,21146.0,0
24718.0,21145.0,0
24717.0,21146.0,0
24721.0,21142.0,0
24730.0,21139.0,0
24724.0,21144.0,0
24725.0,21135.0,0
24720.0,21142.0,0
24718.0,21131.0,0
24729.0,21131.0,0
24717.0,21141.0,0
24718.0,21136.0,0
24719.0,21139.0,0
24720.0,21148.0,0
24719.0,21141.0,0
24721.0,21142.0,0
24712.0,21139.0,0
24710.0,21132.0,0
24714.0,21151.0,0
24708.0,21127.0,0
24700.0,21133.0,0
24705.0,21131.0,0
24704.0,21138.0,0
24700.0,21138.0,0
24696.0,21144.0,0
24705.0,21131.0,0
24719.0,21139.0,0
24688.0,21126.0,0
24693.0,21131.0,0
24704.0,21133.0,0
24696.0,21125.0,0
24695.0,21129.0,0
24702.0,21147.0,0
24693.0,21129.0,0
24707.0,21134.0,0
24686.0,21131.0,0
24695.0,21132.0,0
24696.0,21136.0,0
24695.0,21135.0,0
24701.0,21138.0,0
24706.0,21131.0,0
24693.0,21137.0,0
24703.0,21140.0,0
24696.0,21141.0,0
24699.0,21146.0,0
24691.0,21140.0,0
24704.0,21135.0,0
24694.0,21142.0,0
24697.0,21126.0,0
24683.0,21114.0,0
24697.0,21114.0,0
24678.0,21112.0,0
24672.0,21111.0,0
24675.0,21105.0,0
24669.0,21110.0,0
24671.0,21109.0,0
24669.0,21106.0,0
24674.0,21106.0,0
24673.0,21110.0,0
24672.0,21103.0,0
24666.0,21110.0,0
24665.0,21118.0,0
24669.0,21109.0,0
24662.0,21109.0,0
24673.0,21106.0,0
24669.0,21113.0,0
24670.0,21112.0,0
24674.0,21115.0,0
24675.0,21129.0,0
24682.0,21113.0,0
24673.0,21122.0,0
24676.0,21120.0,0
24682.0,21130.0,0
24679.0,21127.0,0
24685.0,21125.0,0
24690.0,21133.0,0
24694.0,21127.0,0
24687.0,21128.0,0
24688.0,21130.0,0
24684.0,21139.0,0
24694.0,21139.0,0
24700.0,21135.0,0
24691.0,21141.0,0
24706.0,21152.0,0
24698.0,21142.0,0
24692.0,21144.0,0
24685.0,21138.0,0
24693.0,21141.0,0
24696.0,21138.0,0
24688.0,21131.0,0
24700.0,21140.0,0
24685.0,21141.0,0
24688.0,21140.0,0
24694.0,21137.0,0
24701.0,21143.0,0
24698.0,21141.0,0
24694.0,21138.0,0
24703.0,21134.0,0
24678.0,21132.0,0
24688.0,21146.0,0
24694.0,21130.0,0
24696.0,21144.0,0
24691.0,21145.0,0
24695.0,21148.0,0
24696.0,21143.0,0
24699.0,21150.0,0
24700.0,21151.0,0
24693.0,21152.0,0
24708.0,21146.0,0
24709.0,21151.0,0
24715.0,21160.0,0
24720.0,21159.0,0
24724.0,21160.0,0
24715.0,21164.0,0
24708.0,21160.0,0
24715.0,21159.0,0
24708.0,21161.0,0
24708.0,21150.0,0
24711.0,21159.0,0
24700.0,21145.0,0
24709.0,21143.0,0
24699.0,21141.0,0
24692.0,21142.0,0
24700.0,21144.0,0
24691.0,21146.0,0
24697.0,21137.0,0
24701.0,21136.0,0
24701.0,21138.0,0
24692.0,21151.0,0
24704.0,21145.0,0
24693.0,21152.0,0
24703.0,21151.0,0
24708.0,21145.0,0
24712.0,21149.0,0
24706.0,21148.0,0
24730.0,21156.0,0
24725.0,21158.0,0
24724.0,21160.0,0
24735.0,21163.0,0
24743.0,21169.0,0
24742.0,21166.0,0
24730.0,21155.0,0
24740.0,21160.0,0
24734.0,21160.0,0
24750.0,21161.0,0
24727.0,21153.0,0
24735.0,21161.0,0
24731.0,21164.0,0
24728.0,21165.0,0
24741.0,21167.0,0
24744.0,21165.0,0
24737.0,21159.0,0
24736.0,21164.0,0
24742.0,21176.0,0
24726.0,21160.0,0
24736.0,21169.0,0
24738.0,21162.0,0
24728.0,21161.0,0
24735.0,21164.0,0
24726.0,21165.0,0
24721.0,21174.0,0
24728.0,21169.0,0
24732.0,21166.0,0
24725.0,21164.0,0
24731.0,21163.0,0
24730.0,21170.0,0
24718.0,21162.0,0
24722.0,21157.0,0
24718.0,21162.0,0
24719.0,21171.0,0
24725.0,21167.0,0
24733.0,21163.0,0
24727.0,21155.0,0
24733.0,21156.0,0
24725.0,21164.0,0
24718.0,21171.0,0
24714.0,21180.0,0
24717.0,21175.0,0
24729.0,21184.0,0
24722.0,21170.0,0
24719.0,21175.0,0
24726.0,21167.0,0
24731.0,21178.0,0
24722.0,21183.0,0
24728.0,21176.0,0
24740.0,21180.0,0
24734.0,21187.0,0
24731.0,21188.0,0
24726.0,21180.0,0
24731.0,21174.0,0
24711.0,21167.0,0
24715.0,21167.0,0
24709.0,21160.0,0
24701.0,21150.0,0
24706.0,21150.0,0
24695.0,21144.0,0
24697.0,21139.0,0
24700.0,21141.0,0
24686.0,21145.0,0
24694.0,21140.0,0
24691.0,21146.0,0
24704.0,21150.0,0
24689.0,21143.0,0
24698.0,21144.0,0
24696.0,21139.0,0
24690.0,21148.0,0
24690.0,21143.0,0
24697.0,21151.0,0
24708.0,21149.0,0
24703.0,21153.0,0
24697.0,21148.0,0
24705.0,21148.0,0
24698.0,21144.0,0
24701.0,21153.0,0
24700.0,21153.0,0
24705.0,21143.0,0
24702.0,21149.0,0
24697.0,21146.0,0
24689.0,21140.0,0
24694.0,21150.0,0
24695.0,21145.0,0
24694.0,21150.0,0
24699.0,21161.0,0
24701.0,21157.0,0
24697.0,21156.0,0
24687.0,21155.0,0
24683.0,21150.0,0
24684.0,21149.0,0
24684.0,21140.0,0
24684.0,21150.0,0
24675.0,21141.0,0
24684.0,21140.0,0
24677.0,21143.0,0
24688.0,21145.0,0
24678.0,21135.0,0
24663.0,21144.0,0
24671.0,21149.0,0
24676.0,21144.0,0
24679.0,21149.0,0
24676.0,21135.0,0
24690.0,21147.0,0
24672.0,21147.0,0
24685.0,21153.0,0
24677.0,21138.0,0
24685.0,21146.0,0
24682.0,21143.0,0
24683.0,21147.0,0
24682.0,21144.0,0
24682.0,21141.0,0
24674.0,21149.0,0
24686.0,21154.0,0
24682.0,21141.0,0
24683.0,21144.0,0
24682.0,21151.0,0
24684.0,21143.0,0
24685.0,21150.0,0
24677.0,21147.0,0
24691.0,21156.0,0
24694.0,21148.0,0
24686.0,21148.0,0
24681.0,21152.0,0
24682.0,21156.0,0
24671.0,21142.0,0
24672.0,21141.0,0
24661.0,21134.0,0
24671.0,21132.0,0
24676.0,21135.0,0
24659.0,21120.0,0
24668.0,21126.0,0
24661.0,21119.0,0
24674.0,21129.0,0
24673.0,21126.0,0
24671.0,21129.0,0
24678.0,21126.0,0
24675.0,21132.0,0
24673.0,21139.0,0
24672.0,21136.0,0
24670.0,21130.0,0
24677.0,21128.0,0
24684.0,21131.0,0
24684.0,21143.0,0
24687.0,21139.0,0
24689.0,21140.0,0
24683.0,21136.0,0
24698.0,21146.0,0
24686.0,21147.0,0
24695.0,21136.0,0
24704.0,21134.0,0
24703.0,21137.0,0
24703.0,21141.0,0
24701.0,21137.0,0
24703.0,21140.0,0
24701.0,21137.0,0
24700.0,21147.0,0
24718.0,21136.0,0
24710.0,21143.0,0
24714.0,21144.0,0
24720.0,21142.0,0
24710.0,21142.0,0
24699.0,21141.0,0
24713.0,21151.0,0
24725.0,21149.0,0
24721.0,21148.0,0
24707.0,21148.0,0
24724.0,21157.0,0
24727.0,21146.0,0
24728.0,21148.0,0
24729.0,21153.0,0
24731.0,21160.0,0
24726.0,21160.0,0
24726.0,21161.0,0
24725.0,21146.0,0
24738.0,21163.0,0
24742.0,21150.0,0
24746.0,21157.0,0
24734.0,21154.0,0
24725.0,21161.0,0
24722.0,21150.0,0
24728.0,21157.0,0
24724.0,21153.0,0
24737.0,21158.0,0
24735.0,21158.0,0
24734.0,21154.0,0
24738.0,21161.0,0
24735.0,21160.0,0
24740.0,21159.0,0
24753.0,21174.0,0
24756.0,21174.0,0
24763.0,21167.0,0
24763.0,21179.0,0
24772.0,21178.0,0
24785.0,21187.0,0
24775.0,21190.0,0
24789.0,21189.0,0
24768.0,21190.0,0
24787.0,21196.0,0
24784.0,21201.0,0
24782.0,21192.0,0
24770.0,21193.0,0
24773.0,21189.0,0
24771.0,21185.0,0
24762.0,21173.0,0
24761.0,21176.0,0
24751.0,21165.0,0
24751.0,21169.0,0
24756.0,21173.0,0
24768.0,21181.0,0
24760.0,21177.0,0
24767.0,21167.0,0
24765.0,21173.0,0
24760.0,21174.0,0
24737.0,21165.0,0
24745.0,21163.0,0
24741.0,21162.0,0
24744.0,21172.0,0
24749.0,21171.0,0
24749.0,21177.0,0
24747.0,21173.0,0
24745.0,21173.0,0
24751.0,21172.0,0
24749.0,21164.0,0
24752.0,21173.0,0
24747.0,21166.0,0
24750.0,21164.0,0
24757.0,21175.0,0
24759.0,21164.0,0
24752.0,21166.0,0
24764.0,21173.0,0
24746.0,21159.0,0
24753.0,21165.0,0
24755.0,21167.0,0
24751.0,21177.0,0
24755.0,21177.0,0
24763.0,21174.0,0
24762.0,21172.0,0
24765.0,21166.0,0
24762.0,21177.0,0
24760.0,21182.0,0
24766.0,21183.0,0
24767.0,21170.0,0
24777.0,21178.0,0
24777.0,21183.0,0
24772.0,21176.0,0
24771.0,21184.0,0
24772.0,21181.0,0
24776.0,21187.0,0
24768.0,21184.0,0
24769.0,21190.0,0
24762.0,21185.0,0
24761.0,21179.0,0
24765.0,21183.0,0
24762.0,21194.0,0
24773.0,21196.0,0
24758.0,21191.0,0
24764.0,21190.0,0
24751.0,21190.0,0
24760.0,21203.0,0
24770.0,21182.0,0
24751.0,21194.0,0
24756.0,21193.0,0
24760.0,21196.0,0
24762.0,21194.0,0
24767.0,21192.0,0
24756.0,21196.0,0
24762.0,21196.0,0
24769.0,21193.0,0
24772.0,21199.0,0
24767.0,21194.0,0
24770.0,21192.0,0
24764.0,21186.0,0
24780.0,21203.0,0
24768.0,21192.0,0
24766.0,21189.0,0
24757.0,21191.0,0
24761.0,21182.0,0
24761.0,21182.0,0
24751.0,21176.0,0
24755.0,21170.0,0
24744.0,21175.0,0
24758.0,21157.0,0
24751.0,21163.0,0
24753.0,21178.0,0
24762.0,21173.0,0
24758.0,21165.0,0
24761.0,21168.0,0
24756.0,21163.0,0
24751.0,21152.0,0
24759.0,21168.0,0
24758.0,21173.0,0
24761.0,21173.0,0
24755.0,21168.0,0
24745.0,21170.0,0
24750.0,21162.0,0
24742.0,21178.0,0
24743.0,21164.0,0
24745.0,21163.0,0
24742.0,21162.0,0
24741.0,21166.0,0
24743.0,21158.0,0
24735.0,21151.0,0
24741.0,21156.0,0
24739.0,21158.0,0
24739.0,21159.0,0
24735.0,21154.0,0
24735.0,21160.0,0
24737.0,21163.0,0
24748.0,21167.0,0
24730.0,21159.0,0
24730.0,21152.0,0
24728.0,21155.0,0
24729.0,21152.0,0
24723.0,21157.0,0
24716.0,21147.0,0
24722.0,21150.0,0
24723.0,21145.0,0
24727.0,21148.0,0
24724.0,21137.0,0
24722.0,21150.0,0
24725.0,21151.0,0
24723.0,21141.0,0
24714.0,21157.0,0
24729.0,21153.0,0
24729.0,21159.0,0
24734.0,21143.0,0
24738.0,21156.0,0
24727.0,21157.0,0
24734.0,21149.0,0
24724.0,21154.0,0
24732.0,21140.0,0
24725.0,21152.0,0
24724.0,21151.0,0
24731.0,21157.0,0
24739.0,21154.0,0
24741.0,21153.0,0
24733.0,21154.0,0
24732.0,21160.0,0
24740.0,21153.0,0
24745.0,21155.0,0
24748.0,21162.0,0
24741.0,21164.0,0
24738.0,21161.0,0
24735.0,21152.0,0
24741.0,21162.0,0
24738.0,21145.0,0
24735.0,21156.0,0
24726.0,21148.0,0
24712.0,21152.0,0
24721.0,21132.0,0
24712.0,21140.0,0
24707.0,21124.0,0
24701.0,21130.0,0
24692.0,21124.0,0
24708.0,21120.0,0
24712.0,21120.0,0
24714.0,21130.0,0
24715.0,21132.0,0
24716.0,21124.0,0
24724.0,21123.0,0
24717.0,21128.0,0
24718.0,21124.0,0
24715.0,21122.0,0
24713.0,21121.0,0
24721.0,21125.0,0
24728.0,21129.0,0
24722.0,21126.0,0
24727.0,21124.0,0
24728.0,21122.0,0
24732.0,21122.0,0
24730.0,21132.0,0
24726.0,21132.0,0
24728.0,21129.0,0
24732.0,21128.0,0
24740.0,21129.0,0
24745.0,21131.0,0
24742.0,21124.0,0
24741.0,21120.0,0
24733.0,21131.0,0
24737.0,21125.0,0
24747.0,21135.0,0
24742.0,21128.0,0
24733.0,21130.0,0
24749.0,21129.0,0
24738.0,21124.0,0
24747.0,21125.0,0
24737.0,21129.0,0
24734.0,21132.0,0
24747.0,21119.0,0
24728.0,21126.0,0
24744.0,21119.0,0
24740.0,21125.0,0
24735.0,21121.0,0
24738.0,21126.0,0
24732.0,21129.0,0
24741.0,21136.0,0
24738.0,21123.0,0
24744.0,21135.0,0
24737.0,21134.0,0
24742.0,21136.0,0
24748.0,21136.0,0
24739.0,21129.0,0
24748.0,21142.0,0
24746.0,21138.0,0
24761.0,21138.0,0
24748.0,21130.0,0
24754.0,21132.0,0
24756.0,21135.0,0
24757.0,21140.0,0
24755.0,21134.0,0
24757.0,21147.0,0
24769.0,21141.0,0
24767.0,21143.0,0
24766.0,21148.0,0
24775.0,21147.0,0
24780.0,21147.0,0
24781.0,21159.0,0
24772.0,21143.0,0
24773.0,21144.0,0
24771.0,21145.0,0
24772.0,21147.0,0
24770.0,21141.0,0
24758.0,21127.0,0
24758.0,21131.0,0
24753.0,21123.0,0
24760.0,21125.0,0
24750.0,21128.0,0
24756.0,21125.0,0
24758.0,21115.0,0
24761.0,21114.0,0
24759.0,21126.0,0
24774.0,21120.0,0
24768.0,21122.0,0
24759.0,21121.0,0
24765.0,21121.0,0
24771.0,21125.0,0
24772.0,21122.0,0
24767.0,21121.0,0
24775.0,21125.0,0
24774.0,21128.0,0
24768.0,21138.0,0
24782.0,21132.0,0
24789.0,21131.0,0
24787.0,21131.0,0
24787.0,21128.0,0
24786.0,21127.0,0
24786.0,21131.0,0
24803.0,21132.0,0
24784.0,21132.0,0
24789.0,21128.0,0
24790.0,21118.0,0
24788.0,21133.0,0
24786.0,21126.0,0
24791.0,21129.0,0
24796.0,21131.0,0
24794.0,21135.0,0
24793.0,21128.0,0
24786.0,21119.0,0
24797.0,21129.0,0
24797.0,21135.0,0
24794.0,21125.0,0
24779.0,21140.0,0
24792.0,21125.0,0
24784.0,21122.0,0
24781.0,21126.0,0
24787.0,21131.0,0
24789.0,21129.0,0
24779.0,21119.0,0
24780.0,21125.0,0
24784.0,21126.0,0
24780.0,21127.0,0
24785.0,21130.0,0
24785.0,21130.0,0
24798.0,21126.0,0
24794.0,21134.0,0
24800.0,21136.0,0
24795.0,21129.0,0
24802.0,21133.0,0
24794.0,21130.0,0
24788.0,21139.0,0
24793.0,21136.0,0
24798.0,21133.0,0
24802.0,21149.0,0
24800.0,21146.0,0
24802.0,21143.0,0
24811.0,21144.0,0
24817.0,21144.0,0
24823.0,21154.0,0
24824.0,21157.0,0
24816.0,21158.0,0
24810.0,21163.0,0
24829.0,21154.0,0
24823.0,21143.0,0
24822.0,21150.0,0
24812.0,21140.0,0
24795.0,21138.0,0
24812.0,21138.0,0
24797.0,21126.0,0
24789.0,21121.0,0
24795.0,21115.0,0
24789.0,21108.0,0
24783.0,21124.0,0
24788.0,21115.0,0
24786.0,21113.0,0
24786.0,21119.0,0
24784.0,21108.0,0
24782.0,21112.0,0
24798.0,21108.0,0
24796.0,21106.0,0
24778.0,21121.0,0
24785.0,21110.0,0
24779.0,21106.0,0
24791.0,21109.0,0
24787.0,21114.0,0
24778.0,21120.0,0
24771.0,21109.0,0
24778.0,21114.0,0
24764.0,21099.0,0
24781.0,21102.0,0
24767.0,21099.0,0
24775.0,21105.0,0
24787.0,21099.0,0
24780.0,21107.0,0
24769.0,21102.0,0
24779.0,21100.0,0
24777.0,21103.0,0
24782.0,21102.0,0
24779.0,21102.0,0
24777.0,21094.0,0
24779.0,21092.0,0
24774.0,21093.0,0
24770.0,21095.0,0
24767.0,21088.0,0
24756.0,21094.0,0
24766.0,21085.0,0
24773.0,21105.0,0
24779.0,21096.0,0
24774.0,21096.0,0
24776.0,21096.0,0
24780.0,21101.0,0
24770.0,21085.0,0
24781.0,21100.0,0
24772.0,21094.0,0
24790.0,21088.0,0
24774.0,21091.0,0
24780.0,21090.0,0
24781.0,21087.0,0
24780.0,21089.0,0
24777.0,21097.0,0
24788.0,21100.0,0
24791.0,21093.0,0
24786.0,21094.0,0
24773.0,21102.0,0
24767.0,21090.0,0
24774.0,21095.0,0
24778.0,21101.0,0
24790.0,21097.0,0
24774.0,21091.0,0
24775.0,21095.0,0
24775.0,21098.0,0
24791.0,21102.0,0
24795.0,21105.0,0
24795.0,21106.0,0
24786.0,21105.0,0
24780.0,21103.0,0
24779.0,21098.0,0
24786.0,21092.0,0
24769.0,21099.0,0
24762.0,21087.0,0
24769.0,21088.0,0
24770.0,21076.0,0
24766.0,21073.0,0
24768.0,21081.0,0
24762.0,21088.0,0
24764.0,21090.0,0
24785.0,21076.0,0
24780.0,21074.0,0
24781.0,21075.0,0
24781.0,21075.0,0
24771.0,21082.0,0
24776.0,21080.0,0
24770.0,21077.0,0
24779.0,21059.0,0
24770.0,21070.0,0
24780.0,21075.0,0
24781.0,21074.0,0
24784.0,21081.0,0
24794.0,21078.0,0
24791.0,21073.0,0
24781.0,21080.0,0
24791.0,21070.0,0
24801.0,21083.0,0
24796.0,21081.0,0
24796.0,21079.0,0
24799.0,21078.0,0
24797.0,21075.0,0
24793.0,21082.0,0
24783.0,21092.0,0
24785.0,21082.0,0
24792.0,21084.0,0
24784.0,21073.0,0
24789.0,21081.0,0
24787.0,21078.0,0
24786.0,21086.0,0
24795.0,21084.0,0
24795.0,21083.0,0
24786.0,21082.0,0
24783.0,21079.0,0
24783.0,21081.0,0
24788.0,21083.0,0
24804.0,21079.0,0
24780.0,21077.0,0
24795.0,21082.0,0
24787.0,21079.0,0
24801.0,21083.0,0
24798.0,21093.0,0
24786.0,21088.0,0
24800.0,21085.0,0
24796.0,21082.0,0
24792.0,21089.0,0
24784.0,21084.0,0
24800.0,21092.0,0
24806.0,21086.0,0
24807.0,21093.0,0
24804.0,21096.0,0
24822.0,21098.0,0
24808.0,21088.0,0
24828.0,21094.0,0
24818.0,21103.0,0
24820.0,21100.0,0
24809.0,21107.0,0
24828.0,21101.0,0
24828.0,21098.0,0
24832.0,21095.0,0
24834.0,21106.0,0
24813.0,21103.0,0
24826.0,21100.0,0
24819.0,21092.0,0
24820.0,21092.0,0
24806.0,21086.0,0
24815.0,21088.0,0
24820.0,21080.0,0
24804.0,21079.0,0
24809.0,21070.0,0
24802.0,21071.0,0
24795.0,21067.0,0
24801.0,21075.0,0
24802.0,21067.0,0
24806.0,21070.0,0
24793.0,21066.0,0
24808.0,21074.0,0
24802.0,21085.0,0
24815.0,21068.0,0
24812.0,21083.0,0
24814.0,21076.0,0
24821.0,21086.0,0
24816.0,21085.0,0
24827.0,21077.0,0
24826.0,21076.0,0
24821.0,21076.0,1
24813.0,21075.0,0
24821.0,21086.0,0
24819.0,21086.0,0
24820.0,21079.0,0
24811.0,21081.0,0
24823.0,21087.0,0
24813.0,21090.0,0
24814.0,21081.0,0
24817.0,21062.0,0
24808.0,21082.0,0
24821.0,21066.0,0
24806.0,21068.0,0
24818.0,21080.0,0
24823.0,21078.0,0
24821.0,21082.0,0
24818.0,21083.0,0
24816.0,21074.0,0
24814.0,21073.0,0
24811.0,21074.0,0
24825.0,21078.0,0
24811.0,21078.0,0
24834.0,21073.0,0
24819.0,21084.0,0
24815.0,21075.0,0
24824.0,21084.0,0
24823.0,21085.0,0
24828.0,21093.0,0
24835.0,21092.0,0
24832.0,21088.0,0
24829.0,21091.0,0
24835.0,21089.0,0
24835.0,21086.0,0
24832.0,21084.0,0
24842.0,21090.0,0
24839.0,21094.0,0
24842.0,21078.0,0
24838.0,21088.0,0
24842.0,21097.0,0
24846.0,21091.0,0
24853.0,21101.0,0
24854.0,21100.0,0
24858.0,21100.0,0
24847.0,21093.0,0
24851.0,21100.0,0
24850.0,21096.0,0
24864.0,21105.0,0
24854.0,21092.0,0
24855.0,21097.0,0
24845.0,21099.0,0
24843.0,21098.0,0
24832.0,21080.0,0
24832.0,21079.0,0
24842.0,21064.0,0
24810.0,21066.0,0
24816.0,21066.0,0
24820.0,21061.0,0
24818.0,21053.0,0
24810.0,21051.0,0
24822.0,21058.0,0
24800.0,21051.0,0
24821.0,21055.0,0
24818.0,21059.0,0
24819.0,21057.0,0
24808.0,21053.0,0
24808.0,21053.0,0
24815.0,21047.0,0
24811.0,21058.0,0
24814.0,21060.0,0
24818.0,21053.0,0
24806.0,21065.0,0
24813.0,21062.0,0
24798.0,21055.0,0
24809.0,21051.0,0
24811.0,21055.0,0
24806.0,21057.0,0
24791.0,21046.0,0
24814.0,21055.0,0
24802.0,21053.0,0
24803.0,21054.0,0
24810.0,21057.0,0
24806.0,21056.0,0
24804.0,21051.0,0
24802.0,21043.0,0
24803.0,21040.0,0
24807.0,21055.0,0
24806.0,21039.0,0
24813.0,21044.0,0
24807.0,21049.0,0
24797.0,21042.0,0
24793.0,21047.0,0
24797.0,21049.0,0
24801.0,21044.0,0
24803.0,21048.0,0
24818.0,21052.0,0
24798.0,21053.0,0
24802.0,21047.0,0
24794.0,21049.0,0
24801.0,21049.0,0
24800.0,21048.0,0
24799.0,21046.0,0
24798.0,21048.0,0
24801.0,21058.0,0
24802.0,21045.0,0
24798.0,21041.0,0
24792.0,21054.0,0
24804.0,21049.0,0
24798.0,21063.0,0
24801.0,21049.0,0
24813.0,21063.0,0
24797.0,21054.0,0
24799.0,21049.0,0
24803.0,21048.0,0
24803.0,21055.0,0
24791.0,21054.0,0
24804.0,21050.0,0
24797.0,21061.0,0
24804.0,21056.0,0
24793.0,21048.0,0
24791.0,21040.0,0
24789.0,21044.0,0
24772.0,21039.0,0
24792.0,21028.0,0
24790.0,21024.0,0
24784.0,21025.0,0
24782.0,21032.0,0
24782.0,21018.0,0
24790.0,21018.0,0
24796.0,21028.0,0
24785.0,21019.0,0
24798.0,21019.0,0
24783.0,21027.0,0
24788.0,21030.0,0
24793.0,21014.0,0
24789.0,21014.0,0
24801.0,21024.0,0
24806.0,21028.0,0
24797.0,21021.0,0
24809.0,21030.0,0
24811.0,21027.0,0
24809.0,21035.0,0
24806.0,21025.0,0
24809.0,21024.0,0
24813.0,21028.0,0
24819.0,21030.0,0
24801.0,21032.0,0
24815.0,21023.0,0
24813.0,21030.0,0
24813.0,21027.0,0
24814.0,21030.0,0
24813.0,21037.0,0
24820.0,21034.0,0
24824.0,21024.0,0
24802.0,21036.0,0
24823.0,21032.0,0
24817.0,21030.0,0
24828.0,21022.0,0
24816.0,21024.0,0
24811.0,21030.0,0
24824.0,21021.0,0
24804.0,21028.0,0
24812.0,21021.0,0
24810.0,21036.0,0
24813.0,21035.0,0
24812.0,21022.0,0
24825.0,21028.0,0
24820.0,21024.0,0
24817.0,21029.0,0
24815.0,21027.0,0
24817.0,21030.0,0
24821.0,21026.0,0
24822.0,21030.0,0
24825.0,21037.0,0
24820.0,21033.0,0
24820.0,21031.0,0
24818.0,21029.0,0
24840.0,21026.0,0
24815.0,21032.0,0
24818.0,21033.0,0
24823.0,21035.0,0
24826.0,21031.0,0
24831.0,21033.0,0
24834.0,21043.0,0
24837.0,21032.0,0
24831.0,21036.0,0
24826.0,21033.0,0
24832.0,21035.0,0
24819.0,21031.0,0
24815.0,21030.0,0
24827.0,21027.0,0
24822.0,21025.0,0
24821.0,21017.0,0
24813.0,21017.0,0
24821.0,21009.0,0
24815.0,21015.0,0
24819.0,21006.0,0
24825.0,21015.0,0
24832.0,21017.0,0
24821.0,21019.0,0
24823.0,21023.0,0
24823.0,21009.0,0
24821.0,21011.0,0
24817.0,21027.0,0
24830.0,21013.0,0
24838.0,21018.0,0
24825.0,21007.0,0
24840.0,21016.0,0
24833.0,21011.0,0
24832.0,21028.0,0
24825.0,21022.0,0
24827.0,21024.0,0
24830.0,21025.0,0
24833.0,21013.0,0
24840.0,21017.0,0
24838.0,21020.0,0
24829.0,21012.0,0
24826.0,21011.0,0
24836.0,21011.0,0
24835.0,21014.0,0
24834.0,21018.0,0
24840.0,21016.0,0
24824.0,21018.0,0
24836.0,21014.0,0
24837.0,21012.0,0
24828.0,21024.0,0
24837.0,21013.0,0
24843.0,21016.0,0
24830.0,21020.0,0
24829.0,21022.0,0
24833.0,21020.0,0
24834.0,21015.0,0
24839.0,21031.0,0
24840.0,21022.0,0
24835.0,21018.0,0
24828.0,21016.0,0
24834.0,21014.0,0
24827.0,21003.0,0
24828.0,21006.0,0
24836.0,21022.0,0
24827.0,21018.0,0
24834.0,21023.0,0
24839.0,21034.0,0
24846.0,21026.0,0
24839.0,21028.0,0
24855.0,21034.0,0
24849.0,21026.0,0
24841.0,21029.0,0
24856.0,21038.0,0
24853.0,21037.0,0
24857.0,21034.0,0
24871.0,21033.0,0
24865.0,21039.0,0
24856.0,21044.0,0
24851.0,21036.0,0
24861.0,21029.0,0
24857.0,21029.0,0
24857.0,21023.0,0
24836.0,21019.0,0
24849.0,21011.0,0
24844.0,21010.0,0
24836.0,21013.0,0
24847.0,21005.0,0
24822.0,21008.0,0
24838.0,21006.0,0
24841.0,21021.0,0
24847.0,21010.0,0
24844.0,21014.0,0
24861.0,21002.0,0
24853.0,21005.0,0
24853.0,21014.0,0
24849.0,21021.0,0
24859.0,21016.0,0
24852.0,21018.0,0
24856.0,21023.0,0
24857.0,21025.0,0
24865.0,21027.0,0
24862.0,21030.0,0
24856.0,21022.0,0
24865.0,21018.0,0
24861.0,21014.0,0
24851.0,21024.0,0
24863.0,21026.0,0
24852.0,21025.0,0
24862.0,21009.0,0
24847.0,21018.0,0
24856.0,21012.0,0
24847.0,21010.0,0
24852.0,21023.0,0
24871.0,21010.0,0
24863.0,21018.0,0
24859.0,21014.0,0
24858.0,21011.0,0
24857.0,21004.0,0
24859.0,21009.0,0
24858.0,21013.0,0
24850.0,21013.0,0
24865.0,21013.0,0
24860.0,21010.0,0
24853.0,21013.0,0
24856.0,21007.0,0
24850.0,21003.0,0
24854.0,21014.0,0
24854.0,21012.0,0
24863.0,21015.0,0
24863.0,21008.0,0
24857.0,21013.0,0
24856.0,21010.0,0
24854.0,21007.0,0
24854.0,21009.0,0
24855.0,21015.0,0
24855.0,21013.0,0
24854.0,21010.0,0
24872.0,21011.0,0
24854.0,21007.0,0
24873.0,21013.0,0
24863.0,21021.0,0
24858.0,21006.0,0
24865.0,21020.0,0
24858.0,21013.0,0
24867.0,21012.0,0
24872.0,21018.0,0
24857.0,21016.0,0
24869.0,21016.0,0
24858.0,21021.0,0
24866.0,21019.0,0
24862.0,21013.0,0
24855.0,21007.0,0
24849.0,21015.0,0
24855.0,21003.0,0
24849.0,20999.0,0
24834.0,20999.0,0
24838.0,20997.0,0
24834.0,20982.0,0
24834.0,20992.0,0
24841.0,21000.0,0
24840.0,20989.0,0
24828.0,20994.0,0
24829.0,20991.0,0
24835.0,20987.0,0
24838.0,20988.0,0
24828.0,20981.0,0
24831.0,20984.0,0
24832.0,20981.0,0
24824.0,20978.0,0
24810.0,20981.0,0
24820.0,20980.0,0
24811.0,20982.0,0
24813.0,20976.0,0
24815.0,20974.0,0
24811.0,20966.0,0
24803.0,20969.0,0
24820.0,20972.0,0
24820.0,20961.0,0
24806.0,20971.0,0
24812.0,20975.0,0
24807.0,20968.0,0
24809.0,20963.0,0
24800.0,20968.0,0
24803.0,20966.0,0
24807.0,20971.0,0
24816.0,20966.0,0
24814.0,20967.0,0
24805.0,20967.0,0
24810.0,20960.0,0
24803.0,20959.0,0
24810.0,20970.0,0
24808.0,20958.0,0
24811.0,20967.0,0
24814.0,20960.0,0
24816.0,20957.0,0
24811.0,20970.0,0
24815.0,20967.0,0
24811.0,20963.0,0
24811.0,20975.0,0
24815.0,20968.0,0
24805.0,20965.0,0
24807.0,20961.0,0
24807.0,20962.0,0
24811.0,20954.0,0
24809.0,20965.0,0
24818.0,20957.0,0
24820.0,20961.0,0
24814.0,20971.0,0
24827.0,20964.0,0
24820.0,20974.0,0
24821.0,20967.0,0
24823.0,20973.0,0
24823.0,20984.0,0
24822.0,20979.0,0
24823.0,20974.0,0
24824.0,20977.0,0
24819.0,20978.0,0
24821.0,20987.0,0
24833.0,20980.0,0
24825.0,20973.0,0
24818.0,20975.0,0
24822.0,20972.0,0
24827.0,20966.0,0
24824.0,20965.0,0
24809.0,20961.0,0
24814.0,20955.0,0
24806.0,20960.0,0
24811.0,20943.0,0
24811.0,20951.0,0
24819.0,20948.0,0
24818.0,20954.0,0
24815.0,20952.0,0
24818.0,20949.0,0
24824.0,20953.0,0
24813.0,20954.0,0
24806.0,20949.0,0
24818.0,20958.0,0
24819.0,20952.0,0
24809.0,20948.0,0
24799.0,20958.0,0
24826.0,20960.0,0
24826.0,20953.0,0
24821.0,20961.0,0
24818.0,20951.0,0
24810.0,20958.0,0
24812.0,20946.0,0
24820.0,20949.0,0
24829.0,20954.0,0
24835.0,20947.0,0
24829.0,20956.0,0
24831.0,20950.0,0
24823.0,20959.0,0
24825.0,20944.0,0
24828.0,20953.0,0
24827.0,20945.0,0
24818.0,20947.0,0
24831.0,20949.0,0
24839.0,20949.0,0
24825.0,20949.0,0
24826.0,20960.0,0
24834.0,20950.0,0
24822.0,20952.0,0
24820.0,20942.0,0
24810.0,20949.0,0
24818.0,20945.0,0
24828.0,20957.0,0
24817.0,20940.0,0
24801.0,20942.0,0
24804.0,20950.0,0
24803.0,20939.0,0
24805.0,20947.0,0
24795.0,20945.0,0
24818.0,20946.0,0
24813.0,20947.0,0
24836.0,20962.0,0
24845.0,20969.0,0
24867.0,20976.0,0
24873.0,20997.0,0
24869.0,20989.0,0
24875.0,20999.0,0
24865.0,20994.0,0
24868.0,20990.0,0
24871.0,20995.0,0
24873.0,21002.0,0
24869.0,20988.0,0
24870.0,20999.0,0
24879.0,21004.0,0
24898.0,21019.0,0
24911.0,21042.0,0
24919.0,21040.0,0
24930.0,21042.0,0
24922.0,21045.0,0
24927.0,21050.0,0
24921.0,21035.0,0
24912.0,21036.0,0
24928.0,21040.0,0
24929.0,21047.0,0
24928.0,21040.0,0
24935.0,21047.0,0
24944.0,21053.0,0
24940.0,21055.0,0
24932.0,21041.0,0
24914.0,21033.0,0
24908.0,21029.0,0
24906.0,21023.0,0
24904.0,21022.0,0
24902.0,21017.0,0
24915.0,21018.0,0
24929.0,21032.0,0
24929.0,21029.0,0
24935.0,21035.0,0
24947.0,21048.0,0
24954.0,21053.0,0
24932.0,21052.0,0
24949.0,21050.0,0
24952.0,21057.0,0
24956.0,21058.0,0
24957.0,21050.0,0
24962.0,21062.0,0
24969.0,21057.0,0
24969.0,21071.0,0
24984.0,21079.0,0
24984.0,21078.0,0
25008.0,21085.0,0
24987.0,21088.0,0
24996.0,21090.0,0
24998.0,21087.0,0
24979.0,21095.0,0
24982.0,21076.0,0
24977.0,21095.0,0
24994.0,21102.0,0
24995.0,21102.0,0
24993.0,21098.0,0
24993.0,21093.0,0
24997.0,21093.0,0
24994.0,21093.0,0
24987.0,21105.0,0
24990.0,21096.0,0
24989.0,21086.0,0
24987.0,21103.0,0
24985.0,21096.0,0
24983.0,21096.0,0
24976.0,21097.0,0
24962.0,21076.0,0
24953.0,21073.0,0
24955.0,21072.0,0
24957.0,21087.0,0
24952.0,21082.0,0
24952.0,21077.0,0
24954.0,21069.0,0
24947.0,21073.0,0
24939.0,21064.0,0
24925.0,21048.0,0
24918.0,21054.0,0
24902.0,21032.0,0
24886.0,21032.0,0
24881.0,21023.0,0
24865.0,21009.0,0
24851.0,21012.0,0
24839.0,21001.0,0
24835.0,21003.0,0
24834.0,20991.0,0
24820.0,20985.0,0
24829.0,20976.0,0
24819.0,20982.0,0
24823.0,20982.0,0
24831.0,20980.0,0
24829.0,20987.0,0
24834.0,20996.0,0
24833.0,20994.0,0
24815.0,20994.0,0
24812.0,20987.0,0
24809.0,20975.0,0
24799.0,20973.0,0
24811.0,20973.0,0
24815.0,20977.0,0
24802.0,20966.0,0
24783.0,20969.0,0
24797.0,20961.0,0
24780.0,20958.0,0
24760.0,20947.0,0
24760.0,20926.0,0
24743.0,20922.0,0
24743.0,20914.0,0
24743.0,20920.0,0
24737.0,20916.0,0
24737.0,20920.0,0
24734.0,20920.0,0
24745.0,20921.0,0
24727.0,20918.0,0
24731.0,20908.0,0
24715.0,20913.0,0
24715.0,20898.0,0
24704.0,20898.0,0
24699.0,20901.0,0
24696.0,20904.0,0
24710.0,20903.0,0
24717.0,20905.0,0
24720.0,20923.0,0
24724.0,20920.0,0
24714.0,20934.0,0
24720.0,20926.0,0
24701.0,20921.0,0
24694.0,20918.0,0
24694.0,20897.0,0
24691.0,20899.0,0
24692.0,20905.0,0
24703.0,20903.0,0
24694.0,20900.0,0
24711.0,20908.0,0
24720.0,20908.0,0
24709.0,20909.0,0
24712.0,20916.0,0
24695.0,20899.0,0
24697.0,20898.0,0
24708.0,20900.0,0
24705.0,20905.0,0
24726.0,20907.0,0
24713.0,20914.0,0
24712.0,20911.0,0
24715.0,20911.0,0
24717.0,20908.0,0
24719.0,20903.0,0
24715.0,20902.0,0
24710.0,20911.0,0
24701.0,20914.0,0
24707.0,20909.0,0
24716.0,20909.0,0
24707.0,20898.0,0
24706.0,20905.0,0
24715.0,20906.0,0
24712.0,20898.0,0
24700.0,20888.0,0
24698.0,20911.0,0
24700.0,20900.0,0
24702.0,20887.0,0
24701.0,20883.0,0
24699.0,20896.0,0
24692.0,20891.0,0
24698.0,20904.0,0
24701.0,20897.0,0
24703.0,20898.0,0
24705.0,20898.0,0
24701.0,20895.0,0
24696.0,20898.0,0
24700.0,20890.0,0
24694.0,20891.0,0
24703.0,20892.0,0
24692.0,20884.0,0
24701.0,20890.0,0
24702.0,20891.0,0
24691.0,20893.0,0
24691.0,20891.0,0
24690.0,20897.0,0
24699.0,20888.0,0
24694.0,20892.0,0
24694.0,20873.0,0
24683.0,20884.0,0
24698.0,20892.0,0
24711.0,20889.0,0
24702.0,20889.0,0
24714.0,20888.0,0
24713.0,20900.0,0
24707.0,20896.0,0
24701.0,20891.0,0
24713.0,20889.0,0
24704.0,20904.0,0
24710.0,20894.0,0
24727.0,20905.0,0
24734.0,20906.0,0
24735.0,20915.0,0
24747.0,20921.0,0
24748.0,20925.0,0
24753.0,20922.0,0
24732.0,20918.0,0
24739.0,20928.0,0
24745.0,20917.0,0
24747.0,20930.0,0
24740.0,20926.0,0
24743.0,20923.0,0
24749.0,20932.0,0
24747.0,20924.0,0
24740.0,20919.0,0
24745.0,20910.0,0
24746.0,20932.0,0
24754.0,20925.0,0
24749.0,20928.0,0
24769.0,20934.0,0
24761.0,20930.0,0
24763.0,20940.0,0
24747.0,20925.0,0
24754.0,20929.0,0
24746.0,20924.0,0
24740.0,20933.0,0
24737.0,20926.0,0
24751.0,20933.0,0
24759.0,20937.0,0
24762.0,20928.0,0
24755.0,20937.0,0
24749.0,20940.0,0
24746.0,20932.0,0
24735.0,20927.0,0
24745.0,20935.0,0
24737.0,20920.0,0
24741.0,20918.0,0
24736.0,20936.0,0
24741.0,20930.0,0
24746.0,20940.0,0
24755.0,20941.0,0
24753.0,20949.0,0
24768.0,20956.0,0
24755.0,20938.0,0
24760.0,20954.0,0
24763.0,20953.0,0
24761.0,20957.0,0
24766.0,20954.0,0
24772.0,20954.0,0
24787.0,20970.0,0
24796.0,20983.0,0
24801.0,20993.0,0
24797.0,20987.0,0
24794.0,20978.0,0
24787.0,20988.0,0
24780.0,20977.0,0
24788.0,20971.0,0
24769.0,20964.0,0
24780.0,20965.0,0
24773.0,20967.0,0
24789.0,20975.0,0
24807.0,20975.0,0
24817.0,20985.0,0
24808.0,20990.0,0
24816.0,20991.0,0
24809.0,20988.0,0
24803.0,20980.0,0
24808.0,20991.0,0
24802.0,20998.0,0
24800.0,21002.0,0
24820.0,21003.0,0
24815.0,21006.0,0
24817.0,21011.0,0
24841.0,21014.0,0
24816.0,21020.0,0
24819.0,21018.0,0
24821.0,21021.0,0
24813.0,21011.0,0
24823.0,21007.0,0
24826.0,21005.0,0
24824.0,21005.0,0
24812.0,21007.0,0
24825.0,21014.0,0
24819.0,21005.0,0
24819.0,21005.0,0
24811.0,21008.0,0
24824.0,21018.0,0
24830.0,21010.0,0
24825.0,21012.0,0
24818.0,21003.0,0
24815.0,21017.0,0
24814.0,21001.0,0
24819.0,21013.0,0
24812.0,21007.0,0
24811.0,21025.0,0
24821.0,21012.0,0
24828.0,21019.0,0
24818.0,21016.0,0
24830.0,21014.0,0
24826.0,21026.0,0
24831.0,21030.0,0
24813.0,21022.0,0
24826.0,21009.0,0
24810.0,21017.0,0
24813.0,21009.0,0
24804.0,21016.0,0
24807.0,21014.0,0
24810.0,21004.0,0
24815.0,21016.0,0
24817.0,21023.0,0
24819.0,21025.0,0
24818.0,21032.0,0
24811.0,21019.0,0
24813.0,21026.0,0
24823.0,21023.0,0
24814.0,21016.0,0
24826.0,21022.0,0
24831.0,21034.0,0
24831.0,21025.0,0
24841.0,21031.0,0
24832.0,21026.0,0
24827.0,21030.0,0
24825.0,21023.0,0
24812.0,21028.0,0
24798.0,21016.0,0
24802.0,21016.0,0
24813.0,21017.0,0
24807.0,21012.0,0
24816.0,21016.0,0
24815.0,21021.0,0
24824.0,21028.0,0
24821.0,21024.0,0
24834.0,21030.0,0
24835.0,21046.0,0
24834.0,21030.0,0
24833.0,21043.0,0
24831.0,21039.0,0
24833.0,21036.0,0
24836.0,21031.0,0
24845.0,21042.0,0
24841.0,21047.0,0
24861.0,21056.0,0
24854.0,21056.0,0
24850.0,21059.0,0
24844.0,21055.0,0
24847.0,21059.0,0
24856.0,21063.0,0
24836.0,21056.0,0
24845.0,21046.0,0
24845.0,21056.0,0
24858.0,21053.0,0
24855.0,21068.0,0
24848.0,21064.0,0
24854.0,21062.0,0
24864.0,21067.0,0
24862.0,21074.0,0
24848.0,21056.0,0
24850.0,21060.0,0
24857.0,21062.0,0
24855.0,21068.0,0
24842.0,21070.0,0
24856.0,21064.0,0
24860.0,21060.0,0
24856.0,21066.0,0
24857.0,21067.0,0
24851.0,21072.0,0
24850.0,21076.0,0
24857.0,21073.0,0
24854.0,21074.0,0
24858.0,21071.0,0
24847.0,21065.0,0
24849.0,21069.0,0
24857.0,21071.0,0
24848.0,21081.0,0
24849.0,21091.0,0
24852.0,21085.0,0
24848.0,21089.0,0
24856.0,21080.0,0
24849.0,21087.0,0
24857.0,21083.0,0
24856.0,21078.0,0
24861.0,21074.0,0
24850.0,21084.0,0
24855.0,21089.0,0
24860.0,21086.0,0
24861.0,21088.0,0
24863.0,21086.0,0
24855.0,21097.0,0
24860.0,21089.0,0
24856.0,21095.0,0
24849.0,21093.0,0
24861.0,21094.0,0
24864.0,21098.0,0
24862.0,21088.0,0
24861.0,21099.0,0
24860.0,21101.0,0
24860.0,21087.0,0
24852.0,21094.0,0
24856.0,21093.0,0
24847.0,21089.0,0
24850.0,21085.0,0
24846.0,21092.0,0
24851.0,21093.0,0
24847.0,21096.0,0
24856.0,21105.0,0
24856.0,21106.0,0
24856.0,21115.0,0
24851.0,21110.0,0
24865.0,21114.0,0
24855.0,21108.0,0
24853.0,21120.0,0
24856.0,21121.0,0
24849.0,21123.0,0
24852.0,21125.0,0
24857.0,21126.0,0
24840.0,21129.0,0
24847.0,21130.0,0
24857.0,21136.0,0
24841.0,21136.0,0
24845.0,21134.0,0
24850.0,21147.0,0
24841.0,21135.0,0
24838.0,21137.0,0
24847.0,21138.0,0
24835.0,21138.0,0
24843.0,21142.0,0
24838.0,21143.0,0
24842.0,21135.0,0
24844.0,21141.0,0
24841.0,21142.0,0
24835.0,21144.0,0
24848.0,21148.0,0
24840.0,21149.0,0
24842.0,21144.0,0
24834.0,21137.0,0
24837.0,21146.0,0
24833.0,21148.0,0
24824.0,21145.0,0
24821.0,21145.0,0
24820.0,21145.0,0
24812.0,21151.0,0
24829.0,21156.0,0
24832.0,21155.0,0
24824.0,21142.0,0
24829.0,21156.0,0
24826.0,21158.0,0
24825.0,21156.0,0
24821.0,21159.0,0
24825.0,21162.0,0
24824.0,21158.0,0
24834.0,21161.0,0
24820.0,21172.0,0
24822.0,21165.0,0
24827.0,21161.0,0
24809.0,21160.0,0
24822.0,21152.0,0
24823.0,21166.0,0
24828.0,21153.0,0
24819.0,21169.0,0
24827.0,21169.0,0
24833.0,21166.0,0
24811.0,21164.0,0
24819.0,21175.0,0
24816.0,21163.0,0
24828.0,21162.0,0
24832.0,21176.0,0
24829.0,21185.0,0
24834.0,21177.0,0
24826.0,21184.0,0
24825.0,21178.0,0
24823.0,21170.0,0
24804.0,21176.0,0
24817.0,21166.0,0
24815.0,21167.0,0
24810.0,21173.0,0
24817.0,21168.0,0
24814.0,21154.0,0
24825.0,21174.0,0
24822.0,21174.0,0
24838.0,21164.0,0
24817.0,21173.0,0
24829.0,21177.0,0
24837.0,21178.0,0
24839.0,21175.0,0
24845.0,21182.0,0
24844.0,21184.0,0
24843.0,21180.0,0
24843.0,21189.0,0
24852.0,21191.0,0
24861.0,21192.0,0
24858.0,21195.0,0
24855.0,21188.0,0
24860.0,21187.0,0
24869.0,21196.0,0
24878.0,21189.0,0
24858.0,21189.0,0
24866.0,21191.0,0
24879.0,21181.0,0
24882.0,21196.0,0
24880.0,21187.0,0
24870.0,21197.0,0
24870.0,21178.0,0
24874.0,21195.0,0
24880.0,21194.0,0
24887.0,21186.0,0
24891.0,21188.0,0
24905.0,21191.0,0
24902.0,21185.0,0
24909.0,21185.0,0
24905.0,21195.0,0
24902.0,21181.0,0
24901.0,21183.0,0
24901.0,21201.0,0
24911.0,21196.0,0
24912.0,21188.0,0
24906.0,21202.0,0
24917.0,21196.0,0
24927.0,21199.0,0
24921.0,21191.0,0
24922.0,21197.0,0
24924.0,21189.0,0
24939.0,21194.0,0
24931.0,21198.0,0
24930.0,21197.0,0
24924.0,21202.0,0
24948.0,21200.0,0
24939.0,21202.0,0
24939.0,21195.0,0
24944.0,21190.0,0
24940.0,21193.0,0
24948.0,21184.0,0
24962.0,21191.0,0
24969.0,21204.0,0
24965.0,21202.0,0
24964.0,21195.0,0
24974.0,21205.0,0
24961.0,21200.0,0
24980.0,21204.0,0
24978.0,21212.0,0
24990.0,21203.0,0
24974.0,21201.0,0
24981.0,21202.0,0
24993.0,21207.0,0
25006.0,21212.0,0
25009.0,21215.0,0
25002.0,21207.0,0
25016.0,21219.0,0
25007.0,21208.0,0
25015.0,21204.0,0
25013.0,21193.0,0
25002.0,21196.0,0
25024.0,21203.0,0
25021.0,21198.0,0
25029.0,21201.0,0
25043.0,21202.0,0
25053.0,21200.0,0
25044.0,21200.0,0
25058.0,21196.0,0
25059.0,21202.0,0
25078.0,21201.0,0
25071.0,21196.0,0
25077.0,21199.0,0
25077.0,21204.0,0
25092.0,21207.0,0
25100.0,21201.0,0
25111.0,21212.0,0
25114.0,21218.0,0
25136.0,21219.0,0
25128.0,21205.0,0
25132.0,21206.0,0
25128.0,21215.0,0
25129.0,21209.0,0
25130.0,21208.0,0
25145.0,21213.0,0
25167.0,21218.0,0
25170.0,21215.0,0
25177.0,21227.0,0
25186.0,21227.0,0
25181.0,21216.0,0
25195.0,21221.0,0
25195.0,21232.0,0
25213.0,21223.0,0
25216.0,21232.0,0
25227.0,21233.0,0
25226.0,21237.0,0
25238.0,21238.0,0
25244.0,21240.0,0
25255.0,21248.0,0
25249.0,21246.0,0
25249.0,21248.0,0
25259.0,21240.0,0
25271.0,21245.0,0
25266.0,21259.0,0
25291.0,21270.0,0
25298.0,21267.0,0
25298.0,21263.0,0
25305.0,21264.0,0
25311.0,21276.0,0
25305.0,21272.0,0
25333.0,21281.0,0
25337.0,21282.0,0
25348.0,21286.0,0
25358.0,21290.0,0
25386.0,21298.0,0
25408.0,21330.0,0
25487.0,21368.0,0
25525.0,21414.0,0
25556.0,21438.0,0
25604.0,21467.0,0
25644.0,21483.0,0
25686.0,21515.0,0
25758.0,21559.0,0
25902.0,21645.0,0
25975.0,21742.0,0
26017.0,21779.0,0
26025.0,21797.0,0
26060.0,21820.0,0
26082.0,21858.0,0
26135.0,21878.0,0
26222.0,21944.0,0
26335.0,22031.0,0
26519.0,22193.0,0
26615.0,22318.0,0
26712.0,22408.0,0
26789.0,22494.0,0
26820.0,22537.0,0
26846.0,22544.0,0
26834.0,22522.0,0
26801.0,22469.0,0
26765.0,22423.0,0
26774.0,22428.0,0
26796.0,22441.0,0
26841.0,22481.0,0
27021.0,22574.0,0
27206.0,22757.0,0
27316.0,22844.0,0
27461.0,22924.0,0
27639.0,22994.0,0
27659.0,23018.0,0
27882.0,23004.0,0
27884.0,23016.0,0
27920.0,23027.0,0
27976.0,23080.0,0
28076.0,23156.0,0
28234.0,23290.0,0
28397.0,23447.0,0
28441.0,23547.0,0
28459.0,23606.0,0
28550.0,23702.0,0
28611.0,23802.0,0
28712.0,23881.0,0
28870.0,23952.0,0
29455.0,24230.0,0
30283.0,24788.0,0
30563.0,25127.0,0
30429.0,25123.0,0
30116.0,24915.0,0
29954.0,24762.0,0
29982.0,24759.0,0
30143.0,24861.0,0
30239.0,24954.0,0
30268.0,24982.0,0
30279.0,24982.0,0
30310.0,25009.0,0
30377.0,25053.0,0
30459.0,25105.0,0
30513.0,25145.0,0
30533.0,25167.0,0
30575.0,25199.0,0
30636.0,25246.0,0
30698.0,25292.0,0
30766.0,25357.0,0
30915.0,25446.0,0
30993.0,25501.0,0
31103.0,25591.0,0
31171.0,25659.0,0
31207.0,25698.0,0
31236.0,25737.0,0
31249.0,25744.0,0
31400.0,25798.0,0
31559.0,25986.0,0
31575.0,25998.0,0
31576.0,26013.0,0
31572.0,25998.0,0
31561.0,25991.0,0
31548.0,25984.0,0
31584.0,25980.0,0
31583.0,25977.0,0
31582.0,25982.0,0
31562.0,25970.0,0
31572.0,25962.0,0
31582.0,25962.0,0
31603.0,25962.0,0
31609.0,25978.0,0
31608.0,25975.0,0
31596.0,25975.0,0
31567.0,25954.0,0
31572.0,25947.0,0
31558.0,25932.0,0
31550.0,25920.0,0
31543.0,25906.0,0
31526.0,25897.0,0
31532.0,25900.0,0
31505.0,25882.0,0
31467.0,25858.0,0
31437.0,25844.0,0
31399.0,25829.0,0
31360.0,25781.0,0
31357.0,25789.0,0
31376.0,25788.0,0
31310.0,25762.0,0
31197.0,25680.0,0
31116.0,25611.0,0
31097.0,25579.0,0
31108.0,25590.0,0
31119.0,25595.0,0
31109.0,25591.0,0
31125.0,25578.0,0
31175.0,25601.0,0
31248.0,25654.0,0
31313.0,25700.0,0
31332.0,25720.0,0
31389.0,25726.0,0
31452.0,25775.0,0
31560.0,25826.0,0
31628.0,25879.0,0
31695.0,25914.0,0
31765.0,25948.0,0
31801.0,25981.0,0
31843.0,25997.0,0
31914.0,26031.0,0
31979.0,26092.0,0
32030.0,26124.0,0
32023.0,26132.0,0
32039.0,26128.0,0
32038.0,26119.0,0
32069.0,26121.0,0
32068.0,26130.0,0
32042.0,26117.0,0
32026.0,26088.0,0
32023.0,26069.0,0
32033.0,26074.0,0
32019.0,26072.0,0
32031.0,26073.0,0
32042.0,26083.0,0
32042.0,26088.0,0
32043.0,26095.0,0
32029.0,26073.0,0
32019.0,26065.0,0
32061.0,26076.0,0
32017.0,26061.0,0
31967.0,26022.0,0
31967.0,26015.0,0
31937.0,26004.0,0
31839.0,25939.0,0
31735.0,25870.0,0
31728.0,25853.0,0
31604.0,25808.0,0
31447.0,25699.0,0
31386.0,25607.0,0
31445.0,25645.0,0
31455.0,25693.0,0
31356.0,25641.0,0
31258.0,25544.0,0
31266.0,25517.0,0
31296.0,25540.0,0
31292.0,25547.0,0
31257.0,25546.0,0
31260.0,25521.0,0
31251.0,25521.0,0
31265.0,25529.0,0
31271.0,25531.0,0
31294.0,25541.0,0
31348.0,25569.0,0
31390.0,25607.0,0
31434.0,25630.0,0
31482.0,25651.0,0
31570.0,25707.0,0
31644.0,25742.0,0
31699.0,25790.0,0
31742.0,25819.0,0
31749.0,25841.0,0
31748.0,25845.0,0
31737.0,25831.0,0
31720.0,25816.0,0
31687.0,25800.0,0
31653.0,25776.0,0
31657.0,25777.0,0
31620.0,25754.0,0
31633.0,25730.0,0
31634.0,25747.0,0
31658.0,25773.0,0
31665.0,25766.0,0
31699.0,25784.0,0
31704.0,25813.0,0
31711.0,25800.0,0
31729.0,25810.0,0
31757.0,25828.0,0
31770.0,25834.0,0
31764.0,25839.0,0
31744.0,25828.0,0
31747.0,25825.0,0
31736.0,25809.0,0
31641.0,25770.0,0
31489.0,25677.0,0
31424.0,25612.0,0
31415.0,25615.0,0
31457.0,25627.0,0
31445.0,25625.0,0
31392.0,25603.0,0
31364.0,25560.0,0
31350.0,25568.0,0
31355.0,25559.0,0
31340.0,25556.0,0
31348.0,25543.0,0
31349.0,25554.0,0
31337.0,25544.0,0
31332.0,25529.0,0
31335.0,25540.0,0
31329.0,25551.0,0
31332.0,25543.0,0
31350.0,25543.0,0
31355.0,25542.0,0
31361.0,25558.0,0
31382.0,25560.0,0
31396.0,25570.0,0
31407.0,25584.0,0
31404.0,25596.0,0
31421.0,25604.0,0
31422.0,25616.0,0
31428.0,25615.0,0
31439.0,25622.0,0
31438.0,25618.0,0
31454.0,25625.0,0
31471.0,25636.0,0
31494.0,25645.0,0
31509.0,25645.0,0
31539.0,25677.0,0
31552.0,25690.0,0
31578.0,25702.0,0
31581.0,25726.0,0
31595.0,25724.0,0
31595.0,25729.0,0
31593.0,25728.0,0
31586.0,25729.0,0
31594.0,25722.0,0
31603.0,25728.0,0
31600.0,25737.0,0
31606.0,25756.0,0
31613.0,25753.0,0
31650.0,25769.0,0
31646.0,25761.0,0
31649.0,25766.0,0
31652.0,25766.0,0
31633.0,25765.0,0
31617.0,25750.0,0
31587.0,25743.0,0
31576.0,25719.0,0
31566.0,25701.0,0
31566.0,25707.0,0
31566.0,25703.0,0
31589.0,25709.0,0
31605.0,25721.0,0
31634.0,25736.0,0
31639.0,25750.0,0
31650.0,25767.0,0
31657.0,25773.0,0
31671.0,25776.0,0
31683.0,25790.0,0
31687.0,25789.0,0
31698.0,25792.0,0
31715.0,25794.0,0
31704.0,25806.0,0
31719.0,25812.0,0
31728.0,25818.0,0
31746.0,25841.0,0
31761.0,25841.0,0
31787.0,25856.0,0
31790.0,25856.0,0
31776.0,25858.0,0
31808.0,25863.0,0
31815.0,25863.0,0
31837.0,25870.0,0
31842.0,25882.0,0
31877.0,25895.0,0
31887.0,25904.0,0
31933.0,25930.0,0
31964.0,25952.0,0
31989.0,25965.0,0
32008.0,25977.0,0
32030.0,25995.0,0
32029.0,26009.0,0
32048.0,26022.0,0
32053.0,26039.0,0
32046.0,26040.0,0
31947.0,25976.0,0
31862.0,25910.0,0
31834.0,25883.0,0
31850.0,25884.0,0
31903.0,25922.0,0
31911.0,25937.0,0
31878.0,25925.0,0
31861.0,25911.0,0
31871.0,25900.0,0
31884.0,25908.0,0
31880.0,25910.0,0
31893.0,25907.0,0
31885.0,25915.0,0
31908.0,25923.0,0
31913.0,25933.0,0
31912.0,25940.0,0
31920.0,25937.0,0
31934.0,25936.0,0
31937.0,25951.0,0
31952.0,25948.0,0
31944.0,25947.0,0
31947.0,25954.0,0
31957.0,25960.0,0
31980.0,25976.0,0
31986.0,25987.0,0
31995.0,25993.0,0
32012.0,26003.0,0
32027.0,26002.0,0
32003.0,25999.0,0
32023.0,26001.0,0
32018.0,26008.0,0
32045.0,26025.0,0
32054.0,26017.0,0
32079.0,26034.0,0
32093.0,26044.0,0
32137.0,26083.0,0
32171.0,26094.0,0
32196.0,26114.0,0
32246.0,26133.0,0
32313.0,26201.0,0
32355.0,26225.0,0
32346.0,26228.0,0
32350.0,26223.0,0
32387.0,26251.0,0
32389.0,26275.0,0
32428.0,26294.0,0
32425.0,26292.0,0
32446.0,26301.0,0
32477.0,26323.0,0
32515.0,26366.0,0
32500.0,26389.0,0
32482.0,26341.0,0
32502.0,26335.0,0
32537.0,26368.0,0
32573.0,26407.0,0
32542.0,26397.0,0
32528.0,26355.0,0
32553.0,26366.0,0
32567.0,26401.0,0
32554.0,26393.0,0
32560.0,26383.0,0
32583.0,26400.0,0
32567.0,26393.0,0
32585.0,26396.0,0
32605.0,26388.0,0
32596.0,26405.0,0
32580.0,26400.0,0
32567.0,26381.0,0
32580.0,26379.0,0
32596.0,26379.0,0
32608.0,26392.0,0
32614.0,26386.0,0
32617.0,26394.0,0
32629.0,26383.0,0
32641.0,26402.0,0
32652.0,26405.0,0
32649.0,26412.0,0
32643.0,26422.0,0
32666.0,26409.0,0
32652.0,26408.0,0
32646.0,26403.0,0
32641.0,26387.0,0
32338.0,26373.0,0
30590.0,24977.0,0
29915.0,23920.0,0
29508.0,23479.0,0
29338.0,23334.0,0
29253.0,23298.0,0
29181.0,23259.0,0
29136.0,23208.0,0
29106.0,23174.0,0
29041.0,23129.0,0
28988.0,23078.0,0
28924.0,23034.0,0
28867.0,22984.0,0
28830.0,22953.0,0
28790.0,22930.0,0
28771.0,22909.0,0
28766.0,22897.0,0
28750.0,22894.0,0
28737.0,22893.0,0
28697.0,22877.0,0
28653.0,22852.0,0
28615.0,22831.0,0
28583.0,22805.0,0
28545.0,22780.0,0
28510.0,22769.0,0
28492.0,22762.0,0
28459.0,22759.0,0
28432.0,22740.0,0
28428.0,22736.0,0
28419.0,22741.0,0
28425.0,22740.0,0
28419.0,22744.0,0
28416.0,22743.0,0
28407.0,22740.0,0
28382.0,22720.0,0
28347.0,22706.0,0
28326.0,22700.0,0
28319.0,22672.0,0
28284.0,22660.0,0
28282.0,22661.0,0
28265.0,22664.0,0
28257.0,22663.0,0
28244.0,22673.0,0
28240.0,22665.0,0
28207.0,22662.0,0
28192.0,22639.0,0
28169.0,22627.0,0
28150.0,22593.0,0
28115.0,22581.0,0
28093.0,22562.0,0
28069.0,22561.0,0
28059.0,22547.0,0
28058.0,22545.0,0
28041.0,22535.0,0
28017.0,22524.0,0
28014.0,22522.0,0
28013.0,22522.0,0
27997.0,22528.0,0
27998.0,22535.0,0
27988.0,22522.0,0
27978.0,22496.0,0
27962.0,22490.0,0
27942.0,22477.0,0
27921.0,22469.0,0
27915.0,22459.0,0
27903.0,22464.0,0
27900.0,22457.0,0
27891.0,22459.0,0
27873.0,22456.0,0
27854.0,22449.0,0
27819.0,22439.0,0
27789.0,22416.0,0
27789.0,22402.0,0
27756.0,22378.0,0
27752.0,22369.0,0
27751.0,22363.0,0
27760.0,22374.0,0
27742.0,22369.0,0
27737.0,22362.0,0
27716.0,22354.0,0
27704.0,22346.0,0
27691.0,22328.0,0
27660.0,22319.0,0
27660.0,22319.0,0
27658.0,22316.0,0
27656.0,22330.0,0
27663.0,22339.0,0
27656.0,22337.0,0
27661.0,22326.0,0
27650.0,22325.0,0
27627.0,22306.0,0
27621.0,22301.0,0
27601.0,22289.0,0
27596.0,22286.0,0
27573.0,22285.0,0
27564.0,22270.0,0
27550.0,22269.0,0
27536.0,22271.0,0
27538.0,22271.0,0
27539.0,22275.0,0
27550.0,22274.0,0
27533.0,22271.0,0
27523.0,22264.0,0
27513.0,22259.0,0
27507.0,22253.0,0
27492.0,22256.0,0
27484.0,22257.0,0
27468.0,22245.0,0
27465.0,22242.0,0
27436.0,22233.0,0
27440.0,22237.0,0
27436.0,22224.0,0
27431.0,22231.0,0
27442.0,22231.0,0
27432.0,22236.0,0
27432.0,22234.0,0
27432.0,22250.0,0
27431.0,22263.0,0
27436.0,22263.0,0
27416.0,22278.0,0
27422.0,22266.0,0
27408.0,22256.0,0
27389.0,22251.0,0
27392.0,22249.0,0
27379.0,22254.0,0
27376.0,22244.0,0
27381.0,22248.0,0
27373.0,22254.0,0
27383.0,22265.0,0
27383.0,22285.0,0
27386.0,22284.0,0
27380.0,22293.0,0
27373.0,22303.0,0
27348.0,22294.0,0
27342.0,22289.0,0
27327.0,22282.0,0
27319.0,22282.0,0
27321.0,22287.0,0
27322.0,22289.0,0
27312.0,22288.0,0
27312.0,22281.0,0
27295.0,22276.0,0
27293.0,22275.0,0
27287.0,22278.0,0
27283.0,22278.0,0
27267.0,22284.0,0
27272.0,22287.0,0
27267.0,22302.0,0
27264.0,22296.0,0
27273.0,22288.0,0
27266.0,22290.0,0
27257.0,22294.0,0
27252.0,22292.0,0
27254.0,22290.0,0
27245.0,22292.0,0
27244.0,22289.0,0
27243.0,22296.0,0
27237.0,22300.0,0
27226.0,22290.0,0
27216.0,22290.0,0
27197.0,22279.0,0
27179.0,22265.0,0
27183.0,22244.0,0
27166.0,22234.0,0
27150.0,22227.0,0
27138.0,22213.0,0
27134.0,22208.0,0
27136.0,22208.0,0
27128.0,22214.0,0
27124.0,22206.0,0
27116.0,22212.0,0
27123.0,22218.0,0
27105.0,22202.0,0
27099.0,22207.0,0
27101.0,22200.0,0
27081.0,22194.0,0
27080.0,22194.0,0
27075.0,22189.0,0
27078.0,22171.0,0
27077.0,22175.0,0
27070.0,22154.0,0
27059.0,22159.0,0
27060.0,22169.0,0
27059.0,22167.0,0
27053.0,22166.0,0
27043.0,22146.0,0
27031.0,22141.0,0
27026.0,22135.0,0
27016.0,22122.0,0
27020.0,22117.0,0
27025.0,22116.0,0
27010.0,22101.0,0
27010.0,22109.0,0
27004.0,22103.0,0
27008.0,22082.0,0
27006.0,22092.0,0
26997.0,22084.0,0
26995.0,22084.0,0
27002.0,22093.0,0
27003.0,22094.0,0
26991.0,22077.0,0
26980.0,22073.0,0
26984.0,22068.0,0
26975.0,22064.0,0
26973.0,22060.0,0
26958.0,22053.0,0
26959.0,22050.0,0
26961.0,22050.0,0
26966.0,22048.0,0
26972.0,22050.0,0
26961.0,22058.0,0
26972.0,22061.0,0
26964.0,22053.0,0
26947.0,22040.0,0
26947.0,22031.0,0
26921.0,22025.0,0
26930.0,22008.0,0
26919.0,22008.0,0
26911.0,22001.0,0
26898.0,22006.0,0
26902.0,22000.0,0
26899.0,22000.0,0
26901.0,21991.0,0
26894.0,21992.0,0
26887.0,21981.0,0
26863.0,21979.0,0
26886.0,21978.0,0
26846.0,21954.0,0
26843.0,21949.0,0
26843.0,21956.0,0
26843.0,21935.0,0
26844.0,21930.0,0
26850.0,21930.0,0
26839.0,21936.0,0
26842.0,21927.0,0
26841.0,21926.0,0
26843.0,21923.0,0
26817.0,21915.0,0
26817.0,21903.0,0
26812.0,21903.0,0
26796.0,21893.0,0
26797.0,21883.0,0
26794.0,21889.0,1
26804.0,21892.0,0
26803.0,21881.0,0
26789.0,21884.0,0
26804.0,21878.0,0
26787.0,21881.0,0
26779.0,21881.0,0
26768.0,21873.0,0
26757.0,21872.0,0
26749.0,21857.0,0
26744.0,21853.0,0
26734.0,21850.0,0
26744.0,21858.0,0
26737.0,21854.0,0
26734.0,21876.0,0
26720.0,21877.0,0
26734.0,21889.0,0
26736.0,21889.0,0
26731.0,21902.0,0
26725.0,21917.0,0
26736.0,21918.0,0
26748.0,21930.0,0
26743.0,21929.0,0
26744.0,21936.0,0
26748.0,21934.0,0
26751.0,21936.0,0
26742.0,21945.0,0
26744.0,21942.0,0
26748.0,21941.0,0
26741.0,21932.0,0
26730.0,21941.0,0
26732.0,21931.0,0
26730.0,21931.0,0
26724.0,21926.0,0
26727.0,21924.0,0
26726.0,21927.0,0
26724.0,21918.0,0
26714.0,21904.0,0
26707.0,21909.0,0
26695.0,21912.0,0
26704.0,21920.0,0
26696.0,21912.0,0
26692.0,21911.0,0
26687.0,21911.0,0
26670.0,21898.0,0
26685.0,21907.0,0
26690.0,21889.0,0
26682.0,21885.0,0
26673.0,21888.0,0
26683.0,21882.0,0
26656.0,21872.0,0
26647.0,21862.0,0
26651.0,21853.0,0
26628.0,21835.0,0
26629.0,21842.0,0
26632.0,21831.0,0
26620.0,21833.0,0
26613.0,21825.0,0
26598.0,21815.0,0
26590.0,21809.0,0
26581.0,21811.0,0
26582.0,21806.0,0
26576.0,21793.0,0
26576.0,21789.0,0
26566.0,21788.0,0
26585.0,21784.0,0
26566.0,21787.0,0
26581.0,21779.0,0
26558.0,21786.0,0
26555.0,21782.0,0
26555.0,21787.0,0
26562.0,21791.0,0
26551.0,21792.0,0
26568.0,21800.0,0
26568.0,21803.0,0
26556.0,21811.0,0
26564.0,21817.0,0
26566.0,21799.0,0
26552.0,21801.0,0
26541.0,21814.0,0
26546.0,21798.0,0
26558.0,21803.0,0
26543.0,21792.0,0
26537.0,21793.0,0
26535.0,21804.0,0
26538.0,21807.0,0
26534.0,21819.0,0
26557.0,21827.0,0
26573.0,21850.0,0
26574.0,21881.0,0
26571.0,21872.0,0
26583.0,21872.0,0
26586.0,21876.0,0
26585.0,21871.0,0
26583.0,21867.0,0
26571.0,21877.0,0
26573.0,21877.0,0
26569.0,21874.0,0
26576.0,21874.0,0
26565.0,21869.0,0
26543.0,21867.0,0
26543.0,21870.0,0
26558.0,21869.0,0
26575.0,21883.0,0
26577.0,21900.0,0
26584.0,21910.0,0
26587.0,21915.0,0
26577.0,21918.0,0
26587.0,21923.0,0
26570.0,21933.0,0
26592.0,21936.0,0
26590.0,21945.0,0
26594.0,21948.0,0
26594.0,21975.0,0
26598.0,21960.0,0
26597.0,21984.0,0
26596.0,21970.0,0
26589.0,21979.0,0
26587.0,21969.0,0
26597.0,21979.0,0
26604.0,21989.0,0
26603.0,22003.0,0
26617.0,22000.0,0
26604.0,21998.0,0
26588.0,22001.0,0
26581.0,21994.0,0
26561.0,21971.0,0
26560.0,21949.0,0
26540.0,21939.0,0
26551.0,21935.0,0
26539.0,21935.0,0
26531.0,21935.0,0
26537.0,21935.0,0
26529.0,21938.0,0
26538.0,21935.0,0
26525.0,21947.0,0
26527.0,21937.0,0
26521.0,21931.0,0
26511.0,21930.0,0
26506.0,21928.0,0
26511.0,21934.0,0
26517.0,21935.0,0
26509.0,21928.0,0
26509.0,21931.0,0
26509.0,21935.0,0
26499.0,21941.0,0
26503.0,21921.0,0
26502.0,21935.0,0
26499.0,21941.0,0
26505.0,21927.0,0
26496.0,21936.0,0
26486.0,21931.0,0
26479.0,21934.0,0
26471.0,21927.0,0
26473.0,21926.0,0
26478.0,21931.0,0
26471.0,21931.0,0
26469.0,21934.0,0
26472.0,21929.0,0
26472.0,21935.0,0
26471.0,21939.0,0
26482.0,21935.0,0
26464.0,21934.0,0
26464.0,21941.0,0
26466.0,21943.0,0
26469.0,21935.0,0
26463.0,21937.0,0
26463.0,21943.0,0
26473.0,21936.0,0
26472.0,21946.0,0
26475.0,21950.0,0
26463.0,21937.0,0
26471.0,21931.0,0
26458.0,21934.0,0
26455.0,21934.0,0
26447.0,21923.0,0
26448.0,21933.0,0
26433.0,21920.0,0
26429.0,21920.0,0
26440.0,21923.0,0
26441.0,21930.0,0
26428.0,21915.0,0
26441.0,21929.0,0
26437.0,21935.0,0
26445.0,21932.0,0
26435.0,21937.0,0
26439.0,21928.0,0
26437.0,21925.0,0
26432.0,21916.0,0
26417.0,21913.0,0
26416.0,21901.0,0
26408.0,21894.0,0
26407.0,21885.0,0
26391.0,21884.0,0
26395.0,21878.0,0
26387.0,21869.0,0
26382.0,21861.0,0
26371.0,21853.0,0
26374.0,21841.0,0
26362.0,21847.0,0
26366.0,21837.0,0
26349.0,21827.0,0
26355.0,21830.0,0
26340.0,21820.0,0
26344.0,21817.0,0
26354.0,21823.0,0
26355.0,21826.0,0
26355.0,21825.0,0
26338.0,21829.0,0
26347.0,21821.0,0
26336.0,21822.0,0
26331.0,21815.0,0
26334.0,21818.0,0
26332.0,21807.0,0
26319.0,21819.0,0
26320.0,21805.0,0
26322.0,21805.0,0
26314.0,21797.0,0
26307.0,21797.0,0
26307.0,21797.0,0
26318.0,21799.0,0
26316.0,21790.0,0
26315.0,21788.0,0
26310.0,21789.0,0
26305.0,21793.0,0
26303.0,21783.0,0
26308.0,21790.0,0
26317.0,21789.0,0
26303.0,21787.0,0
26303.0,21787.0,0
26321.0,21795.0,0
26308.0,21805.0,0
26317.0,21810.0,0
26313.0,21806.0,0
26300.0,21805.0,0
26313.0,21807.0,0
26305.0,21801.0,0
26305.0,21798.0,0
26313.0,21803.0,0
26294.0,21800.0,0
26300.0,21806.0,0
26305.0,21813.0,0
26315.0,21826.0,0
26310.0,21843.0,0
26319.0,21825.0,0
26312.0,21820.0,0
26314.0,21823.0,0
26312.0,21821.0,0
26305.0,21819.0,0
26305.0,21822.0,0
26299.0,21812.0,0
26291.0,21822.0,0
26308.0,21818.0,0
26304.0,21831.0,0
26300.0,21824.0,0
26317.0,21836.0,0
26321.0,21838.0,0
26328.0,21838.0,0
26315.0,21843.0,0
26304.0,21834.0,0
26312.0,21831.0,0
26297.0,21829.0,0
26301.0,21818.0,0
26278.0,21809.0,0
26279.0,21809.0,0
26268.0,21803.0,0
26268.0,21789.0,0
26264.0,21778.0,0
26258.0,21779.0,0
26256.0,21777.0,0
26245.0,21765.0,0
26243.0,21760.0,0
26229.0,21759.0,0
26232.0,21761.0,0
26230.0,21753.0,0
26221.0,21733.0,0
26226.0,21735.0,0
26207.0,21724.0,0
26204.0,21716.0,0
26202.0,21708.0,0
26206.0,21708.0,0
26194.0,21708.0,0
26185.0,21712.0,0
26176.0,21706.0,0
26185.0,21702.0,0
26197.0,21702.0,0
26189.0,21687.0,0
26182.0,21691.0,0
26193.0,21694.0,0
26191.0,21696.0,0
26174.0,21686.0,0
26169.0,21683.0,0
26168.0,21686.0,0
26173.0,21681.0,0
26163.0,21687.0,0
26163.0,21700.0,0
26170.0,21689.0,0
26187.0,21694.0,0
26171.0,21698.0,0
26168.0,21692.0,0
26171.0,21698.0,0
26192.0,21712.0,0
26186.0,21715.0,0
26182.0,21717.0,0
26196.0,21729.0,0
26199.0,21731.0,0
26204.0,21733.0,0
26192.0,21737.0,0
26200.0,21741.0,0
26196.0,21747.0,0
26215.0,21756.0,0
26205.0,21766.0,0
26207.0,21763.0,0
26213.0,21762.0,0
26209.0,21767.0,0
26220.0,21759.0,0
26225.0,21767.0,0
26230.0,21766.0,0
26221.0,21763.0,0
26209.0,21764.0,0
26211.0,21759.0,0
26210.0,21763.0,0
26206.0,21755.0,0
26210.0,21756.0,0
26211.0,21745.0,0
26204.0,21763.0,0
26207.0,21760.0,0
26203.0,21769.0,0
26203.0,21765.0,0
26209.0,21782.0,0
26204.0,21787.0,0
26221.0,21790.0,0
26218.0,21784.0,0
26220.0,21790.0,0
26215.0,21783.0,0
26221.0,21789.0,0
26223.0,21785.0,0
26223.0,21784.0,0
26219.0,21786.0,0
26219.0,21781.0,0
26207.0,21772.0,0
26199.0,21761.0,0
26190.0,21754.0,0
26193.0,21748.0,0
26180.0,21742.0,0
26182.0,21733.0,0
26170.0,21732.0,0
26162.0,21723.0,0
26152.0,21723.0,0
26156.0,21710.0,0
26151.0,21707.0,0
26155.0,21701.0,0
26149.0,21702.0,0
26138.0,21695.0,0
26136.0,21705.0,0
26135.0,21693.0,0
26130.0,21682.0,0
26134.0,21691.0,0
26132.0,21695.0,0
26150.0,21698.0,0
26161.0,21716.0,0
26168.0,21722.0,0
26175.0,21730.0,0
26181.0,21740.0,0
26191.0,21735.0,0
26178.0,21735.0,0
26175.0,21741.0,0
26166.0,21730.0,0
26173.0,21727.0,0
26166.0,21733.0,0
26163.0,21736.0,0
26171.0,21740.0,0
26159.0,21742.0,0
26164.0,21743.0,0
26160.0,21756.0,0
26175.0,21750.0,0
26174.0,21755.0,0
26159.0,21755.0,0
26165.0,21758.0,0
26165.0,21757.0,0
26152.0,21763.0,0
26159.0,21771.0,0
26168.0,21768.0,0
26163.0,21773.0,0
26175.0,21773.0,0
26174.0,21777.0,0
26171.0,21779.0,0
26165.0,21764.0,0
26156.0,21768.0,0
26149.0,21765.0,0
26147.0,21752.0,0
26149.0,21740.0,0
26145.0,21752.0,0
26141.0,21744.0,0
26145.0,21739.0,0
26132.0,21741.0,0
26138.0,21746.0,0
26143.0,21730.0,0
26131.0,21738.0,0
26127.0,21744.0,0
26132.0,21749.0,0
26119.0,21741.0,0
26127.0,21736.0,0
26120.0,21729.0,0
26130.0,21734.0,0
26121.0,21731.0,0
26127.0,21737.0,0
26132.0,21738.0,0
26133.0,21737.0,0
26143.0,21750.0,0
26138.0,21757.0,0
26145.0,21751.0,0
26132.0,21765.0,0
26126.0,21764.0,0
26127.0,21749.0,0
26127.0,21746.0,0
26129.0,21731.0,0
26124.0,21739.0,0
26114.0,21724.0,0
26120.0,21711.0,0
26106.0,21720.0,0
26101.0,21723.0,0
26086.0,21721.0,0
26089.0,21717.0,0
26083.0,21710.0,0
26075.0,21694.0,0
26063.0,21696.0,0
26064.0,21686.0,0
26064.0,21685.0,0
26047.0,21693.0,0
26069.0,21695.0,0
26057.0,21693.0,0
26057.0,21699.0,0
26059.0,21692.0,0
26043.0,21698.0,0
26044.0,21685.0,0
26049.0,21691.0,0
26054.0,21697.0,0
26054.0,21703.0,0
26050.0,21698.0,0
26059.0,21700.0,0
26074.0,21692.0,0
26057.0,21704.0,0
26065.0,21699.0,0
26064.0,21704.0,0
26084.0,21719.0,0
26073.0,21712.0,0
26061.0,21714.0,0
26060.0,21710.0,0
26059.0,21717.0,0
26076.0,21734.0,0
26070.0,21725.0,0
26072.0,21720.0,0
26073.0,21727.0,0
26067.0,21723.0,0
26070.0,21730.0,0
26062.0,21729.0,0
26065.0,21728.0,0
26061.0,21730.0,0
26065.0,21727.0,0
26068.0,21734.0,0
26075.0,21744.0,0
26065.0,21736.0,0
26078.0,21747.0,0
26073.0,21732.0,0
26076.0,21738.0,0
26074.0,21750.0,0
26082.0,21738.0,0
26078.0,21751.0,0
26080.0,21750.0,0
26077.0,21749.0,0
26076.0,21745.0,0
26061.0,21744.0,0
26064.0,21741.0,0
26064.0,21732.0,0
26057.0,21740.0,0
26062.0,21749.0,0
26061.0,21744.0,0
26058.0,21743.0,0
26064.0,21752.0,0
26062.0,21742.0,0
26064.0,21746.0,0
26063.0,21769.0,0
26069.0,21767.0,0
26064.0,21760.0,0
26070.0,21755.0,0
26058.0,21758.0,0
26058.0,21756.0,0
26074.0,21769.0,0
26070.0,21760.0,0
26067.0,21759.0,0
26080.0,21758.0,0
26080.0,21777.0,0
26082.0,21774.0,0
26068.0,21769.0,0
26063.0,21755.0,0
26046.0,21743.0,0
26057.0,21732.0,0
26035.0,21730.0,0
26025.0,21718.0,0
26017.0,21707.0,0
26018.0,21696.0,0
26014.0,21700.0,0
26006.0,21699.0,0
25998.0,21687.0,0
25992.0,21683.0,0
25988.0,21689.0,0
25990.0,21677.0,0
25980.0,21677.0,0
25987.0,21678.0,0
25976.0,21668.0,0
25980.0,21666.0,0
25970.0,21672.0,0
25978.0,21673.0,0
25987.0,21666.0,0
25973.0,21676.0,0
25975.0,21665.0,0
25964.0,21666.0,0
25969.0,21656.0,0
25966.0,21660.0,0
25968.0,21650.0,0
25951.0,21657.0,0
25951.0,21649.0,0
25943.0,21659.0,0
25959.0,21658.0,0
25953.0,21661.0,0
25954.0,21662.0,0
25961.0,21664.0,0
25967.0,21662.0,0
25964.0,21658.0,0
25952.0,21654.0,0
25952.0,21659.0,0
25953.0,21660.0,0
25959.0,21659.0,0
25969.0,21668.0,0
25957.0,21674.0,0
25966.0,21676.0,0
25972.0,21685.0,0
25969.0,21684.0,0
25980.0,21690.0,0
25988.0,21689.0,0
25988.0,21694.0,0
25987.0,21703.0,0
25994.0,21714.0,0
25989.0,21714.0,0
25986.0,21717.0,0
25990.0,21723.0,0
25986.0,21713.0,0
25987.0,21717.0,0
25976.0,21702.0,0
25971.0,21714.0,0
25968.0,21700.0,0
25977.0,21708.0,0
25980.0,21712.0,0
25969.0,21713.0,0
25972.0,21705.0,0
25973.0,21705.0,0
25966.0,21706.0,0
25960.0,21701.0,0
25958.0,21705.0,0
25955.0,21695.0,0
25956.0,21686.0,0
25946.0,21699.0,0
25950.0,21703.0,0
25958.0,21700.0,0
25970.0,21702.0,0
25963.0,21705.0,0
25948.0,21717.0,0
25972.0,21714.0,0
25971.0,21721.0,0
25964.0,21717.0,0
25970.0,21716.0,0
25965.0,21715.0,0
25960.0,21711.0,0
25952.0,21699.0,0
25944.0,21695.0,0
25934.0,21681.0,0
25928.0,21677.0,0
25918.0,21670.0,0
25914.0,21664.0,0
25920.0,21654.0,0
25910.0,21656.0,0
25908.0,21657.0,0
25903.0,21653.0,0
25908.0,21662.0,0
25909.0,21651.0,0
25911.0,21649.0,0
25909.0,21642.0,0
25898.0,21651.0,0
25895.0,21651.0,0
25892.0,21640.0,0
25890.0,21652.0,0
25897.0,21651.0,0
25900.0,21653.0,0
25900.0,21657.0,0
25878.0,21658.0,0
25890.0,21651.0,0
25890.0,21643.0,0
25881.0,21639.0,0
25875.0,21632.0,0
25870.0,21641.0,0
25872.0,21625.0,0
25873.0,21626.0,0
25862.0,21632.0,0
25867.0,21630.0,0
25867.0,21625.0,0
25877.0,21636.0,0
25874.0,21645.0,0
25873.0,21639.0,0
25877.0,21648.0,0
25878.0,21651.0,0
25868.0,21658.0,0
25888.0,21663.0,0
25889.0,21657.0,0
25890.0,21660.0,0
25892.0,21663.0,0
25910.0,21670.0,0
25899.0,21667.0,0
25886.0,21663.0,0
25891.0,21685.0,0
25907.0,21690.0,0
25892.0,21680.0,0
25896.0,21698.0,0
25896.0,21698.0,0
25913.0,21704.0,0
25910.0,21701.0,0
25904.0,21703.0,0
25901.0,21696.0,0
25911.0,21702.0,0
25900.0,21703.0,0
25909.0,21709.0,0
25910.0,21701.0,0
25902.0,21701.0,0
25903.0,21700.0,0
25897.0,21686.0,0
25885.0,21678.0,0
25878.0,21688.0,0
25870.0,21683.0,0
25872.0,21675.0,0
25885.0,21678.0,0
25896.0,21685.0,0
25879.0,21679.0,0
25882.0,21680.0,0
25873.0,21682.0,0
25876.0,21695.0,0
25884.0,21694.0,0
25881.0,21683.0,0
25874.0,21684.0,0
25880.0,21680.0,0
25868.0,21688.0,0
25867.0,21674.0,0
25872.0,21674.0,0
25854.0,21673.0,0
25863.0,21666.0,0
25835.0,21661.0,0
25830.0,21651.0,0
25827.0,21642.0,0
25823.0,21644.0,0
25818.0,21626.0,0
25815.0,21626.0,0
25805.0,21626.0,0
25789.0,21624.0,0
25793.0,21616.0,0
25794.0,21616.0,0
25802.0,21618.0,0
25795.0,21610.0,0
25786.0,21617.0,0
25788.0,21612.0,0
25781.0,21605.0,0
25793.0,21620.0,0
25786.0,21626.0,0
25774.0,21621.0,0
25787.0,21616.0,0
25783.0,21619.0,0
25790.0,21615.0,0
25778.0,21614.0,0
25790.0,21614.0,0
25775.0,21613.0,0
25766.0,21610.0,0
25767.0,21600.0,0
25779.0,21612.0,0
25773.0,21607.0,0
25779.0,21606.0,0
25764.0,21612.0,0
25759.0,21604.0,0
25768.0,21614.0,0
25764.0,21603.0,0
25759.0,21615.0,0
25762.0,21625.0,0
25775.0,21629.0,0
25769.0,21625.0,0
25770.0,21627.0,0
25767.0,21616.0,0
25767.0,21625.0,0
25769.0,21623.0,0
25776.0,21625.0,0
25766.0,21630.0,0
25760.0,21628.0,0
25759.0,21621.0,0
25785.0,21628.0,0
25768.0,21639.0,0
25760.0,21626.0,0
25770.0,21629.0,0
25768.0,21646.0,0
25773.0,21645.0,0
25774.0,21650.0,0
25763.0,21646.0,0
25751.0,21648.0,0
25759.0,21643.0,0
25761.0,21645.0,0
25759.0,21643.0,0
25759.0,21638.0,0
25758.0,21624.0,0
25743.0,21629.0,0
25757.0,21635.0,0
25767.0,21641.0,0
25759.0,21656.0,0
25773.0,21664.0,0
25773.0,21672.0,0
25772.0,21670.0,0
25771.0,21670.0,0
25773.0,21667.0,0
25773.0,21661.0,0
25776.0,21661.0,0
25773.0,21671.0,0
25775.0,21669.0,0
25778.0,21673.0,0
25758.0,21676.0,0
25766.0,21667.0,0
25755.0,21666.0,0
25746.0,21658.0,0
25746.0,21643.0,0
25742.0,21637.0,0
25735.0,21629.0,0
25727.0,21622.0,0
25714.0,21625.0,0
25726.0,21607.0,0
25712.0,21613.0,0
25697.0,21600.0,0
25707.0,21601.0,0
25698.0,21602.0,0
25698.0,21601.0,0
25697.0,21605.0,0
25699.0,21594.0,0
25695.0,21596.0,0
25692.0,21595.0,0
25692.0,21596.0,0
25689.0,21600.0,0
25686.0,21591.0,0
25689.0,21600.0,0
25682.0,21595.0,0
25691.0,21601.0,0
25681.0,21585.0,0
25686.0,21605.0,0
25681.0,21587.0,0
25675.0,21571.0,0
25680.0,21568.0,0
25670.0,21580.0,0
25669.0,21576.0,0
25660.0,21575.0,0
25663.0,21589.0,0
25662.0,21585.0,0
25668.0,21587.0,0
25668.0,21579.0,0
25672.0,21580.0,0
25658.0,21580.0,0
25658.0,21575.0,0
25654.0,21568.0,0
25662.0,21574.0,0
25663.0,21571.0,0
25653.0,21589.0,0
25668.0,21598.0,0
25665.0,21602.0,0
25677.0,21607.0,0
25680.0,21628.0,0
25689.0,21628.0,0
25694.0,21634.0,0
25681.0,21643.0,0
25682.0,21632.0,0
25698.0,21634.0,0
25686.0,21635.0,0
25688.0,21644.0,0
25698.0,21657.0,0
25697.0,21666.0,0
25716.0,21669.0,0
25723.0,21671.0,0
25715.0,21678.0,0
25724.0,21689.0,0
25720.0,21684.0,0
25714.0,21688.0,0
25718.0,21697.0,0
25719.0,21706.0,0
25726.0,21718.0,0
25724.0,21714.0,0
25731.0,21725.0,0
25742.0,21725.0,0
25745.0,21726.0,0
25747.0,21716.0,0
25726.0,21717.0,0
25734.0,21706.0,0
25724.0,21713.0,0
25733.0,21712.0,0
25743.0,21704.0,0
25728.0,21703.0,0
25705.0,21702.0,0
25704.0,21698.0,0
25696.0,21691.0,0
25694.0,21682.0,0
25674.0,21657.0,0
25661.0,21643.0,0
25656.0,21636.0,0
25652.0,21622.0,0
25639.0,21610.0,0
25632.0,21611.0,0
25624.0,21598.0,0
25604.0,21590.0,0
25619.0,21581.0,0
25606.0,21583.0,0
25616.0,21587.0,0
25608.0,21587.0,0
25607.0,21589.0,0
25600.0,21589.0,0
25606.0,21586.0,0
25607.0,21591.0,0
25601.0,21588.0,0
25595.0,21590.0,0
25381.0,21590.0,0
25384.0,21598.0,0
25394.0,21600.0,0
25386.0,21587.0,0
25390.0,21598.0,0
25382.0,21602.0,0
25392.0,21615.0,0
25382.0,21601.0,0
25382.0,21596.0,0
25384.0,21594.0,0
25360.0,21589.0,0
25358.0,21588.0,0
25379.0,21591.0,0
25367.0,21592.0,0
25371.0,21583.0,0
25375.0,21597.0,0
25373.0,21602.0,0
25384.0,21616.0,0
25383.0,21609.0,0
25383.0,21615.0,0
25387.0,21619.0,0
25386.0,21611.0,0
25379.0,21608.0,0
25370.0,21607.0,0
25372.0,21605.0,0
25380.0,21612.0,0
25381.0,21607.0,0
25380.0,21623.0,0
25373.0,21619.0,0
25373.0,21636.0,0
25374.0,21627.0,0
25383.0,21625.0,0
25369.0,21619.0,0
25386.0,21621.0,0
25372.0,21627.0,0
25364.0,21620.0,0
25360.0,21625.0,0
25365.0,21621.0,0
25366.0,21621.0,0
25368.0,21621.0,0
25366.0,21630.0,0
25367.0,21636.0,0
25365.0,21642.0,0
25360.0,21648.0,0
25370.0,21657.0,0
25377.0,21655.0,0
25377.0,21652.0,0
25384.0,21654.0,0
25387.0,21669.0,0
25385.0,21656.0,0
25374.0,21660.0,0
25371.0,21643.0,0
25355.0,21639.0,0
25344.0,21634.0,0
25353.0,21634.0,0
25341.0,21636.0,0
25351.0,21642.0,0
25340.0,21616.0,0
25330.0,21623.0,0
25315.0,21618.0,0
25330.0,21618.0,0
25321.0,21614.0,0
25318.0,21610.0,0
25310.0,21605.0,0
25304.0,21604.0,0
25311.0,21604.0,0
25300.0,21599.0,0
25304.0,21602.0,0
25295.0,21607.0,0
25304.0,21599.0,0
25289.0,21609.0,0
25293.0,21613.0,0
25316.0,21612.0,0
25314.0,21603.0,0
25307.0,21600.0,0
25297.0,21598.0,0
25294.0,21595.0,0
25283.0,21599.0,0
25294.0,21581.0,0
25286.0,21576.0,0
25278.0,21579.0,0
25263.0,21576.0,0
25276.0,21571.0,0
25279.0,21581.0,0
25278.0,21580.0,0
25268.0,21587.0,0
25275.0,21583.0,0
25287.0,21583.0,0
25265.0,21596.0,0
25274.0,21588.0,0
25257.0,21583.0,0
25266.0,21587.0,0
25258.0,21584.0,0
25265.0,21589.0,0
25257.0,21586.0,0
25244.0,21591.0,0
25262.0,21594.0,0
25265.0,21596.0,0
25270.0,21606.0,0
25256.0,21604.0,0
25263.0,21609.0,0
25278.0,21614.0,0
25267.0,21614.0,0
25270.0,21625.0,0
25273.0,21623.0,0
25267.0,21627.0,0
25264.0,21621.0,0
25270.0,21627.0,0
25264.0,21632.0,0
25270.0,21627.0,0
25258.0,21630.0,0
25263.0,21622.0,0
25265.0,21634.0,0
25274.0,21638.0,0
25276.0,21636.0,0
25276.0,21642.0,0
25274.0,21656.0,0
25281.0,21658.0,0
25273.0,21662.0,0
25280.0,21653.0,0
25281.0,21650.0,0
25271.0,21655.0,0
25271.0,21639.0,0
25275.0,21650.0,0
25258.0,21638.0,0
25261.0,21619.0,0
25244.0,21612.0,0
25234.0,21600.0,0
25234.0,21603.0,0
25230.0,21602.0,0
25224.0,21582.0,0
25213.0,21581.0,0
25216.0,21570.0,0
25199.0,21566.0,0
25199.0,21568.0,0
25185.0,21557.0,0
25194.0,21555.0,0
25174.0,21553.0,0
25191.0,21554.0,0
25187.0,21546.0,0
25195.0,21556.0,0
25189.0,21563.0,0
25174.0,21561.0,0
25178.0,21555.0,0
25182.0,21560.0,0
25178.0,21551.0,0
25171.0,21545.0,0
25174.0,21545.0,0
25186.0,21560.0,0
25170.0,21551.0,0
25172.0,21556.0,0
25171.0,21554.0,0
25166.0,21563.0,0
25178.0,21563.0,0
25170.0,21570.0,0
25157.0,21571.0,0
25163.0,21567.0,0
25158.0,21562.0,0
25170.0,21561.0,0
25160.0,21567.0,0
25167.0,21566.0,0
25156.0,21558.0,0
25159.0,21575.0,0
25160.0,21573.0,0
25173.0,21584.0,0
25164.0,21580.0,0
25158.0,21594.0,0
25166.0,21588.0,0
25181.0,21595.0,0
25185.0,21584.0,0
25177.0,21586.0,0
25185.0,21603.0,0
25188.0,21605.0,0
25178.0,21617.0,0
25189.0,21616.0,0
25190.0,21625.0,0
25193.0,21618.0,0
25193.0,21629.0,0
25185.0,21616.0,0
25185.0,21610.0,0
25178.0,21606.0,0
25175.0,21607.0,0
25175.0,21615.0,0
25172.0,21624.0,0
25182.0,21626.0,0
25177.0,21627.0,0
25188.0,21631.0,0
25186.0,21647.0,0
25182.0,21636.0,0
25186.0,21638.0,0
25178.0,21628.0,0
25179.0,21636.0,0
25167.0,21617.0,0
25167.0,21617.0,0
25162.0,21595.0,0
25142.0,21601.0,0
25142.0,21593.0,0
25138.0,21584.0,0
25135.0,21580.0,0
25124.0,21573.0,0
25115.0,21558.0,0
25113.0,21554.0,0
25102.0,21546.0,0
25102.0,21546.0,0
25083.0,21539.0,0
25089.0,21532.0,0
25077.0,21530.0,0
25068.0,21523.0,0
25081.0,21526.0,0
25089.0,21527.0,0
25083.0,21525.0,0
25078.0,21533.0,0
25080.0,21532.0,0
25082.0,21534.0,0
25096.0,21543.0,0
25089.0,21545.0,0
25094.0,21549.0,0
25087.0,21537.0,0
25085.0,21534.0,0
25089.0,21543.0,0
25085.0,21547.0,0
25080.0,21549.0,0
25082.0,21540.0,0
25099.0,21549.0,0
25080.0,21540.0,0
25076.0,21541.0,0
25078.0,21536.0,0
25084.0,21533.0,0
25076.0,21542.0,0
25075.0,21538.0,0
25079.0,21529.0,0
25083.0,21553.0,0
25084.0,21540.0,0
25080.0,21544.0,0
25083.0,21558.0,0
25073.0,21553.0,0
25091.0,21566.0,0
25073.0,21556.0,0
25078.0,21563.0,0
25082.0,21563.0,0
25065.0,21568.0,0
25062.0,21557.0,0
25060.0,21554.0,0
25068.0,21548.0,0
25082.0,21550.0,0
25048.0,21544.0,0
25073.0,21550.0,0
25071.0,21560.0,0
25074.0,21568.0,0
25071.0,21559.0,0
25064.0,21565.0,0
25066.0,21559.0,0
25072.0,21565.0,0
25060.0,21555.0,0
25053.0,21554.0,0
25070.0,21563.0,0
25070.0,21566.0,0
25076.0,21577.0,0
25057.0,21574.0,0
25061.0,21581.0,0
25071.0,21577.0,0
25066.0,21571.0,0
25061.0,21570.0,0
25071.0,21570.0,0
25062.0,21574.0,0
25063.0,21575.0,0
25067.0,21573.0,0
25058.0,21562.0,0
25055.0,21569.0,0
25029.0,21554.0,0
25046.0,21547.0,0
25028.0,21545.0,0
25026.0,21535.0,0
25014.0,21523.0,0
25006.0,21507.0,0
25007.0,21524.0,0
25006.0,21512.0,0
25003.0,21506.0,0
24986.0,21527.0,0
25009.0,21510.0,0
25003.0,21509.0,0
25011.0,21494.0,0
24982.0,21511.0,0
25002.0,21514.0,0
24994.0,21509.0,0
24988.0,21503.0,0
24994.0,21520.0,0
24999.0,21517.0,0
24996.0,21518.0,0
24998.0,21522.0,0
25003.0,21508.0,0
24984.0,21528.0,0
24995.0,21524.0,0
24997.0,21530.0,0
25000.0,21521.0,0
24993.0,21526.0,0
24983.0,21513.0,0
24974.0,21517.0,0
24974.0,21508.0,0
24977.0,21516.0,0
24968.0,21508.0,0
24974.0,21519.0,0
24980.0,21530.0,0
24990.0,21531.0,0
24991.0,21533.0,0
24989.0,21553.0,0
24988.0,21555.0,0
24982.0,21552.0,0
24999.0,21553.0,0
25000.0,21564.0,0
24990.0,21562.0,0
25005.0,21565.0,0
24998.0,21568.0,0
25012.0,21574.0,0
25003.0,21595.0,0
25008.0,21593.0,0
25008.0,21609.0,0
25014.0,21611.0,0
25009.0,21605.0,0
25016.0,21614.0,0
25012.0,21604.0,0
24990.0,21594.0,0
25003.0,21593.0,0
24983.0,21598.0,0
24980.0,21591.0,0
24992.0,21588.0,0
25001.0,21590.0,0
25007.0,21602.0,0
25000.0,21608.0,0
25011.0,21606.0,0
25002.0,21611.0,0
25002.0,21609.0,0
24997.0,21605.0,0
24990.0,21607.0,0
24991.0,21585.0,0
24991.0,21582.0,0
24989.0,21583.0,0
24985.0,21572.0,0
24977.0,21567.0,0
24969.0,21560.0,0
24953.0,21552.0,0
24942.0,21544.0,0
24933.0,21530.0,0
24929.0,21519.0,0
24919.0,21507.0,0
24907.0,21499.0,0
24905.0,21491.0,0
24904.0,21485.0,0
24896.0,21473.0,0
24889.0,21470.0,0
24891.0,21481.0,0
24879.0,21472.0,0
24882.0,21475.0,0
24883.0,21469.0,0
24876.0,21478.0,0
24881.0,21476.0,0
24894.0,21478.0,0
24893.0,21486.0,0
24892.0,21487.0,0
24889.0,21484.0,0
24879.0,21482.0,0
24876.0,21486.0,0
24882.0,21486.0,0
24886.0,21488.0,0
24881.0,21505.0,0
24875.0,21506.0,0
24885.0,21518.0,0
24902.0,21518.0,0
24905.0,21534.0,0
24909.0,21544.0,0
24913.0,21549.0,0
24911.0,21543.0,0
24905.0,21547.0,0
24913.0,21553.0,0
24902.0,21547.0,0
24908.0,21546.0,0
24911.0,21559.0,0
24924.0,21568.0,0
24923.0,21566.0,0
24926.0,21571.0,0
24917.0,21567.0,0
24906.0,21565.0,0
24910.0,21559.0,0
24908.0,21564.0,0
24893.0,21555.0,0
24907.0,21555.0,0
24904.0,21554.0,0
24899.0,21558.0,0
24889.0,21553.0,0
24891.0,21549.0,0
24888.0,21551.0,0
24895.0,21548.0,0
24877.0,21542.0,0
24866.0,21527.0,0
24869.0,21529.0,0
24867.0,21525.0,0
24867.0,21526.0,0
24856.0,21529.0,0
24865.0,21537.0,0
24865.0,21541.0,0
24865.0,21533.0,0
24878.0,21531.0,0
24867.0,21530.0,0
24872.0,21527.0,0
24859.0,21531.0,0
24850.0,21528.0,0
24852.0,21513.0,0
24854.0,21511.0,0
24854.0,21519.0,0
24847.0,21519.0,0
24850.0,21519.0,0
24842.0,21516.0,0
24844.0,21504.0,0
24828.0,21509.0,0
24832.0,21487.0,0
24824.0,21493.0,0
24807.0,21486.0,0
24806.0,21476.0,0
24802.0,21468.0,0
24797.0,21463.0,0
24801.0,21467.0,0
24796.0,21464.0,0
24801.0,21470.0,0
24804.0,21470.0,0
24798.0,21480.0,0
24799.0,21475.0,0
24794.0,21471.0,0
24791.0,21465.0,0
24788.0,21467.0,0
24789.0,21465.0,0
24785.0,21465.0,0
24798.0,21471.0,0
24793.0,21466.0,0
24787.0,21474.0,0
24798.0,21465.0,0
24794.0,21479.0,0
24784.0,21481.0,0
24795.0,21473.0,0
24792.0,21464.0,0
24786.0,21466.0,0
24773.0,21456.0,0
24768.0,21452.0,0
24768.0,21444.0,0
24757.0,21448.0,0
24757.0,21452.0,0
24764.0,21462.0,0
24773.0,21465.0,0
24760.0,21455.0,0
24760.0,21457.0,0
24767.0,21443.0,0
24751.0,21451.0,0
24750.0,21436.0,0
24750.0,21447.0,0
24749.0,21431.0,0
24759.0,21445.0,0
24765.0,21442.0,0
24758.0,21448.0,0
24766.0,21462.0,0
24764.0,21463.0,0
24755.0,21459.0,0
24764.0,21462.0,0
24759.0,21466.0,0
24764.0,21462.0,0
24756.0,21461.0,0
24755.0,21452.0,0
24745.0,21463.0,0
24747.0,21460.0,0
24744.0,21467.0,0
24762.0,21472.0,0
24756.0,21471.0,0
24749.0,21465.0,0
24765.0,21464.0,0
24752.0,21482.0,0
24758.0,21473.0,0
24763.0,21477.0,0
24754.0,21485.0,0
24754.0,21485.0,0
24767.0,21500.0,0
24772.0,21486.0,0
24768.0,21492.0,0
24775.0,21496.0,0
24764.0,21505.0,0
24779.0,21500.0,0
24766.0,21509.0,0
24782.0,21495.0,0
24766.0,21491.0,0
24765.0,21484.0,0
24753.0,21458.0,0
24741.0,21461.0,0
24736.0,21457.0,0
24722.0,21446.0,0
24718.0,21442.0,0
24707.0,21418.0,0
24697.0,21425.0,0
24710.0,21421.0,0
24693.0,21419.0,0
24692.0,21410.0,0
24696.0,21414.0,0
24682.0,21412.0,0
24686.0,21400.0,0
24686.0,21400.0,0
24679.0,21400.0,0
24678.0,21389.0,0
24673.0,21385.0,0
24671.0,21387.0,0
24671.0,21396.0,0
24669.0,21392.0,0
24669.0,21393.0,0
24663.0,21394.0,0
24676.0,21398.0,0
24681.0,21391.0,0
24669.0,21393.0,0
24664.0,21386.0,0
24653.0,21374.0,0
24646.0,21369.0,0
24649.0,21373.0,0
24636.0,21373.0,0
24653.0,21378.0,0
24649.0,21376.0,0
24649.0,21388.0,0
24653.0,21384.0,0
24652.0,21385.0,0
24663.0,21390.0,0
24665.0,21395.0,0
24665.0,21397.0,0
24664.0,21403.0,0
24669.0,21409.0,0
24672.0,21414.0,0
24676.0,21409.0,0
24670.0,21422.0,0
24667.0,21421.0,0
24685.0,21434.0,0
24673.0,21430.0,0
24694.0,21430.0,0
24693.0,21437.0,0
24681.0,21438.0,0
24686.0,21435.0,0
24688.0,21435.0,0
24683.0,21444.0,0
24693.0,21442.0,0
24680.0,21435.0,0
24675.0,21435.0,0
24681.0,21433.0,0
24677.0,21436.0,0
24690.0,21447.0,0
24689.0,21439.0,0
24687.0,21447.0,0
24681.0,21456.0,0
24694.0,21454.0,0
24675.0,21441.0,0
24690.0,21444.0,0
24681.0,21442.0,0
24679.0,21438.0,0
24682.0,21448.0,0
24682.0,21452.0,0
24691.0,21452.0,0
24696.0,21461.0,0
24681.0,21465.0,0
24690.0,21456.0,0
24693.0,21472.0,0
24705.0,21477.0,0
24694.0,21471.0,0
24687.0,21463.0,0
24684.0,21456.0,0
24682.0,21454.0,0
24676.0,21449.0,0
24664.0,21431.0,0
24654.0,21436.0,0
24651.0,21425.0,0
24657.0,21431.0,0
24643.0,21419.0,0
24641.0,21422.0,0
24645.0,21416.0,0
24641.0,21409.0,0
24636.0,21415.0,0
24630.0,21409.0,0
24630.0,21410.0,0
24631.0,21402.0,0
24620.0,21408.0,0
24627.0,21398.0,0
24617.0,21395.0,0
24615.0,21401.0,0
24617.0,21403.0,0
24631.0,21412.0,0
24640.0,21430.0,0
24632.0,21430.0,0
24630.0,21420.0,0
24637.0,21419.0,0
24637.0,21421.0,0
24624.0,21403.0,0
24621.0,21403.0,0
24612.0,21406.0,0
24612.0,21397.0,0
24612.0,21388.0,0
24607.0,21392.0,0
24607.0,21394.0,0
24611.0,21402.0,0
24615.0,21401.0,0
24615.0,21410.0,0
24618.0,21415.0,0
24624.0,21418.0,0
24615.0,21411.0,0
24600.0,21407.0,0
24612.0,21407.0,0
24614.0,21401.0,0
24613.0,21398.0,0
24614.0,21409.0,0
24604.0,21399.0,0
24611.0,21413.0,0
24602.0,21403.0,0
24611.0,21409.0,0
24622.0,21404.0,0
24630.0,21420.0,0
24624.0,21425.0,0
24634.0,21435.0,0
24631.0,21428.0,0
24634.0,21439.0,0
24622.0,21434.0,0
24629.0,21436.0,0
24621.0,21430.0,0
24632.0,21430.0,0
24622.0,21419.0,0
24623.0,21423.0,0
24610.0,21419.0,0
24609.0,21418.0,0
24597.0,21419.0,0
24613.0,21426.0,0
24609.0,21433.0,0
24611.0,21436.0,0
24608.0,21444.0,0
24619.0,21441.0,0
24622.0,21452.0,0
24624.0,21453.0,0
24619.0,21454.0,0
24621.0,21446.0,0
24635.0,21444.0,0
24641.0,21447.0,0
24632.0,21448.0,0
24627.0,21441.0,0
24628.0,21444.0,0
24621.0,21442.0,0
24607.0,21442.0,0
24627.0,21425.0,0
24615.0,21436.0,0
24611.0,21419.0,0
24591.0,21414.0,0
24591.0,21396.0,0
24581.0,21387.0,0
24569.0,21388.0,0
24561.0,21381.0,0
24565.0,21378.0,0
24562.0,21385.0,0
24556.0,21389.0,0
24565.0,21378.0,0
24555.0,21376.0,0
24555.0,21374.0,0
24551.0,21370.0,0
24544.0,21359.0,0
24547.0,21363.0,0
24549.0,21362.0,0
24547.0,21366.0,0
24546.0,21366.0,0
24551.0,21364.0,0
24567.0,21364.0,0
24563.0,21367.0,0
24566.0,21364.0,0
24566.0,21373.0,0
24560.0,21361.0,0
24547.0,21372.0,0
24549.0,21367.0,0
24549.0,21359.0,0
24544.0,21372.0,0
24553.0,21355.0,0
24547.0,21365.0,0
24548.0,21371.0,0
24558.0,21377.0,0
24555.0,21363.0,0
24551.0,21374.0,0
24557.0,21373.0,0
24560.0,21380.0,0
24562.0,21376.0,0
24549.0,21371.0,0
24559.0,21379.0,0
24556.0,21381.0,0
24550.0,21369.0,0
24551.0,21374.0,0
24570.0,21385.0,0
24563.0,21373.0,0
24572.0,21378.0,0
24566.0,21390.0,0
24567.0,21381.0,0
24566.0,21388.0,0
24557.0,21393.0,0
24575.0,21405.0,0
24571.0,21399.0,0
24562.0,21396.0,0
24569.0,21391.0,0
24557.0,21393.0,0
24566.0,21379.0,0
24568.0,21391.0,0
24560.0,21391.0,0
24570.0,21392.0,0
24567.0,21393.0,0
24565.0,21395.0,0
24566.0,21401.0,0
24566.0,21391.0,0
24558.0,21399.0,0
24549.0,21377.0,0
24552.0,21388.0,0
24548.0,21386.0,0
24565.0,21397.0,0
24566.0,21399.0,0
24579.0,21404.0,0
24578.0,21407.0,0
24580.0,21410.0,0
24581.0,21408.0,0
24586.0,21410.0,0
24587.0,21400.0,0
24586.0,21414.0,0
24584.0,21413.0,0
24586.0,21409.0,0
24573.0,21404.0,0
24582.0,21399.0,0
24563.0,21391.0,0
24560.0,21400.0,0
24544.0,21388.0,0
24545.0,21371.0,0
24549.0,21366.0,0
24535.0,21362.0,0
24540.0,21371.0,0
24528.0,21357.0,0
24532.0,21354.0,0
24522.0,21350.0,0
24510.0,21345.0,0
24510.0,21340.0,0
24513.0,21333.0,0
24498.0,21337.0,0
24510.0,21325.0,0
24518.0,21331.0,0
24510.0,21331.0,0
24519.0,21333.0,0
24506.0,21326.0,0
24503.0,21330.0,0
24505.0,21334.0,0
24505.0,21321.0,0
24496.0,21318.0,0
24494.0,21311.0,0
24504.0,21319.0,0
24489.0,21302.0,0
24482.0,21295.0,0
24480.0,21305.0,0
24477.0,21298.0,0
24484.0,21309.0,0
24485.0,21305.0,0
24479.0,21299.0,0
24472.0,21298.0,0
24481.0,21302.0,0
24485.0,21313.0,0
24483.0,21305.0,0
24487.0,21301.0,0
24480.0,21312.0,0
24489.0,21308.0,0
24474.0,21314.0,0
24482.0,21305.0,0
24492.0,21311.0,0
24489.0,21320.0,0
24496.0,21333.0,0
24495.0,21325.0,0
24498.0,21322.0,0
24507.0,21332.0,0
24504.0,21334.0,0
24502.0,21342.0,0
24502.0,21331.0,0
24512.0,21332.0,0
24514.0,21333.0,0
24517.0,21334.0,0
24509.0,21339.0,0
24521.0,21342.0,0
24524.0,21351.0,0
24518.0,21349.0,0
24519.0,21345.0,0
24511.0,21361.0,0
24524.0,21353.0,0
24530.0,21350.0,0
24538.0,21366.0,0
24551.0,21371.0,0
24565.0,21383.0,0
24570.0,21395.0,0
24569.0,21396.0,0
24563.0,21409.0,0
24566.0,21399.0,0
24571.0,21405.0,0
24578.0,21409.0,0
24586.0,21422.0,0
24597.0,21416.0,0
24602.0,21420.0,0
24596.0,21420.0,0
24578.0,21417.0,0
24575.0,21404.0,0
24575.0,21390.0,0
24559.0,21398.0,0
24548.0,21386.0,0
24539.0,21375.0,0
24530.0,21365.0,0
24525.0,21358.0,0
24518.0,21359.0,0
24524.0,21345.0,0
24529.0,21347.0,0
24517.0,21338.0,0
24501.0,21326.0,0
24500.0,21329.0,0
24492.0,21326.0,0
24484.0,21321.0,0
24490.0,21314.0,0
24482.0,21315.0,0
24496.0,21317.0,0
24499.0,21318.0,0
24496.0,21319.0,0
24498.0,21323.0,0
24510.0,21324.0,0
24492.0,21322.0,0
24494.0,21314.0,0
24497.0,21318.0,0
24501.0,21312.0,0
24503.0,21324.0,0
24501.0,21324.0,0
24499.0,21322.0,0
24491.0,21336.0,0
24488.0,21325.0,0
24495.0,21332.0,0
24494.0,21329.0,0
24499.0,21327.0,0
24521.0,21325.0,0
24509.0,21337.0,0
24528.0,21352.0,0
24527.0,21353.0,0
24530.0,21364.0,0
24529.0,21365.0,0
24536.0,21360.0,0
24531.0,21383.0,0
24537.0,21372.0,0
24538.0,21384.0,0
24551.0,21377.0,0
24544.0,21376.0,0
24559.0,21383.0,0
24568.0,21397.0,0
24560.0,21403.0,0
24574.0,21408.0,0
24568.0,21413.0,0
24580.0,21411.0,0
24569.0,21414.0,0
24568.0,21410.0,0
24563.0,21401.0,0
24577.0,21395.0,0
24569.0,21394.0,0
24554.0,21382.0,0
24547.0,21378.0,0
24553.0,21387.0,0
24556.0,21380.0,0
24542.0,21399.0,0
24550.0,21389.0,0
24556.0,21401.0,0
24563.0,21389.0,0
24556.0,21397.0,0
24558.0,21405.0,0
24545.0,21395.0,0
24548.0,21399.0,0
24554.0,21394.0,0
24555.0,21390.0,0
24558.0,21391.0,0
24548.0,21395.0,0
24548.0,21369.0,0
24544.0,21384.0,0
24552.0,21365.0,0
24543.0,21362.0,0
24548.0,21372.0,0
24542.0,21364.0,0
24533.0,21349.0,0
24523.0,21353.0,0
24515.0,21344.0,0
24506.0,21339.0,0
24499.0,21327.0,0
24502.0,21322.0,0
24483.0,21314.0,0
24487.0,21310.0,0
24487.0,21309.0,0
24488.0,21314.0,0
24492.0,21312.0,0
24487.0,21320.0,0
24488.0,21324.0,0
24483.0,21313.0,0
24478.0,21313.0,0
24488.0,21316.0,0
24497.0,21300.0,0
24497.0,21319.0,0
24497.0,21324.0,0
24487.0,21321.0,0
24492.0,21314.0,0
24485.0,21311.0,0
24487.0,21314.0,0
24476.0,21305.0,0
24478.0,21286.0,0
24465.0,21297.0,0
24483.0,21291.0,0
24478.0,21300.0,0
24492.0,21298.0,0
24484.0,21298.0,0
24485.0,21310.0,0
24481.0,21301.0,0
24477.0,21309.0,0
24485.0,21306.0,0
24461.0,21305.0,0
24467.0,21298.0,0
24469.0,21296.0,0
24468.0,21305.0,0
24468.0,21305.0,0
24481.0,21306.0,0
24488.0,21301.0,0
24485.0,21302.0,0
24475.0,21301.0,0
24477.0,21314.0,0
24483.0,21305.0,0
24482.0,21302.0,0
24485.0,21303.0,0
24479.0,21301.0,0
24497.0,21300.0,0
24487.0,21304.0,0
24485.0,21308.0,0
24486.0,21311.0,0
24477.0,21305.0,0
24490.0,21299.0,0
24476.0,21298.0,0
24478.0,21299.0,0
24468.0,21297.0,0
24481.0,21301.0,0
24484.0,21299.0,0
24482.0,21299.0,0
24486.0,21307.0,0
24492.0,21319.0,0
24492.0,21315.0,0
24495.0,21309.0,0
24497.0,21316.0,0
24501.0,21320.0,0
24495.0,21317.0,0
24497.0,21318.0,0
24500.0,21324.0,0
24494.0,21319.0,0
24501.0,21319.0,0
24501.0,21320.0,0
24494.0,21310.0,0
24492.0,21315.0,0
24495.0,21309.0,0
24486.0,21299.0,0
24477.0,21294.0,0
24463.0,21293.0,0
24462.0,21276.0,0
24452.0,21275.0,0
24449.0,21264.0,0
24430.0,21264.0,0
24432.0,21260.0,0
24433.0,21243.0,0
24433.0,21243.0,0
24426.0,21236.0,0
24427.0,21239.0,0
24426.0,21239.0,0
24414.0,21240.0,0
24424.0,21248.0,0
24423.0,21250.0,0
24427.0,21249.0,0
24428.0,21242.0,0
24415.0,21245.0,0
24419.0,21239.0,0
24421.0,21230.0,0
24422.0,21229.0,0
24425.0,21227.0,0
24433.0,21224.0,0
24432.0,21227.0,0
24437.0,21235.0,0
24427.0,21232.0,0
24428.0,21224.0,0
24432.0,21222.0,0
24426.0,21233.0,0
24418.0,21221.0,0
24419.0,21234.0,0
24435.0,21227.0,0
24425.0,21221.0,0
24434.0,21235.0,0
24449.0,21244.0,0
24446.0,21255.0,0
24459.0,21263.0,0
24472.0,21261.0,0
24466.0,21266.0,0
24477.0,21272.0,0
24472.0,21273.0,0
24472.0,21283.0,0
24464.0,21278.0,0
24469.0,21282.0,0
24481.0,21286.0,0
24479.0,21271.0,0
24467.0,21274.0,0
24470.0,21271.0,0
24481.0,21275.0,0
24485.0,21283.0,0
24503.0,21292.0,0
24498.0,21296.0,0
24497.0,21292.0,0
24488.0,21286.0,0
24494.0,21287.0,0
24492.0,21289.0,0
24478.0,21280.0,0
24474.0,21280.0,0
24489.0,21289.0,0
24486.0,21283.0,0
24482.0,21288.0,0
24488.0,21298.0,0
24505.0,21308.0,0
24509.0,21315.0,0
24516.0,21327.0,0
24527.0,21318.0,0
24524.0,21328.0,0
24532.0,21330.0,0
24530.0,21318.0,0
24526.0,21323.0,0
24522.0,21305.0,0
24528.0,21326.0,0
24515.0,21316.0,0
24513.0,21311.0,0
24505.0,21306.0,0
24515.0,21313.0,0
24500.0,21301.0,0
24496.0,21294.0,0
24483.0,21295.0,0
24486.0,21286.0,0
24472.0,21273.0,0
24467.0,21273.0,0
24468.0,21268.0,0
24459.0,21261.0,0
24452.0,21252.0,0
24461.0,21254.0,0
24454.0,21242.0,0
24455.0,21254.0,0
24444.0,21243.0,0
24456.0,21256.0,0
24441.0,21258.0,0
24445.0,21260.0,0
24458.0,21252.0,0
24457.0,21254.0,0
24460.0,21262.0,0
24458.0,21258.0,0
24449.0,21256.0,0
24458.0,21253.0,0
24445.0,21252.0,0
24453.0,21251.0,0
24440.0,21247.0,0
24444.0,21248.0,0
24451.0,21255.0,0
24446.0,21249.0,0
24448.0,21251.0,0
24457.0,21257.0,0
24461.0,21263.0,0
24454.0,21254.0,0
24450.0,21266.0,0
24454.0,21264.0,0
24460.0,21264.0,0
24459.0,21250.0,0
24449.0,21250.0,0
24448.0,21259.0,0
24448.0,21268.0,0
24461.0,21275.0,0
24455.0,21270.0,0
24460.0,21275.0,0
24470.0,21282.0,0
24478.0,21283.0,0
24479.0,21282.0,0
24474.0,21278.0,0
24471.0,21289.0,0
24473.0,21280.0,0
24476.0,21287.0,0
24476.0,21282.0,0
24477.0,21282.0,0
24478.0,21284.0,0
24479.0,21281.0,0
24468.0,21288.0,0
24474.0,21278.0,0
24480.0,21284.0,0
24481.0,21292.0,0
24476.0,21294.0,0
24475.0,21292.0,0
24481.0,21300.0,0
24487.0,21306.0,0
24488.0,21311.0,0
24484.0,21310.0,0
24480.0,21303.0,0
24482.0,21297.0,0
24486.0,21287.0,0
24483.0,21298.0,0
24498.0,21313.0,0
24516.0,21307.0,0
24502.0,21310.0,0
24508.0,21313.0,0
24506.0,21316.0,0
24491.0,21310.0,0
24493.0,21304.0,0
24488.0,21295.0,0
24472.0,21284.0,0
24466.0,21267.0,0
24460.0,21270.0,0
24443.0,21263.0,0
24453.0,21259.0,0
24441.0,21257.0,0
24447.0,21248.0,0
24443.0,21258.0,0
24445.0,21248.0,0
24451.0,21239.0,0
24445.0,21247.0,0
24437.0,21258.0,0
24441.0,21238.0,0
24447.0,21236.0,0
24449.0,21244.0,0
24442.0,21243.0,0
24447.0,21256.0,0
24447.0,21249.0,0
24451.0,21250.0,0
24449.0,21255.0,0
24445.0,21248.0,0
24447.0,21240.0,0
24444.0,21240.0,0
24443.0,21247.0,0
24441.0,21245.0,0
24427.0,21236.0,0
24441.0,21226.0,0
24432.0,21238.0,0
24429.0,21234.0,0
24448.0,21248.0,0
24433.0,21237.0,0
24439.0,21235.0,0
24438.0,21242.0,0
24436.0,21244.0,0
24443.0,21248.0,0
24454.0,21259.0,0
24442.0,21257.0,0
24448.0,21256.0,0
24451.0,21243.0,0
24441.0,21264.0,0
24451.0,21261.0,0
24472.0,21264.0,0
24465.0,21256.0,0
24472.0,21266.0,0
24474.0,21266.0,0
24464.0,21269.0,0
24458.0,21270.0,0
24466.0,21274.0,0
24468.0,21281.0,0
24474.0,21272.0,0
24466.0,21280.0,0
24478.0,21272.0,0
24466.0,21280.0,0
24470.0,21270.0,0
24472.0,21286.0,0
24479.0,21286.0,0
24493.0,21296.0,0
24492.0,21308.0,0
24492.0,21299.0,0
24498.0,21303.0,0
24492.0,21294.0,0
24491.0,21289.0,0
24473.0,21293.0,0
24482.0,21283.0,0
24477.0,21281.0,0
24471.0,21269.0,0
24465.0,21267.0,0
24453.0,21262.0,0
24456.0,21261.0,0
24448.0,21243.0,0
24448.0,21238.0,0
24437.0,21235.0,0
24431.0,21224.0,0
24418.0,21229.0,0
24405.0,21213.0,0
24402.0,21208.0,0
24400.0,21196.0,0
24406.0,21200.0,0
24412.0,21200.0,0
24405.0,21190.0,0
24410.0,21193.0,0
24397.0,21200.0,0
24390.0,21191.0,0
24405.0,21201.0,0
24392.0,21200.0,0
24409.0,21209.0,0
24413.0,21218.0,0
24417.0,21208.0,0
24422.0,21214.0,0
24414.0,21216.0,0
24413.0,21213.0,0
24417.0,21210.0,0
24418.0,21213.0,0
24419.0,21212.0,0
24421.0,21210.0,0
24406.0,21215.0,0
24411.0,21204.0,0
24415.0,21209.0,0
24406.0,21207.0,0
24417.0,21207.0,0
24421.0,21214.0,0
24414.0,21207.0,0
24419.0,21223.0,0
24416.0,21213.0,0
24415.0,21219.0,0
24422.0,21220.0,0
24429.0,21225.0,0
24429.0,21233.0,0
24432.0,21234.0,0
24442.0,21238.0,0
24428.0,21232.0,0
24443.0,21241.0,0
24435.0,21245.0,0
24431.0,21234.0,0
24447.0,21236.0,0
24435.0,21240.0,0
24440.0,21246.0,0
24449.0,21244.0,0
24443.0,21230.0,0
24442.0,21228.0,0
24440.0,21230.0,0
24432.0,21234.0,0
24429.0,21230.0,0
24423.0,21224.0,0
24425.0,21229.0,0
24426.0,21233.0,0
24448.0,21236.0,0
24437.0,21238.0,0
24459.0,21255.0,0
24438.0,21243.0,0
24450.0,21245.0,0
24441.0,21249.0,0
24450.0,21243.0,0
24442.0,21234.0,0
24442.0,21235.0,0
24434.0,21228.0,0
24433.0,21215.0,0
24434.0,21228.0,0
24421.0,21225.0,0
24426.0,21215.0,0
24417.0,21218.0,0
24401.0,21202.0,0
24407.0,21215.0,0
24399.0,21197.0,0
24396.0,21189.0,0
24390.0,21188.0,0
24377.0,21184.0,0
24374.0,21174.0,0
24367.0,21185.0,0
24373.0,21181.0,0
24372.0,21182.0,0
24367.0,21195.0,0
24377.0,21192.0,0
24395.0,21179.0,0
24381.0,21189.0,0
24394.0,21198.0,0
24405.0,21203.0,0
24399.0,21208.0,0
24402.0,21207.0,0
24402.0,21205.0,0
24397.0,21206.0,0
24404.0,21202.0,0
24402.0,21211.0,0
24400.0,21218.0,0
24399.0,21208.0,0
24400.0,21217.0,0
24422.0,21217.0,0
24409.0,21219.0,0
24418.0,21210.0,0
24406.0,21211.0,0
24416.0,21217.0,0
24411.0,21208.0,0
24402.0,21202.0,0
24400.0,21221.0,0
24408.0,21219.0,0
24404.0,21221.0,0
24413.0,21220.0,0
24411.0,21236.0,0
24412.0,21225.0,0
24423.0,21240.0,0
24424.0,21235.0,0
24417.0,21232.0,0
24416.0,21237.0,0
24416.0,21226.0,0
24413.0,21231.0,0
24412.0,21240.0,0
24426.0,21241.0,0
24416.0,21235.0,0
24422.0,21244.0,0
24417.0,21239.0,0
24427.0,21248.0,0
24436.0,21250.0,0
24430.0,21254.0,0
24423.0,21239.0,0
24430.0,21243.0,0
24414.0,21227.0,0
24408.0,21233.0,0
24411.0,21233.0,0
24405.0,21236.0,0
24425.0,21241.0,0
24427.0,21251.0,0
24429.0,21254.0,0
24447.0,21264.0,0
24447.0,21265.0,0
24437.0,21262.0,0
24443.0,21261.0,0
24444.0,21257.0,0
24441.0,21247.0,0
24432.0,21250.0,0
24424.0,21242.0,0
24415.0,21239.0,0
24416.0,21235.0,0
24415.0,21227.0,0
24405.0,21217.0,0
24394.0,21224.0,0
24387.0,21212.0,0
24395.0,21204.0,0
24376.0,21202.0,0
24368.0,21190.0,0
24367.0,21183.0,0
24365.0,21179.0,0
24359.0,21182.0,0
24346.0,21183.0,0
24348.0,21174.0,0
24355.0,21163.0,0
24344.0,21166.0,0
24350.0,21170.0,0
24351.0,21169.0,0
24358.0,21169.0,0
24358.0,21179.0,0
24339.0,21183.0,0
24353.0,21195.0,0
24364.0,21187.0,0
24359.0,21190.0,0
24362.0,21183.0,0
24359.0,21183.0,0
24356.0,21178.0,0
24350.0,21185.0,0
24357.0,21178.0,0
24355.0,21175.0,0
24359.0,21170.0,0
24355.0,21179.0,0
24348.0,21173.0,0
24346.0,21163.0,0
24342.0,21174.0,0
24346.0,21168.0,0
24354.0,21165.0,0
24353.0,21182.0,0
24348.0,21176.0,0
24346.0,21180.0,0
24352.0,21184.0,0
24352.0,21175.0,0
24357.0,21175.0,0
24353.0,21175.0,0
24345.0,21186.0,0
24352.0,21189.0,0
24351.0,21190.0,0
24362.0,21198.0,0
24352.0,21197.0,0
24364.0,21198.0,0
24375.0,21212.0,0
24373.0,21206.0,0
24358.0,21209.0,0
24371.0,21192.0,0
24360.0,21189.0,0
24359.0,21193.0,0
24353.0,21188.0,0
24358.0,21182.0,0
24353.0,21184.0,0
24356.0,21193.0,0
24359.0,21196.0,0
24363.0,21202.0,0
24370.0,21212.0,0
24360.0,21225.0,0
24363.0,21214.0,0
24365.0,21220.0,0
24365.0,21219.0,0
24369.0,21214.0,0
24359.0,21221.0,0
24376.0,21229.0,0
24376.0,21217.0,0
24370.0,21224.0,0
24367.0,21221.0,0
24369.0,21220.0,0
24370.0,21220.0,0
24360.0,21218.0,0
24357.0,21206.0,0
24350.0,21198.0,0
24327.0,21188.0,0
24327.0,21182.0,0
24314.0,21173.0,0
24318.0,21165.0,0
24310.0,21160.0,0
24308.0,21161.0,0
24310.0,21163.0,0
24309.0,21168.0,0
24309.0,21167.0,0
24300.0,21154.0,0
24309.0,21151.0,0
24302.0,21157.0,0
24299.0,21151.0,0
24308.0,21159.0,0
24299.0,21145.0,0
24315.0,21156.0,0
24314.0,21162.0,0
24313.0,21168.0,0
24307.0,21158.0,0
24312.0,21168.0,0
24301.0,21163.0,0
24305.0,21150.0,0
24293.0,21158.0,0
24295.0,21153.0,0
24300.0,21166.0,0
24290.0,21153.0,0
24287.0,21155.0,0
24287.0,21145.0,0
24309.0,21153.0,0
24303.0,21155.0,0
24304.0,21167.0,0
24306.0,21171.0,0
24305.0,21177.0,0
24304.0,21172.0,0
24303.0,21179.0,0
24309.0,21178.0,0
24306.0,21184.0,0
24324.0,21183.0,0
24325.0,21192.0,0
24334.0,21198.0,0
24340.0,21218.0,0
24344.0,21213.0,0
24344.0,21211.0,0
24344.0,21215.0,0
24348.0,21213.0,0
24342.0,21204.0,0
24352.0,21225.0,0
24352.0,21215.0,0
24338.0,21218.0,0
24338.0,21211.0,0
24332.0,21215.0,0
24328.0,21218.0,0
24339.0,21209.0,0
24335.0,21214.0,0
24326.0,21211.0,0
24321.0,21209.0,0
24333.0,21213.0,0
24322.0,21212.0,0
24312.0,21209.0,0
24325.0,21209.0,0
24324.0,21207.0,0
24323.0,21223.0,0
24328.0,21217.0,0
24329.0,21225.0,0
24327.0,21227.0,0
24333.0,21216.0,0
24326.0,21218.0,0
24324.0,21219.0,0
24332.0,21215.0,0
24316.0,21216.0,0
24318.0,21211.0,0
24320.0,21202.0,0
24308.0,21200.0,0
24307.0,21197.0,0
24297.0,21185.0,0
24300.0,21182.0,0
24295.0,21180.0,0
24279.0,21171.0,0
24278.0,21161.0,0
24258.0,21163.0,0
24273.0,21162.0,0
24254.0,21161.0,0
24263.0,21145.0,0
24262.0,21152.0,0
24247.0,21137.0,0
24235.0,21141.0,0
24236.0,21131.0,0
24228.0,21120.0,0
24233.0,21130.0,0
24246.0,21128.0,0
24249.0,21142.0,0
24241.0,21145.0,0
24252.0,21155.0,0
24251.0,21166.0,0
24260.0,21154.0,0
24264.0,21164.0,0
24257.0,21161.0,0
24253.0,21158.0,0
24251.0,21156.0,0
24248.0,21162.0,0
24247.0,21160.0,0
24251.0,21161.0,0
24247.0,21168.0,0
24248.0,21172.0,0
24248.0,21171.0,0
24249.0,21164.0,0
24255.0,21171.0,0
24250.0,21168.0,0
24252.0,21176.0,0
24243.0,21174.0,0
24258.0,21172.0,0
24254.0,21172.0,0
24241.0,21163.0,0
24250.0,21169.0,0
24260.0,21188.0,0
24258.0,21179.0,0
24259.0,21187.0,0
24270.0,21204.0,0
24257.0,21198.0,0
24261.0,21204.0,0
24264.0,21204.0,0
24255.0,21200.0,0
24259.0,21210.0,0
24264.0,21208.0,0
24255.0,21205.0,0
24266.0,21209.0,0
24260.0,21219.0,0
24261.0,21220.0,0
24265.0,21219.0,0
24276.0,21211.0,0
24271.0,21222.0,0
24268.0,21211.0,0
24263.0,21220.0,0
24263.0,21206.0,0
24252.0,21208.0,0
24259.0,21215.0,0
24254.0,21221.0,0
24251.0,21224.0,0
24266.0,21224.0,0
24262.0,21229.0,0
24275.0,21237.0,0
24270.0,21241.0,0
24268.0,21250.0,0
24278.0,21244.0,0
24275.0,21251.0,0
24282.0,21255.0,0
24291.0,21253.0,0
24275.0,21246.0,0
24278.0,21246.0,0
24280.0,21239.0,0
24284.0,21240.0,0
24267.0,21241.0,0
24264.0,21239.0,0
24252.0,21239.0,0
24253.0,21227.0,0
24255.0,21224.0,0
24237.0,21221.0,0
24231.0,21215.0,0
24227.0,21208.0,0
24227.0,21196.0,0
24231.0,21211.0,0
24223.0,21203.0,0
24212.0,21205.0,0
24223.0,21202.0,0
24223.0,21206.0,0
24223.0,21206.0,0
24220.0,21198.0,0
24231.0,21209.0,0
24223.0,21199.0,0
24235.0,21214.0,0
24228.0,21207.0,0
24240.0,21223.0,0
24215.0,21215.0,0
24216.0,21211.0,0
24223.0,21226.0,0
24215.0,21212.0,0
24207.0,21217.0,0
24217.0,21209.0,0
24202.0,21198.0,0
24209.0,21218.0,0
24203.0,21205.0,0
24212.0,21209.0,0
24204.0,21210.0,0
24212.0,21210.0,0
24201.0,21215.0,0
24210.0,21215.0,0
24213.0,21214.0,0
24209.0,21218.0,0
24207.0,21218.0,0
24210.0,21213.0,0
24193.0,21206.0,0
24210.0,21209.0,0
24197.0,21213.0,0
24195.0,21220.0,0
24211.0,21221.0,0
24205.0,21218.0,0
24208.0,21213.0,0
24210.0,21227.0,0
24206.0,21227.0,0
24216.0,21224.0,0
24221.0,21234.0,0
24215.0,21243.0,0
24208.0,21229.0,0
24204.0,21238.0,0
24206.0,21233.0,0
24211.0,21234.0,0
24204.0,21229.0,0
24199.0,21231.0,0
24206.0,21244.0,0
24201.0,21235.0,0
24204.0,21229.0,0
24201.0,21223.0,0
24196.0,21216.0,0
24207.0,21221.0,0
24196.0,21229.0,0
24211.0,21240.0,0
24209.0,21235.0,0
24216.0,21247.0,0
24220.0,21252.0,0
24222.0,21252.0,0
24217.0,21256.0,0
24222.0,21266.0,0
24212.0,21247.0,0
24217.0,21244.0,0
24208.0,21248.0,0
24205.0,21234.0,0
24216.0,21234.0,0
24217.0,21234.0,0
24213.0,21238.0,0
24206.0,21230.0,0
24189.0,21230.0,0
24187.0,21214.0,0
24167.0,21200.0,0
24169.0,21200.0,0
24166.0,21195.0,0
24164.0,21193.0,0
24155.0,21190.0,0
24157.0,21193.0,0
24156.0,21190.0,0
24159.0,21197.0,0
24160.0,21189.0,0
24153.0,21197.0,0
24159.0,21183.0,0
24148.0,21191.0,0
24144.0,21181.0,0
24138.0,21182.0,0
24150.0,21188.0,0
24147.0,21190.0,0
24152.0,21201.0,0
24151.0,21196.0,0
24143.0,21198.0,0
24144.0,21193.0,0
24144.0,21195.0,0
24135.0,21192.0,0
24141.0,21180.0,0
24127.0,21187.0,0
24124.0,21181.0,0
24119.0,21171.0,0
24115.0,21175.0,0
24120.0,21172.0,0
24109.0,21163.0,0
24112.0,21170.0,0
24118.0,21169.0,0
24119.0,21178.0,0
24121.0,21175.0,0
24118.0,21170.0,0
24105.0,21166.0,0
24112.0,21167.0,0
24105.0,21169.0,0
24113.0,21179.0,0
24116.0,21164.0,0
24116.0,21168.0,0
24106.0,21159.0,0
24100.0,21172.0,0
24110.0,21166.0,0
24094.0,21153.0,0
24093.0,21154.0,0
24085.0,21160.0,0
24098.0,21163.0,0
24093.0,21166.0,0
24097.0,21155.0,0
24091.0,21161.0,0
24094.0,21167.0,0
24090.0,21162.0,0
24084.0,21161.0,0
24090.0,21162.0,0
24084.0,21157.0,0
24094.0,21165.0,0
24099.0,21167.0,0
24097.0,21168.0,0
24097.0,21170.0,0
24098.0,21185.0,0
24105.0,21188.0,0
24127.0,21187.0,0
24119.0,21201.0,0
24122.0,21202.0,0
24121.0,21233.0,0
24137.0,21219.0,0
24141.0,21239.0,0
24144.0,21230.0,0
24155.0,21230.0,0
24157.0,21238.0,0
24146.0,21233.0,0
24148.0,21236.0,0
24140.0,21237.0,0
24139.0,21228.0,0
24132.0,21230.0,0
24122.0,21221.0,0
24113.0,21210.0,0
24108.0,21199.0,0
24102.0,21198.0,0
24095.0,21179.0,0
24089.0,21184.0,0
24089.0,21185.0,0
24079.0,21178.0,0
24083.0,21184.0,0
24082.0,21177.0,0
24075.0,21166.0,0
24078.0,21168.0,0
24075.0,21162.0,0
24066.0,21152.0,0
24060.0,21156.0,0
24063.0,21155.0,0
24063.0,21158.0,0
24064.0,21165.0,0
24065.0,21151.0,0
24070.0,21157.0,0
24072.0,21154.0,0
24057.0,21150.0,0
24058.0,21145.0,0
24041.0,21146.0,0
24056.0,21144.0,0
24050.0,21148.0,0
24055.0,21147.0,0
24046.0,21143.0,1
24046.0,21151.0,0
24055.0,21148.0,0
24040.0,21153.0,0
24054.0,21164.0,0
24050.0,21167.0,0
24058.0,21160.0,0
24044.0,21154.0,0
24051.0,21160.0,0
24055.0,21164.0,0
24045.0,21171.0,0
24055.0,21176.0,0
24057.0,21176.0,0
24064.0,21186.0,0
24056.0,21187.0,0
24068.0,21188.0,0
24060.0,21186.0,0
24063.0,21197.0,0
24074.0,21199.0,0
24072.0,21195.0,0
24072.0,21204.0,0
24080.0,21201.0,0
24081.0,21211.0,0
24084.0,21206.0,0
24081.0,21203.0,0
24080.0,21209.0,0
24072.0,21203.0,0
24080.0,21215.0,0
24073.0,21206.0,0
24071.0,21204.0,0
24070.0,21195.0,0
24070.0,21200.0,0
24051.0,21203.0,0
24057.0,21197.0,0
24057.0,21197.0,0
24057.0,21208.0,0
24067.0,21201.0,0
24064.0,21207.0,0
24066.0,21210.0,0
24079.0,21211.0,0
24068.0,21217.0,0
24064.0,21223.0,0
24054.0,21212.0,0
24072.0,21213.0,0
24066.0,21201.0,0
24064.0,21197.0,0
24065.0,21201.0,0
24069.0,21198.0,0
24070.0,21204.0,0
24059.0,21199.0,0
24058.0,21197.0,0
24047.0,21195.0,0
24033.0,21193.0,0
24032.0,21177.0,0
24022.0,21171.0,0
24014.0,21177.0,0
24007.0,21158.0,0
24010.0,21167.0,0
24004.0,21163.0,0
24014.0,21170.0,0
24010.0,21173.0,0
24011.0,21166.0,0
24010.0,21164.0,0
24002.0,21167.0,0
24004.0,21174.0,0
24013.0,21163.0,0
24008.0,21167.0,0
24011.0,21170.0,0
24014.0,21177.0,0
24021.0,21171.0,0
24010.0,21170.0,0
24003.0,21168.0,0
24009.0,21171.0,0
24004.0,21167.0,0
24015.0,21168.0,0
24016.0,21176.0,0
24020.0,21177.0,0
24011.0,21173.0,0
24015.0,21171.0,0
24013.0,21175.0,0
24017.0,21165.0,0
23994.0,21167.0,0
24003.0,21157.0,0
23994.0,21160.0,0
23997.0,21165.0,0
23983.0,21158.0,0
23983.0,21148.0,0
23991.0,21164.0,0
24002.0,21160.0,0
23994.0,21175.0,0
24005.0,21167.0,0
23998.0,21171.0,0
23998.0,21168.0,0
23987.0,21171.0,0
23994.0,21170.0,0
23996.0,21164.0,0
23992.0,21165.0,0
23995.0,21166.0,0
23998.0,21171.0,0
23992.0,21185.0,0
23989.0,21173.0,0
23987.0,21169.0,0
23989.0,21182.0,0
23995.0,21175.0,0
23991.0,21174.0,0
23986.0,21169.0,0
23990.0,21173.0,0
23987.0,21162.0,0
23977.0,21167.0,0
23973.0,21163.0,0
23988.0,21165.0,0
23990.0,21170.0,0
23991.0,21178.0,0
24005.0,21190.0,0
24009.0,21187.0,0
24000.0,21200.0,0
24005.0,21193.0,0
24020.0,21196.0,0
24004.0,21201.0,0
24002.0,21196.0,0
24024.0,21205.0,0
24013.0,21194.0,0
24011.0,21192.0,0
24006.0,21193.0,0
24000.0,21178.0,0
23984.0,21177.0,0
23978.0,21171.0,0
23980.0,21165.0,0
23958.0,21151.0,0
23968.0,21150.0,0
23936.0,21141.0,0
23946.0,21128.0,0
23938.0,21117.0,0
23915.0,21111.0,0
23928.0,21116.0,0
23925.0,21113.0,0
23919.0,21111.0,0
23928.0,21110.0,0
23916.0,21110.0,0
23928.0,21105.0,0
23910.0,21108.0,0
23930.0,21113.0,0
23924.0,21120.0,0
23924.0,21123.0,0
23925.0,21129.0,0
23929.0,21125.0,0
23922.0,21123.0,0
23928.0,21115.0,0
23923.0,21124.0,0
23933.0,21120.0,0
23922.0,21113.0,0
23922.0,21126.0,0
23922.0,21128.0,0
23911.0,21110.0,0
23910.0,21123.0,0
23909.0,21117.0,0
23920.0,21116.0,0
23921.0,21129.0,0
23924.0,21141.0,0
23922.0,21127.0,0
23934.0,21135.0,0
23932.0,21135.0,0
23950.0,21138.0,0
23936.0,21143.0,0
23940.0,21158.0,0
23941.0,21139.0,0
23937.0,21153.0,0
23945.0,21161.0,0
23943.0,21161.0,0
23949.0,21168.0,0
23941.0,21156.0,0
23937.0,21158.0,0
23956.0,21160.0,0
23955.0,21163.0,0
23962.0,21166.0,0
23953.0,21163.0,0
23948.0,21174.0,0
23948.0,21163.0,0
23940.0,21171.0,0
23933.0,21159.0,0
23931.0,21163.0,0
23919.0,21160.0,0
23925.0,21151.0,0
23927.0,21139.0,0
23926.0,21154.0,0
23924.0,21146.0,0
23936.0,21156.0,0
23936.0,21154.0,0
23932.0,21164.0,0
23926.0,21155.0,0
23933.0,21156.0,0
23937.0,21172.0,0
23938.0,21160.0,0
23931.0,21151.0,0
23940.0,21156.0,0
23935.0,21154.0,0
23940.0,21156.0,0
23939.0,21161.0,0
23949.0,21171.0,0
23941.0,21166.0,0
23945.0,21163.0,0
23949.0,21166.0,0
23947.0,21157.0,0
23932.0,21150.0,0
23924.0,21143.0,0
23917.0,21136.0,0
23905.0,21130.0,0
23898.0,21116.0,0
23895.0,21112.0,0
23900.0,21116.0,0
23895.0,21119.0,0
23905.0,21114.0,0
23896.0,21116.0,0
23906.0,21118.0,0
23901.0,21114.0,0
23904.0,21119.0,0
23888.0,21121.0,0
23893.0,21108.0,0
23899.0,21120.0,0
23889.0,21113.0,0
23901.0,21116.0,0
23899.0,21120.0,0
23888.0,21127.0,0
23901.0,21119.0,0
23896.0,21109.0,0
23877.0,21098.0,0
23875.0,21106.0,0
23872.0,21098.0,0
23871.0,21106.0,0
23869.0,21096.0,0
23864.0,21099.0,0
23861.0,21090.0,0
23875.0,21098.0,0
23873.0,21091.0,0
23872.0,21090.0,0
23876.0,21096.0,0
23878.0,21091.0,0
23872.0,21087.0,0
23863.0,21084.0,0
23871.0,21091.0,0
23876.0,21093.0,0
23862.0,21093.0,0
23866.0,21100.0,0
23875.0,21105.0,0
23882.0,21102.0,0
23893.0,21112.0,0
23889.0,21115.0,0
23902.0,21121.0,0
23897.0,21125.0,0
23887.0,21127.0,0
23882.0,21116.0,0
23891.0,21120.0,0
23885.0,21124.0,0
23906.0,21143.0,0
23905.0,21140.0,0
23904.0,21139.0,0
23917.0,21158.0,0
23908.0,21142.0,0
23910.0,21140.0,0
23904.0,21149.0,0
23905.0,21144.0,0
23908.0,21132.0,0
23911.0,21143.0,0
23917.0,21152.0,0
23912.0,21158.0,0
23916.0,21147.0,0
23917.0,21163.0,0
23927.0,21155.0,0
23917.0,21171.0,0
23919.0,21164.0,0
23924.0,21162.0,0
23922.0,21163.0,0
23908.0,21160.0,0
23935.0,21153.0,0
23926.0,21159.0,0
23933.0,21156.0,0
23913.0,21139.0,0
23902.0,21135.0,0
23904.0,21128.0,0
23891.0,21123.0,0
23890.0,21121.0,0
23869.0,21113.0,0
23863.0,21105.0,0
23862.0,21102.0,0
23861.0,21088.0,0
23848.0,21086.0,0
23844.0,21076.0,0
23848.0,21081.0,0
23835.0,21068.0,0
23839.0,21069.0,0
23835.0,21066.0,0
23841.0,21062.0,0
23831.0,21064.0,0
23844.0,21076.0,0
23839.0,21074.0,0
23840.0,21077.0,0
23835.0,21069.0,0
23843.0,21087.0,0
23836.0,21075.0,0
23847.0,21078.0,0
23835.0,21071.0,0
23845.0,21086.0,0
23838.0,21079.0,0
23853.0,21092.0,0
23846.0,21091.0,0
23853.0,21088.0,0
23851.0,21084.0,0
23839.0,21087.0,0
23840.0,21091.0,0
23833.0,21094.0,0
23835.0,21084.0,0
23832.0,21086.0,0
23851.0,21097.0,0
23854.0,21108.0,0
23859.0,21101.0,0
23858.0,21114.0,0
23865.0,21113.0,0
23869.0,21108.0,0
23856.0,21104.0,0
23855.0,21105.0,0
23856.0,21102.0,0
23851.0,21105.0,0
23849.0,21102.0,0
23855.0,21108.0,0
23862.0,21100.0,0
23859.0,21117.0,0
23868.0,21121.0,0
23864.0,21130.0,0
23860.0,21125.0,0
23865.0,21118.0,0
23854.0,21110.0,0
23853.0,21116.0,0
23848.0,21110.0,0
23846.0,21110.0,0
23839.0,21107.0,0
23843.0,21112.0,0
23852.0,21103.0,0
23851.0,21103.0,0
23862.0,21114.0,0
23856.0,21117.0,0
23866.0,21119.0,0
23881.0,21116.0,0
23866.0,21128.0,0
23866.0,21129.0,0
23868.0,21118.0,0
23866.0,21118.0,0
23864.0,21112.0,0
23864.0,21111.0,0
23873.0,21113.0,0
23863.0,21096.0,0
23853.0,21096.0,0
23860.0,21096.0,0
23841.0,21089.0,0
23832.0,21085.0,0
23828.0,21078.0,0
23824.0,21075.0,0
23808.0,21081.0,0
23810.0,21070.0,0
23819.0,21069.0,0
23799.0,21067.0,0
23811.0,21063.0,0
23814.0,21076.0,0
23813.0,21062.0,0
23800.0,21054.0,0
23805.0,21059.0,0
23799.0,21063.0,0
23798.0,21063.0,0
23804.0,21060.0,0
23803.0,21069.0,0
23802.0,21062.0,0
23821.0,21078.0,0
23811.0,21079.0,0
23821.0,21076.0,0
23816.0,21073.0,0
23818.0,21078.0,0
23803.0,21063.0,0
23796.0,21055.0,0
23798.0,21065.0,0
23806.0,21051.0,0
23810.0,21064.0,0
23801.0,21059.0,0
23796.0,21062.0,0
23811.0,21071.0,0
23799.0,21077.0,0
23808.0,21078.0,0
23811.0,21077.0,0
23815.0,21084.0,0
23824.0,21081.0,0
23820.0,21079.0,0
23805.0,21078.0,0
23822.0,21082.0,0
23824.0,21086.0,0
23815.0,21087.0,0
23814.0,21085.0,0
23830.0,21095.0,0
23836.0,21098.0,0
23848.0,21111.0,0
23851.0,21122.0,0
23850.0,21120.0,0
23850.0,21116.0,0
23848.0,21116.0,0
23848.0,21115.0,0
23840.0,21110.0,0
23838.0,21107.0,0
23844.0,21115.0,0
23839.0,21112.0,0
23842.0,21114.0,0
23854.0,21105.0,0
23856.0,21118.0,0
23863.0,21120.0,0
23861.0,21141.0,0
23860.0,21134.0,0
23856.0,21131.0,0
23857.0,21135.0,0
23853.0,21129.0,0
23851.0,21119.0,0
23861.0,21131.0,0
23865.0,21123.0,0
23871.0,21127.0,0
23861.0,21129.0,0
23866.0,21130.0,0
23845.0,21115.0,0
23847.0,21108.0,0
23837.0,21102.0,0
23827.0,21095.0,0
23816.0,21083.0,0
23806.0,21087.0,0
23804.0,21086.0,0
23810.0,21067.0,0
23800.0,21057.0,0
23805.0,21069.0,0
23805.0,21062.0,0
23802.0,21061.0,0
23794.0,21059.0,0
23794.0,21054.0,0
23791.0,21060.0,0
23789.0,21051.0,0
23781.0,21050.0,0
23791.0,21046.0,0
23796.0,21051.0,0
23801.0,21064.0,0
23809.0,21065.0,0
23819.0,21069.0,0
23811.0,21072.0,0
23812.0,21083.0,0
23812.0,21066.0,0
23806.0,21070.0,0
23798.0,21074.0,0
23802.0,21066.0,0
23796.0,21064.0,0
23794.0,21055.0,0
23804.0,21063.0,0
23804.0,21064.0,0
23809.0,21065.0,0
23814.0,21070.0,0
23814.0,21075.0,0
23808.0,21072.0,0
23819.0,21076.0,0
23813.0,21078.0,0
23817.0,21080.0,0
23817.0,21092.0,0
23820.0,21094.0,0
23827.0,21101.0,0
23827.0,21094.0,0
23827.0,21094.0,0
23825.0,21098.0,0
23821.0,21083.0,0
23818.0,21084.0,0
23820.0,21099.0,0
23827.0,21094.0,0
23821.0,21097.0,0
23817.0,21104.0,0
23820.0,21107.0,0
23834.0,21108.0,0
23826.0,21106.0,0
23828.0,21118.0,0
23817.0,21106.0,0
23822.0,21102.0,0
23814.0,21102.0,0
23824.0,21110.0,0
23837.0,21122.0,0
23831.0,21122.0,0
23841.0,21125.0,0
23838.0,21121.0,0
23845.0,21123.0,0
23847.0,21126.0,0
23837.0,21129.0,0
23849.0,21124.0,0
23841.0,21123.0,0
23846.0,21126.0,0
23849.0,21124.0,0
23849.0,21121.0,0
23838.0,21116.0,0
23830.0,21119.0,0
23837.0,21108.0,0
23830.0,21101.0,0
23820.0,21098.0,0
23823.0,21105.0,0
23816.0,21092.0,0
23818.0,21085.0,0
23805.0,21084.0,0
23804.0,21074.0,0
23791.0,21070.0,0
23803.0,21067.0,0
23796.0,21071.0,0
23813.0,21087.0,0
23800.0,21083.0,0
23803.0,21082.0,0
23800.0,21074.0,0
23817.0,21081.0,0
23820.0,21086.0,0
23811.0,21088.0,0
23814.0,21080.0,0
23813.0,21083.0,0
23803.0,21077.0,0
23802.0,21080.0,0
23804.0,21073.0,0
23809.0,21076.0,0
23811.0,21067.0,0
23799.0,21074.0,0
23796.0,21066.0,0
23803.0,21073.0,0
23790.0,21066.0,0
23789.0,21065.0,0
23792.0,21049.0,0
23789.0,21065.0,0
23786.0,21057.0,0
23787.0,21068.0,0
23790.0,21067.0,0
23787.0,21063.0,0
23787.0,21078.0,0
23787.0,21065.0,0
23781.0,21069.0,0
23801.0,21069.0,0
23787.0,21071.0,0
23800.0,21070.0,0
23784.0,21063.0,0
23787.0,21075.0,0
23800.0,21078.0,0
23791.0,21073.0,0
23789.0,21076.0,0
23799.0,21069.0,0
23797.0,21080.0,0
23785.0,21080.0,0
23805.0,21078.0,0
23792.0,21077.0,0
23792.0,21096.0,0
23791.0,21086.0,0
23793.0,21080.0,0
23804.0,21076.0,0
23802.0,21096.0,0
23810.0,21097.0,0
23801.0,21098.0,0
23810.0,21097.0,0
23812.0,21109.0,0
23810.0,21108.0,0
23816.0,21111.0,0
23797.0,21101.0,0
23808.0,21100.0,0
23811.0,21089.0,0
23819.0,21099.0,0
23806.0,21096.0,0
23818.0,21086.0,0
23804.0,21088.0,0
23794.0,21077.0,0
23789.0,21084.0,0
23778.0,21075.0,0
23778.0,21067.0,0
23767.0,21051.0,0
23766.0,21047.0,0
23748.0,21047.0,0
23758.0,21045.0,0
23759.0,21041.0,0
23747.0,21042.0,0
23755.0,21040.0,0
23747.0,21038.0,0
23750.0,21052.0,0
23750.0,21046.0,0
23752.0,21040.0,0
23748.0,21046.0,0
23756.0,21044.0,0
23752.0,21048.0,0
23759.0,21049.0,0
23768.0,21053.0,0
23769.0,21050.0,0
23758.0,21061.0,0
23763.0,21054.0,0
23760.0,21058.0,0
23759.0,21049.0,0
23749.0,21052.0,0
23756.0,21038.0,0
23754.0,21046.0,0
23762.0,21050.0,0
23749.0,21048.0,0
23763.0,21047.0,0
23769.0,21046.0,0
23763.0,21047.0,0
23764.0,21049.0,0
23761.0,21052.0,0
23760.0,21042.0,0
23764.0,21037.0,0
23756.0,21041.0,0
23756.0,21045.0,0
23761.0,21060.0,0
23763.0,21053.0,0
23771.0,21066.0,0
23791.0,21075.0,0
23787.0,21082.0,0
23793.0,21081.0,0
23787.0,21085.0,0
23786.0,21090.0,0
23788.0,21079.0,0
23783.0,21078.0,0
23787.0,21073.0,0
23768.0,21084.0,0
23788.0,21088.0,0
23806.0,21096.0,0
23803.0,21101.0,0
23820.0,21108.0,0
23812.0,21115.0,0
23814.0,21117.0,0
23815.0,21120.0,0
23810.0,21120.0,0
23802.0,21117.0,0
23810.0,21097.0,0
23806.0,21115.0,0
23812.0,21108.0,0
23814.0,21106.0,0
23809.0,21107.0,0
23803.0,21104.0,0
23808.0,21099.0,0
23800.0,21087.0,0
23795.0,21088.0,0
23782.0,21077.0,0
23774.0,21067.0,0
23756.0,21057.0,0
23758.0,21055.0,0
23752.0,21047.0,0
23744.0,21041.0,0
23754.0,21042.0,0
23755.0,21042.0,0
23749.0,21035.0,0
23731.0,21037.0,0
23749.0,21041.0,0
23731.0,21036.0,0
23743.0,21046.0,0
23750.0,21031.0,0
23752.0,21044.0,0
23747.0,21061.0,0
23764.0,21057.0,0
23766.0,21074.0,0
23770.0,21076.0,0
23772.0,21070.0,0
23767.0,21073.0,0
23772.0,21078.0,0
23786.0,21074.0,0
23791.0,21094.0,0
23807.0,21096.0,0
23799.0,21099.0,0
23805.0,21110.0,0
23798.0,21105.0,0
23804.0,21121.0,0
23807.0,21107.0,0
23812.0,21111.0,0
23823.0,21101.0,0
23806.0,21098.0,0
23819.0,21110.0,0
23803.0,21111.0,0
23816.0,21111.0,0
23804.0,21112.0,0
23808.0,21108.0,0
23815.0,21115.0,0
23805.0,21109.0,0
23806.0,21113.0,0
23807.0,21120.0,0
23810.0,21117.0,0
23805.0,21115.0,0
23811.0,21108.0,0
23816.0,21112.0,0
23812.0,21126.0,0
23813.0,21125.0,0
23817.0,21124.0,0
23814.0,21120.0,0
23820.0,21123.0,0
23818.0,21114.0,0
23823.0,21130.0,0
23830.0,21136.0,0
23830.0,21125.0,0
23833.0,21146.0,0
23849.0,21134.0,0
23829.0,21133.0,0
23830.0,21129.0,0
23810.0,21118.0,0
23823.0,21114.0,0
23809.0,21115.0,0
23819.0,21113.0,0
23808.0,21108.0,0
23808.0,21100.0,0
23794.0,21089.0,0
23786.0,21075.0,0
23781.0,21066.0,0
23767.0,21065.0,0
23759.0,21065.0,0
23764.0,21063.0,0
23768.0,21053.0,0
23756.0,21051.0,0
23754.0,21048.0,0
23748.0,21052.0,0
23743.0,21040.0,0
23741.0,21031.0,0
23740.0,21034.0,0
23742.0,21033.0,0
23746.0,21032.0,0
23746.0,21041.0,0
23754.0,21044.0,0
23750.0,21044.0,0
23740.0,21044.0,0
23746.0,21038.0,0
23743.0,21039.0,0
23732.0,21038.0,0
23738.0,21018.0,0
23739.0,21029.0,0
23740.0,21029.0,0
23740.0,21037.0,0
23736.0,21023.0,0
23742.0,21032.0,0
23736.0,21030.0,0
23750.0,21031.0,0
23754.0,21033.0,0
23744.0,21031.0,0
23751.0,21032.0,0
23739.0,21030.0,0
23739.0,21033.0,0
23746.0,21035.0,0
23749.0,21030.0,0
23759.0,21041.0,0
23756.0,21041.0,0
23773.0,21042.0,0
23759.0,21041.0,0
23764.0,21052.0,0
23783.0,21057.0,0
23774.0,21054.0,0
23784.0,21063.0,0
23777.0,21067.0,0
23790.0,21071.0,0
23783.0,21080.0,0
23803.0,21082.0,0
23800.0,21097.0,0
23810.0,21088.0,0
23808.0,21108.0,0
23826.0,21096.0,0
23821.0,21114.0,0
23816.0,21109.0,0
23820.0,21109.0,0
23823.0,21110.0,0
23813.0,21114.0,0
23819.0,21110.0,0
23805.0,21113.0,0
23806.0,21097.0,0
23799.0,21091.0,0
23800.0,21073.0,0
23785.0,21083.0,0
23788.0,21070.0,0
23778.0,21070.0,0
23783.0,21053.0,0
23775.0,21059.0,0
23770.0,21059.0,0
23767.0,21052.0,0
23765.0,21051.0,0
23761.0,21049.0,0
23765.0,21046.0,0
23767.0,21053.0,0
23775.0,21046.0,0
23766.0,21049.0,0
23768.0,21054.0,0
23764.0,21049.0,0
23773.0,21050.0,0
23778.0,21049.0,0
23773.0,21056.0,0
23778.0,21051.0,0
23779.0,21052.0,0
23775.0,21061.0,0
23781.0,21057.0,0
23780.0,21049.0,0
23783.0,21057.0,0
23788.0,21064.0,0
23774.0,21056.0,0
23775.0,21057.0,0
23779.0,21060.0,0
23771.0,21059.0,0
23785.0,21059.0,0
23770.0,21053.0,0
23780.0,21060.0,0
23785.0,21065.0,0
23787.0,21079.0,0
23777.0,21068.0,0
23781.0,21055.0,0
23772.0,21065.0,0
23777.0,21070.0,0
23773.0,21059.0,0
23779.0,21065.0,0
23772.0,21055.0,0
23781.0,21059.0,0
23769.0,21051.0,0
23773.0,21065.0,0
23774.0,21061.0,0
23772.0,21060.0,0
23772.0,21055.0,0
23777.0,21062.0,0
23786.0,21063.0,0
23778.0,21067.0,0
23783.0,21072.0,0
23786.0,21067.0,0
23778.0,21083.0,0
23792.0,21075.0,0
23781.0,21069.0,0
23782.0,21069.0,0
23788.0,21070.0,0
23792.0,21063.0,0
23792.0,21056.0,0
23780.0,21061.0,0
23789.0,21052.0,0
23773.0,21046.0,0
23782.0,21045.0,0
23766.0,21047.0,0
23761.0,21028.0,0
23755.0,21031.0,0
23742.0,21022.0,0
23745.0,21010.0,0
23737.0,21003.0,0
23736.0,21015.0,0
23718.0,21003.0,0
23736.0,21004.0,0
23726.0,20995.0,0
23726.0,21005.0,0
23726.0,20987.0,0
23727.0,21006.0,0
23724.0,20999.0,0
23726.0,21006.0,0
23722.0,21001.0,0
23736.0,21008.0,0
23721.0,21005.0,0
23741.0,21010.0,0
23726.0,21017.0,0
23739.0,21012.0,0
23730.0,21008.0,0
23742.0,21011.0,0
23735.0,21023.0,0
23754.0,21022.0,0
23755.0,21027.0,0
23750.0,21025.0,0
23756.0,21035.0,0
23762.0,21047.0,0
23765.0,21034.0,0
23760.0,21032.0,0
23766.0,21040.0,0
23774.0,21055.0,0
23779.0,21058.0,0
23778.0,21056.0,0
23776.0,21062.0,0
23789.0,21063.0,0
23789.0,21074.0,0
23786.0,21074.0,0
23795.0,21083.0,0
23795.0,21088.0,0
23803.0,21093.0,0
23798.0,21100.0,0
23797.0,21091.0,0
23805.0,21101.0,0
23792.0,21106.0,0
23819.0,21107.0,0
23813.0,21107.0,0
23815.0,21113.0,0
23816.0,21113.0,0
23814.0,21107.0,0
23813.0,21102.0,0
23810.0,21107.0,0
23822.0,21117.0,0
23812.0,21123.0,0
23832.0,21112.0,0
23827.0,21120.0,0
23828.0,21117.0,0
23831.0,21121.0,0
23830.0,21118.0,0
23834.0,21123.0,0
23829.0,21122.0,0
23827.0,21110.0,0
23814.0,21109.0,0
23823.0,21098.0,0
23815.0,21099.0,0
23799.0,21085.0,0
23788.0,21079.0,0
23789.0,21068.0,0
23781.0,21070.0,0
23768.0,21056.0,0
23765.0,21050.0,0
23772.0,21035.0,0
23769.0,21050.0,0
23767.0,21055.0,0
23778.0,21041.0,0
23768.0,21037.0,0
23772.0,21046.0,0
23762.0,21045.0,0
23756.0,21054.0,0
23760.0,21044.0,0
23760.0,21039.0,0
23747.0,21038.0,0
23761.0,21046.0,0
23750.0,21050.0,0
23742.0,21040.0,0
23755.0,21048.0,0
23752.0,21052.0,0
23762.0,21049.0,0
23763.0,21051.0,0
23768.0,21059.0,0
23770.0,21053.0,0
23752.0,21058.0,0
23758.0,21046.0,0
23767.0,21054.0,0
23761.0,21042.0,0
23773.0,21055.0,0
23771.0,21053.0,0
23769.0,21049.0,0
23786.0,21061.0,0
23785.0,21072.0,0
23791.0,21076.0,0
23792.0,21080.0,0
23796.0,21075.0,0
23800.0,21076.0,0
23796.0,21076.0,0
23803.0,21086.0,0
23794.0,21085.0,0
23806.0,21086.0,0
23795.0,21084.0,0
23802.0,21084.0,0
23799.0,21094.0,0
23809.0,21084.0,0
23800.0,21079.0,0
23803.0,21072.0,0
23796.0,21079.0,0
23790.0,21070.0,0
23794.0,21076.0,0
23789.0,21072.0,0
23786.0,21072.0,0
23795.0,21077.0,0
23803.0,21086.0,0
23806.0,21084.0,0
23811.0,21080.0,0
23798.0,21080.0,0
23806.0,21082.0,0
23802.0,21084.0,0
23804.0,21084.0,0
23791.0,21058.0,0
23785.0,21059.0,0
23797.0,21063.0,0
23786.0,21063.0,0
23774.0,21049.0,0
23776.0,21053.0,0
23772.0,21053.0,0
23755.0,21042.0,0
23756.0,21038.0,0
23748.0,21020.0,0
23751.0,21030.0,0
23754.0,21027.0,0
23744.0,21025.0,0
23757.0,21022.0,0
23748.0,21033.0,0
23751.0,21027.0,0
23745.0,21024.0,0
23749.0,21040.0,0
23741.0,21025.0,0
23753.0,21025.0,0
23745.0,21029.0,0
23752.0,21033.0,0
23763.0,21042.0,0
23767.0,21043.0,0
23783.0,21050.0,0
23776.0,21054.0,0
23780.0,21038.0,0
23773.0,21039.0,0
23790.0,21050.0,0
23767.0,21034.0,0
23776.0,21042.0,0
23763.0,21037.0,0
23773.0,21034.0,0
23763.0,21035.0,0
23762.0,21030.0,0
23776.0,21039.0,0
23782.0,21047.0,0
23778.0,21062.0,0
23779.0,21047.0,0
23768.0,21047.0,0
23765.0,21034.0,0
23769.0,21040.0,0
23760.0,21048.0,0
23764.0,21040.0,0
23772.0,21039.0,0
23777.0,21049.0,0
23772.0,21048.0,0
23769.0,21044.0,0
23759.0,21048.0,0
23765.0,21053.0,0
23770.0,21043.0,0
23770.0,21049.0,0
23768.0,21042.0,0
23761.0,21047.0,0
23763.0,21044.0,0
23764.0,21051.0,0
23772.0,21056.0,0
23774.0,21050.0,0
23780.0,21050.0,0
23768.0,21054.0,0
23789.0,21055.0,0
23777.0,21065.0,0
23787.0,21076.0,0
23798.0,21070.0,0
23794.0,21078.0,0
23801.0,21076.0,0
23808.0,21082.0,0
23819.0,21075.0,0
23824.0,21095.0,0
23826.0,21095.0,0
23822.0,21087.0,0
23813.0,21078.0,0
23810.0,21069.0,0
23797.0,21063.0,0
23792.0,21062.0,0
23787.0,21050.0,0
23789.0,21059.0,0
23782.0,21045.0,0
23778.0,21043.0,0
23784.0,21034.0,0
23783.0,21037.0,0
23780.0,21037.0,0
23762.0,21029.0,0
23764.0,21024.0,0
23758.0,21010.0,0
23766.0,21016.0,0
23764.0,21025.0,0
23766.0,21013.0,0
23759.0,21027.0,0
23752.0,21016.0,0
23755.0,21004.0,0
23752.0,21017.0,0
23753.0,21014.0,0
23750.0,21013.0,0
23746.0,21020.0,0
23748.0,21016.0,0
23748.0,21005.0,0
23741.0,21020.0,0
23738.0,21022.0,0
23746.0,21019.0,0
23741.0,21014.0,0
23740.0,21002.0,0
23743.0,21008.0,0
23742.0,21008.0,0
23738.0,21006.0,0
23744.0,21012.0,0
23741.0,21012.0,0
23749.0,21017.0,0
23746.0,21020.0,0
23754.0,21019.0,0
23765.0,21039.0,0
23758.0,21029.0,0
23750.0,21029.0,0
23760.0,21025.0,0
23764.0,21021.0,0
23777.0,21046.0,0
23785.0,21049.0,0
23787.0,21059.0,0
23797.0,21065.0,0
23796.0,21064.0,0
23808.0,21073.0,0
23793.0,21080.0,0
23799.0,21078.0,0
23802.0,21080.0,0
23807.0,21087.0,0
23807.0,21088.0,0
23802.0,21087.0,0
23812.0,21088.0,0
23806.0,21092.0,0
23817.0,21095.0,0
23819.0,21089.0,0
23801.0,21085.0,0
23804.0,21095.0,0
23808.0,21096.0,0
23820.0,21094.0,0
23809.0,21089.0,0
23817.0,21092.0,0
23805.0,21087.0,0
23796.0,21081.0,0
23796.0,21066.0,0
23803.0,21064.0,0
23804.0,21073.0,0
23808.0,21062.0,0
23793.0,21065.0,0
23800.0,21057.0,0
23793.0,21063.0,0
23795.0,21052.0,0
23772.0,21051.0,0
23760.0,21036.0,0
23766.0,21022.0,0
23744.0,21020.0,0
23741.0,21007.0,0
23725.0,21000.0,0
23723.0,20994.0,0
23728.0,20985.0,0
23708.0,20984.0,0
23710.0,20991.0,0
23714.0,20985.0,0
23702.0,20977.0,0
23694.0,20972.0,0
23697.0,20966.0,0
23698.0,20979.0,0
23681.0,20975.0,0
23695.0,20973.0,0
23676.0,20962.0,0
23683.0,20959.0,0
23675.0,20955.0,0
23693.0,20958.0,0
23688.0,20962.0,0
23687.0,20967.0,0
23688.0,20965.0,0
23688.0,20961.0,0
23678.0,20962.0,0
23675.0,20957.0,0
23689.0,20957.0,0
23695.0,20951.0,0
23678.0,20950.0,0
23671.0,20955.0,0
23679.0,20949.0,0
23681.0,20945.0,0
23675.0,20962.0,0
23677.0,20952.0,0
23682.0,20966.0,0
23681.0,20963.0,0
23689.0,20958.0,0
23692.0,20969.0,0
23683.0,20967.0,0
23693.0,20973.0,0
23691.0,20966.0,0
23675.0,20963.0,0
23680.0,20958.0,0
23674.0,20957.0,0
23672.0,20954.0,0
23664.0,20958.0,0
23666.0,20938.0,0
23656.0,20943.0,0
23653.0,20932.0,0
23643.0,20923.0,0
23655.0,20929.0,0
23643.0,20929.0,0
23648.0,20921.0,0
23654.0,20926.0,0
23648.0,20924.0,0
23651.0,20926.0,0
23654.0,20932.0,0
23648.0,20928.0,0
23644.0,20934.0,0
23639.0,20936.0,0
23662.0,20932.0,0
23641.0,20917.0,0
23648.0,20917.0,0
23646.0,20911.0,0
23648.0,20909.0,0
23652.0,20906.0,0
23644.0,20923.0,0
23641.0,20919.0,0
23651.0,20916.0,0
23627.0,20912.0,0
23627.0,20906.0,0
23617.0,20877.0,0
23610.0,20884.0,0
23598.0,20882.0,0
23588.0,20854.0,0
23587.0,20853.0,0
23579.0,20860.0,0
23570.0,20842.0,0
23571.0,20837.0,0
23563.0,20833.0,0
23548.0,20821.0,0
23553.0,20815.0,0
23563.0,20820.0,0
23565.0,20834.0,0
23565.0,20838.0,0
23560.0,20830.0,0
23577.0,20834.0,0
23569.0,20839.0,0
23580.0,20850.0,0
23591.0,20854.0,0
23589.0,20845.0,0
23573.0,20847.0,0
23573.0,20834.0,0
23544.0,20813.0,0
23528.0,20785.0,0
23501.0,20769.0,0
23495.0,20763.0,0
23490.0,20754.0,0
23487.0,20746.0,0
23488.0,20751.0,0
23492.0,20745.0,0
23494.0,20755.0,0
23477.0,20749.0,0
23475.0,20738.0,0
23467.0,20731.0,0
23462.0,20734.0,0
23467.0,20741.0,0
23480.0,20742.0,0
23497.0,20756.0,0
23518.0,20772.0,0
23528.0,20786.0,0
23534.0,20794.0,0
23536.0,20803.0,0
23539.0,20811.0,0
23556.0,20810.0,0
23549.0,20823.0,0
23566.0,20826.0,0
23570.0,20841.0,0
23568.0,20847.0,0
23577.0,20837.0,0
23578.0,20845.0,0
23575.0,20833.0,0
23589.0,20844.0,0
23589.0,20838.0,0
23602.0,20848.0,0
23603.0,20850.0,0
23603.0,20855.0,0
23593.0,20865.0,0
23601.0,20863.0,0
23582.0,20845.0,0
23587.0,20834.0,0
23580.0,20830.0,0
23573.0,20838.0,0
23592.0,20842.0,0
23591.0,20843.0,0
23581.0,20841.0,0
23570.0,20837.0,0
23560.0,20817.0,0
23551.0,20817.0,0
23551.0,20820.0,0
23540.0,20814.0,0
23539.0,20818.0,0
23529.0,20801.0,0
23525.0,20800.0,0
23525.0,20786.0,0
23529.0,20787.0,0
23518.0,20790.0,0
23526.0,20795.0,0
23516.0,20798.0,0
23516.0,20798.0,0
23528.0,20805.0,0
23540.0,20818.0,0
23548.0,20820.0,0
23549.0,20820.0,0
23541.0,20811.0,0
23546.0,20808.0,0
23541.0,20810.0,0
23550.0,20808.0,0
23552.0,20814.0,0
23553.0,20819.0,0
23549.0,20813.0,0
23547.0,20821.0,0
23565.0,20838.0,0
23593.0,20852.0,0
23597.0,20859.0,0
23600.0,20865.0,0
23597.0,20869.0,0
23600.0,20882.0,0
23611.0,20868.0,0
23606.0,20874.0,0
23603.0,20868.0,0
23602.0,20861.0,0
23600.0,20851.0,0
23610.0,20854.0,0
23596.0,20861.0,0
23617.0,20877.0,0
23637.0,20893.0,0
23651.0,20912.0,0
23676.0,20937.0,0
23667.0,20931.0,0
23669.0,20942.0,0
23677.0,20940.0,0
23680.0,20939.0,0
23691.0,20936.0,0
23700.0,20950.0,0
23703.0,20946.0,0
23700.0,20953.0,0
23707.0,20952.0,0
23702.0,20962.0,0
23710.0,20952.0,0
23714.0,20958.0,0
23730.0,20968.0,0
23713.0,20981.0,0
23740.0,20980.0,0
23751.0,20985.0,0
23766.0,21002.0,0
23766.0,21006.0,0
23780.0,21015.0,0
23779.0,21025.0,0
23782.0,21023.0,0
23780.0,21021.0,0
23780.0,21025.0,0
23783.0,21023.0,0
23771.0,21022.0,0
23785.0,21031.0,0
23790.0,21039.0,0
23812.0,21044.0,0
23812.0,21060.0,0
23825.0,21066.0,0
23825.0,21074.0,0
23825.0,21072.0,0
23816.0,21068.0,0
23828.0,21054.0,0
23797.0,21043.0,0
23787.0,21027.0,0
23780.0,21019.0,0
23779.0,21012.0,0
23776.0,21013.0,0
23760.0,21003.0,0
23757.0,20999.0,0
23741.0,20991.0,0
23737.0,20981.0,0
23741.0,20977.0,0
23739.0,20971.0,0
23707.0,20961.0,0
23713.0,20952.0,0
23705.0,20950.0,0
23701.0,20938.0,0
23698.0,20933.0,0
23702.0,20942.0,0
23683.0,20943.0,0
23684.0,20933.0,0
23679.0,20926.0,0
23678.0,20943.0,0
23672.0,20942.0,0
23685.0,20965.0,0
23716.0,20972.0,0
23731.0,21001.0,0
23737.0,21002.0,0
23752.0,21021.0,0
23768.0,21009.0,0
23757.0,21000.0,0
23740.0,20979.0,0
23726.0,20973.0,0
23732.0,20961.0,0
23733.0,20961.0,0
23736.0,20959.0,0
23738.0,20960.0,0
23756.0,20969.0,0
23766.0,20968.0,0
23768.0,20978.0,0
23771.0,20994.0,0
23781.0,20996.0,0
23790.0,20997.0,0
23802.0,21013.0,0
23804.0,21018.0,0
23825.0,21028.0,0
23839.0,21058.0,0
23854.0,21073.0,0
23871.0,21080.0,0
23898.0,21100.0,0
23912.0,21127.0,0
23934.0,21136.0,0
23949.0,21162.0,0
23988.0,21188.0,0
23998.0,21207.0,0
24021.0,21224.0,0
24042.0,21245.0,0
24056.0,21253.0,0
24056.0,21272.0,0
24078.0,21273.0,0
24072.0,21283.0,0
24086.0,21288.0,0
24077.0,21285.0,0
24086.0,21291.0,0
24087.0,21301.0,0
24088.0,21287.0,0
24099.0,21289.0,0
24086.0,21290.0,0
24076.0,21287.0,0
24087.0,21281.0,0
24081.0,21272.0,0
24064.0,21271.0,0
24056.0,21261.0,0
24046.0,21246.0,0
24044.0,21247.0,0
24031.0,21247.0,0
24028.0,21225.0,0
24009.0,21222.0,0
24013.0,21226.0,0
24011.0,21209.0,0
23999.0,21200.0,0
23985.0,21200.0,0
23981.0,21187.0,0
23980.0,21180.0,0
23971.0,21174.0,0
23973.0,21171.0,0
23988.0,21185.0,0
23976.0,21182.0,0
23971.0,21184.0,0
23977.0,21175.0,0
23976.0,21169.0,0
23979.0,21170.0,0
23970.0,21168.0,0
23968.0,21158.0,0
23967.0,21155.0,0
23961.0,21131.0,0
23957.0,21135.0,0
23938.0,21129.0,0
23926.0,21114.0,0
23912.0,21112.0,0
23900.0,21099.0,0
23903.0,21095.0,0
23901.0,21087.0,0
23904.0,21085.0,0
23899.0,21086.0,0
23894.0,21087.0,0
23885.0,21083.0,0
23884.0,21082.0,0
23889.0,21083.0,0
23874.0,21087.0,0
23891.0,21097.0,0
23892.0,21091.0,0
23903.0,21100.0,0
23894.0,21102.0,0
23894.0,21108.0,0
23895.0,21111.0,0
23887.0,21103.0,0
23896.0,21106.0,0
23881.0,21098.0,0
23891.0,21092.0,0
23893.0,21093.0,0
23882.0,21093.0,0
23889.0,21099.0,0
23892.0,21102.0,0
23874.0,21094.0,0
23889.0,21116.0,0
23882.0,21115.0,0
23896.0,21106.0,0
23893.0,21105.0,0
23902.0,21105.0,0
23892.0,21104.0,0
23872.0,21101.0,0
23874.0,21093.0,0
23869.0,21097.0,0
23859.0,21096.0,0
23877.0,21097.0,0
23869.0,21096.0,0
23884.0,21107.0,0
23872.0,21110.0,0
23888.0,21123.0,0
23886.0,21121.0,0
23884.0,21127.0,0
23890.0,21133.0,0
23890.0,21136.0,0
23905.0,21135.0,0
23882.0,21139.0,0
23886.0,21134.0,0
23888.0,21131.0,0
23883.0,21127.0,0
23890.0,21131.0,0
23881.0,21132.0,0
23896.0,21127.0,0
23881.0,21127.0,0
23879.0,21133.0,0
23876.0,21116.0,0
23864.0,21110.0,0
23860.0,21095.0,0
23845.0,21094.0,0
23833.0,21085.0,0
23835.0,21090.0,0
23832.0,21075.0,0
23838.0,21073.0,0
23836.0,21071.0,0
23826.0,21071.0,0
23828.0,21077.0,0
23836.0,21073.0,0
23822.0,21082.0,0
23822.0,21087.0,0
23827.0,21088.0,0
23825.0,21081.0,0
23824.0,21092.0,0
23829.0,21097.0,0
23836.0,21116.0,0
23845.0,21122.0,0
23867.0,21134.0,0
23863.0,21142.0,0
23866.0,21141.0,0
23863.0,21129.0,0
23848.0,21117.0,0
23853.0,21123.0,0
23837.0,21116.0,0
23840.0,21105.0,0
23826.0,21103.0,0
23826.0,21112.0,0
23841.0,21108.0,0
23847.0,21128.0,0
23869.0,21140.0,0
23866.0,21140.0,0
23866.0,21148.0,0
23865.0,21151.0,0
23853.0,21134.0,0
23835.0,21120.0,0
23819.0,21101.0,0
23818.0,21081.0,0
23800.0,21085.0,0
23795.0,21068.0,0
23790.0,21069.0,0
23795.0,21080.0,0
23801.0,21086.0,0
23824.0,21101.0,0
23845.0,21123.0,0
23863.0,21141.0,0
23865.0,21151.0,0
23874.0,21166.0,0
23869.0,21164.0,0
23850.0,21144.0,0
23835.0,21125.0,0
23835.0,21115.0,0
23829.0,21110.0,0
23819.0,21104.0,0
23816.0,21100.0,0
23829.0,21115.0,0
23842.0,21121.0,0
23844.0,21131.0,0
23856.0,21129.0,0
23869.0,21145.0,0
23874.0,21151.0,0
23881.0,21153.0,0
23869.0,21147.0,0
23852.0,21138.0,0
23844.0,21126.0,0
23826.0,21099.0,0
23819.0,21093.0,0
23802.0,21078.0,0
23793.0,21085.0,0
23798.0,21080.0,0
23796.0,21086.0,0
23799.0,21085.0,0
23806.0,21090.0,0
23816.0,21118.0,0
23841.0,21116.0,0
23840.0,21123.0,0
23841.0,21126.0,0
23833.0,21109.0,0
23812.0,21100.0,0
23808.0,21090.0,0
23798.0,21081.0,0
23800.0,21077.0,0
23788.0,21067.0,0
23793.0,21069.0,0
23788.0,21072.0,0
23795.0,21060.0,0
23805.0,21086.0,0
23806.0,21093.0,0
23813.0,21095.0,0
23821.0,21104.0,0
23815.0,21108.0,0
23810.0,21106.0,0
23810.0,21085.0,0
23796.0,21083.0,0
23782.0,21050.0,0
23768.0,21053.0,0
23775.0,21054.0,0
23779.0,21060.0,0
23778.0,21058.0,0
23791.0,21066.0,0
23805.0,21094.0,0
23820.0,21100.0,0
23849.0,21133.0,0
23860.0,21155.0,0
23877.0,21169.0,0
23890.0,21172.0,0
23878.0,21175.0,0
23877.0,21159.0,0
23857.0,21150.0,0
23843.0,21147.0,0
23837.0,21141.0,0
23830.0,21134.0,0
23834.0,21138.0,0
23839.0,21146.0,0
23850.0,21158.0,0
23854.0,21165.0,0
23886.0,21174.0,0
23900.0,21183.0,0
23913.0,21205.0,0
23937.0,21225.0,0
23940.0,21231.0,0
23939.0,21231.0,0
23917.0,21213.0,0
23890.0,21189.0,0
23875.0,21168.0,0
23862.0,21154.0,0
23848.0,21154.0,0
23854.0,21156.0,0
23853.0,21156.0,0
23868.0,21156.0,0
23873.0,21165.0,0
23885.0,21181.0,0
23899.0,21200.0,0
23921.0,21212.0,0
23917.0,21217.0,0
23920.0,21217.0,0
23895.0,21201.0,0
23880.0,21180.0,0
23856.0,21162.0,0
23848.0,21142.0,0
23831.0,21133.0,0
23827.0,21134.0,0
23816.0,21119.0,0
23829.0,21135.0,0
23837.0,21136.0,0
23865.0,21153.0,0
23878.0,21169.0,0
23896.0,21181.0,0
23903.0,21206.0,0
23922.0,21210.0,0
23901.0,21204.0,0
23892.0,21187.0,0
23859.0,21164.0,0
23845.0,21135.0,0
23829.0,21138.0,0
23824.0,21126.0,0
23829.0,21129.0,0
23824.0,21114.0,0
23824.0,21127.0,0
23844.0,21143.0,0
23848.0,21158.0,0
23879.0,21177.0,0
23906.0,21198.0,0
23908.0,21211.0,0
23913.0,21206.0,0
23898.0,21196.0,0
23874.0,21185.0,0
23861.0,21164.0,0
23832.0,21146.0,0
23834.0,21131.0,0
23826.0,21134.0,0
23829.0,21133.0,0
23836.0,21147.0,0
23857.0,21165.0,0
23880.0,21189.0,0
23917.0,21223.0,0
23957.0,21253.0,0
23976.0,21273.0,0
23990.0,21291.0,0
23998.0,21289.0,0
23983.0,21278.0,0
23953.0,21252.0,0
23923.0,21219.0,0
23902.0,21199.0,0
23882.0,21179.0,0
23874.0,21173.0,0
23865.0,21177.0,0
23867.0,21172.0,0
23869.0,21169.0,0
23883.0,21176.0,0
23904.0,21207.0,0
23938.0,21221.0,0
23949.0,21239.0,0
23945.0,21247.0,0
23957.0,21250.0,0
23938.0,21234.0,0
23925.0,21242.0,0
23915.0,21218.0,0
23891.0,21195.0,0
23890.0,21192.0,0
23884.0,21187.0,0
23874.0,21176.0,0
23884.0,21180.0,0
23877.0,21185.0,0
23883.0,21181.0,0
23906.0,21199.0,0
23909.0,21211.0,0
23926.0,21231.0,0
23927.0,21229.0,0
23934.0,21227.0,0
23919.0,21230.0,0
23899.0,21215.0,0
23880.0,21183.0,0
23865.0,21172.0,0
23871.0,21155.0,0
23869.0,21152.0,0
23864.0,21151.0,0
23862.0,21156.0,0
23874.0,21167.0,0
23874.0,21183.0,0
23886.0,21185.0,0
23899.0,21203.0,0
23903.0,21206.0,0
23910.0,21204.0,0
23909.0,21201.0,0
23896.0,21210.0,0
23881.0,21184.0,0
23871.0,21172.0,0
23855.0,21163.0,0
23836.0,21152.0,0
23848.0,21149.0,0
23860.0,21163.0,0
23867.0,21166.0,0
23868.0,21184.0,0
23893.0,21198.0,0
23918.0,21223.0,0
23920.0,21232.0,0
23928.0,21229.0,0
23934.0,21237.0,0
23934.0,21235.0,0
23911.0,21221.0,0
23900.0,21207.0,0
23889.0,21189.0,0
23874.0,21167.0,0
23863.0,21157.0,0
23861.0,21161.0,0
23855.0,21149.0,0
23850.0,21151.0,0
23854.0,21154.0,0
23871.0,21164.0,0
23869.0,21173.0,0
23881.0,21175.0,0
23873.0,21182.0,0
23875.0,21182.0,0
23885.0,21189.0,0
23869.0,21178.0,0
23868.0,21180.0,0
23860.0,21155.0,0
23852.0,21157.0,0
23849.0,21144.0,0
23847.0,21155.0,0
23837.0,21154.0,0
23844.0,21155.0,0
23843.0,21151.0,0
23839.0,21152.0,0
23853.0,21158.0,0
23854.0,21162.0,0
23869.0,21169.0,0
23867.0,21174.0,0
23863.0,21165.0,0
23866.0,21175.0,0
23859.0,21170.0,0
23852.0,21165.0,0
23847.0,21146.0,0
23841.0,21147.0,0
23829.0,21129.0,0
23831.0,21124.0,0
23826.0,21124.0,0
23821.0,21120.0,0
23820.0,21119.0,0
23835.0,21133.0,0
23836.0,21139.0,0
23845.0,21148.0,0
23852.0,21156.0,0
23886.0,21181.0,0
23886.0,21192.0,0
23896.0,21198.0,0
23896.0,21203.0,0
23889.0,21204.0,0
23908.0,21219.0,0
23909.0,21224.0,0
23905.0,21222.0,0
23893.0,21213.0,0
23909.0,21227.0,0
23918.0,21230.0,0
23919.0,21229.0,0
23922.0,21244.0,0
23928.0,21242.0,0
23927.0,21245.0,0
23925.0,21239.0,0
23933.0,21233.0,0
23938.0,21236.0,0
23947.0,21243.0,0
23955.0,21250.0,0
23954.0,21254.0,0
23953.0,21253.0,0
23948.0,21254.0,0
23948.0,21250.0,0
23942.0,21243.0,0
23930.0,21238.0,0
23919.0,21212.0,0
23915.0,21209.0,0
23913.0,21210.0,0
23911.0,21198.0,0
23891.0,21203.0,0
23905.0,21197.0,0
23883.0,21203.0,0
23875.0,21184.0,0
23874.0,21181.0,0
23872.0,21167.0,0
23865.0,21160.0,0
23860.0,21152.0,0
23852.0,21162.0,0
23852.0,21145.0,0
23840.0,21144.0,0
23838.0,21134.0,0
23825.0,21144.0,0
23825.0,21128.0,0
23818.0,21123.0,0
23818.0,21121.0,0
23832.0,21126.0,0
23826.0,21134.0,0
23837.0,21129.0,0
23829.0,21128.0,0
23823.0,21127.0,0
23819.0,21122.0,0
23822.0,21115.0,0
23825.0,21110.0,0
23826.0,21117.0,0
23817.0,21103.0,0
23829.0,21115.0,0
23833.0,21117.0,0
23837.0,21134.0,0
23848.0,21145.0,0
23846.0,21147.0,0
23857.0,21146.0,0
23867.0,21154.0,0
23859.0,21159.0,0
23862.0,21166.0,0
23870.0,21167.0,0
23863.0,21174.0,0
23881.0,21177.0,0
23888.0,21179.0,0
23883.0,21185.0,0
23888.0,21204.0,0
23901.0,21205.0,0
23909.0,21208.0,0
23920.0,21218.0,0
23933.0,21238.0,0
23943.0,21245.0,0
23956.0,21252.0,0
23965.0,21260.0,0
23965.0,21263.0,0
23967.0,21268.0,0
23969.0,21264.0,0
23961.0,21262.0,0
23957.0,21262.0,0
23955.0,21264.0,0
23964.0,21244.0,0
23954.0,21247.0,0
23958.0,21255.0,0
23971.0,21254.0,0
23960.0,21256.0,0
23951.0,21245.0,0
23953.0,21256.0,0
23949.0,21256.0,0
23956.0,21254.0,0
23946.0,21252.0,0
23953.0,21248.0,0
23948.0,21254.0,0
23940.0,21253.0,0
23938.0,21253.0,0
23952.0,21256.0,0
23953.0,21251.0,0
23948.0,21261.0,0
23960.0,21263.0,0
23950.0,21269.0,0
23945.0,21257.0,0
23940.0,21256.0,0
23933.0,21249.0,0
23936.0,21245.0,0
23946.0,21250.0,0
23934.0,21242.0,0
23928.0,21236.0,0
23938.0,21237.0,0
23933.0,21243.0,0
23932.0,21238.0,0
23932.0,21235.0,0
23924.0,21240.0,0
23926.0,21246.0,0
23930.0,21239.0,0
23929.0,21229.0,0
23939.0,21239.0,0
23929.0,21244.0,0
23950.0,21247.0,0
23929.0,21241.0,0
23921.0,21239.0,0
23933.0,21245.0,0
23942.0,21244.0,0
23936.0,21243.0,0
23936.0,21248.0,0
23950.0,21239.0,0
23942.0,21260.0,0
23950.0,21262.0,0
23952.0,21265.0,0
23950.0,21254.0,0
23950.0,21257.0,0
23949.0,21257.0,0
23943.0,21261.0,0
23947.0,21261.0,0
23950.0,21272.0,0
23943.0,21263.0,0
23953.0,21267.0,0
23961.0,21276.0,0
23944.0,21274.0,0
23947.0,21275.0,0
23951.0,21268.0,0
23960.0,21266.0,0
23955.0,21270.0,0
23953.0,21267.0,0
23949.0,21260.0,0
23935.0,21255.0,0
23930.0,21244.0,0
23921.0,21237.0,0
23925.0,21223.0,0
23910.0,21218.0,0
23914.0,21219.0,0
23906.0,21215.0,0
23905.0,21216.0,0
23905.0,21207.0,0
23905.0,21215.0,0
23890.0,21206.0,0
23896.0,21204.0,0
23903.0,21205.0,0
23905.0,21202.0,0
23905.0,21220.0,0
23903.0,21215.0,0
23896.0,21211.0,0
23910.0,21215.0,0
23903.0,21218.0,0
23909.0,21224.0,0
23904.0,21214.0,0
23901.0,21219.0,0
23897.0,21207.0,0
23913.0,21227.0,0
23901.0,21222.0,0
23910.0,21229.0,0
23910.0,21226.0,0
23915.0,21221.0,0
23917.0,21238.0,0
23916.0,21242.0,0
23925.0,21244.0,0
23922.0,21247.0,0
23935.0,21251.0,0
23936.0,21250.0,0
23946.0,21250.0,0
23932.0,21264.0,0
23941.0,21264.0,0
23934.0,21266.0,0
23938.0,21260.0,0
23935.0,21264.0,0
23941.0,21261.0,0
23945.0,21260.0,0
23923.0,21258.0,0
23925.0,21244.0,0
23925.0,21240.0,0
23920.0,21251.0,0
23930.0,21251.0,0
23930.0,21245.0,0
23924.0,21258.0,0
23916.0,21252.0,0
23925.0,21248.0,0
23917.0,21249.0,0
23917.0,21257.0,0
23915.0,21248.0,0
23916.0,21256.0,0
23917.0,21256.0,0
23928.0,21248.0,0
23937.0,21260.0,0
23927.0,21258.0,0
23936.0,21271.0,0
23948.0,21273.0,0
23947.0,21271.0,0
23952.0,21261.0,0
23940.0,21268.0,0
23942.0,21265.0,0
23947.0,21266.0,0
23935.0,21259.0,0
23936.0,21262.0,0
23940.0,21266.0,0
23939.0,21254.0,0
23932.0,21253.0,0
23934.0,21250.0,0
23926.0,21242.0,0
23928.0,21246.0,0
23920.0,21241.0,0
23930.0,21243.0,0
23921.0,21252.0,0
23904.0,21237.0,0
23922.0,21239.0,0
23918.0,21245.0,0
23910.0,21244.0,0
23914.0,21239.0,0
23910.0,21234.0,0
23915.0,21238.0,0
23920.0,21242.0,0
23907.0,21240.0,0
23921.0,21239.0,0
23915.0,21251.0,0
23907.0,21238.0,0
23914.0,21236.0,0
23914.0,21238.0,0
23913.0,21225.0,0
23910.0,21241.0,0
23909.0,21236.0,0
23902.0,21234.0,0
23903.0,21227.0,0
23915.0,21231.0,0
23908.0,21241.0,0
23919.0,21238.0,0
23927.0,21240.0,0
23912.0,21243.0,0
23914.0,21248.0,0
23917.0,21249.0,0
23921.0,21251.0,0
23919.0,21255.0,0
23921.0,21259.0,0
23931.0,21264.0,0
23945.0,21270.0,0
23937.0,21284.0,0
23949.0,21282.0,0
23950.0,21287.0,0
23943.0,21276.0,0
23946.0,21285.0,0
23940.0,21277.0,0
23955.0,21283.0,0
23959.0,21289.0,0
23970.0,21298.0,0
23973.0,21295.0,0
23973.0,21313.0,0
23988.0,21310.0,0
23983.0,21307.0,0
23988.0,21307.0,0
23995.0,21301.0,0
24001.0,21302.0,0
23992.0,21307.0,0
23996.0,21303.0,0
23986.0,21306.0,0
23973.0,21293.0,0
23975.0,21283.0,0
23975.0,21282.0,0
23972.0,21268.0,0
23968.0,21282.0,0
23975.0,21273.0,0
23978.0,21283.0,0
23981.0,21282.0,0
23984.0,21282.0,0
23998.0,21296.0,0
24002.0,21296.0,0
23997.0,21304.0,0
23993.0,21288.0,0
23987.0,21287.0,0
23989.0,21293.0,0
23993.0,21301.0,0
23987.0,21298.0,0
23988.0,21295.0,0
23993.0,21295.0,0
23992.0,21304.0,0
24003.0,21295.0,0
24007.0,21301.0,0
23993.0,21291.0,0
23997.0,21299.0,0
23995.0,21299.0,0
24004.0,21306.0,0
23998.0,21311.0,0
24005.0,21312.0,0
23996.0,21307.0,0
24014.0,21311.0,0
24003.0,21314.0,0
24001.0,21314.0,0
24001.0,21319.0,0
24006.0,21310.0,0
23997.0,21316.0,0
24010.0,21311.0,0
24011.0,21317.0,0
24002.0,21315.0,0
23996.0,21315.0,0
24008.0,21333.0,0
24000.0,21337.0,0
24020.0,21326.0,0
24024.0,21325.0,0
24024.0,21318.0,0
24010.0,21333.0,0
24015.0,21336.0,0
24017.0,21331.0,0
24024.0,21336.0,0
24019.0,21328.0,0
24031.0,21339.0,0
24039.0,21343.0,0
24053.0,21354.0,0
24053.0,21363.0,0
24044.0,21366.0,0
24047.0,21366.0,0
24054.0,21358.0,0
24050.0,21363.0,0
24053.0,21356.0,0
24052.0,21369.0,0
24057.0,21365.0,0
24048.0,21346.0,0
24046.0,21351.0,0
24047.0,21344.0,0
24041.0,21343.0,0
24032.0,21338.0,0
24038.0,21331.0,0
24029.0,21339.0,0
24031.0,21345.0,0
24024.0,21335.0,0
24027.0,21332.0,0
24040.0,21345.0,0
24035.0,21335.0,0
24044.0,21345.0,0
24037.0,21341.0,0
24037.0,21327.0,0
24037.0,21326.0,0
24034.0,21323.0,0
24025.0,21314.0,0
24011.0,21317.0,0
24011.0,21305.0,0
24013.0,21317.0,0
24010.0,21312.0,0
23999.0,21320.0,0
24002.0,21312.0,0
24005.0,21314.0,0
24005.0,21311.0,0
24010.0,21318.0,0
24016.0,21316.0,0
24013.0,21302.0,0
24015.0,21317.0,0
24011.0,21314.0,0
24013.0,21326.0,0
24014.0,21315.0,0
24020.0,21326.0,0
24022.0,21316.0,0
24025.0,21320.0,0
24023.0,21327.0,0
24013.0,21327.0,0
24025.0,21324.0,0
24024.0,21330.0,0
24022.0,21330.0,0
24012.0,21322.0,0
24014.0,21325.0,0
24014.0,21325.0,0
24016.0,21323.0,0
24018.0,21340.0,0
24013.0,21339.0,0
24020.0,21337.0,0
24024.0,21334.0,0
24023.0,21330.0,0
24021.0,21319.0,0
24020.0,21326.0,0
24018.0,21329.0,0
24019.0,21329.0,0
24028.0,21343.0,0
24028.0,21342.0,0
24040.0,21357.0,0
24031.0,21354.0,0
24037.0,21350.0,0
24033.0,21358.0,0
24032.0,21342.0,0
24029.0,21338.0,0
24035.0,21332.0,0
24035.0,21330.0,0
24028.0,21334.0,0
24031.0,21327.0,0
24029.0,21322.0,0
24012.0,21317.0,0
24015.0,21306.0,0
24016.0,21313.0,0
24005.0,21311.0,0
24002.0,21305.0,0
24007.0,21323.0,0
24003.0,21311.0,0
23994.0,21317.0,0
23987.0,21304.0,0
23986.0,21304.0,0
23981.0,21300.0,0
23979.0,21297.0,0
23982.0,21296.0,0
23987.0,21302.0,0
23986.0,21314.0,0
23988.0,21311.0,0
23988.0,21306.0,0
24000.0,21308.0,0
23987.0,21305.0,0
23982.0,21312.0,0
23983.0,21304.0,0
23995.0,21299.0,0
23975.0,21307.0,0
23989.0,21311.0,0
23978.0,21315.0,0
23995.0,21316.0,0
23988.0,21318.0,0
23998.0,21310.0,0
23987.0,21318.0,0
23988.0,21325.0,0
23994.0,21316.0,0
23990.0,21322.0,0
23995.0,21322.0,0
23988.0,21326.0,0
23990.0,21325.0,0
23996.0,21314.0,0
23990.0,21328.0,0
23990.0,21322.0,0
23988.0,21326.0,0
23994.0,21325.0,0
23992.0,21332.0,0
23994.0,21334.0,0
23998.0,21328.0,0
24017.0,21340.0,0
24008.0,21345.0,0
24009.0,21345.0,0
23994.0,21343.0,0
24000.0,21337.0,0
23994.0,21334.0,0
24006.0,21339.0,0
24001.0,21338.0,0
23992.0,21341.0,0
23996.0,21342.0,0
23995.0,21346.0,0
24014.0,21343.0,0
24005.0,21351.0,0
24018.0,21357.0,0
24025.0,21370.0,0
24014.0,21359.0,0
24014.0,21371.0,0
24023.0,21361.0,0
24019.0,21370.0,0
24021.0,21359.0,0
24016.0,21354.0,0
24027.0,21353.0,0
24016.0,21351.0,0
24014.0,21336.0,0
24004.0,21333.0,0
24004.0,21340.0,0
23998.0,21335.0,0
24000.0,21333.0,0
23997.0,21329.0,0
24000.0,21346.0,0
24005.0,21347.0,0
24002.0,21347.0,0
24012.0,21360.0,0
24010.0,21361.0,0
23993.0,21344.0,0
23997.0,21327.0,0
24002.0,21331.0,0
23998.0,21324.0,0
23995.0,21323.0,0
23985.0,21325.0,0
23993.0,21326.0,0
23990.0,21311.0,0
23994.0,21320.0,0
23991.0,21318.0,0
23991.0,21321.0,0
23988.0,21322.0,0
23988.0,21320.0,0
23989.0,21323.0,0
24000.0,21321.0,1
23987.0,21321.0,0
23999.0,21315.0,0
23988.0,21312.0,0
23995.0,21315.0,0
23987.0,21306.0,0
24005.0,21315.0,0
23999.0,21313.0,0
23994.0,21305.0,0
23994.0,21309.0,0
23994.0,21296.0,0
23989.0,21301.0,0
23990.0,21302.0,0
23990.0,21290.0,0
23985.0,21299.0,0
23985.0,21307.0,0
23989.0,21303.0,0
24002.0,21313.0,0
24005.0,21310.0,0
24014.0,21310.0,0
24005.0,21302.0,0
24015.0,21317.0,0
24013.0,21318.0,0
24014.0,21316.0,0
24006.0,21331.0,0
24022.0,21332.0,0
24011.0,21329.0,0
24026.0,21340.0,0
24034.0,21339.0,0
24026.0,21336.0,0
24034.0,21332.0,0
24033.0,21345.0,0
24040.0,21342.0,0
24052.0,21352.0,0
24066.0,21353.0,0
24063.0,21352.0,0
24063.0,21353.0,0
24066.0,21344.0,0
24053.0,21331.0,0
24045.0,21330.0,0
24042.0,21324.0,0
24038.0,21323.0,0
24043.0,21312.0,0
24041.0,21322.0,0
24035.0,21318.0,0
24045.0,21310.0,0
24046.0,21315.0,0
24057.0,21323.0,0
24039.0,21320.0,0
24046.0,21324.0,0
24043.0,21320.0,0
24031.0,21314.0,0
24030.0,21313.0,0
24023.0,21298.0,0
24024.0,21297.0,0
24022.0,21290.0,0
24022.0,21297.0,0
24022.0,21297.0,0
24017.0,21297.0,0
24009.0,21310.0,0
24026.0,21304.0,0
24021.0,21310.0,0
24033.0,21312.0,0
24029.0,21307.0,0
24024.0,21299.0,0
24008.0,21300.0,0
24024.0,21297.0,0
24021.0,21302.0,0
24024.0,21300.0,0
24025.0,21303.0,0
24010.0,21306.0,0
24023.0,21313.0,0
24024.0,21311.0,0
24020.0,21310.0,0
24025.0,21309.0,0
24031.0,21317.0,0
24034.0,21325.0,0
24038.0,21327.0,0
24039.0,21320.0,0
24034.0,21327.0,0
24039.0,21329.0,0
24040.0,21323.0,0
24031.0,21329.0,0
24024.0,21329.0,1
24029.0,21333.0,0
24034.0,21329.0,0
24032.0,21335.0,0
24045.0,21332.0,0
24044.0,21327.0,0
24041.0,21334.0,0
24039.0,21333.0,0
24038.0,21329.0,0
24037.0,21335.0,0
24035.0,21335.0,0
24039.0,21340.0,0
24043.0,21342.0,0
24038.0,21335.0,0
24048.0,21345.0,0
24050.0,21337.0,0
24046.0,21333.0,0
24052.0,21337.0,0
24035.0,21328.0,0
24034.0,21333.0,0
24029.0,21336.0,0
24024.0,21325.0,0
24027.0,21318.0,0
24008.0,21318.0,0
24019.0,21319.0,0
24007.0,21307.0,0
24001.0,21314.0,0
24013.0,21310.0,0
23997.0,21316.0,0
23998.0,21313.0,0
23995.0,21317.0,0
24000.0,21313.0,0
24002.0,21316.0,0
23994.0,21306.0,0
24000.0,21312.0,0
23992.0,21310.0,0
23984.0,21303.0,0
23980.0,21305.0,0
23975.0,21302.0,0
23970.0,21302.0,0
23982.0,21297.0,0
23963.0,21288.0,0
23973.0,21294.0,0
23978.0,21299.0,0
23973.0,21297.0,0
23977.0,21297.0,0
23965.0,21293.0,0
23986.0,21302.0,0
23976.0,21303.0,0
23974.0,21303.0,0
23968.0,21301.0,0
23967.0,21300.0,0
23966.0,21308.0,0
23976.0,21303.0,0
23980.0,21314.0,0
23983.0,21308.0,0
23981.0,21315.0,0
23970.0,21320.0,0
23972.0,21316.0,0
23966.0,21309.0,0
23974.0,21308.0,0
23969.0,21304.0,0
23962.0,21303.0,0
23972.0,21313.0,0
23973.0,21311.0,0
23978.0,21319.0,0
23977.0,21310.0,0
23968.0,21313.0,0
23977.0,21331.0,0
23970.0,21325.0,0
23978.0,21306.0,0
23968.0,21310.0,0
23966.0,21313.0,0
23969.0,21308.0,0
23954.0,21309.0,0
23969.0,21323.0,0
23973.0,21316.0,0
23979.0,21315.0,0
23968.0,21319.0,0
23962.0,21308.0,0
23968.0,21303.0,0
23954.0,21299.0,0
23954.0,21289.0,0
23948.0,21289.0,0
23947.0,21281.0,0
23942.0,21275.0,0
23949.0,21271.0,0
23949.0,21264.0,0
23938.0,21267.0,0
23932.0,21257.0,0
23926.0,21247.0,0
23926.0,21258.0,0
23927.0,21257.0,0
23940.0,21260.0,0
23927.0,21263.0,0
23943.0,21259.0,0
23939.0,21277.0,0
23935.0,21264.0,0
23944.0,21263.0,0
23933.0,21268.0,0
23932.0,21250.0,0
23941.0,21261.0,0
23945.0,21265.0,0
23937.0,21261.0,0
23929.0,21261.0,0
23936.0,21256.0,0
23937.0,21266.0,0
23926.0,21252.0,0
23928.0,21254.0,0
23928.0,21257.0,0
23944.0,21260.0,0
23935.0,21252.0,0
23926.0,21258.0,0
23945.0,21257.0,0
23929.0,21265.0,0
23943.0,21269.0,0
23942.0,21266.0,0
23950.0,21260.0,0
23947.0,21259.0,0
23948.0,21270.0,0
23953.0,21262.0,0
23941.0,21266.0,0
23966.0,21263.0,0
23952.0,21277.0,0
23961.0,21273.0,0
23953.0,21274.0,0
23964.0,21282.0,0
23968.0,21278.0,0
23967.0,21284.0,0
23963.0,21279.0,0
23967.0,21286.0,0
23963.0,21276.0,0
23965.0,21283.0,0
23969.0,21280.0,0
23964.0,21281.0,0
23976.0,21279.0,0
23968.0,21276.0,0
23976.0,21280.0,0
23974.0,21287.0,0
23989.0,21302.0,0
24009.0,21306.0,0
24012.0,21308.0,0
24022.0,21313.0,0
24025.0,21323.0,0
24022.0,21326.0,0
24033.0,21325.0,0
24027.0,21325.0,0
24023.0,21324.0,0
24022.0,21311.0,0
24032.0,21317.0,0
24019.0,21308.0,0
24016.0,21301.0,0
24033.0,21312.0,0
24021.0,21306.0,0
24030.0,21306.0,0
24034.0,21307.0,0
24033.0,21300.0,0
24029.0,21296.0,0
24030.0,21306.0,0
24023.0,21290.0,0
24035.0,21298.0,0
24027.0,21293.0,0
24033.0,21290.0,0
24030.0,21295.0,0
24036.0,21286.0,0
24030.0,21290.0,0
24035.0,21289.0,0
24043.0,21303.0,0
24055.0,21287.0,0
24055.0,21290.0,0
24051.0,21290.0,0
24053.0,21286.0,0
24058.0,21285.0,0
24045.0,21273.0,0
24047.0,21271.0,0
24056.0,21278.0,0
24059.0,21274.0,0
24055.0,21269.0,0
24064.0,21284.0,0
24067.0,21293.0,0
24085.0,21293.0,0
24080.0,21298.0,0
24083.0,21300.0,0
24082.0,21293.0,0
24081.0,21302.0,0
24081.0,21292.0,0
24095.0,21299.0,0
24100.0,21295.0,0
24099.0,21295.0,0
24105.0,21297.0,0
24102.0,21293.0,0
24103.0,21303.0,0
24113.0,21313.0,0
24126.0,21324.0,0
24128.0,21329.0,0
24133.0,21322.0,0
24146.0,21323.0,0
24128.0,21317.0,0
24139.0,21328.0,0
24135.0,21326.0,0
24128.0,21321.0,0
24144.0,21322.0,0
24145.0,21318.0,0
24145.0,21324.0,0
24159.0,21328.0,0
24157.0,21337.0,0
24165.0,21343.0,0
24167.0,21343.0,0
24171.0,21348.0,0
24164.0,21340.0,0
24170.0,21325.0,0
24168.0,21334.0,0
24180.0,21318.0,0
24175.0,21321.0,0
24173.0,21321.0,0
24183.0,21316.0,0
24165.0,21311.0,0
24172.0,21304.0,0
24174.0,21290.0,0
24174.0,21298.0,0
24163.0,21296.0,0
24178.0,21296.0,0
24165.0,21304.0,0
24181.0,21287.0,0
24185.0,21302.0,0
24175.0,21306.0,0
24182.0,21298.0,0
24196.0,21289.0,0
24184.0,21301.0,0
24184.0,21293.0,0
24185.0,21296.0,0
24181.0,21292.0,0
24188.0,21297.0,0
24189.0,21296.0,0
24189.0,21289.0,0
24203.0,21284.0,0
24198.0,21293.0,0
24196.0,21296.0,0
24194.0,21303.0,0
24201.0,21301.0,0
24195.0,21287.0,0
24196.0,21293.0,0
24201.0,21289.0,0
24199.0,21297.0,0
24213.0,21303.0,0
24205.0,21302.0,0
24221.0,21317.0,0
24233.0,21305.0,0
24221.0,21317.0,0
24221.0,21311.0,0
24222.0,21312.0,0
24242.0,21312.0,0
24227.0,21314.0,0
24240.0,21326.0,0
24245.0,21332.0,0
24253.0,21330.0,0
24246.0,21332.0,0
24256.0,21336.0,0
24253.0,21340.0,0
24260.0,21341.0,0
24259.0,21335.0,0
24253.0,21326.0,0
24263.0,21332.0,0
24274.0,21339.0,0
24270.0,21324.0,0
24281.0,21343.0,0
24269.0,21350.0,0
24272.0,21348.0,0
24274.0,21336.0,0
24282.0,21335.0,0
24273.0,21330.0,0
24269.0,21335.0,0
24274.0,21339.0,0
24274.0,21333.0,0
24270.0,21341.0,0
24275.0,21341.0,0
24282.0,21339.0,0
24295.0,21336.0,0
24284.0,21327.0,0
24288.0,21339.0,0
24290.0,21334.0,0
24283.0,21332.0,0
24294.0,21322.0,0
24287.0,21321.0,0
24279.0,21320.0,0
24275.0,21313.0,0
24276.0,21313.0,0
24270.0,21296.0,0
24294.0,21302.0,0
24280.0,21300.0,0
24269.0,21291.0,0
24270.0,21298.0,0
24279.0,21284.0,0
24261.0,21285.0,0
24267.0,21289.0,0
24276.0,21281.0,0
24277.0,21278.0,0
24268.0,21286.0,0
24266.0,21285.0,0
24263.0,21281.0,0
24273.0,21273.0,0
24265.0,21284.0,0
24261.0,21270.0,0
24265.0,21260.0,0
24269.0,21270.0,0
24267.0,21269.0,0
24272.0,21256.0,0
24280.0,21272.0,0
24290.0,21275.0,0
24288.0,21265.0,0
24286.0,21273.0,0
24291.0,21257.0,0
24296.0,21256.0,0
24294.0,21271.0,0
24302.0,21251.0,0
24300.0,21256.0,0
24300.0,21257.0,0
24298.0,21260.0,0
24310.0,21266.0,0
24304.0,21265.0,0
24319.0,21270.0,0
24312.0,21271.0,0
24325.0,21268.0,0
24319.0,21268.0,0
24312.0,21267.0,0
24318.0,21262.0,0
24307.0,21256.0,0
24320.0,21251.0,0
24303.0,21249.0,0
24311.0,21260.0,0
24323.0,21253.0,0
24329.0,21263.0,0
24324.0,21266.0,0
24326.0,21249.0,0
24317.0,21250.0,0
24320.0,21248.0,0
24309.0,21242.0,0
24306.0,21240.0,0
24313.0,21238.0,0
24302.0,21238.0,0
24298.0,21231.0,0
24302.0,21233.0,0
24307.0,21234.0,0
24304.0,21230.0,0
24292.0,21229.0,0
24301.0,21232.0,0
24305.0,21221.0,0
24304.0,21225.0,0
24302.0,21227.0,0
24317.0,21231.0,0
24323.0,21229.0,0
24324.0,21225.0,0
24314.0,21234.0,0
24315.0,21227.0,0
24306.0,21213.0,0
24319.0,21215.0,0
24312.0,21198.0,0
24309.0,21207.0,0
24307.0,21210.0,0
24328.0,21221.0,0
24322.0,21220.0,0
24329.0,21217.0,0
24334.0,21218.0,0
24344.0,21229.0,0
24360.0,21227.0,0
24337.0,21234.0,0
24349.0,21230.0,0
24345.0,21228.0,0
24331.0,21224.0,0
24329.0,21225.0,0
24315.0,21210.0,0
24318.0,21210.0,0
24314.0,21205.0,0
24316.0,21200.0,0
24321.0,21195.0,0
24321.0,21198.0,0
24320.0,21197.0,0
24321.0,21203.0,0
24332.0,21195.0,0
24329.0,21201.0,0
24331.0,21206.0,0
24342.0,21206.0,0
24332.0,21199.0,0
24340.0,21193.0,0
24328.0,21191.0,0
24309.0,21193.0,0
24333.0,21181.0,0
24318.0,21192.0,0
24325.0,21192.0,0
24322.0,21189.0,0
24333.0,21191.0,0
24331.0,21185.0,0
24321.0,21183.0,0
24333.0,21185.0,0
24325.0,21180.0,0
24330.0,21185.0,0
24332.0,21180.0,0
24315.0,21181.0,0
24329.0,21176.0,0
24323.0,21181.0,0
24327.0,21189.0,0
24345.0,21177.0,0
24340.0,21189.0,0
24339.0,21194.0,0
24339.0,21201.0,0
24348.0,21188.0,0
24338.0,21190.0,0
24344.0,21196.0,0
24351.0,21189.0,0
24345.0,21189.0,0
24345.0,21196.0,0
24353.0,21195.0,0
24352.0,21188.0,0
24350.0,21183.0,0
24344.0,21188.0,0
24352.0,21188.0,0
24353.0,21191.0,0
24344.0,21192.0,0
24343.0,21178.0,0
24359.0,21187.0,0
24353.0,21191.0,0
24353.0,21192.0,0
24343.0,21179.0,0
24350.0,21173.0,0
24344.0,21170.0,0
24343.0,21156.0,0
24332.0,21153.0,0
24330.0,21142.0,0
24339.0,21144.0,0
24333.0,21133.0,0
24323.0,21139.0,0
24320.0,21132.0,0
24312.0,21120.0,0
24329.0,21124.0,0
24328.0,21116.0,0
24321.0,21127.0,0
24323.0,21115.0,0
24315.0,21101.0,0
24293.0,21106.0,0
24309.0,21098.0,0
24308.0,21099.0,0
24305.0,21104.0,0
24302.0,21093.0,0
24305.0,21108.0,0
24300.0,21093.0,0
24308.0,21081.0,0
24300.0,21093.0,0
24301.0,21090.0,0
24291.0,21078.0,0
24306.0,21078.0,0
24308.0,21075.0,0
24309.0,21090.0,0
24308.0,21079.0,0
24329.0,21091.0,0
24318.0,21089.0,0
24320.0,21098.0,0
24322.0,21090.0,0
24315.0,21078.0,0
24334.0,21097.0,0
24329.0,21091.0,0
24334.0,21095.0,0
24331.0,21095.0,0
24337.0,21099.0,0
24343.0,21091.0,0
24344.0,21087.0,0
24345.0,21094.0,0
24352.0,21093.0,0
24346.0,21096.0,0
24356.0,21092.0,0
24352.0,21094.0,0
24349.0,21087.0,0
24361.0,21099.0,0
24361.0,21085.0,0
24359.0,21096.0,0
24359.0,21085.0,0
24363.0,21090.0,0
24366.0,21081.0,0
24370.0,21088.0,0
24388.0,21096.0,0
24386.0,21092.0,0
24382.0,21096.0,0
24406.0,21101.0,0
24404.0,21102.0,0
24412.0,21101.0,0
24411.0,21109.0,0
24408.0,21103.0,0
24399.0,21098.0,0
24404.0,21089.0,0
24394.0,21077.0,0
24385.0,21063.0,0
24395.0,21061.0,0
24387.0,21054.0,0
24382.0,21058.0,0
24400.0,21045.0,0
24384.0,21052.0,0
24394.0,21061.0,0
24389.0,21049.0,0
24396.0,21049.0,0
24399.0,21048.0,0
24410.0,21041.0,0
24408.0,21038.0,0
24403.0,21040.0,0
24413.0,21040.0,0
24415.0,21043.0,0
24401.0,21026.0,0
24412.0,21032.0,0
24408.0,21027.0,0
24401.0,21021.0,0
24406.0,21016.0,0
24402.0,21015.0,0
24396.0,21007.0,0
24395.0,21019.0,0
24410.0,21004.0,0
24406.0,21013.0,0
24400.0,21009.0,0
24397.0,21013.0,0
24418.0,21018.0,0
24413.0,21031.0,0
24412.0,21010.0,0
24418.0,21016.0,0
24414.0,21025.0,0
24406.0,21020.0,0
24408.0,21025.0,0
24416.0,21024.0,0
24437.0,21040.0,0
24440.0,21041.0,0
24449.0,21042.0,0
24456.0,21036.0,0
24463.0,21042.0,0
24456.0,21055.0,0
24460.0,21055.0,0
24463.0,21044.0,0
24455.0,21052.0,0
24463.0,21056.0,0
24475.0,21064.0,0
24467.0,21065.0,0
24473.0,21058.0,0
24477.0,21069.0,0
24484.0,21067.0,0
24478.0,21070.0,0
24489.0,21079.0,0
24495.0,21074.0,0
24495.0,21084.0,0
24504.0,21087.0,0
24505.0,21091.0,0
24522.0,21095.0,0
24512.0,21095.0,0
24505.0,21094.0,0
24515.0,21098.0,0
24507.0,21084.0,0
24509.0,21083.0,0
24504.0,21076.0,0
24502.0,21076.0,0
24493.0,21066.0,0
24496.0,21061.0,0
24505.0,21069.0,0
24497.0,21071.0,0
24501.0,21073.0,0
24507.0,21072.0,0
24514.0,21077.0,0
24514.0,21090.0,0
24511.0,21093.0,0
24510.0,21088.0,0
24510.0,21086.0,0
24514.0,21083.0,0
24513.0,21084.0,0
24523.0,21086.0,0
24510.0,21081.0,0
24519.0,21085.0,0
24511.0,21099.0,0
24516.0,21091.0,0
24503.0,21087.0,0
24513.0,21091.0,0
24507.0,21082.0,0
24513.0,21090.0,0
24515.0,21084.0,0
24507.0,21084.0,0
24492.0,21073.0,0
24510.0,21071.0,0
24508.0,21085.0,0
24511.0,21080.0,0
24512.0,21078.0,0
24508.0,21087.0,0
24494.0,21073.0,0
24509.0,21059.0,0
24512.0,21067.0,0
24516.0,21061.0,0
24503.0,21067.0,0
24508.0,21077.0,0
24524.0,21062.0,0
24513.0,21071.0,0
24515.0,21065.0,0
24517.0,21068.0,0
24524.0,21076.0,0
24524.0,21063.0,0
24534.0,21062.0,0
24534.0,21078.0,0
24534.0,21076.0,0
24538.0,21079.0,0
24540.0,21086.0,0
24551.0,21076.0,0
24557.0,21083.0,0
24560.0,21079.0,0
24554.0,21077.0,0
24553.0,21079.0,0
24559.0,21083.0,0
24568.0,21095.0,0
24566.0,21088.0,0
24581.0,21095.0,0
24580.0,21093.0,0
24580.0,21091.0,0
24594.0,21088.0,0
24590.0,21088.0,0
24600.0,21081.0,0
24586.0,21085.0,0
24597.0,21078.0,0
24592.0,21069.0,0
24598.0,21078.0,0
24601.0,21072.0,0
24605.0,21078.0,0
24608.0,21080.0,0
24627.0,21076.0,0
24618.0,21078.0,0
24620.0,21078.0,0
24621.0,21077.0,0
24614.0,21075.0,0
24623.0,21067.0,0
24617.0,21061.0,0
24612.0,21065.0,0
24611.0,21069.0,0
24618.0,21057.0,0
24622.0,21074.0,0
24624.0,21064.0,0
24629.0,21075.0,0
24617.0,21069.0,0
24616.0,21066.0,0
24635.0,21065.0,0
24626.0,21073.0,0
24630.0,21077.0,0
24633.0,21088.0,0
24634.0,21080.0,0
24641.0,21073.0,0
24624.0,21073.0,0
24631.0,21074.0,0
24633.0,21069.0,0
24636.0,21073.0,0
24648.0,21083.0,0
24651.0,21090.0,0
24657.0,21106.0,0
24665.0,21110.0,0
24678.0,21129.0,0
24681.0,21119.0,0
24676.0,21124.0,0
24687.0,21120.0,0
24689.0,21131.0,0
24706.0,21136.0,0
24696.0,21151.0,0
24693.0,21136.0,0
24696.0,21135.0,0
24697.0,21127.0,0
24682.0,21123.0,0
24681.0,21135.0,0
24668.0,21118.0,0
24671.0,21115.0,0
24661.0,21106.0,0
24658.0,21102.0,0
24650.0,21099.0,0
24642.0,21076.0,0
24641.0,21069.0,0
24639.0,21059.0,0
24632.0,21064.0,0
24643.0,21065.0,0
24634.0,21065.0,0
24652.0,21077.0,0
24661.0,21086.0,0
24677.0,21091.0,0
24662.0,21094.0,0
24670.0,21093.0,0
24688.0,21090.0,0
24688.0,21086.0,0
24679.0,21090.0,0
24691.0,21092.0,0
24705.0,21101.0,0
24705.0,21099.0,0
24710.0,21105.0,0
24709.0,21104.0,0
24713.0,21100.0,0
24712.0,21097.0,0
24706.0,21090.0,0
24700.0,21084.0,0
24710.0,21073.0,0
24702.0,21077.0,0
24707.0,21078.0,0
24712.0,21078.0,0
24708.0,21082.0,0
24705.0,21081.0,0
24709.0,21075.0,0
24692.0,21079.0,0
24677.0,21067.0,0
24678.0,21049.0,0
24669.0,21049.0,0
24661.0,21047.0,0
24661.0,21041.0,0
24660.0,21047.0,0
24665.0,21050.0,0
24667.0,21057.0,0
24663.0,21055.0,0
24660.0,21047.0,0
24661.0,21048.0,0
24645.0,21048.0,0
24664.0,21047.0,0
24668.0,21057.0,0
24673.0,21060.0,0
24687.0,21070.0,0
24703.0,21091.0,0
24725.0,21110.0,0
24709.0,21106.0,0
24733.0,21126.0,0
24729.0,21123.0,0
24727.0,21122.0,0
24735.0,21130.0,0
24733.0,21129.0,0
24732.0,21118.0,0
24732.0,21125.0,0
24739.0,21130.0,0
24739.0,21133.0,0
24753.0,21134.0,0
24752.0,21142.0,0
24736.0,21148.0,0
24741.0,21154.0,0
24745.0,21151.0,0
24741.0,21146.0,0
24740.0,21144.0,0
24725.0,21138.0,0
24738.0,21132.0,0
24738.0,21131.0,0
24737.0,21135.0,0
24717.0,21140.0,0
24734.0,21136.0,0
24728.0,21132.0,0
24731.0,21124.0,0
24725.0,21130.0,0
24725.0,21132.0,0
24724.0,21130.0,0
24719.0,21115.0,0
24712.0,21119.0,0
24713.0,21112.0,0
24712.0,21103.0,0
24699.0,21098.0,0
24697.0,21093.0,0
24691.0,21081.0,0
24683.0,21067.0,0
24682.0,21070.0,0
24682.0,21072.0,0
24666.0,21072.0,0
24684.0,21075.0,0
24686.0,21065.0,0
24690.0,21069.0,0
24683.0,21066.0,0
24696.0,21064.0,0
24683.0,21076.0,0
24686.0,21059.0,0
24682.0,21062.0,0
24672.0,21050.0,0
24672.0,21047.0,0
24678.0,21044.0,0
24678.0,21045.0,0
24665.0,21038.0,0
24673.0,21035.0,0
24672.0,21034.0,0
24678.0,21042.0,0
24671.0,21038.0,0
24668.0,21030.0,0
24670.0,21028.0,0
24675.0,21034.0,0
24665.0,21035.0,0
24661.0,21035.0,0
24670.0,21031.0,0
24670.0,21020.0,0
24667.0,21029.0,0
24681.0,21033.0,0
24678.0,21026.0,0
24675.0,21031.0,0
24678.0,21031.0,0
24682.0,21040.0,0
24683.0,21042.0,0
24687.0,21046.0,0
24688.0,21048.0,0
24687.0,21050.0,0
24685.0,21037.0,0
24695.0,21053.0,0
24688.0,21065.0,0
24715.0,21065.0,0
24709.0,21075.0,0
24718.0,21077.0,0
24721.0,21071.0,0
24718.0,21086.0,0
24727.0,21083.0,0
24732.0,21095.0,0
24731.0,21096.0,0
24739.0,21095.0,0
24733.0,21094.0,0
24724.0,21088.0,0
24722.0,21093.0,0
24714.0,21083.0,0
24721.0,21085.0,0
24718.0,21086.0,0
24717.0,21080.0,0
24722.0,21080.0,0
24729.0,21086.0,0
24720.0,21089.0,0
24746.0,21097.0,0
24739.0,21096.0,0
24737.0,21096.0,0
24733.0,21086.0,0
24732.0,21102.0,0
24729.0,21091.0,0
24736.0,21099.0,0
24736.0,21089.0,0
24746.0,21083.0,0
24738.0,21090.0,0
24734.0,21083.0,0
24752.0,21086.0,0
24753.0,21084.0,0
24738.0,21104.0,0
24753.0,21095.0,0
24756.0,21103.0,0
24765.0,21103.0,0
24774.0,21113.0,0
24771.0,21103.0,0
24770.0,21099.0,0
24769.0,21099.0,0
24770.0,21098.0,0
24766.0,21083.0,0
24759.0,21083.0,0
24753.0,21088.0,0
24750.0,21083.0,0
24749.0,21086.0,0
24759.0,21078.0,0
24753.0,21078.0,0
24759.0,21085.0,0
24770.0,21079.0,0
24769.0,21089.0,0
24766.0,21074.0,0
24762.0,21077.0,0
24755.0,21072.0,0
24766.0,21065.0,0
24759.0,21058.0,0
24759.0,21062.0,0
24761.0,21062.0,0
24745.0,21056.0,0
24748.0,21053.0,0
24756.0,21061.0,0
24769.0,21062.0,0
24763.0,21071.0,0
24767.0,21068.0,0
24765.0,21069.0,0
24771.0,21058.0,0
24780.0,21073.0,0
24771.0,21070.0,0
24766.0,21065.0,0
24772.0,21064.0,0
24774.0,21066.0,0
24771.0,21067.0,0
24767.0,21073.0,0
24776.0,21062.0,0
24758.0,21059.0,0
24773.0,21069.0,0
24774.0,21065.0,0
24781.0,21076.0,0
24784.0,21081.0,0
24795.0,21092.0,0
24795.0,21103.0,0
24787.0,21103.0,0
24795.0,21099.0,0
24798.0,21094.0,0
24798.0,21096.0,0
24797.0,21101.0,0
24792.0,21098.0,0
24789.0,21107.0,0
24794.0,21103.0,0
24804.0,21113.0,0
24798.0,21107.0,0
24802.0,21109.0,0
24803.0,21105.0,0
24799.0,21106.0,0
24793.0,21102.0,0
24796.0,21105.0,0
24775.0,21091.0,0
24784.0,21087.0,0
24794.0,21096.0,0
24793.0,21081.0,0
24779.0,21087.0,0
24791.0,21084.0,0
24783.0,21098.0,0
24791.0,21092.0,0
24785.0,21089.0,0
24784.0,21082.0,0
24778.0,21081.0,0
24785.0,21083.0,0
24783.0,21088.0,0
24782.0,21090.0,0
24768.0,21085.0,0
24768.0,21072.0,0
24772.0,21079.0,0
24761.0,21083.0,0
24764.0,21084.0,0
24757.0,21075.0,0
24766.0,21085.0,0
24757.0,21082.0,0
24756.0,21088.0,0
24761.0,21091.0,0
24759.0,21088.0,0
24761.0,21087.0,0
24763.0,21083.0,0
24766.0,21089.0,0
24762.0,21086.0,0
24768.0,21082.0,0
24757.0,21084.0,0
24766.0,21085.0,0
24755.0,21079.0,0
24762.0,21094.0,0
24752.0,21080.0,0
24745.0,21075.0,0
24752.0,21084.0,0
24766.0,21092.0,0
24755.0,21090.0,0
24762.0,21093.0,0
24767.0,21098.0,0
24764.0,21100.0,0
24761.0,21098.0,0
24765.0,21106.0,0
24773.0,21102.0,0
24767.0,21121.0,0
24785.0,21120.0,0
24763.0,21105.0,0
24778.0,21123.0,0
24774.0,21120.0,0
24777.0,21130.0,0
24772.0,21134.0,0
24770.0,21130.0,0
24772.0,21122.0,0
24773.0,21125.0,0
24775.0,21120.0,0
24774.0,21134.0,0
24786.0,21130.0,0
24792.0,21138.0,0
24801.0,21133.0,0
24792.0,21141.0,0
24800.0,21146.0,0
24800.0,21146.0,0
24810.0,21154.0,0
24802.0,21156.0,0
24815.0,21159.0,0
24806.0,21144.0,0
24818.0,21149.0,0
24822.0,21154.0,0
24814.0,21152.0,0
24826.0,21151.0,0
24817.0,21152.0,0
24820.0,21147.0,0
24821.0,21151.0,0
24807.0,21138.0,0
24812.0,21126.0,0
24809.0,21139.0,0
24807.0,21125.0,0
24796.0,21119.0,0
24810.0,21119.0,0
24800.0,21119.0,0
24796.0,21115.0,0
24801.0,21115.0,0
24801.0,21115.0,0
24794.0,21108.0,0
24791.0,21120.0,0
24791.0,21094.0,0
24783.0,21100.0,0
24775.0,21088.0,0
24772.0,21085.0,0
24783.0,21085.0,0
24782.0,21085.0,0
24785.0,21077.0,0
24776.0,21079.0,0
24772.0,21087.0,0
24772.0,21081.0,0
24778.0,21083.0,0
24772.0,21068.0,0
24770.0,21066.0,0
24765.0,21069.0,0
24758.0,21065.0,0
24763.0,21066.0,0
24769.0,21062.0,0
24767.0,21061.0,0
24776.0,21064.0,0
24769.0,21052.0,0
24751.0,21049.0,0
24741.0,21051.0,0
24745.0,21047.0,0
24741.0,21031.0,0
24735.0,21031.0,0
24726.0,21029.0,0
24725.0,21030.0,0
24717.0,21024.0,0
24711.0,21014.0,0
24715.0,21002.0,0
24695.0,20998.0,0
24690.0,20984.0,0
24678.0,20968.0,0
24673.0,20967.0,0
24662.0,20944.0,0
24657.0,20927.0,0
24635.0,20903.0,0
24625.0,20879.0,0
24588.0,20849.0,0
24567.0,20826.0,0
24536.0,20789.0,0
24516.0,20754.0,0
24487.0,20730.0,0
24481.0,20705.0,0
24450.0,20683.0,0
24429.0,20648.0,0
24439.0,20654.0,0
24449.0,20664.0,0
24438.0,20649.0,0
24428.0,20616.0,0
24403.0,20591.0,0
24394.0,20564.0,0
24360.0,20514.0,0
24340.0,20462.0,0
24300.0,20413.0,0
24266.0,20344.0,0
24241.0,20287.0,0
24206.0,20211.0,0
24175.0,20160.0,0
24176.0,20102.0,0
24162.0,20061.0,0
24171.0,20022.0,0
24197.0,19993.0,0
24240.0,19983.0,0
24298.0,19997.0,0
24342.0,20009.0,0
24402.0,20056.0,0
24446.0,20086.0,0
24489.0,20097.0,0
24524.0,20128.0,0
24556.0,20150.0,0
24601.0,20167.0,0
24633.0,20204.0,0
24677.0,20232.0,0
24722.0,20254.0,0
24769.0,20281.0,0
24809.0,20330.0,0
24878.0,20357.0,0
24931.0,20397.0,0
24993.0,20435.0,0
25054.0,20482.0,0
25138.0,20523.0,0
25259.0,20601.0,0
25273.0,20631.0,0
25229.0,20585.0,0
25252.0,20568.0,0
25307.0,20592.0,0
25313.0,20591.0,0
25325.0,20598.0,0
25321.0,20591.0,0
25307.0,20573.0,0
25330.0,20567.0,0
25358.0,20576.0,0
25360.0,20586.0,0
25362.0,20590.0,0
25381.0,20586.0,0
25382.0,20591.0,0
25403.0,20595.0,0
25409.0,20595.0,0
25409.0,20592.0,0
25409.0,20582.0,0
25411.0,20586.0,0
25416.0,20575.0,0
25427.0,20571.0,0
25421.0,20570.0,0
25442.0,20578.0,0
25454.0,20580.0,0
25462.0,20583.0,0
25460.0,20574.0,0
25466.0,20579.0,0
25495.0,20589.0,0
25495.0,20582.0,0
25492.0,20589.0,0
25490.0,20588.0,0
25500.0,20581.0,0
25505.0,20569.0,0
25493.0,20590.0,0
25494.0,20576.0,0
25502.0,20582.0,0
25483.0,20565.0,0
25492.0,20551.0,0
25497.0,20560.0,0
25491.0,20545.0,0
25487.0,20549.0,0
25480.0,20532.0,0
25486.0,20529.0,0
25487.0,20520.0,0
25494.0,20521.0,0
25491.0,20516.0,0
25517.0,20518.0,0
25523.0,20521.0,0
25543.0,20527.0,0
25557.0,20539.0,0
25579.0,20537.0,0
25582.0,20545.0,0
25594.0,20548.0,0
25595.0,20545.0,0
25599.0,20544.0,0
25607.0,20539.0,0
25589.0,20538.0,0
25590.0,20526.0,0
25596.0,20535.0,0
25602.0,20540.0,0
25616.0,20550.0,0
25620.0,20552.0,0
25631.0,20558.0,0
25646.0,20565.0,0
25650.0,20576.0,0
25661.0,20570.0,0
25660.0,20568.0,0
25681.0,20566.0,0
25684.0,20577.0,0
25693.0,20572.0,0
25684.0,20580.0,0
25702.0,20576.0,0
25699.0,20589.0,0
25707.0,20578.0,0
25712.0,20581.0,0
25711.0,20579.0,0
25702.0,20576.0,0
25702.0,20562.0,0
25699.0,20577.0,0
25698.0,20558.0,0
25696.0,20573.0,0
25698.0,20574.0,0
25708.0,20568.0,0
25711.0,20566.0,0
25720.0,20571.0,0
25713.0,20561.0,0
25719.0,20577.0,0
25714.0,20566.0,0
25713.0,20579.0,0
25710.0,20563.0,0
25707.0,20553.0,0
25712.0,20553.0,0
25713.0,20554.0,0
25708.0,20559.0,0
25706.0,20557.0,0
25706.0,20551.0,0
25707.0,20545.0,0
25711.0,20548.0,0
25713.0,20548.0,0
25702.0,20544.0,0
25709.0,20548.0,0
25711.0,20544.0,0
25718.0,20541.0,0
25723.0,20543.0,0
25713.0,20560.0,0
25707.0,20539.0,0
25705.0,20532.0,0
25697.0,20531.0,0
25704.0,20536.0,0
25699.0,20530.0,0
25688.0,20524.0,0
25678.0,20515.0,0
25686.0,20519.0,0
25679.0,20500.0,0
25675.0,20492.0,0
25669.0,20488.0,0
25663.0,20476.0,0
25673.0,20471.0,0
25669.0,20481.0,0
25679.0,20492.0,0
25693.0,20491.0,0
25708.0,20503.0,0
25706.0,20506.0,0
25726.0,20502.0,0
25728.0,20526.0,0
25721.0,20526.0,0
25724.0,20517.0,0
25720.0,20530.0,0
25724.0,20520.0,0
25718.0,20518.0,0
25717.0,20511.0,0
25714.0,20509.0,0
25708.0,20519.0,0
25721.0,20517.0,0
25709.0,20521.0,0
25712.0,20518.0,0
25709.0,20509.0,0
25719.0,20518.0,0
25703.0,20497.0,0
25700.0,20498.0,0
25716.0,20511.0,0
25717.0,20511.0,0
25706.0,20516.0,0
25727.0,20510.0,0
25725.0,20520.0,0
25721.0,20516.0,0
25713.0,20515.0,0
25713.0,20515.0,0
25718.0,20514.0,0
25721.0,20519.0,0
25713.0,20529.0,0
25717.0,20519.0,0
25721.0,20527.0,0
25710.0,20518.0,0
25710.0,20510.0,0
25706.0,20501.0,0
25699.0,20512.0,0
25694.0,20509.0,0
25698.0,20514.0,0
25696.0,20496.0,0
25691.0,20514.0,0
25681.0,20501.0,0
25703.0,20499.0,0
25686.0,20495.0,0
25674.0,20499.0,0
25679.0,20507.0,0
25679.0,20500.0,0
25672.0,20493.0,0
25668.0,20495.0,0
25682.0,20485.0,0
25675.0,20494.0,0
25670.0,20507.0,0
25678.0,20498.0,0
25664.0,20504.0,0
25664.0,20499.0,0
25661.0,20506.0,0
25658.0,20486.0,0
25653.0,20502.0,0
25653.0,20503.0,0
25663.0,20515.0,0
25668.0,20500.0,0
25660.0,20509.0,0
25649.0,20503.0,0
25648.0,20501.0,0
25650.0,20492.0,0
25635.0,20492.0,0
25649.0,20491.0,0
25652.0,20501.0,0
25657.0,20500.0,0
25655.0,20511.0,0
25675.0,20513.0,0
25679.0,20534.0,0
25687.0,20545.0,0
25696.0,20552.0,0
25686.0,20539.0,0
25686.0,20553.0,0
25685.0,20554.0,0
25696.0,20557.0,0
